{"type":"FeatureCollection","name":"landcover","features":[{"type":"Feature","properties":{"mvt_id":43667222,"subclass":"park","class":"grass"},"geometry":{"type":"MultiPolygon","coordinates":[[[[4.921676516532898,52.36221269963854],[4.921700987097353,52.362183216744256],[4.921588554774274,52.362183216744256],[4.921676516532898,52.36221269963854]]]]}},{"type":"Feature","properties":{"mvt_id":43765602,"subclass":"park","class":"grass"},"geometry":{"type":"MultiPolygon","coordinates":[[[[4.908185005187988,52.3678402962654],[4.90889310836792,52.3683348877744],[4.909660220146179,52.367971314422846],[4.909472465515137,52.36785012264068],[4.909413456916809,52.36779443981849],[4.90938663482666,52.36776168518442],[4.9092793464660645,52.36756188139061],[4.909241795539856,52.3675389530286],[4.90914523601532,52.367506198205085],[4.909021854400635,52.3675029227214],[4.908662438392639,52.36751602465469],[4.9084800481796265,52.36751602465469],[4.908286929130554,52.3674963717533],[4.908099174499512,52.367460341411366],[4.9078792333602905,52.36741120907955],[4.9077558517456055,52.36739483162347],[4.907766580581665,52.36743413750786],[4.907707571983337,52.367473443357284],[4.90764856338501,52.3674963717533],[4.908185005187988,52.3678402962654]]]]}},{"type":"Feature","properties":{"mvt_id":125013603,"subclass":"forest","class":"wood"},"geometry":{"type":"MultiPolygon","coordinates":[[[[4.909504652023315,52.364269901903995],[4.9095529317855835,52.36417490581971],[4.908614158630371,52.36399801601504],[4.908587336540222,52.36405370362252],[4.908458590507507,52.36402749769833],[4.9083030223846436,52.36433541632587],[4.908265471458435,52.36432886488806],[4.908206462860107,52.36444679062011],[4.908313751220703,52.364466444878175],[4.908319115638733,52.364456617750236],[4.908362030982971,52.3644631691691],[4.908351302146912,52.364486099127504],[4.9086785316467285,52.36454833752603],[4.908705353736877,52.36448937483488],[4.908512234687805,52.364453342040434],[4.908683896064758,52.36411594263018],[4.909504652023315,52.364269901903995]],[[4.908463954925537,52.364364897784014],[4.908415675163269,52.36445989345979],[4.90838885307312,52.364453342040434],[4.908437132835388,52.36436162206742],[4.908463954925537,52.364364897784014]]]]}},{"type":"Feature","properties":{"mvt_id":130076623,"subclass":"grass","class":"grass"},"geometry":{"type":"MultiPolygon","coordinates":[[[[4.916671514511108,52.372127663754775],[4.916414022445679,52.372026134270584],[4.91588830947876,52.37184600074041],[4.9158453941345215,52.37184272557852],[4.915802478790283,52.37184927590206],[4.915738105773926,52.371868926866874],[4.915684461593628,52.371904953612976],[4.9155449867248535,52.37200648337572],[4.915539622306824,52.37205561059648],[4.915958046913147,52.37223901840456],[4.915936589241028,52.37225866919596],[4.916038513183594,52.37229797075255],[4.916059970855713,52.372278319978626],[4.916151165962219,52.3723208966444],[4.9162691831588745,52.372189891387784],[4.916328191757202,52.372144039456174],[4.916360378265381,52.372124388613756],[4.916430115699768,52.3721112880473],[4.916510581970215,52.372114563189285],[4.916671514511108,52.372127663754775]],[[4.916027784347534,52.37195408094667],[4.9160706996917725,52.3719606312537],[4.916102886199951,52.37198028216897],[4.916102886199951,52.37200648337572],[4.916076064109802,52.37202940941888],[4.916054606437683,52.37203268456693],[4.916011691093445,52.37203268456693],[4.9159955978393555,52.372026134270584],[4.915974140167236,52.37200320822573],[4.915979504585266,52.37198028216897],[4.916006326675415,52.37195735610031],[4.916027784347534,52.37195408094667]]]]}},{"type":"Feature","properties":{"mvt_id":157311193,"subclass":"grass","class":"grass"},"geometry":{"type":"MultiPolygon","coordinates":[[[[4.915668368339539,52.37485249691754],[4.916655421257019,52.37485249691754],[4.916762709617615,52.37463307547071],[4.916650056838989,52.374561026399675],[4.915856122970581,52.37436452833578],[4.91563618183136,52.3747051244242],[4.915727376937866,52.374764073480556],[4.915582537651062,52.37483939716028],[4.915582537651062,52.3748459470394],[4.915598630905151,52.37485249691754],[4.915668368339539,52.37485249691754]],[[4.916537404060364,52.37473787390967],[4.91637110710144,52.37483939716028],[4.916204810142517,52.37473787390967],[4.91637110710144,52.374636350425696],[4.916537404060364,52.37473787390967]]]]}},{"type":"Feature","properties":{"mvt_id":184456313,"subclass":"grass","class":"grass"},"geometry":{"type":"MultiPolygon","coordinates":[[[[4.919557571411133,52.362347010352416],[4.919863343238831,52.36254683773212],[4.92012619972229,52.362353562084124],[4.920292496681213,52.362186492622364],[4.920295466269749,52.362183216744256],[4.920056024376237,52.362183216744256],[4.91986870765686,52.36237321727339],[4.919680953025818,52.36230442407271],[4.919600486755371,52.36230769994184],[4.919557571411133,52.362347010352416]]]]}},{"type":"Feature","properties":{"mvt_id":187098823,"subclass":"sand","class":"sand"},"geometry":{"type":"MultiPolygon","coordinates":[[[[4.918425679206848,52.36616650511301],[4.91837203502655,52.36617960744267],[4.918184280395508,52.36624511903264],[4.918205738067627,52.366271323641435],[4.918055534362793,52.36632373281239],[4.918034076690674,52.36629752823468],[4.917835593223572,52.36636631521801],[4.917765855789185,52.36629097708783],[4.917964339256287,52.3662221899872],[4.9179428815841675,52.36619926092986],[4.9180930852890015,52.36614685161124],[4.918114542961121,52.36617305627833],[4.9183666706085205,52.36608461546462],[4.918280839920044,52.365983072089826],[4.918200373649597,52.36592738691424],[4.918173551559448,52.36592083571249],[4.918098449707031,52.36593066251474],[4.9179428815841675,52.36596996970188],[4.917824864387512,52.366022379230344],[4.917755126953125,52.3660715131068],[4.917658567428589,52.36617960744267],[4.917647838592529,52.36622874114426],[4.917653203010559,52.366264772490695],[4.917701482772827,52.366333559525025],[4.9178677797317505,52.366520266649715],[4.91787850856781,52.36653009331863],[4.9178677797317505,52.36656612441927],[4.917851686477661,52.36660543104102],[4.917824864387512,52.36663818653243],[4.917755126953125,52.36669059526816],[4.917760491371155,52.36669387081208],[4.917733669281006,52.36670697298532],[4.917706847190857,52.36671679961271],[4.917701482772827,52.366713524070484],[4.917653203010559,52.36672990177915],[4.917578101158142,52.366746279481745],[4.917502999305725,52.36674955502153],[4.917411804199219,52.366743003941714],[4.9173420667648315,52.36680196362515],[4.917283058166504,52.36681834130102],[4.917261600494385,52.366834718970814],[4.917250871658325,52.36687074982302],[4.917272329330444,52.366903505117705],[4.917320609092712,52.366939535913794],[4.917401075363159,52.366972291157474],[4.9174171686172485,52.36698539324815],[4.917411804199219,52.366995219813596],[4.917497634887695,52.366995219813596],[4.9175673723220825,52.367008321897465],[4.917578101158142,52.36701487293795],[4.917583465576172,52.36699194429202],[4.917696118354797,52.366988668770205],[4.917781949043274,52.366972291157474],[4.917948246002197,52.366929709335956],[4.9180662631988525,52.36689040300275],[4.9182432889938354,52.3667921370167],[4.918302297592163,52.366743003941714],[4.918313026428223,52.36672990177915],[4.918313026428223,52.366713524070484],[4.9182915687561035,52.36669387081208],[4.918259382247925,52.36668076863494],[4.918270111083984,52.366657839815616],[4.918495416641235,52.36660215549055],[4.918565154075623,52.36658250218259],[4.91862416267395,52.3665497466499],[4.918677806854248,52.366477684392486],[4.9186670780181885,52.36643510209422],[4.91862416267395,52.36639907088671],[4.918559789657593,52.36637286635369],[4.918457865715027,52.36635321294373],[4.918447136878967,52.36634666180513],[4.918447136878967,52.36629752823468],[4.918527603149414,52.36626804806618],[4.9184417724609375,52.366169780695785],[4.918425679206848,52.36616650511301]],[[4.918339848518372,52.3665464710953],[4.918237924575806,52.36657267552534],[4.918184280395508,52.366575951078],[4.91813063621521,52.366575951078],[4.918109178543091,52.36656612441927],[4.9180930852890015,52.3665464710953],[4.9180930852890015,52.36652681776256],[4.918103814125061,52.366507164421094],[4.918146729469299,52.366484235511656],[4.918211102485657,52.36645803102916],[4.918334484100342,52.36643510209422],[4.918436408042908,52.36642855096776],[4.918490052223206,52.36643182653112],[4.918511509895325,52.36643837765708],[4.918522238731384,52.36645475546775],[4.9185168743133545,52.366471133272356],[4.918457865715027,52.36651043997861],[4.918339848518372,52.3665464710953]],[[4.917910695075989,52.366910056173715],[4.917835593223572,52.36691988275594],[4.917814135551453,52.366916607228774],[4.917798042297363,52.36690678064583],[4.9177926778793335,52.366883851943804],[4.917819499969482,52.36685109663456],[4.91788387298584,52.36680851469622],[4.917985796928406,52.36675938163945],[4.918060898780823,52.36672990177915],[4.9180930852890015,52.366726626237906],[4.918152093887329,52.36673645286091],[4.918162822723389,52.36675938163945],[4.918152093887329,52.3667921370167],[4.91813600063324,52.36681179023139],[4.918103814125061,52.366834718970814],[4.917969703674316,52.366893678531845],[4.917910695075989,52.366910056173715]],[[4.917422533035278,52.36690678064583],[4.917347431182861,52.3668871274734],[4.917309880256653,52.36686747429222],[4.917309880256653,52.3668478211023],[4.917331337928772,52.366834718970814],[4.917401075363159,52.36682489236968],[4.917486906051636,52.36681834130102],[4.917588829994202,52.36682489236968],[4.917615652084351,52.36683144343735],[4.917658567428589,52.366857647698346],[4.917653203010559,52.36687730088391],[4.9176424741744995,52.36689040300275],[4.917615652084351,52.366900229589326],[4.917540550231934,52.36691333170137],[4.917422533035278,52.36690678064583]]]]}},{"type":"Feature","properties":{"mvt_id":190941633,"subclass":"grass","class":"grass"},"geometry":{"type":"MultiPolygon","coordinates":[[[[4.919552206993103,52.37430230376662],[4.919482469558716,52.37426300399356],[4.919058680534363,52.37451190196566],[4.919005036354065,52.374475877346],[4.918988943099976,52.374485702245174],[4.919005036354065,52.37449552714217],[4.9188923835754395,52.374557751439106],[4.918929934501648,52.37458395111684],[4.9189674854278564,52.37458722607548],[4.919493198394775,52.374505352037],[4.919461011886597,52.37443330275759],[4.919482469558716,52.374430027787554],[4.919509291648865,52.37450207707231],[4.91963803768158,52.37448242727903],[4.9195897579193115,52.37443985269694],[4.919552206993103,52.37430230376662]],[[4.919477105140686,52.37442675281728],[4.919461011886597,52.374430027787554],[4.919455647468567,52.374420202875974],[4.919471740722656,52.37441692790497],[4.919477105140686,52.37442675281728]]]]}},{"type":"Feature","properties":{"mvt_id":190990733,"subclass":"shrubbery","class":"grass"},"geometry":{"type":"MultiPolygon","coordinates":[[[[4.919992089271545,52.37469202462323],[4.919777512550354,52.3747247741184],[4.919782876968384,52.374747698750575],[4.919820427894592,52.374744423803854],[4.91986870765686,52.374868871608676],[4.919997453689575,52.37485249691754],[4.920035004615784,52.374813197634076],[4.919992089271545,52.37469202462323]],[[4.91988480091095,52.374813197634076],[4.91987407207489,52.374783723148525],[4.919927716255188,52.37477717326017],[4.919938445091248,52.3748066477501],[4.91988480091095,52.374813197634076]]]]}},{"type":"Feature","properties":{"mvt_id":192711773,"subclass":"grass","class":"grass"},"geometry":{"type":"MultiPolygon","coordinates":[[[[4.915834665298462,52.36580946513421],[4.915759563446045,52.36587825287748],[4.9158936738967896,52.366022379230344],[4.916076064109802,52.365966694104294],[4.91614043712616,52.36596341850645],[4.916172623634338,52.36594704051364],[4.916172623634338,52.36591428450977],[4.91613507270813,52.36586187485308],[4.916092157363892,52.36580946513421],[4.9160438776016235,52.365786535862654],[4.915990233421326,52.36578326025147],[4.915915131568909,52.365786535862654],[4.915834665298462,52.36580946513421]],[[4.916000962257385,52.365966694104294],[4.915963411331177,52.36596996970188],[4.915941953659058,52.365960142908385],[4.915915131568909,52.36594048931481],[4.915823936462402,52.36591428450977],[4.915786385536194,52.3658880796892],[4.915802478790283,52.365845496822615],[4.91587221622467,52.36580946513421],[4.915925860404968,52.365806189524726],[4.916017055511475,52.365819291961245],[4.916038513183594,52.36583567000142],[4.916054606437683,52.36586187485308],[4.916049242019653,52.365894630895795],[4.916017055511475,52.365953591711495],[4.916000962257385,52.365966694104294]]]]}},{"type":"Feature","properties":{"mvt_id":192724953,"subclass":"grass","class":"grass"},"geometry":{"type":"MultiPolygon","coordinates":[[[[4.91439163684845,52.36621891440831],[4.914354085922241,52.366261496914966],[4.91437554359436,52.36630735495314],[4.914423823356628,52.366333559525025],[4.914590120315552,52.36635321294373],[4.914686679840088,52.36634993737456],[4.914740324020386,52.366343386235464],[4.9147725105285645,52.36632373281239],[4.914793968200684,52.36629752823468],[4.914804697036743,52.366264772490695],[4.914799332618713,52.36617960744267],[4.914810061454773,52.36616322952999],[4.914836883544922,52.36615012719548],[4.915115833282471,52.36605185956278],[4.915158748626709,52.366091166642086],[4.915292859077454,52.366025654823815],[4.915325045585632,52.365996174473885],[4.915341138839722,52.365956867310054],[4.915330410003662,52.36591756011126],[4.9151962995529175,52.36569481865743],[4.915174841880798,52.36567844056503],[4.915110468864441,52.36565878684613],[4.915008544921875,52.36565878684613],[4.914933443069458,52.36567844056503],[4.914574027061462,52.36580291391498],[4.914531111717224,52.36582256756976],[4.9143970012664795,52.365776709028346],[4.914343357086182,52.36576688219185],[4.914214611053467,52.36577343341643],[4.914177060127258,52.36578326025147],[4.91413950920105,52.365806189524726],[4.914112687110901,52.36583239439387],[4.914107322692871,52.365855323641625],[4.91413414478302,52.36592083571249],[4.914150238037109,52.36594376491434],[4.9141716957092285,52.365960142908385],[4.914214611053467,52.365976520896346],[4.914268255233765,52.365983072089826],[4.914429187774658,52.365983072089826],[4.914434552192688,52.36614030044204],[4.91439163684845,52.36621891440831]],[[4.914493560791016,52.36593721371503],[4.914439916610718,52.365933938115006],[4.91437554359436,52.36593721371503],[4.914268255233765,52.36591756011126],[4.914203882217407,52.365894630895795],[4.914182424545288,52.365858599247474],[4.914198517799377,52.365819291961245],[4.914209246635437,52.36581274074346],[4.914300441741943,52.36579308708432],[4.914354085922241,52.36579636269478],[4.914413094520569,52.36580946513421],[4.914515018463135,52.36584222121579],[4.914536476135254,52.36586842606357],[4.914536476135254,52.365891355292625],[4.9145203828811646,52.36592411131348],[4.914493560791016,52.36593721371503]]]]}},{"type":"Feature","properties":{"mvt_id":192846343,"subclass":"grass","class":"grass"},"geometry":{"type":"MultiPolygon","coordinates":[[[[4.9169182777404785,52.36520347324421],[4.916939735412598,52.365206748898395],[4.916955828666687,52.365196921935116],[4.916955828666687,52.365187094969656],[4.91689145565033,52.365124857470974],[4.9168699979782104,52.36512158181072],[4.916853904724121,52.36513140879075],[4.916859269142151,52.365141235768604],[4.9169182777404785,52.36520347324421]],[[4.916945099830627,52.36519037062506],[4.916934370994568,52.36520019758978],[4.916923642158508,52.365196921935116],[4.916864633560181,52.36513796010956],[4.9168699979782104,52.36513140879075],[4.9168860912323,52.36513140879075],[4.916945099830627,52.36519037062506]]]]}},{"type":"Feature","properties":{"mvt_id":192846353,"subclass":"grass","class":"grass"},"geometry":{"type":"MultiPolygon","coordinates":[[[[4.917036294937134,52.365324672287194],[4.917057752609253,52.36532794793239],[4.917073845863342,52.36531812099607],[4.917073845863342,52.36531156970398],[4.917009472846985,52.365246056729625],[4.916988015174866,52.365242781078365],[4.916971921920776,52.365255883681975],[4.916977286338806,52.36526243498232],[4.917036294937134,52.365324672287194]],[[4.917063117027283,52.36531156970398],[4.917052388191223,52.36532139664175],[4.917041659355164,52.36531812099607],[4.916982650756836,52.36525915933227],[4.916988015174866,52.36525260803144],[4.917004108428955,52.36525260803144],[4.917063117027283,52.36531156970398]]]]}},{"type":"Feature","properties":{"mvt_id":192863923,"subclass":"sand","class":"sand"},"geometry":{"type":"MultiPolygon","coordinates":[[[[4.917014837265015,52.36629097708783],[4.917030930519104,52.366313906097574],[4.917100667953491,52.36641544871195],[4.9170684814453125,52.36643837765708],[4.917073845863342,52.366490786629846],[4.917106032371521,52.36652681776256],[4.916301369667053,52.36679868808923],[4.916274547576904,52.36685109663456],[4.916451573371887,52.36705417916041],[4.916596412658691,52.367057454677365],[4.916596412658691,52.36705090364321],[4.91662323474884,52.36705417916041],[4.91662323474884,52.367057454677365],[4.9166339635849,52.367057454677365],[4.9166339635849,52.36704762812576],[4.916655421257019,52.36704762812576],[4.916650056838989,52.36707710777403],[4.91663932800293,52.36707710777403],[4.9166178703308105,52.36723105672872],[4.916703701019287,52.36731621974976],[4.916805624961853,52.36732932173843],[4.917079210281372,52.367240883239525],[4.917084574699402,52.3672179547109],[4.917057752609253,52.36719830167691],[4.917036294937134,52.367149169053654],[4.917041659355164,52.36706400571057],[4.917014837265015,52.36706400571057],[4.917014837265015,52.367057454677365],[4.916998744010925,52.367057454677365],[4.916998744010925,52.36704435260807],[4.916988015174866,52.36704435260807],[4.916988015174866,52.36703452605356],[4.916971921920776,52.36703452605356],[4.916971921920776,52.36702469949684],[4.916950464248657,52.36702469949684],[4.916950464248657,52.367031250534886],[4.916923642158508,52.367031250534886],[4.916912913322449,52.36703452605356],[4.916912913322449,52.36704762812576],[4.916896820068359,52.36704762812576],[4.91689145565033,52.36707055674278],[4.9168860912323,52.36707055674278],[4.91688072681427,52.36709020983361],[4.9168699979782104,52.36709020983361],[4.9168699979782104,52.36710003637576],[4.916859269142151,52.36710003637576],[4.916853904724121,52.367116413941126],[4.916837811470032,52.367116413941126],[4.9168431758880615,52.36703780157197],[4.91687536239624,52.367031250534886],[4.91687536239624,52.36701814845782],[4.91689145565033,52.36701814845782],[4.91689145565033,52.367008321897465],[4.916912913322449,52.367008321897465],[4.916912913322449,52.366998495334926],[4.916929006576538,52.366998495334926],[4.916929006576538,52.366988668770205],[4.9168860912323,52.36696246458692],[4.916864633560181,52.366929709335956],[4.916864633560181,52.366910056173715],[4.91687536239624,52.36687730088391],[4.916950464248657,52.366821616835466],[4.916945099830627,52.366821616835466],[4.916945099830627,52.36677903486872],[4.916982650756836,52.36677575933111],[4.916982650756836,52.36677248379326],[4.917014837265015,52.36677248379326],[4.917014837265015,52.36678231040607],[4.917020201683044,52.36678231040607],[4.917159676551819,52.36673972840144],[4.917084574699402,52.36665456426903],[4.917234778404236,52.36660870659126],[4.917197227478027,52.36656612441927],[4.917207956314087,52.36656284886589],[4.917154312133789,52.366507164421094],[4.917224049568176,52.3664809599522],[4.917213320732117,52.366471133272356],[4.917508363723755,52.36636631521801],[4.917502999305725,52.3663630396498],[4.917578101158142,52.366333559525025],[4.9175190925598145,52.366300803807746],[4.917476177215576,52.3662483946096],[4.917502999305725,52.366205812090314],[4.917502999305725,52.366169780695785],[4.917497634887695,52.36615012719548],[4.917433261871338,52.366107544581475],[4.917395710945129,52.366091166642086],[4.917347431182861,52.36608789105348],[4.917315244674683,52.36609444223045],[4.917250871658325,52.366120646928614],[4.917186498641968,52.3662123632498],[4.9171382188797,52.36624511903264],[4.917014837265015,52.36629097708783]],[[4.916703701019287,52.367136067011565],[4.916698336601257,52.367136067011565],[4.916703701019287,52.36709676086196],[4.916714429855347,52.36709676086196],[4.916714429855347,52.36708365880431],[4.916725158691406,52.36708365880431],[4.916725158691406,52.36707710777403],[4.916746616363525,52.36707710777403],[4.916746616363525,52.36707383225853],[4.916773438453674,52.36707383225853],[4.916773438453674,52.36709348534791],[4.916784167289734,52.36709348534791],[4.916773438453674,52.367155720073235],[4.916762709617615,52.367155720073235],[4.916757345199585,52.367168822109505],[4.916714429855347,52.367162271091864],[4.916714429855347,52.367152444563565],[4.916703701019287,52.367152444563565],[4.916703701019287,52.367136067011565]],[[4.916499853134155,52.36681506576633],[4.916483759880066,52.36681506576633],[4.916489124298096,52.36678231040607],[4.916505217552185,52.36678231040607],[4.916505217552185,52.36677575933111],[4.916521310806274,52.36677575933111],[4.916521310806274,52.36676920825517],[4.916548132896423,52.36677248379326],[4.916548132896423,52.36679541255309],[4.916564226150513,52.36679541255309],[4.916558861732483,52.36684454556979],[4.9165427684783936,52.36684454556979],[4.916537404060364,52.36686092322988],[4.916510581970215,52.366857647698346],[4.916510581970215,52.36684454556979],[4.916499853134155,52.36684127003704],[4.916499853134155,52.36681506576633]],[[4.9166339635849,52.36697556668051],[4.9166178703308105,52.366972291157474],[4.91662859916687,52.366910056173715],[4.9166446924209595,52.366910056173715],[4.9166446924209595,52.36691333170137],[4.916682243347168,52.36691988275594],[4.916671514511108,52.36697556668051],[4.916660785675049,52.36697556668051],[4.916655421257019,52.36698211772584],[4.9166339635849,52.3669788422033],[4.9166339635849,52.36697556668051]]]]}},{"type":"Feature","properties":{"mvt_id":192919283,"subclass":"sand","class":"sand"},"geometry":{"type":"MultiPolygon","coordinates":[[[[4.918447136878967,52.364810392979095],[4.918479323387146,52.36479729024336],[4.918532967567444,52.36476453338702],[4.918543696403503,52.364751430637675],[4.918543696403503,52.364725225127344],[4.9185168743133545,52.3647055709844],[4.918447136878967,52.3647055709844],[4.918404221534729,52.36471867374733],[4.91838276386261,52.36472850081699],[4.9183666706085205,52.36474160357313],[4.9183666706085205,52.36475470632538],[4.91838276386261,52.36477108476023],[4.918409585952759,52.36476780907374],[4.918431043624878,52.36477108476023],[4.918431043624878,52.36478418750374],[4.918414950370789,52.36479729024336],[4.918420314788818,52.364810392979095],[4.918447136878967,52.364810392979095]],[[4.918506145477295,52.36474487926155],[4.918490052223206,52.36476453338702],[4.918473958969116,52.36476453338702],[4.918468594551086,52.36474160357313],[4.918436408042908,52.36474815494974],[4.918425679206848,52.36474160357313],[4.918420314788818,52.36473505219554],[4.918425679206848,52.364725225127344],[4.918495416641235,52.36471867374733],[4.918506145477295,52.364725225127344],[4.918506145477295,52.36474487926155]]]]}},{"type":"Feature","properties":{"mvt_id":192919293,"subclass":"garden","class":"grass"},"geometry":{"type":"MultiPolygon","coordinates":[[[[4.917240142822266,52.36494469579634],[4.917261600494385,52.364967625504825],[4.917524456977844,52.365246056729625],[4.917771220207214,52.365268986281706],[4.91813600063324,52.365147787085945],[4.9179911613464355,52.36503969022544],[4.91788387298584,52.3649709011765],[4.917835593223572,52.364951247142834],[4.917819499969482,52.3648890093119],[4.917712211608887,52.36490866337326],[4.917680025100708,52.36490866337326],[4.9176424741744995,52.36489556066666],[4.917449355125427,52.36489883634368],[4.917363524436951,52.36487918227795],[4.917315244674683,52.364882457956185],[4.917277693748474,52.3648890093119],[4.917234778404236,52.36490866337326],[4.917213320732117,52.36493159310044],[4.917240142822266,52.36494469579634]],[[4.9180179834365845,52.365108479167276],[4.917830228805542,52.36517071668903],[4.917798042297363,52.36513140879075],[4.917985796928406,52.36506917121363],[4.9180179834365845,52.365108479167276]]]]}},{"type":"Feature","properties":{"mvt_id":232896232,"subclass":"park","class":"grass"},"geometry":{"type":"MultiPolygon","coordinates":[[[[4.908345937728882,52.365976520896346],[4.908608794212341,52.366261496914966],[4.909451007843018,52.36596996970188],[4.909316897392273,52.365819291961245],[4.90914523601532,52.365871701668446],[4.908952116966248,52.36590118210143],[4.908818006515503,52.365904457703884],[4.908673167228699,52.36590118210143],[4.908517599105835,52.36586187485308],[4.908270835876465,52.36582256756976],[4.908356666564941,52.365933938115006],[4.908345937728882,52.365976520896346]]]]}},{"type":"Feature","properties":{"mvt_id":232902862,"subclass":"recreation_ground","class":"grass"},"geometry":{"type":"MultiPolygon","coordinates":[[[[4.909188151359558,52.36827593013689],[4.908984303474426,52.3683348877744],[4.909847974777222,52.36890480754688],[4.910234212875366,52.368708284318004],[4.910282492637634,52.36867553036152],[4.910244941711426,52.368600196169446],[4.909687042236328,52.36798114076899],[4.909456372261047,52.36808595499185],[4.90938663482666,52.368112158508694],[4.909257888793945,52.368207146127006],[4.909188151359558,52.36827593013689]]]]}},{"type":"Feature","properties":{"mvt_id":265252612,"subclass":"sand","class":"sand"},"geometry":{"type":"MultiPolygon","coordinates":[[[[4.913367033004761,52.367181924141896],[4.913565516471863,52.36739810711517],[4.913737177848816,52.36732932173843],[4.913731813430786,52.36732277074457],[4.913828372955322,52.36729001576077],[4.913806915283203,52.36726381175624],[4.91388201713562,52.367237607736165],[4.913774728775024,52.36711968945347],[4.913742542266846,52.36713279150043],[4.913704991340637,52.36709348534791],[4.913806915283203,52.367057454677365],[4.913737177848816,52.366988668770205],[4.9133992195129395,52.367106587402624],[4.913426041603088,52.367136067011565],[4.913409948348999,52.367165546600816],[4.913367033004761,52.367181924141896]]]]}},{"type":"Feature","properties":{"mvt_id":265258972,"subclass":"garden","class":"grass"},"geometry":{"type":"MultiPolygon","coordinates":[[[[4.915856122970581,52.366461306590324],[4.91613507270813,52.36676593271684],[4.9166339635849,52.36659232883767],[4.916349649429321,52.366294252661376],[4.915856122970581,52.366461306590324]]]]}},{"type":"Feature","properties":{"mvt_id":265291022,"subclass":"grass","class":"grass"},"geometry":{"type":"MultiPolygon","coordinates":[[[[4.91861879825592,52.365776709028346],[4.9188172817230225,52.36599289887823],[4.919321537017822,52.36582256756976],[4.919160604476929,52.365655511225455],[4.919101595878601,52.36567188932637],[4.919053316116333,52.36567188932637],[4.919021129608154,52.36565223560456],[4.918978214263916,52.36560965251064],[4.918597340583801,52.36574395289819],[4.91862416267395,52.36577343341643],[4.91861879825592,52.365776709028346]]]]}},{"type":"Feature","properties":{"mvt_id":265318282,"subclass":"sand","class":"sand"},"geometry":{"type":"MultiPolygon","coordinates":[[[[4.915523529052734,52.36708365880431],[4.915577173233032,52.367145893543494],[4.915866851806641,52.36704435260807],[4.915823936462402,52.366998495334926],[4.915732741355896,52.36700177085602],[4.915679097175598,52.36701159741783],[4.91563081741333,52.367027975015986],[4.915593266487122,52.36705090364321],[4.915523529052734,52.36708365880431]]]]}},{"type":"Feature","properties":{"mvt_id":266123972,"subclass":"grass","class":"grass"},"geometry":{"type":"MultiPolygon","coordinates":[[[[4.9135226011276245,52.36666111536195],[4.913291931152344,52.36673317732016],[4.913313388824463,52.36675938163945],[4.9132221937179565,52.36678886148007],[4.913195371627808,52.366762657178256],[4.913012981414795,52.366821616835466],[4.913050532341003,52.36686092322988],[4.91313636302948,52.366883851943804],[4.913206100463867,52.36686092322988],[4.913254380226135,52.366910056173715],[4.913350939750671,52.36687402535358],[4.913313388824463,52.366834718970814],[4.913501143455505,52.36677248379326],[4.913527965545654,52.36679868808923],[4.913608431816101,52.36677248379326],[4.913603067398071,52.366762657178256],[4.91364061832428,52.36674955502153],[4.913576245307922,52.366684044179586],[4.913549423217773,52.36669387081208],[4.9135226011276245,52.36666111536195]]]]}},{"type":"Feature","properties":{"mvt_id":266130042,"subclass":"grass","class":"grass"},"geometry":{"type":"MultiPolygon","coordinates":[[[[4.915480613708496,52.366100993406455],[4.915539622306824,52.366114095755535],[4.915582537651062,52.3661173713422],[4.915748834609985,52.3660715131068],[4.9158936738967896,52.366022379230344],[4.915759563446045,52.36587825287748],[4.915587902069092,52.36595031611268],[4.915507435798645,52.36597324529924],[4.915410876274109,52.36597979649321],[4.915357232093811,52.36601910363664],[4.915357232093811,52.366032206010004],[4.9153733253479,52.366055135154056],[4.915480613708496,52.366100993406455]]]]}},{"type":"Feature","properties":{"mvt_id":266130062,"subclass":"grass","class":"grass"},"geometry":{"type":"MultiPolygon","coordinates":[[[[4.9161189794540405,52.36577343341643],[4.916226267814636,52.36591100890805],[4.916247725486755,52.36591756011126],[4.916285276412964,52.36591756011126],[4.91637647151947,52.36590773330609],[4.916424751281738,52.365894630895795],[4.916650056838989,52.36577998464003],[4.9167948961257935,52.36573412605441],[4.916848540306091,52.365707921126976],[4.91689145565033,52.36567844056503],[4.916902184486389,52.36565878684613],[4.916902184486389,52.3656293062514],[4.91687536239624,52.36558999876115],[4.916827082633972,52.365550691235924],[4.916762709617615,52.365534313090095],[4.916735887527466,52.365534313090095],[4.916698336601257,52.36554086434916],[4.91662323474884,52.36561292813471],[4.916574954986572,52.36564240874037],[4.9165427684783936,52.365655511225455],[4.916483759880066,52.36566533808673],[4.91639256477356,52.36567516494582],[4.9162209033966064,52.365684991802716],[4.916177988052368,52.36568826742119],[4.91613507270813,52.36570136989269],[4.916108250617981,52.36572757482401],[4.916108250617981,52.365753779739784],[4.9161189794540405,52.36577343341643]]]]}},{"type":"Feature","properties":{"mvt_id":266131992,"subclass":"grass","class":"grass"},"geometry":{"type":"MultiPolygon","coordinates":[[[[4.917036294937134,52.36615995394672],[4.917057752609253,52.36614030044204],[4.917073845863342,52.366120646928614],[4.9170684814453125,52.366104268994086],[4.917020201683044,52.36606168633588],[4.916982650756836,52.36604530837949],[4.916934370994568,52.366025654823815],[4.916784167289734,52.36607478869663],[4.9166929721832275,52.36597324529924],[4.916564226150513,52.365891355292625],[4.916537404060364,52.36591100890805],[4.916483759880066,52.36596341850645],[4.916473031044006,52.36599289887823],[4.916467666625977,52.36604858397125],[4.916483759880066,52.36607478869663],[4.916510581970215,52.366100993406455],[4.916601777076721,52.366156678363225],[4.916660785675049,52.36617960744267],[4.916725158691406,52.36619926092986],[4.916789531707764,52.36620908767017],[4.9168431758880615,52.3662123632498],[4.916912913322449,52.36620253651021],[4.916977286338806,52.36618615860604],[4.917036294937134,52.36615995394672]]]]}},{"type":"Feature","properties":{"mvt_id":266132002,"subclass":"forest","class":"wood"},"geometry":{"type":"MultiPolygon","coordinates":[[[[4.9166929721832275,52.36597324529924],[4.916800260543823,52.36593721371503],[4.916827082633972,52.36588152848163],[4.916757345199585,52.365848772429196],[4.9167197942733765,52.36584222121579],[4.916650056838989,52.36585204803553],[4.916585683822632,52.36587825287748],[4.916564226150513,52.365891355292625],[4.9166929721832275,52.36597324529924]]]]}},{"type":"Feature","properties":{"mvt_id":266134132,"subclass":"grass","class":"grass"},"geometry":{"type":"MultiPolygon","coordinates":[[[[4.9188655614852905,52.36545569790558],[4.9189674854278564,52.36556051812051],[4.919106960296631,52.36551465930709],[4.918994307518005,52.36538690950439],[4.9188655614852905,52.36543276845042],[4.9188655614852905,52.36545569790558]]]]}},{"type":"Feature","properties":{"mvt_id":266139342,"subclass":"grass","class":"grass"},"geometry":{"type":"MultiPolygon","coordinates":[[[[4.9192893505096436,52.364852976843395],[4.919396638870239,52.36473832788446],[4.9193912744522095,52.36472194943747],[4.919064044952393,52.36459419734253],[4.9190157651901245,52.364600748741],[4.9189674854278564,52.36462367862799],[4.9189674854278564,52.364640057111416],[4.918951392173767,52.36464660850309],[4.918924570083618,52.36464333280737],[4.91888165473938,52.36466298697801],[4.91888165473938,52.36472194943747],[4.919005036354065,52.364852976843395],[4.919021129608154,52.36486280388318],[4.91911768913269,52.36488573363416],[4.9192893505096436,52.364852976843395]]]]}},{"type":"Feature","properties":{"mvt_id":315270792,"subclass":"garden","class":"grass"},"geometry":{"type":"MultiPolygon","coordinates":[[[[4.907074570655823,52.36704435260807],[4.90713894367218,52.367122964965574],[4.907578825950623,52.3669788422033],[4.907627105712891,52.3669788422033],[4.907798767089844,52.36711968945347],[4.9079060554504395,52.367165546600816],[4.90815281867981,52.367224505720294],[4.908447861671448,52.36725726075268],[4.908769726753235,52.367253985250535],[4.909021854400635,52.36721140370055],[4.9091291427612305,52.367178648634166],[4.909182786941528,52.367122964965574],[4.9081796407699585,52.36602893041702],[4.908077716827393,52.36606496192644],[4.9080294370651245,52.36613702485708],[4.907702207565308,52.366300803807746],[4.907417893409729,52.36637286635369],[4.906967282295227,52.36651371553589],[4.906366467475891,52.36663491098438],[4.907074570655823,52.36704435260807]]]]}},{"type":"Feature","properties":{"mvt_id":317630662,"subclass":"garden","class":"grass"},"geometry":{"type":"MultiPolygon","coordinates":[[[[4.908201098442078,52.366893678531845],[4.90813672542572,52.366946086964475],[4.908624887466431,52.36702469949684],[4.9086302518844604,52.36697556668051],[4.908614158630371,52.36692643380953],[4.9085551500320435,52.366880576413976],[4.908501505851746,52.36685437216658],[4.908447861671448,52.36684127003704],[4.90838885307312,52.36683799450406],[4.908324480056763,52.36684454556979],[4.9082547426223755,52.36686747429222],[4.908201098442078,52.366893678531845]]]]}},{"type":"Feature","properties":{"mvt_id":666813332,"subclass":"forest","class":"wood"},"geometry":{"type":"MultiPolygon","coordinates":[[[[4.91862952709198,52.363634406970185],[4.91861879825592,52.363595097705016],[4.918479323387146,52.363536133741675],[4.918055534362793,52.36366716466445],[4.918538331985474,52.36380147095699],[4.91861879825592,52.363690095035984],[4.91862952709198,52.363634406970185]]]]}},{"type":"Feature","properties":{"mvt_id":666813372,"subclass":"grass","class":"grass"},"geometry":{"type":"MultiPolygon","coordinates":[[[[4.921875,52.36220012449966],[4.921875,52.362183216744256],[4.921808976393493,52.362183216744256],[4.921875,52.36220012449966]]]]}},{"type":"Feature","properties":{"mvt_id":666813482,"subclass":"grass","class":"grass"},"geometry":{"type":"MultiPolygon","coordinates":[[[[4.907943606376648,52.3675389530286],[4.907863140106201,52.36751602465469],[4.907825589179993,52.36749309626888],[4.907745122909546,52.36756188139061],[4.90815281867981,52.36782064350826],[4.9082547426223755,52.36777806250449],[4.908083081245422,52.36770927771937],[4.908045530319214,52.36768307396353],[4.907959699630737,52.36761428903052],[4.907943606376648,52.36757825878476],[4.907943606376648,52.3675389530286]]]]}},{"type":"Feature","properties":{"mvt_id":666813552,"subclass":"grass","class":"grass"},"geometry":{"type":"MultiPolygon","coordinates":[[[[4.913989305496216,52.36390957084711],[4.913994669914246,52.36391284659723],[4.914064407348633,52.36387681333258],[4.914075136184692,52.3638571588122],[4.914069771766663,52.36383422852738],[4.914053678512573,52.36381457398806],[4.9140214920043945,52.36379491943999],[4.913817644119263,52.36375888607916],[4.913812279701233,52.36377526488319],[4.913828372955322,52.363785092162686],[4.9138712882995605,52.36379819519861],[4.9139732122421265,52.36381129823066],[4.914010763168335,52.363827677015244],[4.9140214920043945,52.36384405579376],[4.914026856422424,52.3638735375798],[4.914005398750305,52.36389974359531],[4.913989305496216,52.36390957084711]]]]}},{"type":"Feature","properties":{"mvt_id":666814342,"subclass":"grass","class":"grass"},"geometry":{"type":"MultiPolygon","coordinates":[[[[4.913769364356995,52.36559655001196],[4.913941025733948,52.365534313090095],[4.913903474807739,52.36550810804413],[4.913801550865173,52.36548190298263],[4.913726449012756,52.365475351714835],[4.913592338562012,52.36547862734885],[4.913468956947327,52.36550810804413],[4.91339385509491,52.365534313090095],[4.913302659988403,52.36560310126178],[4.913243651390076,52.36567844056503],[4.913232922554016,52.36575705535317],[4.9132490158081055,52.36577015780426],[4.913442134857178,52.36570464550995],[4.913581609725952,52.365622755005454],[4.913683533668518,52.36558017188312],[4.913769364356995,52.36559655001196]]]]}},{"type":"Feature","properties":{"mvt_id":666814942,"subclass":"forest","class":"wood"},"geometry":{"type":"MultiPolygon","coordinates":[[[[4.907718300819397,52.367414484570034],[4.907745122909546,52.36743413750786],[4.907825589179993,52.36746689238481],[4.908018708229065,52.36745379043694],[4.907734394073486,52.3673850051469],[4.907712936401367,52.3673850051469],[4.907718300819397,52.367414484570034]]]]}},{"type":"Feature","properties":{"mvt_id":666815912,"subclass":"grass","class":"grass"},"geometry":{"type":"MultiPolygon","coordinates":[[[[4.909209609031677,52.36762411545607],[4.909247159957886,52.36765359471964],[4.909300804138184,52.367637217353426],[4.909263253211975,52.36755533043126],[4.909209609031677,52.36753567754734],[4.909188151359558,52.367568432348996],[4.909209609031677,52.36762411545607]]]]}},{"type":"Feature","properties":{"mvt_id":666816462,"subclass":"forest","class":"wood"},"geometry":{"type":"MultiPolygon","coordinates":[[[[4.908919930458069,52.368190768966],[4.908941388130188,52.36827593013689],[4.909021854400635,52.368347989460936],[4.9091774225234985,52.36826937928342],[4.90938663482666,52.368112158508694],[4.909622669219971,52.36797786532051],[4.909504652023315,52.36789925448434],[4.909467101097107,52.36792545811195],[4.909472465515137,52.3679418353713],[4.909515380859375,52.3679647635242],[4.909483194351196,52.36798114076899],[4.909451007843018,52.367968038973636],[4.909418821334839,52.367968038973636],[4.90939199924469,52.36797786532051],[4.909349083900452,52.3680106197943],[4.909311532974243,52.368017170686144],[4.9092793464660645,52.368040098799945],[4.909172058105469,52.36807612866902],[4.9091291427612305,52.368099056752214],[4.909091591835022,52.368125260261294],[4.909021854400635,52.36813836201001],[4.908909201622009,52.368151463754835],[4.90889847278595,52.368167840930404],[4.908919930458069,52.368190768966]]]]}},{"type":"Feature","properties":{"mvt_id":666816752,"subclass":"grass","class":"grass"},"geometry":{"type":"MultiPolygon","coordinates":[[[[4.909365177154541,52.36586515045845],[4.909316897392273,52.36581274074346],[4.909188151359558,52.365855323641625],[4.909075498580933,52.36587825287748],[4.908936023712158,52.365897906498745],[4.908780455589294,52.36590118210143],[4.90865170955658,52.36588480408553],[4.908260107040405,52.36580946513421],[4.908244013786316,52.36582584317804],[4.908345937728882,52.365933938115006],[4.908721446990967,52.36600272566446],[4.908844828605652,52.36601255244849],[4.908946752548218,52.36601255244849],[4.909172058105469,52.36594704051364],[4.9092042446136475,52.36591756011126],[4.909365177154541,52.36586515045845]]]]}},{"type":"Feature","properties":{"mvt_id":666817222,"subclass":"grass","class":"grass"},"geometry":{"type":"MultiPolygon","coordinates":[[[[4.909467101097107,52.36596996970188],[4.909365177154541,52.36586515045845],[4.9092042446136475,52.36591756011126],[4.909172058105469,52.36594704051364],[4.909231066703796,52.36595031611268],[4.9092793464660645,52.365960142908385],[4.909311532974243,52.36597979649321],[4.909349083900452,52.36600927685406],[4.909467101097107,52.36596996970188]]]]}},{"type":"Feature","properties":{"mvt_id":666818062,"subclass":"grass","class":"grass"},"geometry":{"type":"MultiPolygon","coordinates":[[[[4.916279911994934,52.36533449922205],[4.916033148765564,52.36536725565579],[4.916086792945862,52.365413114622235],[4.916263818740845,52.36538035822249],[4.91637647151947,52.36534432615473],[4.916397929191589,52.365331223577336],[4.916414022445679,52.36530829405757],[4.916435480117798,52.365154338402334],[4.916462302207947,52.36508882519482],[4.916478395462036,52.36506917121363],[4.916515946388245,52.36504951722368],[4.917213320732117,52.36480384161171],[4.917245507240295,52.36478418750374],[4.917261600494385,52.36476453338702],[4.917256236076355,52.3647055709844],[4.917272329330444,52.364653159893784],[4.916263818740845,52.36500038221058],[4.916312098503113,52.365056068554644],[4.916349649429321,52.3651117548285],[4.916360378265381,52.36517071668903],[4.916349649429321,52.36526571063214],[4.916328191757202,52.36531156970398],[4.916279911994934,52.36533449922205]]]]}},{"type":"Feature","properties":{"mvt_id":666818242,"subclass":"forest","class":"wood"},"geometry":{"type":"MultiPolygon","coordinates":[[[[4.914724230766296,52.366762657178256],[4.914740324020386,52.36678886148007],[4.914777874946594,52.36676593271684],[4.914793968200684,52.36675283056108],[4.9148207902908325,52.36667749309006],[4.914815425872803,52.36662180878976],[4.914810061454773,52.36660215549055],[4.914783239364624,52.36657922663042],[4.914751052856445,52.36656612441927],[4.914665222167969,52.366556297758386],[4.914611577987671,52.366507164421094],[4.91464376449585,52.36646458215124],[4.91463840007782,52.36640234645223],[4.914590120315552,52.3663826930554],[4.9145203828811646,52.366369590785965],[4.914284348487854,52.36634666180513],[4.914252161979675,52.36635321294373],[4.914187788963318,52.366369590785965],[4.914203882217407,52.366379417488396],[4.9142467975616455,52.3663925197549],[4.914364814758301,52.36639907088671],[4.914450645446777,52.36641544871195],[4.9145472049713135,52.366471133272356],[4.91463840007782,52.366556297758386],[4.9146974086761475,52.366628359887564],[4.914724230766296,52.36669059526816],[4.914724230766296,52.366762657178256]]]]}},{"type":"Feature","properties":{"mvt_id":666818322,"subclass":"grass","class":"grass"},"geometry":{"type":"MultiPolygon","coordinates":[[[[4.908496141433716,52.36767324755109],[4.908549785614014,52.36766669660825],[4.908565878868103,52.36762739093078],[4.908592700958252,52.36759463617284],[4.908490777015686,52.36764376830064],[4.908415675163269,52.36766669660825],[4.908319115638733,52.36768634943387],[4.908222556114197,52.36769945131275],[4.908195734024048,52.36770927771937],[4.9084532260894775,52.367810817126426],[4.908576607704163,52.36787960175343],[4.908710718154907,52.36798441621722],[4.908807277679443,52.3681023321917],[4.908834099769592,52.368112158508694],[4.908860921859741,52.3681154339472],[4.908973574638367,52.368112158508694],[4.908973574638367,52.368046649687415],[4.908962845802307,52.368017170686144],[4.908936023712158,52.3679876916652],[4.908860921859741,52.367932009016414],[4.908769726753235,52.36788615266471],[4.908699989318848,52.3678402962654],[4.908699989318848,52.36779443981849],[4.908657073974609,52.36779116435618],[4.908619523048401,52.367804266203976],[4.908517599105835,52.367800990742396],[4.908469319343567,52.36777478704096],[4.908442497253418,52.36773220599298],[4.908458590507507,52.36768962490395],[4.908496141433716,52.36767324755109]]]]}},{"type":"Feature","properties":{"mvt_id":666818772,"subclass":"grass","class":"grass"},"geometry":{"type":"MultiPolygon","coordinates":[[[[4.916553497314453,52.363500100169794],[4.916671514511108,52.36352303062803],[4.916676878929138,52.36350992751049],[4.916510581970215,52.36347716969966],[4.91639256477356,52.36346406656851],[4.916253089904785,52.36346734235167],[4.916011691093445,52.36350992751049],[4.91614043712616,52.36365733735872],[4.916113615036011,52.36366388889611],[4.9161297082901,52.36368354350247],[4.916177988052368,52.36366716466445],[4.916188716888428,52.36362457965717],[4.916553497314453,52.363500100169794]]]]}},{"type":"Feature","properties":{"mvt_id":666819452,"subclass":"forest","class":"wood"},"geometry":{"type":"MultiPolygon","coordinates":[[[[4.907246232032776,52.366484235511656],[4.907042384147644,52.36652681776256],[4.9071067571640015,52.36653991998536],[4.90713357925415,52.36656939997243],[4.907246232032776,52.36659232883767],[4.907332062721252,52.36665456426903],[4.907487630844116,52.36662180878976],[4.907546639442444,52.36659887993983],[4.907573461532593,52.36658577773452],[4.907525181770325,52.36653009331863],[4.90739107131958,52.36641217314738],[4.90740180015564,52.36643510209422],[4.90739643573761,52.366448204344216],[4.907246232032776,52.366484235511656]]]]}},{"type":"Feature","properties":{"mvt_id":666819792,"subclass":"grass","class":"grass"},"geometry":{"type":"MultiPolygon","coordinates":[[[[4.913721084594727,52.36528208887755],[4.9138712882995605,52.36522967847086],[4.913570880889893,52.36489883634368],[4.913549423217773,52.36489556066666],[4.913216829299927,52.364997106541104],[4.912814497947693,52.365141235768604],[4.912841320037842,52.36516744103218],[4.912760853767395,52.365193646280204],[4.912760853767395,52.365206748898395],[4.913340210914612,52.3655310374602],[4.913409948348999,52.36549828114789],[4.913485050201416,52.365472076080565],[4.913560152053833,52.36545569790558],[4.913683533668518,52.36544587099768],[4.913721084594727,52.36528208887755]]]]}},{"type":"Feature","properties":{"mvt_id":666820002,"subclass":"grass","class":"grass"},"geometry":{"type":"MultiPolygon","coordinates":[[[[4.908952116966248,52.36609444223045],[4.908984303474426,52.36613374927187],[4.909290075302124,52.36602893041702],[4.909247159957886,52.36599289887823],[4.909231066703796,52.365983072089826],[4.9092042446136475,52.36597979649321],[4.90915060043335,52.365989623282346],[4.9089789390563965,52.36604530837949],[4.908952116966248,52.36605841074509],[4.908946752548218,52.36607478869663],[4.908952116966248,52.36609444223045]]]]}},{"type":"Feature","properties":{"mvt_id":666820172,"subclass":"grass","class":"grass"},"geometry":{"type":"MultiPolygon","coordinates":[[[[4.909032583236694,52.3681023321917],[4.909059405326843,52.36809578131248],[4.9092042446136475,52.3680204461317],[4.909263253211975,52.368004068901485],[4.90938127040863,52.36795493717441],[4.909343719482422,52.36794511082245],[4.909332990646362,52.36791235630009],[4.909311532974243,52.36788942811998],[4.909316897392273,52.36786649992798],[4.909284710884094,52.36785667355633],[4.909247159957886,52.367869775384705],[4.909231066703796,52.36788615266471],[4.909290075302124,52.3679189072065],[4.909231066703796,52.367968038973636],[4.90915060043335,52.36793528446829],[4.909021854400635,52.3679745898718],[4.909011125564575,52.36800734434802],[4.909032583236694,52.3681023321917]]]]}},{"type":"Feature","properties":{"mvt_id":666820392,"subclass":"grass","class":"grass"},"geometry":{"type":"MultiPolygon","coordinates":[[[[4.906071424484253,52.36635321294373],[4.905610084533691,52.366395795320926],[4.905615448951721,52.3664416532197],[4.905765652656555,52.36646785771191],[4.906092882156372,52.36653991998536],[4.90614116191864,52.36653991998536],[4.906189441680908,52.36651699109292],[4.906328916549683,52.36634666180513],[4.906296730041504,52.366343386235464],[4.906071424484253,52.36635321294373]]]]}},{"type":"Feature","properties":{"mvt_id":666820532,"subclass":"grass","class":"grass"},"geometry":{"type":"MultiPolygon","coordinates":[[[[4.910722374916077,52.36500038221058],[4.910711646080017,52.36504296589177],[4.9107277393341064,52.36502331189017],[4.910765290260315,52.36500693354883],[4.91114616394043,52.36488573363416],[4.911242723464966,52.364866079562624],[4.911285638809204,52.36480384161171],[4.911237359046936,52.36477436044647],[4.9110013246536255,52.364509029074],[4.910942316055298,52.364525407599935],[4.910722374916077,52.36500038221058]]]]}},{"type":"Feature","properties":{"mvt_id":666821072,"subclass":"grass","class":"grass"},"geometry":{"type":"MultiPolygon","coordinates":[[[[4.916467666625977,52.3630709708274],[4.916059970855713,52.36322165794154],[4.916226267814636,52.363205278932284],[4.916338920593262,52.36321183053672],[4.916489124298096,52.36323476114457],[4.916682243347168,52.36328389812132],[4.918055534362793,52.36366716466445],[4.918479323387146,52.363536133741675],[4.918355941772461,52.363450963433486],[4.918178915977478,52.36341492979214],[4.91811990737915,52.36344441186453],[4.918039441108704,52.36347389391723],[4.91788923740387,52.36348699704545],[4.917760491371155,52.363480445481834],[4.917680025100708,52.36346406656851],[4.917454719543457,52.36339855085454],[4.917401075363159,52.363352689796955],[4.9173688888549805,52.36330355289671],[4.917363524436951,52.36324786434371],[4.916467666625977,52.3630709708274]]]]}},{"type":"Feature","properties":{"mvt_id":666821402,"subclass":"forest","class":"wood"},"geometry":{"type":"MultiPolygon","coordinates":[[[[4.914498925209045,52.3682300741422],[4.914761781692505,52.368131811136145],[4.915797114372253,52.36778133796777],[4.915754199028015,52.36773548145967],[4.915094375610352,52.36796148807451],[4.915056824684143,52.3679189072065],[4.913935661315918,52.36830540896548],[4.913967847824097,52.368370917403034],[4.914466738700867,52.368197319831125],[4.914498925209045,52.3682300741422]]]]}},{"type":"Feature","properties":{"mvt_id":666821482,"subclass":"grass","class":"grass"},"geometry":{"type":"MultiPolygon","coordinates":[[[[4.918978214263916,52.36386371031997],[4.918929934501648,52.36386371031997],[4.918860197067261,52.363906295096754],[4.918822646141052,52.363906295096754],[4.918801188468933,52.36391939809674],[4.9192410707473755,52.364102839688485],[4.9203139543533325,52.36456799173892],[4.920791387557983,52.36483659843891],[4.9211883544921875,52.36507899820532],[4.921875,52.36551416299932],[4.921875,52.36532338453349],[4.920753836631775,52.36464660850309],[4.920104742050171,52.36430921056878],[4.91938591003418,52.36404715214294],[4.918978214263916,52.36386371031997]]],[[[4.921853542327881,52.36560965251064],[4.921789169311523,52.36567188932637],[4.921681880950928,52.365747228512305],[4.921601414680481,52.36576688219185],[4.921799898147583,52.365776709028346],[4.921875,52.36576524438556],[4.921875,52.365568707189325],[4.921853542327881,52.36560965251064]]]]}},{"type":"Feature","properties":{"mvt_id":666821672,"subclass":"forest","class":"wood"},"geometry":{"type":"MultiPolygon","coordinates":[[[[4.907519817352295,52.366395795320926],[4.907487630844116,52.36639907088671],[4.907675385475159,52.3665464710953],[4.907777309417725,52.366520266649715],[4.907809495925903,52.36649406218859],[4.9078309535980225,52.366471133272356],[4.907820224761963,52.36643182653112],[4.9077558517456055,52.3663826930554],[4.907745122909546,52.36635648851266],[4.9077558517456055,52.36631063052548],[4.907734394073486,52.36633683509542],[4.907519817352295,52.366395795320926]]]]}},{"type":"Feature","properties":{"mvt_id":666822102,"subclass":"grass","class":"grass"},"geometry":{"type":"MultiPolygon","coordinates":[[[[4.913758635520935,52.36378181640309],[4.913763999938965,52.363749058793836],[4.913302659988403,52.363660613127536],[4.913190007209778,52.36388008908513],[4.913265109062195,52.3638866405895],[4.913318753242493,52.3638866405895],[4.9134743213653564,52.36386371031997],[4.913576245307922,52.3638571588122],[4.913667440414429,52.36386371031997],[4.913801550865173,52.3638866405895],[4.913855195045471,52.3638866405895],[4.91388201713562,52.36388008908513],[4.913908839225769,52.36386371031997],[4.913908839225769,52.36384405579376],[4.91387665271759,52.363821125502135],[4.913780093193054,52.36380147095699],[4.913758635520935,52.36378181640309]]]]}},{"type":"Feature","properties":{"mvt_id":666823082,"subclass":"forest","class":"wood"},"geometry":{"type":"MultiPolygon","coordinates":[[[[4.909107685089111,52.36707383225853],[4.908421039581299,52.366333559525025],[4.908351302146912,52.36635648851266],[4.908367395401001,52.3663826930554],[4.908362030982971,52.3663925197549],[4.908292293548584,52.366418724276265],[4.908206462860107,52.36651699109292],[4.908238649368286,52.36656612441927],[4.908286929130554,52.366615257690995],[4.908362030982971,52.366657839815616],[4.908410310745239,52.36672007515468],[4.908496141433716,52.36677248379326],[4.90864098072052,52.36677903486872],[4.908694624900818,52.36679868808923],[4.908764362335205,52.36683799450406],[4.908818006515503,52.366900229589326],[4.908855557441711,52.36691988275594],[4.9089038372039795,52.36696246458692],[4.908941388130188,52.36701814845782],[4.908989667892456,52.36705090364321],[4.909107685089111,52.36707383225853]]]]}},{"type":"Feature","properties":{"mvt_id":666823402,"subclass":"grass","class":"grass"},"geometry":{"type":"MultiPolygon","coordinates":[[[[4.908930659294128,52.36791563175341],[4.909000396728516,52.3679287335643],[4.909091591835022,52.36792218265934],[4.90915060043335,52.367905805392695],[4.909236431121826,52.36783374534733],[4.909241795539856,52.36779771528057],[4.9092042446136475,52.36768962490395],[4.90913987159729,52.36762739093078],[4.909091591835022,52.36760118712637],[4.909005761146545,52.36760446260277],[4.908930659294128,52.36759463617284],[4.908834099769592,52.36759463617284],[4.908780455589294,52.36764049282716],[4.908748269081116,52.367722379591456],[4.908742904663086,52.36777478704096],[4.908818006515503,52.36785667355633],[4.908877015113831,52.36789270357501],[4.908930659294128,52.36791563175341]]]]}},{"type":"Feature","properties":{"mvt_id":666824662,"subclass":"grass","class":"grass"},"geometry":{"type":"MultiPolygon","coordinates":[[[[4.919611215591431,52.36364423428101],[4.919434189796448,52.36379819519861],[4.919675588607788,52.3638866405895],[4.920094013214111,52.36351975484901],[4.920072555541992,52.36349354860811],[4.919959902763367,52.36347389391723],[4.919895529747009,52.36353285796363],[4.919825792312622,52.363572167284175],[4.919756054878235,52.363608200797295],[4.919611215591431,52.36364423428101]]]]}},{"type":"Feature","properties":{"mvt_id":666824842,"subclass":"grass","class":"grass"},"geometry":{"type":"MultiPolygon","coordinates":[[[[4.908335208892822,52.365976520896346],[4.9086034297943115,52.366264772490695],[4.90865170955658,52.3662483946096],[4.9086302518844604,52.36622874114426],[4.908667802810669,52.36621891440831],[4.908689260482788,52.366235292300345],[4.908941388130188,52.36615012719548],[4.908909201622009,52.3661173713422],[4.908855557441711,52.36608461546462],[4.908726811408997,52.366038757195234],[4.908340573310852,52.36596996970188],[4.908335208892822,52.365976520896346]]]]}},{"type":"Feature","properties":{"mvt_id":666826232,"subclass":"grass","class":"grass"},"geometry":{"type":"MultiPolygon","coordinates":[[[[4.908024072647095,52.36761756450594],[4.908077716827393,52.36765687019216],[4.908217191696167,52.367679798492965],[4.908276200294495,52.36766014566442],[4.908362030982971,52.36764376830064],[4.908431768417358,52.36762083998113],[4.908474683761597,52.367607738078924],[4.9084800481796265,52.36758808521834],[4.908458590507507,52.36757825878476],[4.908056259155273,52.36754222850961],[4.908018708229065,52.36755533043126],[4.908002614974976,52.36757498330641],[4.908007979393005,52.36759463617284],[4.908024072647095,52.36761756450594]]]]}},{"type":"Feature","properties":{"mvt_id":666827392,"subclass":"forest","class":"wood"},"geometry":{"type":"MultiPolygon","coordinates":[[[[4.918178915977478,52.36341492979214],[4.917363524436951,52.36324786434371],[4.9173688888549805,52.36330355289671],[4.917401075363159,52.363352689796955],[4.917454719543457,52.36339855085454],[4.917680025100708,52.36346406656851],[4.917760491371155,52.363480445481834],[4.91788923740387,52.36348699704545],[4.918039441108704,52.36347389391723],[4.91811990737915,52.36344441186453],[4.918178915977478,52.36341492979214]]]]}},{"type":"Feature","properties":{"mvt_id":720042002,"subclass":"garden","class":"grass"},"geometry":{"type":"MultiPolygon","coordinates":[[[[4.904842972755432,52.36542621717533],[4.90389347076416,52.36524933238065],[4.903630614280701,52.36577998464003],[4.904081225395203,52.36586187485308],[4.904054403305054,52.36591428450977],[4.904537200927734,52.36600600125938],[4.904842972755432,52.36542621717533]]]]}},{"type":"Feature","properties":{"mvt_id":740795012,"subclass":"grass","class":"grass"},"geometry":{"type":"MultiPolygon","coordinates":[[[[4.91438090801239,52.37501296862877],[4.914354085922241,52.375006418774426],[4.914359450340271,52.3749998689191],[4.914289712905884,52.374983494276556],[4.914273619651794,52.37500969370172],[4.914343357086182,52.37502606833456],[4.914316534996033,52.375068642351536],[4.9142467975616455,52.375052267734475],[4.914230704307556,52.375075192196654],[4.914300441741943,52.375091566805224],[4.914273619651794,52.37513414075905],[4.914203882217407,52.37511776616628],[4.914182424545288,52.37516034009485],[4.914182424545288,52.37518326450093],[4.914525747299194,52.37556970269811],[4.9145472049713135,52.375563152926325],[4.914579238210422,52.3755991766591],[4.914752522560008,52.3755991766591],[4.914568662643433,52.375143965511796],[4.91463840007782,52.37513414075905],[4.9146223068237305,52.375094841726195],[4.914423823356628,52.37512431600411],[4.91438090801239,52.37501296862877]]]]}},{"type":"Feature","properties":{"mvt_id":740795162,"subclass":"grass","class":"grass"},"geometry":{"type":"MultiPolygon","coordinates":[[[[4.916403293609619,52.37225211893313],[4.916236996650696,52.372353647897846],[4.916247725486755,52.37236347326914],[4.916247725486755,52.372383124005175],[4.916177988052368,52.37244207616083],[4.91613507270813,52.37244207616083],[4.915979504585266,52.37237984888311],[4.9158936738967896,52.37245845174566],[4.915834665298462,52.372435525925205],[4.915764927864075,52.3724944780109],[4.915866851806641,52.37254687979881],[4.91587221622467,52.37255998023607],[4.915856122970581,52.37258618109894],[4.915759563446045,52.37263858277804],[4.916312098503113,52.37294316630693],[4.916660785675049,52.37272701047055],[4.916687607765198,52.37264185788092],[4.9166339635849,52.37261893215567],[4.916762709617615,52.37250757846372],[4.916655421257019,52.372432250807016],[4.91662323474884,52.37238967424858],[4.916580319404602,52.37228814536668],[4.916537404060364,52.372255394064666],[4.916489124298096,52.37224229353706],[4.916440844535828,52.37224229353706],[4.916403293609619,52.37225211893313]]]]}},{"type":"Feature","properties":{"mvt_id":740802362,"subclass":"grass","class":"grass"},"geometry":{"type":"MultiPolygon","coordinates":[[[[4.9187904596328735,52.374574126239516],[4.918565154075623,52.37443657772738],[4.918296933174133,52.37459705094988],[4.91811990737915,52.37448242727903],[4.918060898780823,52.374515176929634],[4.918103814125061,52.374544651594405],[4.918082356452942,52.374554476478295],[4.91813063621521,52.37458395111684],[4.91811990737915,52.37459050103385],[4.9182915687561035,52.374701849474334],[4.918769001960754,52.37462652556002],[4.9187904596328735,52.37461670069216],[4.918801188468933,52.374600325907544],[4.9187904596328735,52.374574126239516]]]]}},{"type":"Feature","properties":{"mvt_id":740802862,"subclass":"grass","class":"grass"},"geometry":{"type":"MultiPolygon","coordinates":[[[[4.916537404060364,52.375091566805224],[4.916650056838989,52.37486232173295],[4.916215538978577,52.374868871608676],[4.915561079978943,52.374868871608676],[4.915550351142883,52.37486559667092],[4.91537868976593,52.37496384469747],[4.915207028388977,52.37485249691754],[4.915110468864441,52.37480992269221],[4.914981722831726,52.37499331906281],[4.915212392807007,52.374976944417824],[4.915405511856079,52.3754321572867],[4.916596412658691,52.375248762738444],[4.916537404060364,52.375091566805224]]]]}},{"type":"Feature","properties":{"mvt_id":740812392,"subclass":"grass","class":"grass"},"geometry":{"type":"MultiPolygon","coordinates":[[[[4.920346140861511,52.372415875212475],[4.920099377632141,52.37255670512712],[4.920421242713928,52.37275321123435],[4.92036759853363,52.37268443419626],[4.920448064804077,52.37268115909654],[4.920571446418762,52.372717185180136],[4.920646548271179,52.37277286179697],[4.920651912689209,52.37284491378518],[4.920566082000732,52.37283508852098],[4.920802116394043,52.37297919217681],[4.9210381507873535,52.37284818887276],[4.920346140861511,52.372415875212475]]]]}},{"type":"Feature","properties":{"mvt_id":740815292,"subclass":"grass","class":"grass"},"geometry":{"type":"MultiPolygon","coordinates":[[[[4.916687607765198,52.37264185788092],[4.916660785675049,52.37272701047055],[4.9167948961257935,52.37281216289602],[4.91689145565033,52.37280888780577],[4.917073845863342,52.37292679090182],[4.917047023773193,52.37294316630693],[4.9170684814453125,52.37295299154709],[4.917106032371521,52.37295954170597],[4.91712749004364,52.372956266626645],[4.917497634887695,52.37273028556688],[4.917502999305725,52.37272046027718],[4.9172186851501465,52.372540329578726],[4.917250871658325,52.372523954024246],[4.917175769805908,52.37247155220915],[4.917100667953491,52.37249775312447],[4.917030930519104,52.37250430335087],[4.916934370994568,52.3724944780109],[4.9168699979782104,52.37247482732441],[4.916687607765198,52.37264185788092]]]]}},{"type":"Feature","properties":{"mvt_id":740817542,"subclass":"grass","class":"grass"},"geometry":{"type":"MultiPolygon","coordinates":[[[[4.921756982803345,52.37198355732066],[4.921258091926575,52.37229469562416],[4.921579957008362,52.37249775312447],[4.921875,52.372315620051296],[4.921875,52.37193723729556],[4.921756982803345,52.37198355732066]]]]}},{"type":"Feature","properties":{"mvt_id":740832432,"subclass":"grass","class":"grass"},"geometry":{"type":"MultiPolygon","coordinates":[[[[4.921236634254456,52.37280888780577],[4.920828938484192,52.37303159338963],[4.921660423278809,52.37354905202797],[4.921875,52.37341986988371],[4.921875,52.37320894587422],[4.921236634254456,52.37280888780577]]]]}},{"type":"Feature","properties":{"mvt_id":740832942,"subclass":"grass","class":"grass"},"geometry":{"type":"MultiPolygon","coordinates":[[[[4.921590685844421,52.37468547472128],[4.921494126319885,52.37445622754106],[4.921440482139587,52.37424335409392],[4.921349287033081,52.374269553958165],[4.9212634563446045,52.374269553958165],[4.921258091926575,52.37428920384615],[4.921574592590332,52.37468874967237],[4.921590685844421,52.37468547472128]]]]}},{"type":"Feature","properties":{"mvt_id":2529702992,"subclass":"garden","class":"grass"},"geometry":{"type":"MultiPolygon","coordinates":[[[[4.907771944999695,52.36685109663456],[4.907793402671814,52.36689040300275],[4.90813672542572,52.366946086964475],[4.908201098442078,52.366893678531845],[4.9082547426223755,52.36686747429222],[4.908324480056763,52.36684454556979],[4.908222556114197,52.36678231040607],[4.90814745426178,52.366726626237906],[4.907771944999695,52.36685109663456]]]]}},{"type":"Feature","properties":{"mvt_id":2690203252,"subclass":"grass","class":"grass"},"geometry":{"type":"MultiPolygon","coordinates":[[[[4.919729232788086,52.3649905552014],[4.91987943649292,52.36496434983291],[4.919745326042175,52.364826771393304],[4.919729232788086,52.36483004707541],[4.919713139533997,52.36480711729552],[4.919691681861877,52.364810392979095],[4.919675588607788,52.36478746318901],[4.9196165800094604,52.36480711729552],[4.919611215591431,52.36486935524182],[4.919729232788086,52.3649905552014]]]]}},{"type":"Feature","properties":{"mvt_id":2881789532,"subclass":"park","class":"grass"},"geometry":{"type":"MultiPolygon","coordinates":[[[[4.9133992195129395,52.36473505219554],[4.91239607334137,52.365056068554644],[4.913114905357361,52.365848772429196],[4.914091229438782,52.365501556780224],[4.9133992195129395,52.36473505219554]]]]}},{"type":"Feature","properties":{"mvt_id":4424194252,"subclass":"forest","class":"wood"},"geometry":{"type":"MultiPolygon","coordinates":[[[[4.907047748565674,52.366304079380576],[4.907122850418091,52.36631718166942],[4.907702207565308,52.366169780695785],[4.907793402671814,52.36604530837949],[4.907686114311218,52.36606496192644],[4.907047748565674,52.366304079380576]]]]}},{"type":"Feature","properties":{"mvt_id":4424194262,"subclass":"forest","class":"wood"},"geometry":{"type":"MultiPolygon","coordinates":[[[[4.906784892082214,52.366379417488396],[4.906495213508606,52.36635648851266],[4.906409382820129,52.366376141921165],[4.9064308404922485,52.36646458215124],[4.906790256500244,52.3663925197549],[4.906784892082214,52.366379417488396]]]]}},{"type":"Feature","properties":{"mvt_id":4441344962,"subclass":"park","class":"grass"},"geometry":{"type":"MultiPolygon","coordinates":[[[[4.901120066642761,52.37187220202682],[4.900996685028076,52.3720588857426],[4.901125431060791,52.3721112880473],[4.901382923126221,52.37197373186485],[4.901120066642761,52.37187220202682]]]]}},{"type":"Feature","properties":{"mvt_id":4593995692,"subclass":"grass","class":"grass"},"geometry":{"type":"MultiPolygon","coordinates":[[[[4.913361668586731,52.368043374243804],[4.913238286972046,52.36808267955115],[4.913281202316284,52.36812198482351],[4.913340210914612,52.36814818831899],[4.9133723974227905,52.368151463754835],[4.9133992195129395,52.3681350865732],[4.91339385509491,52.36808595499185],[4.913361668586731,52.368043374243804]]]]}},{"type":"Feature","properties":{"mvt_id":4935436782,"subclass":"forest","class":"wood"},"geometry":{"type":"MultiPolygon","coordinates":[[[[4.920287132263184,52.36274338837149],[4.920346140861511,52.3627237333469],[4.920426607131958,52.36265821653511],[4.920421242713928,52.362638561472636],[4.920056462287903,52.362507527499325],[4.920029640197754,52.3625173550608],[4.919922351837158,52.36258614792994],[4.920153021812439,52.36272700918494],[4.920201301574707,52.36274011253465],[4.920287132263184,52.36274338837149]]]]}},{"type":"Feature","properties":{"mvt_id":5450328522,"subclass":"park","class":"grass"},"geometry":{"type":"MultiPolygon","coordinates":[[[[4.907562732696533,52.36616322952999],[4.907814860343933,52.366015828042684],[4.907557368278503,52.36609771781857],[4.9070316553115845,52.36629752823468],[4.906795620918274,52.366327008383514],[4.906210899353027,52.36633028395438],[4.905572533607483,52.366389244188646],[4.905572533607483,52.36642199984035],[4.906318187713623,52.36651371553589],[4.906554222106934,52.36646458215124],[4.906972646713257,52.3663630396498],[4.907299876213074,52.366264772490695],[4.907562732696533,52.36616322952999]]]]}},{"type":"Feature","properties":{"mvt_id":5819756902,"subclass":"forest","class":"wood"},"geometry":{"type":"MultiPolygon","coordinates":[[[[4.917309880256653,52.36686747429222],[4.917347431182861,52.3668871274734],[4.917422533035278,52.36690678064583],[4.917540550231934,52.36691333170137],[4.917615652084351,52.366900229589326],[4.9176424741744995,52.36689040300275],[4.917653203010559,52.36687730088391],[4.917658567428589,52.366857647698346],[4.917615652084351,52.36683144343735],[4.917588829994202,52.36682489236968],[4.917486906051636,52.36681834130102],[4.917401075363159,52.36682489236968],[4.917331337928772,52.366834718970814],[4.917309880256653,52.3668478211023],[4.917309880256653,52.36686747429222]]]]}},{"type":"Feature","properties":{"mvt_id":5819756922,"subclass":"forest","class":"wood"},"geometry":{"type":"MultiPolygon","coordinates":[[[[4.917814135551453,52.366916607228774],[4.917835593223572,52.36691988275594],[4.917910695075989,52.366910056173715],[4.917969703674316,52.366893678531845],[4.918103814125061,52.366834718970814],[4.91813600063324,52.36681179023139],[4.918152093887329,52.3667921370167],[4.918162822723389,52.36675938163945],[4.918152093887329,52.36673645286091],[4.9180930852890015,52.366726626237906],[4.918060898780823,52.36672990177915],[4.917985796928406,52.36675938163945],[4.91788387298584,52.36680851469622],[4.917819499969482,52.36685109663456],[4.9177926778793335,52.366883851943804],[4.917798042297363,52.36690678064583],[4.917814135551453,52.366916607228774]]]]}},{"type":"Feature","properties":{"mvt_id":5819756932,"subclass":"forest","class":"wood"},"geometry":{"type":"MultiPolygon","coordinates":[[[[4.917401075363159,52.367067281226795],[4.917433261871338,52.36707383225853],[4.917513728141785,52.36708038328929],[4.917551279067993,52.36707383225853],[4.917588829994202,52.36705090364321],[4.9175941944122314,52.36702469949684],[4.9175673723220825,52.367008321897465],[4.917540550231934,52.36700177085602],[4.917465448379517,52.36699194429202],[4.917406439781189,52.366995219813596],[4.91737961769104,52.36701159741783],[4.9173688888549805,52.36702142397744],[4.91737425327301,52.36704762812576],[4.917401075363159,52.367067281226795]]]]}},{"type":"Feature","properties":{"mvt_id":6702630412,"subclass":"grass","class":"grass"},"geometry":{"type":"MultiPolygon","coordinates":[[[[4.919096231460571,52.36532139664175],[4.919074773788452,52.36532794793239],[4.91913914680481,52.36540001206525],[4.9193912744522095,52.36531156970398],[4.91937518119812,52.365268986281706],[4.919326901435852,52.365206748898395],[4.919348359107971,52.36516744103218],[4.919332265853882,52.3651445114274],[4.919332265853882,52.365124857470974],[4.919348359107971,52.3651117548285],[4.919348359107971,52.36509210085751],[4.919305443763733,52.36506589554924],[4.919273257255554,52.36506261988462],[4.919203519821167,52.36507572254166],[4.91913378238678,52.365101927844094],[4.919085502624512,52.365141235768604],[4.919074773788452,52.36516088971774],[4.919074773788452,52.36529519146949],[4.919096231460571,52.36532139664175]]]]}},{"type":"Feature","properties":{"mvt_id":6702916252,"subclass":"grass","class":"grass"},"geometry":{"type":"MultiPolygon","coordinates":[[[[4.914289712905884,52.36649406218859],[4.914300441741943,52.3665464710953],[4.914354085922241,52.36662180878976],[4.914429187774658,52.366687319723994],[4.914477467536926,52.36670697298532],[4.914498925209045,52.36670697298532],[4.914536476135254,52.36669714635575],[4.9145472049713135,52.36666766645393],[4.914525747299194,52.366618533240505],[4.914466738700867,52.36654319554045],[4.914423823356628,52.366507164421094],[4.91437554359436,52.3664809599522],[4.914327263832092,52.366474408832545],[4.914289712905884,52.36649406218859]]]]}},{"type":"Feature","properties":{"mvt_id":6703146062,"subclass":"grass","class":"grass"},"geometry":{"type":"MultiPolygon","coordinates":[[[[4.9189406633377075,52.36500693354883],[4.918844103813171,52.36490866337326],[4.9187153577804565,52.36476780907374],[4.918500781059265,52.36486935524182],[4.918457865715027,52.36492831742585],[4.918452501296997,52.36496107416075],[4.918463230133057,52.3649905552014],[4.918500781059265,52.36503313889206],[4.918527603149414,52.36505279288928],[4.918581247329712,52.36507244687777],[4.918645620346069,52.36507899820532],[4.918720722198486,52.36507244687777],[4.9187904596328735,52.36505934421975],[4.9189406633377075,52.36500693354883]]]]}},{"type":"Feature","properties":{"mvt_id":7302785832,"subclass":"park","class":"grass"},"geometry":{"type":"MultiPolygon","coordinates":[[[[4.916172623634338,52.36301528198125],[4.915781021118164,52.36293666231423],[4.915668368339539,52.363156141868096],[4.915759563446045,52.36317579670033],[4.915786385536194,52.36317579670033],[4.916156530380249,52.36305131594854],[4.916172623634338,52.36301528198125]]]]}},{"type":"Feature","properties":{"mvt_id":7627350652,"subclass":"grass","class":"grass"},"geometry":{"type":"MultiPolygon","coordinates":[[[[4.917476177215576,52.373657128066824],[4.918838739395142,52.374515176929634],[4.91888165473938,52.37449225217676],[4.918838739395142,52.374466052444625],[4.919503927230835,52.374073054597446],[4.919498562812805,52.3740665046037],[4.919509291648865,52.37405995460898],[4.918828010559082,52.3735818023707],[4.9182432889938354,52.37321827220505],[4.918205738067627,52.373211722084534],[4.9181681871414185,52.37321827220505],[4.917814135551453,52.373431150593056],[4.917862415313721,52.373463901023214],[4.917926788330078,52.37342132545926],[4.917985796928406,52.373398400138605],[4.918044805526733,52.373378749854275],[4.918178915977478,52.37335909956121],[4.918318390846252,52.373362374610664],[4.918452501296997,52.3733918500448],[4.918565154075623,52.37344097572464],[4.918709993362427,52.373532676847496],[4.918731451034546,52.37355887713334],[4.9187421798706055,52.37358835243633],[4.918747544288635,52.37362110274993],[4.918736815452576,52.373650578011386],[4.918720722198486,52.37367677822729],[4.918688535690308,52.37370297842765],[4.918286204338074,52.37394532954414],[4.918237924575806,52.37396497957639],[4.918189644813538,52.37397480458923],[4.91813063621521,52.37398135459658],[4.918076992034912,52.37397480458923],[4.918023347854614,52.37396497957639],[4.917980432510376,52.37394532954414],[4.917674660682678,52.37375210376143],[4.917647838592529,52.37372590359022],[4.91762638092041,52.37369642837901],[4.917615652084351,52.37366367812128],[4.91762101650238,52.37362765280974],[4.9176424741744995,52.37359817753296],[4.9177175760269165,52.373542501956514],[4.917674660682678,52.373516301660956],[4.917481541633606,52.373630927839265],[4.917476177215576,52.373657128066824]]]]}},{"type":"Feature","properties":{"mvt_id":7627350662,"subclass":"forest","class":"wood"},"geometry":{"type":"MultiPolygon","coordinates":[[[[4.915856122970581,52.37436452833578],[4.916650056838989,52.374561026399675],[4.9166929721832275,52.3745381016706],[4.916108250617981,52.37415820442777],[4.916000962257385,52.37423025415597],[4.915958046913147,52.3742073292552],[4.915856122970581,52.37436452833578]]]]}},{"type":"Feature","properties":{"mvt_id":7627350732,"subclass":"forest","class":"wood"},"geometry":{"type":"MultiPolygon","coordinates":[[[[4.915212392807007,52.374976944417824],[4.914981722831726,52.37499331906281],[4.915013909339905,52.375032618186005],[4.914965629577637,52.375121041085315],[4.914960265159607,52.37515379026236],[4.914965629577637,52.375189814329055],[4.915008544921875,52.37530116125852],[4.915330410003662,52.37525203764777],[4.915212392807007,52.374976944417824]]]]}},{"type":"Feature","properties":{"mvt_id":7627350822,"subclass":"grass","class":"grass"},"geometry":{"type":"MultiPolygon","coordinates":[[[[4.919997453689575,52.374312128704425],[4.919975996017456,52.374321953640035],[4.9200135469436646,52.374413652933725],[4.920029640197754,52.37443657772738],[4.920051097869873,52.37444967760414],[4.9200886487960815,52.374452952572724],[4.920448064804077,52.3743940031011],[4.920335412025452,52.374335053550794],[4.920179843902588,52.37442347784675],[4.919997453689575,52.374312128704425]]]]}},{"type":"Feature","properties":{"mvt_id":7627350902,"subclass":"forest","class":"wood"},"geometry":{"type":"MultiPolygon","coordinates":[[[[4.917508363723755,52.37488524629372],[4.91763174533844,52.37518653941511],[4.918221831321716,52.37510139156743],[4.918103814125061,52.37480009786515],[4.917508363723755,52.37488524629372]]]]}},{"type":"Feature","properties":{"mvt_id":7627350912,"subclass":"forest","class":"wood"},"geometry":{"type":"MultiPolygon","coordinates":[[[[4.919423460960388,52.37492782044645],[4.919509291648865,52.374914720711516],[4.919418096542358,52.374682199769936],[4.919428825378418,52.374682199769936],[4.919396638870239,52.374603600864944],[4.91936981678009,52.374600325907544],[4.919182062149048,52.374629800515486],[4.919155240058899,52.374636350425696],[4.91911768913269,52.3746658250096],[4.919101595878601,52.374701849474334],[4.919101595878601,52.374718224221304],[4.91913914680481,52.37480337280774],[4.919182062149048,52.37479682292231],[4.919219613075256,52.374888521230005],[4.919171333312988,52.37489507110185],[4.919208884239197,52.37496056976677],[4.919337630271912,52.374940920177494],[4.919267892837524,52.37476734842582],[4.919353723526001,52.3747542486433],[4.919423460960388,52.37492782044645]]]]}},{"type":"Feature","properties":{"mvt_id":7627350922,"subclass":"grass","class":"grass"},"geometry":{"type":"MultiPolygon","coordinates":[[[[4.916762709617615,52.37463307547071],[4.916601777076721,52.374950744973226],[4.917213320732117,52.37486559667092],[4.916751980781555,52.37457085127992],[4.916703701019287,52.37459705094988],[4.916762709617615,52.37463307547071]]]]}},{"type":"Feature","properties":{"mvt_id":7629656132,"subclass":"grass","class":"grass"},"geometry":{"type":"MultiPolygon","coordinates":[[[[4.9110764265060425,52.37184927590206],[4.910942316055298,52.371895128139684],[4.911307096481323,52.37226849458838],[4.911494851112366,52.37247810243943],[4.911666512489319,52.37269098439498],[4.911838173866272,52.37294316630693],[4.911859631538391,52.37293661614561],[4.911736249923706,52.37269753459273],[4.911596775054932,52.37247810243943],[4.911403656005859,52.3722193676044],[4.9110764265060425,52.37184927590206]]]]}},{"type":"Feature","properties":{"mvt_id":7629656142,"subclass":"grass","class":"grass"},"geometry":{"type":"MultiPolygon","coordinates":[[[[4.911441206932068,52.3717215444177],[4.911312460899353,52.3717641216202],[4.911446571350098,52.37188857782293],[4.9116450548172,52.3721014626199],[4.911859631538391,52.37236674839243],[4.9120259284973145,52.37263530767492],[4.912160038948059,52.372884214820104],[4.912197589874268,52.372884214820104],[4.912111759185791,52.37266478359428],[4.911993741989136,52.372412600092844],[4.911854267120361,52.372189891387784],[4.911693334579468,52.37198355732066],[4.911441206932068,52.3717215444177]]]]}},{"type":"Feature","properties":{"mvt_id":7665317142,"subclass":"grass","class":"grass"},"geometry":{"type":"MultiPolygon","coordinates":[[[[4.9151694774627686,52.36314959025542],[4.915158748626709,52.363172520895574],[4.915357232093811,52.36320855473462],[4.915330410003662,52.36325441594182],[4.915335774421692,52.36330027710142],[4.9153196811676025,52.363336310836274],[4.915260672569275,52.363375620331695],[4.915341138839722,52.36339855085454],[4.915367960929871,52.36339527506629],[4.915485978126526,52.3633494140053],[4.915528893470764,52.363346138213416],[4.915437698364258,52.36332648345695],[4.915485978126526,52.363215106338565],[4.915523529052734,52.363224933742664],[4.915512800216675,52.36325441594182],[4.915582537651062,52.363267519135135],[4.9155449867248535,52.363339586628896],[4.915587902069092,52.363306828691755],[4.915684461593628,52.36325114014289],[4.915711283683777,52.363257691740515],[4.915722012519836,52.36324131274463],[4.915201663970947,52.363139762834564],[4.9151694774627686,52.36314959025542]]]]}},{"type":"Feature","properties":{"mvt_id":7665317152,"subclass":"grass","class":"grass"},"geometry":{"type":"MultiPolygon","coordinates":[[[[4.915030002593994,52.36329700130589],[4.914987087249756,52.363375620331695],[4.915013909339905,52.36336906875156],[4.915148019790649,52.363362517170444],[4.915239214897156,52.363372344541744],[4.915287494659424,52.363346138213416],[4.915030002593994,52.36329700130589]]]]}},{"type":"Feature","properties":{"mvt_id":7665317172,"subclass":"grass","class":"grass"},"geometry":{"type":"MultiPolygon","coordinates":[[[[4.914997816085815,52.363552512628274],[4.915008544921875,52.36355906418122],[4.915840029716492,52.36327079493286],[4.915829300880432,52.36326096753896],[4.915722012519836,52.36324131274463],[4.915711283683777,52.363257691740515],[4.91564154624939,52.363290449714086],[4.915566444396973,52.3633494140053],[4.915491342544556,52.363362517170444],[4.91537868976593,52.363408378217834],[4.915351867675781,52.36341492979214],[4.915255308151245,52.36338872348906],[4.915185570716858,52.363382171910864],[4.9150460958480835,52.3633919992778],[4.915019273757935,52.363401826642544],[4.9149709939956665,52.363447687649135],[4.914949536323547,52.36349682438907],[4.914949536323547,52.36351320329024],[4.914992451667786,52.363552512628274],[4.914997816085815,52.363552512628274]]]]}},{"type":"Feature","properties":{"mvt_id":7665317192,"subclass":"scrub","class":"grass"},"geometry":{"type":"MultiPolygon","coordinates":[[[[4.914042949676514,52.36293338649174],[4.9140483140945435,52.36292028319933],[4.913994669914246,52.36290717990304],[4.913951754570007,52.36291373155168],[4.913930296897888,52.362923559022796],[4.913737177848816,52.3632937255101],[4.913763999938965,52.36330027710142],[4.913769364356995,52.3632937255101],[4.91388738155365,52.36331665607545],[4.914085865020752,52.36293993813649],[4.914042949676514,52.36293338649174]]]]}},{"type":"Feature","properties":{"mvt_id":7666532982,"subclass":"grass","class":"grass"},"geometry":{"type":"MultiPolygon","coordinates":[[[[4.911178350448608,52.36423714465663],[4.911757707595825,52.36434851919859],[4.911768436431885,52.36432886488806],[4.911189079284668,52.36421421456901],[4.911178350448608,52.36423714465663]]]]}},{"type":"Feature","properties":{"mvt_id":7666532992,"subclass":"grass","class":"grass"},"geometry":{"type":"MultiPolygon","coordinates":[[[[4.911854267120361,52.36436817350038],[4.912219047546387,52.36443696348778],[4.912229776382446,52.364417309216606],[4.911859631538391,52.36434851919859],[4.911854267120361,52.36436817350038]]]]}},{"type":"Feature","properties":{"mvt_id":7666533002,"subclass":"grass","class":"grass"},"geometry":{"type":"MultiPolygon","coordinates":[[[[4.912658929824829,52.364338692044406],[4.912455081939697,52.36440748207773],[4.912476539611816,52.36443696348778],[4.913259744644165,52.36416507862692],[4.913238286972046,52.36413887276879],[4.9127984046936035,52.36429283196271],[4.912712574005127,52.36432886488806],[4.912658929824829,52.364338692044406]]]]}},{"type":"Feature","properties":{"mvt_id":7666533012,"subclass":"grass","class":"grass"},"geometry":{"type":"MultiPolygon","coordinates":[[[[4.912106394767761,52.36381784974522],[4.912058115005493,52.36377198912286],[4.912058115005493,52.363804746715125],[4.912095665931702,52.3638571588122],[4.912160038948059,52.36389974359531],[4.912197589874268,52.36383750428309],[4.91214394569397,52.36383750428309],[4.912106394767761,52.36381784974522]]]]}},{"type":"Feature","properties":{"mvt_id":7666533022,"subclass":"grass","class":"grass"},"geometry":{"type":"MultiPolygon","coordinates":[[[[4.912090301513672,52.363716301160295],[4.912058115005493,52.363749058793836],[4.91214394569397,52.363824401258825],[4.912170767784119,52.36383095277144],[4.912197589874268,52.363827677015244],[4.912202954292297,52.36377854064326],[4.912154674530029,52.363680267735354],[4.912090301513672,52.363716301160295]]]]}},{"type":"Feature","properties":{"mvt_id":7666533032,"subclass":"grass","class":"grass"},"geometry":{"type":"MultiPolygon","coordinates":[[[[4.912111759185791,52.364056979361955],[4.912079572677612,52.36408318526866],[4.9120742082595825,52.36409628821618],[4.912084937095642,52.36411266689512],[4.91214394569397,52.36413887276879],[4.912181496620178,52.36414869996741],[4.912208318710327,52.364145424234785],[4.912240505218506,52.36412249409957],[4.912240505218506,52.364089736742905],[4.912213683128357,52.364060255101144],[4.912192225456238,52.36405370362252],[4.912165403366089,52.36405042788285],[4.912111759185791,52.364056979361955]]]]}},{"type":"Feature","properties":{"mvt_id":7666533052,"subclass":"grass","class":"grass"},"geometry":{"type":"MultiPolygon","coordinates":[[[[4.914606213569641,52.36366716466445],[4.914568662643433,52.36367699196799],[4.914557933807373,52.363693370802366],[4.914574027061462,52.3637064738655],[4.914606213569641,52.36370974963067],[4.91463303565979,52.36370319810008],[4.91464376449585,52.363690095035984],[4.91463840007782,52.36367044043254],[4.914606213569641,52.36366716466445]]]]}},{"type":"Feature","properties":{"mvt_id":7666533062,"subclass":"grass","class":"grass"},"geometry":{"type":"MultiPolygon","coordinates":[[[[4.914016127586365,52.363568891508805],[4.913844466209412,52.36355578840487],[4.91388201713562,52.36358199460886],[4.91388738155365,52.36361147656975],[4.914429187774658,52.363716301160295],[4.914434552192688,52.3637064738655],[4.9144721031188965,52.363693370802366],[4.914466738700867,52.36368354350247],[4.91438090801239,52.36364423428101],[4.914241433143616,52.36360492502459],[4.914016127586365,52.363568891508805]]]]}},{"type":"Feature","properties":{"mvt_id":7666533102,"subclass":"grass","class":"grass"},"geometry":{"type":"MultiPolygon","coordinates":[[[[4.913468956947327,52.363978361548575],[4.9134474992752075,52.363978361548575],[4.913415312767029,52.36401111898782],[4.913409948348999,52.36404060066237],[4.913426041603088,52.36406680657879],[4.913458228111267,52.364073358055464],[4.913479685783386,52.364070082317255],[4.913490414619446,52.364060255101144],[4.913506507873535,52.36404387640277],[4.913511872291565,52.36402749769833],[4.913501143455505,52.36399474027123],[4.913468956947327,52.363978361548575]]]]}},{"type":"Feature","properties":{"mvt_id":7666533112,"subclass":"grass","class":"grass"},"geometry":{"type":"MultiPolygon","coordinates":[[[[4.913350939750671,52.364076633793445],[4.91338849067688,52.36411594263018],[4.91339385509491,52.364119218365],[4.913951754570007,52.36392594959528],[4.913957118988037,52.36391939809674],[4.9139463901519775,52.36391612234711],[4.913935661315918,52.36392267384613],[4.913903474807739,52.36392922534418],[4.913801550865173,52.36393577684126],[4.913565516471863,52.36393905258943],[4.913501143455505,52.363948879832506],[4.913463592529297,52.36396853431207],[4.913501143455505,52.363978361548575],[4.913511872291565,52.3639881887829],[4.913527965545654,52.36401439473041],[4.913527965545654,52.36404060066237],[4.913495779037476,52.364073358055464],[4.913463592529297,52.36407990953116],[4.913431406021118,52.364076633793445],[4.913420677185059,52.364070082317255],[4.913404583930969,52.36404715214294],[4.913409948348999,52.364004567501915],[4.913436770439148,52.363978361548575],[4.9133992195129395,52.363984913038365],[4.913367033004761,52.364017670472755],[4.913350939750671,52.364076633793445]]]]}},{"type":"Feature","properties":{"mvt_id":7666533122,"subclass":"grass","class":"grass"},"geometry":{"type":"MultiPolygon","coordinates":[[[[4.9134474992752075,52.36389974359531],[4.913211464881897,52.36392267384613],[4.913345575332642,52.36406680657879],[4.913350939750671,52.364017670472755],[4.91338849067688,52.36397508580332],[4.913452863693237,52.36396525856608],[4.913501143455505,52.363945604085046],[4.913538694381714,52.36393577684126],[4.91364598274231,52.36392922534418],[4.913801550865173,52.36392267384613],[4.913828372955322,52.36391612234711],[4.913662075996399,52.363896467844214],[4.913581609725952,52.36389319209288],[4.9134474992752075,52.36389974359531]]]]}},{"type":"Feature","properties":{"mvt_id":8130810052,"subclass":"scrub","class":"grass"},"geometry":{"type":"MultiPolygon","coordinates":[[[[4.907047748565674,52.372068711179466],[4.907101392745972,52.372094912333765],[4.907128214836121,52.37208508690272],[4.907117486000061,52.372068711179466],[4.907117486000061,52.3720457851567],[4.90713894367218,52.37200648337572],[4.907160401344299,52.37199338277429],[4.9070316553115845,52.371914779084086],[4.906988739967346,52.3719409803297],[4.907058477401733,52.37198683247211],[4.907069206237793,52.37200648337572],[4.907069206237793,52.372026134270584],[4.907069206237793,52.3720457851567],[4.907047748565674,52.372068711179466]]]]}},{"type":"Feature","properties":{"mvt_id":8131067392,"subclass":"scrub","class":"grass"},"geometry":{"type":"MultiPolygon","coordinates":[[[[4.908297657966614,52.37084706510379],[4.908345937728882,52.37086999174875],[4.908458590507507,52.370807762256156],[4.908410310745239,52.370784835578895],[4.908297657966614,52.37084706510379]]]]}},{"type":"Feature","properties":{"mvt_id":8131067402,"subclass":"scrub","class":"grass"},"geometry":{"type":"MultiPolygon","coordinates":[[[[4.908839464187622,52.37080121177816],[4.9089038372039795,52.37076518413178],[4.908984303474426,52.37072260596634],[4.908973574638367,52.37071605547571],[4.908930659294128,52.370738982188676],[4.908925294876099,52.370738982188676],[4.90889310836792,52.37075208316217],[4.908748269081116,52.370653825766254],[4.9085283279418945,52.37077173461511],[4.908533692359924,52.37079138605933],[4.908699989318848,52.37070622973795],[4.908839464187622,52.37080121177816]]]]}},{"type":"Feature","properties":{"mvt_id":8358766742,"subclass":"grass","class":"grass"},"geometry":{"type":"MultiPolygon","coordinates":[[[[4.919310808181763,52.3719442554843],[4.919257164001465,52.37195735610031],[4.9192410707473755,52.37204906030354],[4.919482469558716,52.372196441659845],[4.919927716255188,52.37193115486442],[4.919841885566711,52.37191805424064],[4.919648766517639,52.37191805424064],[4.919562935829163,52.37190167845545],[4.919455647468567,52.37187547718653],[4.91936981678009,52.371823074602055],[4.91938054561615,52.37185582622464],[4.91937518119812,52.37189185298142],[4.919348359107971,52.37192132939695],[4.919310808181763,52.3719442554843]]]]}},{"type":"Feature","properties":{"mvt_id":8358766752,"subclass":"grass","class":"grass"},"geometry":{"type":"MultiPolygon","coordinates":[[[[4.919149875640869,52.37199993307548],[4.919149875640869,52.37195080579279],[4.919106960296631,52.37193443001975],[4.919069409370422,52.371904953612976],[4.918988943099976,52.37189185298142],[4.919149875640869,52.37199993307548]]]]}},{"type":"Feature","properties":{"mvt_id":8358766762,"subclass":"forest","class":"wood"},"geometry":{"type":"MultiPolygon","coordinates":[[[[4.918924570083618,52.37185255106346],[4.919058680534363,52.37184272557852],[4.919074773788452,52.37181324911054],[4.919106960296631,52.37178704778916],[4.919149875640869,52.37177067195541],[4.919198155403137,52.37176084645224],[4.919251799583435,52.3717641216202],[4.919300079345703,52.37177394712264],[4.918318390846252,52.371177862685386],[4.9180930852890015,52.3713219717482],[4.918924570083618,52.37185255106346]]]]}},{"type":"Feature","properties":{"mvt_id":8358766772,"subclass":"grass","class":"grass"},"geometry":{"type":"MultiPolygon","coordinates":[[[[4.919605851173401,52.37157416147676],[4.91962730884552,52.37159381256396],[4.919804334640503,52.37148573147612],[4.919766783714294,52.37146935553065],[4.919723868370056,52.37146935553065],[4.919675588607788,52.37147590590957],[4.91963803768158,52.37149228185262],[4.919611215591431,52.37151848334885],[4.919600486755371,52.371544684829544],[4.919605851173401,52.37157416147676]]]]}},{"type":"Feature","properties":{"mvt_id":8358766782,"subclass":"grass","class":"grass"},"geometry":{"type":"MultiPolygon","coordinates":[[[[4.919825792312622,52.37152175853479],[4.9196648597717285,52.37161673882132],[4.919702410697937,52.37162983953447],[4.919750690460205,52.37162983953447],[4.919825792312622,52.371610188463286],[4.919857978820801,52.37159053738336],[4.91986870765686,52.371564335929875],[4.91986870765686,52.371538134460835],[4.919857978820801,52.371511932976254],[4.919825792312622,52.37152175853479]]]]}},{"type":"Feature","properties":{"mvt_id":8358766812,"subclass":"garden","class":"grass"},"geometry":{"type":"MultiPolygon","coordinates":[[[[4.920458793640137,52.37117458747395],[4.9201637506484985,52.37134817334547],[4.920544624328613,52.37159381256396],[4.920845031738281,52.37141695246435],[4.920458793640137,52.37117458747395]]]]}},{"type":"Feature","properties":{"mvt_id":8358766822,"subclass":"garden","class":"grass"},"geometry":{"type":"MultiPolygon","coordinates":[[[[4.919686317443848,52.371053404480044],[4.920077919960022,52.371292494932696],[4.92036759853363,52.37111563362655],[4.919975996017456,52.37087654221656],[4.919686317443848,52.371053404480044]]]]}},{"type":"Feature","properties":{"mvt_id":8358766862,"subclass":"garden","class":"grass"},"geometry":{"type":"MultiPolygon","coordinates":[[[[4.91813600063324,52.37163638988959],[4.917846322059631,52.371806698781654],[4.919101595878601,52.37259928152454],[4.91936981678009,52.37243880104314],[4.918608069419861,52.37193115486442],[4.91813600063324,52.37163638988959]]]]}},{"type":"Feature","properties":{"mvt_id":8358766872,"subclass":"garden","class":"grass"},"geometry":{"type":"MultiPolygon","coordinates":[[[[4.919546842575073,52.37271391008283],[4.91938591003418,52.37280888780577],[4.920297861099243,52.37335254946157],[4.9206143617630005,52.37316587121371],[4.919986724853516,52.37276958670381],[4.919992089271545,52.372766311610405],[4.91988480091095,52.37270080969123],[4.919809699058533,52.37274993613972],[4.919675588607788,52.37266805869522],[4.9196165800094604,52.372704084789504],[4.919600486755371,52.37269098439498],[4.919546842575073,52.37271391008283]]]]}},{"type":"Feature","properties":{"mvt_id":8358766882,"subclass":"garden","class":"grass"},"geometry":{"type":"MultiPolygon","coordinates":[[[[4.920469522476196,52.373431150593056],[4.921520948410034,52.37409597956791],[4.921799898147583,52.37393550452475],[4.921735525131226,52.373843804238284],[4.920893311500549,52.37331652389624],[4.920823574066162,52.37330014862955],[4.920769929885864,52.37326412302147],[4.920469522476196,52.373431150593056]]]]}},{"type":"Feature","properties":{"mvt_id":8358767032,"subclass":"forest","class":"wood"},"geometry":{"type":"MultiPolygon","coordinates":[[[[4.9207892417907715,52.3755991766591],[4.9210510741580435,52.3755991766591],[4.921241998672485,52.37556970269811],[4.921225905418396,52.37553040405284],[4.921102523803711,52.37552057938607],[4.9209630489349365,52.37554677849262],[4.920791387557983,52.37559262689169],[4.9207892417907715,52.3755991766591]]]]}},{"type":"Feature","properties":{"mvt_id":8358767302,"subclass":"garden","class":"grass"},"geometry":{"type":"MultiPolygon","coordinates":[[[[4.918709993362427,52.37040490605169],[4.919402003288269,52.370833964158464],[4.919648766517639,52.370689853503464],[4.918962121009827,52.37027389511216],[4.918709993362427,52.37040490605169]]]]}},{"type":"Feature","properties":{"mvt_id":8821211892,"subclass":"garden","class":"grass"},"geometry":{"type":"MultiPolygon","coordinates":[[[[4.918334484100342,52.36785994901379],[4.918248653411865,52.36788615266471],[4.91813600063324,52.36792545811195],[4.91811990737915,52.36794511082245],[4.918205738067627,52.368036823355844],[4.918221831321716,52.368046649687415],[4.9182432889938354,52.368046649687415],[4.918361306190491,52.368004068901485],[4.918409585952759,52.3679745898718],[4.918414950370789,52.36794838627334],[4.918398857116699,52.3679189072065],[4.918345212936401,52.367863224471],[4.918334484100342,52.36785994901379]]]]}},{"type":"Feature","properties":{"mvt_id":8821216632,"subclass":"garden","class":"grass"},"geometry":{"type":"MultiPolygon","coordinates":[[[[4.915984869003296,52.36872793668024],[4.916038513183594,52.36879016910295],[4.917256236076355,52.36836764198347],[4.9172669649124146,52.36830540896548],[4.917245507240295,52.36827920556326],[4.917116761207581,52.368321786083975],[4.91712212562561,52.36833161235216],[4.915984869003296,52.36872793668024]]]]}},{"type":"Feature","properties":{"mvt_id":8821386782,"subclass":"garden","class":"grass"},"geometry":{"type":"MultiPolygon","coordinates":[[[[4.918237924575806,52.36779116435618],[4.9182164669036865,52.36783702080649],[4.918071627616882,52.3678959790298],[4.9180930852890015,52.3679189072065],[4.918307662010193,52.3678402962654],[4.918313026428223,52.36782719442828],[4.9182432889938354,52.36774858332399],[4.9182164669036865,52.36775513425468],[4.918237924575806,52.36779116435618]]]]}},{"type":"Feature","properties":{"mvt_id":8886589812,"subclass":"scrub","class":"grass"},"geometry":{"type":"MultiPolygon","coordinates":[[[[4.908705353736877,52.37090601930964],[4.908576607704163,52.370974799117036],[4.908571243286133,52.370978074343284],[4.908614158630371,52.370997725695695],[4.908742904663086,52.37093222115366],[4.908705353736877,52.37090601930964]]]]}},{"type":"Feature","properties":{"mvt_id":8886589832,"subclass":"scrub","class":"grass"},"geometry":{"type":"MultiPolygon","coordinates":[[[[4.90863561630249,52.37077173461511],[4.908587336540222,52.37080121177816],[4.9086785316467285,52.370860166045226],[4.908732175827026,52.370833964158464],[4.90863561630249,52.37077173461511]]]]}},{"type":"Feature","properties":{"mvt_id":9231204712,"subclass":"garden","class":"grass"},"geometry":{"type":"MultiPolygon","coordinates":[[[[4.909198880195618,52.364319037729516],[4.909247159957886,52.364220766023834],[4.908683896064758,52.36411594263018],[4.908512234687805,52.364453342040434],[4.9090540409088135,52.3645548889313],[4.909172058105469,52.36431576200951],[4.909198880195618,52.364319037729516]]]]}},{"type":"Feature","properties":{"mvt_id":9231204722,"subclass":"garden","class":"grass"},"geometry":{"type":"MultiPolygon","coordinates":[[[[4.909783601760864,52.36447627200394],[4.909869432449341,52.364492650542005],[4.90989089012146,52.36444679062011],[4.909456372261047,52.36436817350038],[4.909445643424988,52.36438782779342],[4.90939736366272,52.36438127636338],[4.909290075302124,52.364600748741],[4.909772872924805,52.364689192525255],[4.909799695014954,52.36464333280737],[4.909724593162537,52.364630230022094],[4.909746050834656,52.364584370242994],[4.909687042236328,52.36457454314129],[4.909719228744507,52.364515580485104],[4.909762144088745,52.36452213189523],[4.909783601760864,52.36447627200394]]]]}},{"type":"Feature","properties":{"mvt_id":9405507932,"subclass":"shrubbery","class":"grass"},"geometry":{"type":"MultiPolygon","coordinates":[[[[4.917309880256653,52.37302176816696],[4.91737425327301,52.373064344116074],[4.917454719543457,52.373057793972734],[4.917722940444946,52.37290059024101],[4.91762101650238,52.37283836360929],[4.917309880256653,52.37302176816696]]]]}},{"type":"Feature","properties":{"mvt_id":9405507942,"subclass":"grass","class":"grass"},"geometry":{"type":"MultiPolygon","coordinates":[[[[4.9167680740356445,52.373283773356796],[4.916499853134155,52.37343770068102],[4.9166339635849,52.37343770068102],[4.916832447052002,52.37332307400122],[4.9167680740356445,52.373283773356796]]]]}},{"type":"Feature","properties":{"mvt_id":9405508022,"subclass":"flowerbed","class":"grass"},"geometry":{"type":"MultiPolygon","coordinates":[[[[4.914327263832092,52.37394532954414],[4.914295077323914,52.373902754444295],[4.914198517799377,52.3739322295178],[4.914354085922241,52.37396825458091],[4.9144721031188965,52.3739322295178],[4.914450645446777,52.37390930446233],[4.914327263832092,52.37394532954414]]]]}},{"type":"Feature","properties":{"mvt_id":9405508032,"subclass":"flowerbed","class":"grass"},"geometry":{"type":"MultiPolygon","coordinates":[[[[4.914219975471497,52.37383070418182],[4.914262890815735,52.373889654405325],[4.914402365684509,52.373850354265066],[4.914354085922241,52.37379140398912],[4.914219975471497,52.37383070418182]]]]}},{"type":"Feature","properties":{"mvt_id":9405508042,"subclass":"flowerbed","class":"grass"},"geometry":{"type":"MultiPolygon","coordinates":[[[[4.914509654045105,52.37388637939497],[4.914531111717224,52.37390930446233],[4.914692044258118,52.373863454315696],[4.91463840007782,52.37379140398912],[4.914584755897522,52.37380777907366],[4.9146223068237305,52.37385362927809],[4.914509654045105,52.37388637939497]]]]}},{"type":"Feature","properties":{"mvt_id":9405508052,"subclass":"flowerbed","class":"grass"},"geometry":{"type":"MultiPolygon","coordinates":[[[[4.914423823356628,52.37377175387964],[4.914461374282837,52.37382415415213],[4.914579391479492,52.37379140398912],[4.9145472049713135,52.37375210376143],[4.914515018463135,52.37374555372008],[4.914423823356628,52.37377175387964]]]]}},{"type":"Feature","properties":{"mvt_id":9405508062,"subclass":"grass","class":"grass"},"geometry":{"type":"MultiPolygon","coordinates":[[[[4.914740324020386,52.37347372614752],[4.9148207902908325,52.37356542720238],[4.91513192653656,52.37347372614752],[4.914911985397339,52.3734115003233],[4.914740324020386,52.37347372614752]]]]}},{"type":"Feature","properties":{"mvt_id":9405508072,"subclass":"grass","class":"grass"},"geometry":{"type":"MultiPolygon","coordinates":[[[[4.914965629577637,52.373591627468784],[4.915013909339905,52.37364402795499],[4.9151211977005005,52.37361127765839],[4.91513729095459,52.37358507740363],[4.915105104446411,52.37354905202797],[4.914965629577637,52.373591627468784]]]]}},{"type":"Feature","properties":{"mvt_id":9405508082,"subclass":"grass","class":"grass"},"geometry":{"type":"MultiPolygon","coordinates":[[[[4.914681315422058,52.37349337638959],[4.914531111717224,52.373542501956514],[4.914600849151611,52.37362765280974],[4.914756417274475,52.3735818023707],[4.914681315422058,52.37349337638959]]]]}},{"type":"Feature","properties":{"mvt_id":9405508092,"subclass":"grass","class":"grass"},"geometry":{"type":"MultiPolygon","coordinates":[[[[4.914295077323914,52.37373900367776],[4.914214611053467,52.37364402795499],[4.914101958274841,52.37380450405723],[4.914295077323914,52.37373900367776]]]]}},{"type":"Feature","properties":{"mvt_id":9405508132,"subclass":"flowerbed","class":"grass"},"geometry":{"type":"MultiPolygon","coordinates":[[[[4.914187788963318,52.37413200449746],[4.914230704307556,52.37418767933078],[4.914273619651794,52.37419750429408],[4.914311170578003,52.37418767933078],[4.914268255233765,52.37412545451245],[4.914236068725586,52.37411890452648],[4.914187788963318,52.37413200449746]]]]}},{"type":"Feature","properties":{"mvt_id":9761102032,"subclass":"garden","class":"grass"},"geometry":{"type":"MultiPolygon","coordinates":[[[[4.906790256500244,52.36918648931691],[4.9073052406311035,52.36939611179396],[4.907492995262146,52.36922251825094],[4.906978011131287,52.36901289495009],[4.906790256500244,52.36918648931691]]]]}},{"type":"Feature","properties":{"mvt_id":9761102042,"subclass":"garden","class":"grass"},"geometry":{"type":"MultiPolygon","coordinates":[[[[4.905674457550049,52.3687410382502],[4.906178712844849,52.368937561333354],[4.906361103057861,52.36876069059786],[4.905862212181091,52.36856416672782],[4.905674457550049,52.3687410382502]]]]}},{"type":"Feature","properties":{"mvt_id":9761102052,"subclass":"garden","class":"grass"},"geometry":{"type":"MultiPolygon","coordinates":[[[[4.906843900680542,52.36827920556326],[4.907278418540955,52.368469179877216],[4.907492995262146,52.368347989460936],[4.906817078590393,52.36791235630009],[4.90690290927887,52.367863224471],[4.906833171844482,52.36781409258728],[4.906205534934998,52.36803027246692],[4.906345009803772,52.36809250587251],[4.906436204910278,52.368013895240345],[4.906538128852844,52.36805320057391],[4.906522035598755,52.36806957778592],[4.906629323959351,52.368112158508694],[4.906425476074219,52.36829885811638],[4.906725883483887,52.368370917403034],[4.906843900680542,52.36827920556326]]]]}},{"type":"Feature","properties":{"mvt_id":9761102062,"subclass":"garden","class":"grass"},"geometry":{"type":"MultiPolygon","coordinates":[[[[4.908619523048401,52.36922251825094],[4.909011125564575,52.36938301041828],[4.909263253211975,52.36924544573912],[4.908823370933533,52.368953938217494],[4.908742904663086,52.36899651808781],[4.908807277679443,52.36904892402572],[4.908619523048401,52.36922251825094]]]]}},{"type":"Feature","properties":{"mvt_id":9761102072,"subclass":"garden","class":"grass"},"geometry":{"type":"MultiPolygon","coordinates":[[[[4.907922148704529,52.36963521121742],[4.908469319343567,52.3698481068751],[4.90864634513855,52.36967779043104],[4.908099174499512,52.36946489395249],[4.907922148704529,52.36963521121742]]]]}},{"type":"Feature","properties":{"mvt_id":9761102082,"subclass":"garden","class":"grass"},"geometry":{"type":"MultiPolygon","coordinates":[[[[4.902949333190918,52.36677248379326],[4.9031853675842285,52.36689695406071],[4.9035340547561646,52.36671024852803],[4.904086589813232,52.366828167903634],[4.904161691665649,52.36670697298532],[4.903818368911743,52.36664146208024],[4.903619885444641,52.36656612441927],[4.9035340547561646,52.36659232883767],[4.90339994430542,52.36657267552534],[4.903367757797241,52.36663491098438],[4.903029799461365,52.36660543104102],[4.902949333190918,52.36677248379326]]]]}},{"type":"Feature","properties":{"mvt_id":9761102222,"subclass":"grass","class":"grass"},"geometry":{"type":"MultiPolygon","coordinates":[[[[4.90763783454895,52.3672179547109],[4.9076056480407715,52.36727363825976],[4.907782673835754,52.36730639325572],[4.908120632171631,52.36738172965423],[4.908227920532227,52.36740138260663],[4.908463954925537,52.36742431104004],[4.9086034297943115,52.36742758652956],[4.908721446990967,52.36742103555028],[4.908957481384277,52.36740138260663],[4.909113049507141,52.367375178668155],[4.9091291427612305,52.367309668753975],[4.908957481384277,52.36734897471414],[4.908699989318848,52.36736862768111],[4.908544421195984,52.36737190317475],[4.908367395401001,52.36736207669309],[4.908206462860107,52.36733914822738],[4.9077558517456055,52.367240883239525],[4.90763783454895,52.3672179547109]]]]}},{"type":"Feature","properties":{"mvt_id":10632018142,"subclass":"grass","class":"grass"},"geometry":{"type":"MultiPolygon","coordinates":[[[[4.919970631599426,52.36309717731895],[4.919981360435486,52.36309390150836],[4.919970631599426,52.36304148850583],[4.9198901653289795,52.36297269634564],[4.9199652671813965,52.362943213958495],[4.919182062149048,52.362340458619755],[4.9190908670425415,52.36228149298202],[4.918978214263916,52.36222252726559],[4.918886606509858,52.362183216744256],[4.918680695387025,52.362183216744256],[4.918779730796814,52.36222252726559],[4.918956756591797,52.36230442407271],[4.919069409370422,52.362369941409106],[4.919203519821167,52.362458389659146],[4.919702410697937,52.3628809732988],[4.919916987419128,52.363025109429785],[4.919916987419128,52.36305786757579],[4.919970631599426,52.36309717731895]]]]}},{"type":"Feature","properties":{"mvt_id":10827566222,"subclass":"grass","class":"grass"},"geometry":{"type":"MultiPolygon","coordinates":[[[[4.914300441741943,52.3744038280185],[4.914445281028748,52.37436125336064],[4.9143970012664795,52.37429247882664],[4.914219975471497,52.374246629077795],[4.91414487361908,52.37436452833578],[4.914300441741943,52.3744038280185]]]]}},{"type":"Feature","properties":{"mvt_id":10827566232,"subclass":"grass","class":"grass"},"geometry":{"type":"MultiPolygon","coordinates":[[[[4.914439916610718,52.37440055304627],[4.914327263832092,52.374430027787554],[4.914300441741943,52.374466052444625],[4.914359450340271,52.37448242727903],[4.914295077323914,52.37458722607548],[4.914445281028748,52.37461997564836],[4.914461374282837,52.37459705094988],[4.91439163684845,52.374580676157976],[4.914461374282837,52.374475877346],[4.914525747299194,52.37449225217676],[4.914552569389343,52.37445622754106],[4.914482831954956,52.37443657772738],[4.914461374282837,52.37442347784675],[4.914439916610718,52.37440055304627]]]]}},{"type":"Feature","properties":{"mvt_id":10827566242,"subclass":"grass","class":"grass"},"geometry":{"type":"MultiPolygon","coordinates":[[[[4.913817644119263,52.3747542486433],[4.914091229438782,52.375062092505445],[4.91412878036499,52.375075192196654],[4.914150238037109,52.37507191727422],[4.914166331291199,52.375062092505445],[4.914182424545288,52.375032618186005],[4.914101958274841,52.37501624355559],[4.91413950920105,52.37495729483584],[4.914219975471497,52.37497366948811],[4.914289712905884,52.37486232173295],[4.914214611053467,52.3748459470394],[4.914230704307556,52.374872146546174],[4.914053678512573,52.37492127057947],[4.9139732122421265,52.3748066477501],[4.9140214920043945,52.37473132401452],[4.913806915283203,52.374672374914475],[4.913763999938965,52.37473787390967],[4.913817644119263,52.3747542486433]]]]}},{"type":"Feature","properties":{"mvt_id":10827566262,"subclass":"grass","class":"grass"},"geometry":{"type":"MultiPolygon","coordinates":[[[[4.913662075996399,52.375094841726195],[4.913726449012756,52.37514069059446],[4.913806915283203,52.37510139156743],[4.913694262504578,52.374980219347314],[4.913501143455505,52.37503589311135],[4.91337776184082,52.37492782044645],[4.913350939750671,52.37496056976677],[4.913592338562012,52.37513414075905],[4.913662075996399,52.375094841726195]]]]}},{"type":"Feature","properties":{"mvt_id":10827566272,"subclass":"grass","class":"grass"},"geometry":{"type":"MultiPolygon","coordinates":[[[[4.91338312625885,52.3748983460374],[4.91339385509491,52.37492454551308],[4.913506507873535,52.37487869642043],[4.913560152053833,52.374914720711516],[4.913592338562012,52.37490162097271],[4.913495779037476,52.374816472575695],[4.913704991340637,52.374718224221304],[4.913790822029114,52.37457740119886],[4.913694262504578,52.37442675281728],[4.91338312625885,52.3748983460374]]]]}},{"type":"Feature","properties":{"mvt_id":10827566282,"subclass":"grass","class":"grass"},"geometry":{"type":"MultiPolygon","coordinates":[[[[4.913812279701233,52.3743940031011],[4.91388738155365,52.37441037796222],[4.913957118988037,52.374315403683205],[4.914101958274841,52.37435470340964],[4.914182424545288,52.37424007910979],[4.914112687110901,52.37415492943733],[4.914059042930603,52.37416802939763],[4.914091229438782,52.374210604241746],[4.914037585258484,52.37422370418553],[4.914005398750305,52.37418440434253],[4.913924932479858,52.3742073292552],[4.913994669914246,52.37427937890325],[4.9138981103897095,52.374259729010895],[4.913812279701233,52.3743940031011]]]]}},{"type":"Feature","properties":{"mvt_id":10827566302,"subclass":"grass","class":"grass"},"geometry":{"type":"MultiPolygon","coordinates":[[[[4.913967847824097,52.374128729505074],[4.913983941078186,52.37414837945572],[4.914075136184692,52.37411890452648],[4.914059042930603,52.37409925456272],[4.913967847824097,52.374128729505074]]]]}},{"type":"Feature","properties":{"mvt_id":10827566312,"subclass":"grass","class":"grass"},"geometry":{"type":"MultiPolygon","coordinates":[[[[4.914177060127258,52.37476734842582],[4.914230704307556,52.37482957233977],[4.914289712905884,52.37472804906659],[4.914359450340271,52.374744423803854],[4.91438627243042,52.3747051244242],[4.914305806159973,52.37468547472128],[4.914262890815735,52.37476079853505],[4.914187788963318,52.374744423803854],[4.914177060127258,52.37476734842582]]]]}},{"type":"Feature","properties":{"mvt_id":10827566322,"subclass":"grass","class":"grass"},"geometry":{"type":"MultiPolygon","coordinates":[[[[4.915732741355896,52.3715610607471],[4.915700554847717,52.37160363810429],[4.916360378265381,52.37181979943846],[4.916397929191589,52.37177722228963],[4.915732741355896,52.3715610607471]]]]}},{"type":"Feature","properties":{"mvt_id":10827566332,"subclass":"grass","class":"grass"},"geometry":{"type":"MultiPolygon","coordinates":[[[[4.916451573371887,52.37179359812096],[4.916414022445679,52.371839450416374],[4.9170684814453125,52.3720457851567],[4.917830228805542,52.37252722913563],[4.91787314414978,52.37250430335087],[4.91787850856781,52.37247155220915],[4.917336702346802,52.37213421403606],[4.917106032371521,52.37199993307548],[4.916451573371887,52.37179359812096]]]]}},{"type":"Feature","properties":{"mvt_id":10827566342,"subclass":"grass","class":"grass"},"geometry":{"type":"MultiPolygon","coordinates":[[[[4.918039441108704,52.37258618109894],[4.917985796928406,52.372615657051085],[4.920657277107239,52.374318678661744],[4.920668005943298,52.37433832852787],[4.920775294303894,52.37430557874613],[4.920732378959656,52.374253179044835],[4.9188172817230225,52.373061069044525],[4.918076992034912,52.372592731312224],[4.918039441108704,52.37258618109894]]]]}},{"type":"Feature","properties":{"mvt_id":10827566362,"subclass":"grass","class":"grass"},"geometry":{"type":"MultiPolygon","coordinates":[[[[4.921166896820068,52.374282653884464],[4.921301007270813,52.37473787390967],[4.921531677246094,52.3747051244242],[4.921199083328247,52.37427937890325],[4.921166896820068,52.374282653884464]]]]}},{"type":"Feature","properties":{"mvt_id":10827566372,"subclass":"grass","class":"grass"},"geometry":{"type":"MultiPolygon","coordinates":[[[[4.921064972877502,52.37411562953313],[4.921182990074158,52.37421387922806],[4.921268820762634,52.374210604241746],[4.921349287033081,52.37416475440791],[4.920909404754639,52.373889654405325],[4.920807480812073,52.37395187955586],[4.921064972877502,52.37411562953313]]]]}},{"type":"Feature","properties":{"mvt_id":10827566382,"subclass":"grass","class":"grass"},"geometry":{"type":"MultiPolygon","coordinates":[[[[4.920549988746643,52.373788128971476],[4.9207377433776855,52.37390930446233],[4.920850396156311,52.373850354265066],[4.920657277107239,52.373732453634474],[4.920549988746643,52.373788128971476]]]]}},{"type":"Feature","properties":{"mvt_id":10827566392,"subclass":"grass","class":"grass"},"geometry":{"type":"MultiPolygon","coordinates":[[[[4.9196648597717285,52.373237922560776],[4.920469522476196,52.37374227869905],[4.920549988746643,52.37369315335434],[4.919750690460205,52.37318879665507],[4.9196648597717285,52.373237922560776]]]]}},{"type":"Feature","properties":{"mvt_id":10827566402,"subclass":"grass","class":"grass"},"geometry":{"type":"MultiPolygon","coordinates":[[[[4.9191659688949585,52.372939891226395],[4.919584393501282,52.373211722084534],[4.9196648597717285,52.37316259614969],[4.919246435165405,52.37289404007337],[4.9191659688949585,52.372939891226395]]]]}},{"type":"Feature","properties":{"mvt_id":10827566412,"subclass":"grass","class":"grass"},"geometry":{"type":"MultiPolygon","coordinates":[[[[4.917969703674316,52.37218661625139],[4.918844103813171,52.3727368357588],[4.918913841247559,52.37268770929574],[4.918811917304993,52.37262220726],[4.918785095214844,52.37263858277804],[4.918758273124695,52.37263203257156],[4.9187421798706055,52.37261893215567],[4.9187421798706055,52.37260583173589],[4.918779730796814,52.372582905991926],[4.918076992034912,52.37213421403606],[4.917969703674316,52.37218661625139]]]]}},{"type":"Feature","properties":{"mvt_id":10827566422,"subclass":"grass","class":"grass"},"geometry":{"type":"MultiPolygon","coordinates":[[[[4.917755126953125,52.37196718155977],[4.917680025100708,52.372009758525465],[4.9179160594940186,52.372150589735035],[4.917985796928406,52.3721112880473],[4.917755126953125,52.37196718155977]]]]}},{"type":"Feature","properties":{"mvt_id":10827566432,"subclass":"grass","class":"grass"},"geometry":{"type":"MultiPolygon","coordinates":[[[[4.917433261871338,52.37186565170667],[4.917610287666321,52.37196718155977],[4.917690753936768,52.37191805424064],[4.9172669649124146,52.37165276577313],[4.9171382188797,52.37173792026968],[4.9172937870025635,52.37180014845179],[4.917433261871338,52.37186565170667]]]]}},{"type":"Feature","properties":{"mvt_id":10827566452,"subclass":"grass","class":"grass"},"geometry":{"type":"MultiPolygon","coordinates":[[[[4.917728304862976,52.37171171890361],[4.917765855789185,52.37171826924658],[4.917808771133423,52.37171826924658],[4.917851686477661,52.37171499407522],[4.91788923740387,52.37169861821475],[4.917969703674316,52.37164949059691],[4.918007254600525,52.371610188463286],[4.9180179834365845,52.371580711840124],[4.9180179834365845,52.371544684829544],[4.917969703674316,52.371498832228134],[4.9179160594940186,52.3714955570405],[4.9178677797317505,52.371498832228134],[4.917771220207214,52.37153485927611],[4.917712211608887,52.37157743665856],[4.917680025100708,52.37162328917838],[4.917669296264648,52.37165604094911],[4.917674660682678,52.3716822423482],[4.917701482772827,52.37169861821475],[4.917728304862976,52.37171171890361]]]]}},{"type":"Feature","properties":{"mvt_id":11150225782,"subclass":"shrubbery","class":"grass"},"geometry":{"type":"MultiPolygon","coordinates":[[[[4.906436204910278,52.3629956270776],[4.906473755836487,52.36292683484602],[4.9064308404922485,52.36291700737562],[4.9063825607299805,52.36295304142306],[4.906436204910278,52.3629956270776]]]]}},{"type":"Feature","properties":{"mvt_id":11150225792,"subclass":"shrubbery","class":"grass"},"geometry":{"type":"MultiPolygon","coordinates":[[[[4.906103610992432,52.362992351259486],[4.9063557386398315,52.36304804013454],[4.906361103057861,52.36303166106092],[4.9063074588775635,52.362992351259486],[4.906226992607117,52.36300217871313],[4.906167984008789,52.36298907544112],[4.906119704246521,52.36296942052582],[4.906103610992432,52.362992351259486]]]]}},{"type":"Feature","properties":{"mvt_id":11150244142,"subclass":"shrubbery","class":"grass"},"geometry":{"type":"MultiPolygon","coordinates":[[[[4.907916784286499,52.363352689796955],[4.908174276351929,52.36339855085454],[4.908222556114197,52.363306828691755],[4.90815281867981,52.3632937255101],[4.908185005187988,52.363231485344166],[4.9081045389175415,52.36322165794154],[4.907916784286499,52.363352689796955]]]]}},{"type":"Feature","properties":{"mvt_id":11150244152,"subclass":"shrubbery","class":"grass"},"geometry":{"type":"MultiPolygon","coordinates":[[[[4.907492995262146,52.36325114014289],[4.907450079917908,52.36324786434371],[4.907444715499878,52.36326424333717],[4.907369613647461,52.36325441594182],[4.907369613647461,52.36324786434371],[4.907358884811401,52.36324458854429],[4.907332062721252,52.36325441594182],[4.907337427139282,52.36326096753896],[4.90740180015564,52.36327079493286],[4.907460808753967,52.36330027710142],[4.907503724098206,52.363287173917826],[4.907509088516235,52.363267519135135],[4.907492995262146,52.36325114014289]]]]}},{"type":"Feature","properties":{"mvt_id":11150244162,"subclass":"shrubbery","class":"grass"},"geometry":{"type":"MultiPolygon","coordinates":[[[[4.907932877540588,52.36318234830913],[4.90788996219635,52.36316596928531],[4.907863140106201,52.363205278932284],[4.907525181770325,52.36314303864176],[4.907541275024414,52.3631102805589],[4.9075305461883545,52.36310700474927],[4.907498359680176,52.36316269347982],[4.907825589179993,52.363224933742664],[4.907857775688171,52.363224933742664],[4.907932877540588,52.36318234830913]]]]}},{"type":"Feature","properties":{"mvt_id":11150244172,"subclass":"shrubbery","class":"grass"},"geometry":{"type":"MultiPolygon","coordinates":[[[[4.907417893409729,52.36322165794154],[4.9074554443359375,52.363238036944715],[4.907525181770325,52.36324458854429],[4.907546639442444,52.363267519135135],[4.907509088516235,52.363310104486565],[4.9074554443359375,52.363310104486565],[4.907412528991699,52.363287173917826],[4.907369613647461,52.36327734652757],[4.907342791557312,52.36328062232456],[4.907342791557312,52.36329700130589],[4.907552003860474,52.363336310836274],[4.907594919204712,52.36324458854429],[4.907428622245789,52.36320855473462],[4.907417893409729,52.36322165794154]]]]}},{"type":"Feature","properties":{"mvt_id":11150449242,"subclass":"grass","class":"grass"},"geometry":{"type":"MultiPolygon","coordinates":[[[[4.903088808059692,52.3654655248113],[4.902557730674744,52.365360704370985],[4.902477264404297,52.36551793493819],[4.903013706207275,52.36561292813471],[4.903088808059692,52.3654655248113]]]]}},{"type":"Feature","properties":{"mvt_id":11150449252,"subclass":"grass","class":"grass"},"geometry":{"type":"MultiPolygon","coordinates":[[[[4.903196096420288,52.365255883681975],[4.90265965461731,52.36515106274426],[4.902579188346863,52.365305018410915],[4.903120994567871,52.365403287704865],[4.903196096420288,52.365255883681975]]]]}},{"type":"Feature","properties":{"mvt_id":11150692462,"subclass":"garden","class":"grass"},"geometry":{"type":"MultiPolygon","coordinates":[[[[4.904032945632935,52.365141235768604],[4.904016852378845,52.36513796010956],[4.903952479362488,52.36525915933227],[4.903968572616577,52.36526243498232],[4.904032945632935,52.365141235768604]]]]}},{"type":"Feature","properties":{"mvt_id":11150692502,"subclass":"garden","class":"grass"},"geometry":{"type":"MultiPolygon","coordinates":[[[[4.903990030288696,52.36513468445028],[4.903963208198547,52.36512813313099],[4.90389347076416,52.36524933238065],[4.903925657272339,52.365255883681975],[4.903990030288696,52.36513468445028]]]]}},{"type":"Feature","properties":{"mvt_id":11150692512,"subclass":"grass","class":"grass"},"geometry":{"type":"MultiPolygon","coordinates":[[[[4.903732538223267,52.36552776183006],[4.903807640075684,52.36539018514496],[4.903721809387207,52.36537053129783],[4.90365743637085,52.36551465930709],[4.903732538223267,52.36552776183006]]]]}},{"type":"Feature","properties":{"mvt_id":11150692582,"subclass":"grass","class":"grass"},"geometry":{"type":"MultiPolygon","coordinates":[[[[4.9036359786987305,52.36572102359264],[4.903705716133118,52.36558344750938],[4.903625249862671,52.365567069375686],[4.903555512428284,52.365707921126976],[4.9036359786987305,52.36572102359264]]]]}},{"type":"Feature","properties":{"mvt_id":11561156452,"subclass":"forest","class":"wood"},"geometry":{"type":"MultiPolygon","coordinates":[[[[4.920791387557983,52.37559262689169],[4.920751773394073,52.3755991766591],[4.9207892417907715,52.3755991766591],[4.920791387557983,52.37559262689169]]]]}},{"type":"Feature","properties":{"mvt_id":11631018192,"subclass":"grass","class":"grass"},"geometry":{"type":"MultiPolygon","coordinates":[[[[4.917363524436951,52.374783723148525],[4.9173688888549805,52.37480009786515],[4.9174171686172485,52.37483284728018],[4.917481541633606,52.37484267209995],[4.917524456977844,52.37483939716028],[4.918098449707031,52.37475097369706],[4.918098449707031,52.37473132401452],[4.918114542961121,52.37472804906659],[4.917996525764465,52.37465272519696],[4.918109178543091,52.37458395111684],[4.918071627616882,52.374561026399675],[4.91787850856781,52.37467564986653],[4.917851686477661,52.374662550056804],[4.917647838592529,52.37478044820447],[4.917615652084351,52.37476079853505],[4.917508363723755,52.37482302245822],[4.917406439781189,52.374757523589295],[4.917363524436951,52.374783723148525]]]]}},{"type":"Feature","properties":{"mvt_id":11631018422,"subclass":"grass","class":"grass"},"geometry":{"type":"MultiPolygon","coordinates":[[[[4.915008544921875,52.37530116125852],[4.915126887234777,52.3755991766591],[4.915235638618469,52.3755991766591],[4.915099740028381,52.37528806163433],[4.915008544921875,52.37530116125852]]]]}},{"type":"Feature","properties":{"mvt_id":11631018452,"subclass":"forest","class":"wood"},"geometry":{"type":"MultiPolygon","coordinates":[[[[4.916762709617615,52.37250757846372],[4.916816353797913,52.37253050424677],[4.9168699979782104,52.37247482732441],[4.916934370994568,52.3724944780109],[4.917030930519104,52.37250430335087],[4.917100667953491,52.37249775312447],[4.917175769805908,52.37247155220915],[4.916848540306091,52.37224229353706],[4.916805624961853,52.37226521945782],[4.916687607765198,52.37218334111475],[4.916725158691406,52.37216041515149],[4.916671514511108,52.372127663754775],[4.916510581970215,52.372114563189285],[4.916430115699768,52.3721112880473],[4.916360378265381,52.372124388613756],[4.916328191757202,52.372144039456174],[4.9162691831588745,52.372189891387784],[4.916151165962219,52.3723208966444],[4.916236996650696,52.372353647897846],[4.916403293609619,52.37225211893313],[4.916440844535828,52.37224229353706],[4.916489124298096,52.37224229353706],[4.916537404060364,52.372255394064666],[4.916580319404602,52.37228814536668],[4.91662323474884,52.37238967424858],[4.916655421257019,52.372432250807016],[4.916762709617615,52.37250757846372]]]]}},{"type":"Feature","properties":{"mvt_id":11631018462,"subclass":"garden","class":"grass"},"geometry":{"type":"MultiPolygon","coordinates":[[[[4.916054606437683,52.37230452100858],[4.915979504585266,52.37237984888311],[4.91613507270813,52.37244207616083],[4.916156530380249,52.37244535127827],[4.916177988052368,52.37244207616083],[4.9161940813064575,52.372432250807016],[4.916247725486755,52.37237329863826],[4.916236996650696,52.372353647897846],[4.916059970855713,52.372278319978626],[4.916038513183594,52.37229797075255],[4.916054606437683,52.37230452100858]]]]}},{"type":"Feature","properties":{"mvt_id":11631018472,"subclass":"grassland","class":"grass"},"geometry":{"type":"MultiPolygon","coordinates":[[[[4.915663003921509,52.37258618109894],[4.915759563446045,52.37263858277804],[4.915856122970581,52.37258618109894],[4.91587221622467,52.37255998023607],[4.915866851806641,52.37254687979881],[4.915764927864075,52.3724944780109],[4.915663003921509,52.37258618109894]]]]}},{"type":"Feature","properties":{"mvt_id":11631018482,"subclass":"scrub","class":"grass"},"geometry":{"type":"MultiPolygon","coordinates":[[[[4.9163442850112915,52.37292351582006],[4.916312098503113,52.37294316630693],[4.916505217552185,52.373051243828414],[4.916537404060364,52.37303159338963],[4.9163442850112915,52.37292351582006]]]]}},{"type":"Feature","properties":{"mvt_id":11631018492,"subclass":"shrubbery","class":"grass"},"geometry":{"type":"MultiPolygon","coordinates":[[[[4.916945099830627,52.37328704841183],[4.917181134223938,52.373447525811166],[4.917261600494385,52.37340495023144],[4.917014837265015,52.373231372443165],[4.917165040969849,52.37313967069473],[4.917111396789551,52.37310692002415],[4.916939735412598,52.37320517196304],[4.9169182777404785,52.373237922560776],[4.916923642158508,52.37325429785053],[4.916945099830627,52.37328704841183]]]]}},{"type":"Feature","properties":{"mvt_id":11921144822,"subclass":"grass","class":"grass"},"geometry":{"type":"MultiPolygon","coordinates":[[[[4.914906620979309,52.37367022817477],[4.915003180503845,52.37369315335434],[4.914933443069458,52.37361127765839],[4.91487443447113,52.373630927839265],[4.914906620979309,52.37367022817477]]]]}},{"type":"Feature","properties":{"mvt_id":11921144832,"subclass":"grassland","class":"grass"},"geometry":{"type":"MultiPolygon","coordinates":[[[[4.914343357086182,52.37345080085406],[4.914429187774658,52.37354577699236],[4.914649128913879,52.37347372614752],[4.914590120315552,52.37340822527749],[4.914482831954956,52.37344425076803],[4.914413094520569,52.37336564965987],[4.9145203828811646,52.37332962410522],[4.914439916610718,52.3733099737903],[4.914343357086182,52.37345080085406]]]]}},{"type":"Feature","properties":{"mvt_id":11921160732,"subclass":"grass","class":"grass"},"geometry":{"type":"MultiPolygon","coordinates":[[[[4.914273619651794,52.37362110274993],[4.914359450340271,52.37372590359022],[4.914509654045105,52.37368005325319],[4.914413094520569,52.37357525230409],[4.914273619651794,52.37362110274993]]]]}},{"type":"Feature","properties":{"mvt_id":11921160742,"subclass":"grass","class":"grass"},"geometry":{"type":"MultiPolygon","coordinates":[[[[4.914262890815735,52.37360472759617],[4.914407730102539,52.37355887713334],[4.914327263832092,52.37347045110633],[4.914252161979675,52.373591627468784],[4.914262890815735,52.37360472759617]]]]}},{"type":"Feature","properties":{"mvt_id":11951302332,"subclass":"shrubbery","class":"grass"},"geometry":{"type":"MultiPolygon","coordinates":[[[[4.915539622306824,52.37117131226228],[4.915561079978943,52.371181137896585],[4.915571808815002,52.37117458747395],[4.915539622306824,52.37113528491776],[4.915587902069092,52.3710763310179],[4.915603995323181,52.3710763310179],[4.9156951904296875,52.37102065226246],[4.915673732757568,52.371010826592446],[4.915566444396973,52.371063230140585],[4.915512800216675,52.371109083194206],[4.915512800216675,52.37113528491776],[4.915518164634705,52.371154936200234],[4.915539622306824,52.37117131226228]]]]}},{"type":"Feature","properties":{"mvt_id":11951302342,"subclass":"shrubbery","class":"grass"},"geometry":{"type":"MultiPolygon","coordinates":[[[[4.9156200885772705,52.37120406436815],[4.915764927864075,52.371253192481426],[4.9157702922821045,52.371253192481426],[4.915781021118164,52.37124664206947],[4.915748834609985,52.3712269908278],[4.915743470191956,52.37123026603536],[4.9156951904296875,52.37120406436815],[4.915684461593628,52.37121388999517],[4.9156254529953,52.371197513948914],[4.9156200885772705,52.37120406436815]]]]}},{"type":"Feature","properties":{"mvt_id":12108139752,"subclass":"garden","class":"grass"},"geometry":{"type":"MultiPolygon","coordinates":[[[[4.913710355758667,52.368056476016804],[4.9134474992752075,52.36814491288291],[4.913463592529297,52.36818094266649],[4.91364598274231,52.36837746824145],[4.9136728048324585,52.36839384533322],[4.913704991340637,52.368390569915356],[4.913935661315918,52.36830540896548],[4.913710355758667,52.368056476016804]]]]}},{"type":"Feature","properties":{"mvt_id":12267335322,"subclass":"scrub","class":"grass"},"geometry":{"type":"MultiPolygon","coordinates":[[[[4.913570880889893,52.36745706592428],[4.913753271102905,52.36739483162347],[4.914085865020752,52.36727691376045],[4.914016127586365,52.36719830167691],[4.913989305496216,52.367208128195],[4.914042949676514,52.36726708725765],[4.913865923881531,52.36732932173843],[4.91387665271759,52.36733914822738],[4.913790822029114,52.36736862768111],[4.913790822029114,52.367365352187214],[4.913774728775024,52.36736862768111],[4.913763999938965,52.367355525704106],[4.913554787635803,52.367430862018836],[4.913265109062195,52.36712624047743],[4.913753271102905,52.36694936248946],[4.91387665271759,52.36708693431908],[4.913919568061829,52.36707383225853],[4.913914203643799,52.36706400571057],[4.913860559463501,52.36704107709014],[4.913763999938965,52.36693298486214],[4.913232922554016,52.367122964965574],[4.913538694381714,52.367447239461555],[4.913570880889893,52.36745706592428]]]]}},{"type":"Feature","properties":{"mvt_id":12267457692,"subclass":"scrub","class":"grass"},"geometry":{"type":"MultiPolygon","coordinates":[[[[4.918613433837891,52.36551138367574],[4.918597340583801,52.3655048324123],[4.918575882911682,52.36551138367574],[4.918565154075623,52.365521210569064],[4.918570518493652,52.365534313090095],[4.918597340583801,52.36554413997832],[4.91862416267395,52.3655310374602],[4.91862416267395,52.365521210569064],[4.918613433837891,52.36551138367574]]]]}},{"type":"Feature","properties":{"mvt_id":13128097562,"subclass":"grassland","class":"grass"},"geometry":{"type":"MultiPolygon","coordinates":[[[[4.916226267814636,52.37246172686189],[4.916231632232666,52.37247482732441],[4.916296005249023,52.37248792778305],[4.916355013847351,52.37251412868865],[4.916430115699768,52.372523954024246],[4.916473031044006,52.37251085357631],[4.916478395462036,52.37248792778305],[4.916446208953857,52.37247810243943],[4.91637110710144,52.37249120289709],[4.916333556175232,52.37247810243943],[4.9163442850112915,52.37244862639549],[4.91637110710144,52.372435525925205],[4.916435480117798,52.37243880104314],[4.916451573371887,52.37242242545102],[4.916424751281738,52.372396224491006],[4.916355013847351,52.372396224491006],[4.916296005249023,52.37244862639549],[4.916226267814636,52.37246172686189]]]]}},{"type":"Feature","properties":{"mvt_id":13443669792,"subclass":"forest","class":"wood"},"geometry":{"type":"MultiPolygon","coordinates":[[[[4.921360015869141,52.36290062825343],[4.921322464942932,52.362930110669005],[4.920834302902222,52.36276304338733],[4.920796751976013,52.362769595057344],[4.920759201049805,52.36281545672018],[4.920759201049805,52.36285149085044],[4.920780658721924,52.3628809732988],[4.920807480812073,52.36289735242827],[4.92087721824646,52.36290717990304],[4.92138147354126,52.3629563172441],[4.921547770500183,52.362966144705766],[4.921558499336243,52.3629563172441],[4.921547770500183,52.362923559022796],[4.921451210975647,52.36292028319933],[4.921360015869141,52.36290062825343]]]]}},{"type":"Feature","properties":{"mvt_id":13443669862,"subclass":"forest","class":"wood"},"geometry":{"type":"MultiPolygon","coordinates":[[[[4.921756982803345,52.36292028319933],[4.921751618385315,52.3629563172441],[4.9217623472213745,52.36296942052582],[4.921778440475464,52.36297269634564],[4.921875,52.36297629175737],[4.921875,52.36286178631082],[4.921858906745911,52.362874421645294],[4.921799898147583,52.362903904078365],[4.921756982803345,52.36292028319933]]]]}},{"type":"Feature","properties":{"mvt_id":13443670012,"subclass":"grass","class":"grass"},"geometry":{"type":"MultiPolygon","coordinates":[[[[4.9213868379592896,52.362186492622364],[4.921193718910217,52.3623928724539],[4.9213868379592896,52.36246166551686],[4.921579957008362,52.36225528600666],[4.9213868379592896,52.362186492622364]]]]}},{"type":"Feature","properties":{"mvt_id":13443670022,"subclass":"forest","class":"wood"},"geometry":{"type":"MultiPolygon","coordinates":[[[[4.920587539672852,52.36231097581073],[4.920705556869507,52.362183216744256],[4.920378217891795,52.362183216744256],[4.920287132263184,52.362288044723435],[4.920094013214111,52.36246494137433],[4.9200886487960815,52.36247804480177],[4.920104742050171,52.36249114822533],[4.920217394828796,52.36252718262009],[4.9202388525009155,52.36252718262009],[4.920260310173035,52.362507527499325],[4.9202388525009155,52.362494424080616],[4.920217394828796,52.36245183794299],[4.920249581336975,52.36241580348678],[4.920319318771362,52.36240597590272],[4.920335412025452,52.362409251764326],[4.920469522476196,52.36227166536808],[4.920587539672852,52.36231097581073]]]]}},{"type":"Feature","properties":{"mvt_id":13521255512,"subclass":"garden","class":"grass"},"geometry":{"type":"MultiPolygon","coordinates":[[[[4.906248450279236,52.36274666420806],[4.906259179115295,52.3627499400444],[4.906334280967712,52.36267787158884],[4.906371831893921,52.36265821653511],[4.906414747238159,52.36265166484859],[4.906468391418457,52.36265166484859],[4.906575679779053,52.36267131990524],[4.906586408615112,52.36265821653511],[4.906328916549683,52.36261235470906],[4.906248450279236,52.36274666420806]]]]}},{"type":"Feature","properties":{"mvt_id":13556861162,"subclass":"garden","class":"grass"},"geometry":{"type":"MultiPolygon","coordinates":[[[[4.906795620918274,52.364951247142834],[4.906790256500244,52.36493159310044],[4.906677603721619,52.36491521472509],[4.9065810441970825,52.36508882519482],[4.90664541721344,52.36509865218215],[4.906699061393738,52.36498072819005],[4.906795620918274,52.364951247142834]]]]}},{"type":"Feature","properties":{"mvt_id":13556861172,"subclass":"garden","class":"grass"},"geometry":{"type":"MultiPolygon","coordinates":[[[[4.9068814516067505,52.36487590659949],[4.90689218044281,52.364866079562624],[4.906854629516602,52.36486935524182],[4.906811714172363,52.364882457956185],[4.906768798828125,52.364866079562624],[4.906768798828125,52.36478746318901],[4.906822443008423,52.36474815494974],[4.90689218044281,52.36473832788446],[4.907074570655823,52.36477108476023],[4.907096028327942,52.36479401455881],[4.9070316553115845,52.36486935524182],[4.906961917877197,52.36491193904929],[4.9069565534591675,52.36493159310044],[4.906999468803406,52.36494797146971],[4.907063841819763,52.36496107416075],[4.90714967250824,52.36478746318901],[4.907160401344299,52.36477436044647],[4.906983375549316,52.36473832788446],[4.906790256500244,52.36471212236635],[4.906693696975708,52.36488573363416],[4.906784892082214,52.36489883634368],[4.906833171844482,52.364882457956185],[4.9068814516067505,52.36487590659949]]]]}},{"type":"Feature","properties":{"mvt_id":13556861182,"subclass":"garden","class":"grass"},"geometry":{"type":"MultiPolygon","coordinates":[[[[4.907047748565674,52.3649872795312],[4.906940460205078,52.36496434983291],[4.906919002532959,52.364974176847916],[4.906967282295227,52.36501348488609],[4.906935095787048,52.36508554953189],[4.906865358352661,52.365141235768604],[4.906961917877197,52.365154338402334],[4.907047748565674,52.3649872795312]]]]}},{"type":"Feature","properties":{"mvt_id":13556861192,"subclass":"garden","class":"grass"},"geometry":{"type":"MultiPolygon","coordinates":[[[[4.906945824623108,52.364852976843395],[4.906983375549316,52.36479401455881],[4.906951189041138,52.36479401455881],[4.9069297313690186,52.36484970116299],[4.906945824623108,52.364852976843395]]]]}},{"type":"Feature","properties":{"mvt_id":13556861202,"subclass":"grass","class":"grass"},"geometry":{"type":"MultiPolygon","coordinates":[[[[4.906854629516602,52.36486935524182],[4.90689218044281,52.364866079562624],[4.90689218044281,52.36484314980143],[4.906876087188721,52.36483987412029],[4.90690290927887,52.364777636132466],[4.9068814516067505,52.36476453338702],[4.906822443008423,52.36474815494974],[4.906768798828125,52.36478746318901],[4.906768798828125,52.364866079562624],[4.906811714172363,52.364882457956185],[4.906854629516602,52.36486935524182]]]]}},{"type":"Feature","properties":{"mvt_id":13556861212,"subclass":"grass","class":"grass"},"geometry":{"type":"MultiPolygon","coordinates":[[[[4.906865358352661,52.365141235768604],[4.906935095787048,52.36508554953189],[4.906967282295227,52.36501348488609],[4.906919002532959,52.364974176847916],[4.906870722770691,52.3649905552014],[4.906833171844482,52.36498400386074],[4.906795620918274,52.364951247142834],[4.906699061393738,52.36498072819005],[4.90664541721344,52.36509865218215],[4.9067312479019165,52.36511830615022],[4.906763434410095,52.36509865218215],[4.9068063497543335,52.365105203505806],[4.906822443008423,52.36513140879075],[4.906865358352661,52.365141235768604]]]]}},{"type":"Feature","properties":{"mvt_id":13556861222,"subclass":"garden","class":"grass"},"geometry":{"type":"MultiPolygon","coordinates":[[[[4.90689218044281,52.36484314980143],[4.906924366950989,52.36479073887403],[4.90690290927887,52.364777636132466],[4.906876087188721,52.36483987412029],[4.90689218044281,52.36484314980143]]]]}},{"type":"Feature","properties":{"mvt_id":13556861242,"subclass":"garden","class":"grass"},"geometry":{"type":"MultiPolygon","coordinates":[[[[4.9069297313690186,52.36484970116299],[4.906924366950989,52.36486280388318],[4.906908273696899,52.364882457956185],[4.906951189041138,52.36489883634368],[4.907015562057495,52.36486280388318],[4.907037019729614,52.364826771393304],[4.907063841819763,52.36479401455881],[4.907058477401733,52.36478091181822],[4.907020926475525,52.364777636132466],[4.906983375549316,52.36479401455881],[4.906945824623108,52.364852976843395],[4.9069297313690186,52.36484970116299]]]]}},{"type":"Feature","properties":{"mvt_id":13570625672,"subclass":"forest","class":"wood"},"geometry":{"type":"MultiPolygon","coordinates":[[[[4.912438988685608,52.36507572254166],[4.912578463554382,52.36522640281839],[4.91263210773468,52.365196921935116],[4.9126482009887695,52.36521330020602],[4.912803769111633,52.36516088971774],[4.912771582603455,52.365124857470974],[4.912841320037842,52.365101927844094],[4.912728667259216,52.36498072819005],[4.912717938423157,52.3649774525191],[4.912438988685608,52.36507572254166]]]]}},{"type":"Feature","properties":{"mvt_id":13570625682,"subclass":"forest","class":"wood"},"geometry":{"type":"MultiPolygon","coordinates":[[[[4.913104176521301,52.3648890093119],[4.913195371627808,52.36498072819005],[4.913254380226135,52.36496434983291],[4.913243651390076,52.36495452281572],[4.913340210914612,52.36492831742585],[4.913345575332642,52.364934868774775],[4.913533329963684,52.36487590659949],[4.913533329963684,52.364866079562624],[4.913420677185059,52.36473832788446],[4.913254380226135,52.36479401455881],[4.913275837898254,52.364826771393304],[4.913265109062195,52.36483987412029],[4.913227558135986,52.364852976843395],[4.913206100463867,52.364846425482334],[4.9131739139556885,52.36482022002835],[4.912996888160706,52.364882457956185],[4.913029074668884,52.36491521472509],[4.913104176521301,52.3648890093119]]]]}},{"type":"Feature","properties":{"mvt_id":13570625692,"subclass":"forest","class":"wood"},"geometry":{"type":"MultiPolygon","coordinates":[[[[4.912975430488586,52.365550691235924],[4.912921786308289,52.365622755005454],[4.913104176521301,52.36582256756976],[4.913206100463867,52.365786535862654],[4.913190007209778,52.36576688219185],[4.913195371627808,52.365707921126976],[4.913232922554016,52.365622755005454],[4.913077354431152,52.365570345002915],[4.913066625595093,52.36557689625663],[4.912975430488586,52.365550691235924]]]]}},{"type":"Feature","properties":{"mvt_id":13570625702,"subclass":"garden","class":"grass"},"geometry":{"type":"MultiPolygon","coordinates":[[[[4.913254380226135,52.36551138367574],[4.9131739139556885,52.36558017188312],[4.9132490158081055,52.36560637688633],[4.913318753242493,52.36554413997832],[4.913254380226135,52.36551138367574]]]]}},{"type":"Feature","properties":{"mvt_id":13570625712,"subclass":"grass","class":"grass"},"geometry":{"type":"MultiPolygon","coordinates":[[[[4.913104176521301,52.36555724249256],[4.9131739139556885,52.36558017188312],[4.913254380226135,52.36551138367574],[4.913195371627808,52.365475351714835],[4.913104176521301,52.36555724249256]]]]}},{"type":"Feature","properties":{"mvt_id":13570625722,"subclass":"grass","class":"grass"},"geometry":{"type":"MultiPolygon","coordinates":[[[[4.9130988121032715,52.365422941537425],[4.913012981414795,52.36549500551532],[4.913104176521301,52.3655310374602],[4.913179278373718,52.36546880044605],[4.9130988121032715,52.365422941537425]]]]}},{"type":"Feature","properties":{"mvt_id":13570625732,"subclass":"forest","class":"wood"},"geometry":{"type":"MultiPolygon","coordinates":[[[[4.912819862365723,52.36551465930709],[4.91288959980011,52.36558999876115],[4.912916421890259,52.36558017188312],[4.912975430488586,52.36549828114789],[4.912841320037842,52.3654491466339],[4.912819862365723,52.36551465930709]]]]}},{"type":"Feature","properties":{"mvt_id":13570625742,"subclass":"grass","class":"grass"},"geometry":{"type":"MultiPolygon","coordinates":[[[[4.912868142127991,52.36543931972454],[4.912986159324646,52.36548190298263],[4.913039803504944,52.36543276845042],[4.912803769111633,52.36529846711688],[4.912830591201782,52.36527553758011],[4.912728667259216,52.36521330020602],[4.912669658660889,52.36523295412311],[4.912868142127991,52.36543931972454]]]]}},{"type":"Feature","properties":{"mvt_id":13570625772,"subclass":"forest","class":"wood"},"geometry":{"type":"MultiPolygon","coordinates":[[[[4.913737177848816,52.365360704370985],[4.913715720176697,52.36544587099768],[4.9137961864471436,52.36545242226986],[4.9138712882995605,52.36546880044605],[4.913978576660156,52.3655048324123],[4.913989305496216,52.36551793493819],[4.914101958274841,52.36548190298263],[4.91388201713562,52.36524933238065],[4.913769364356995,52.365288640174015],[4.913753271102905,52.365360704370985],[4.913737177848816,52.365360704370985]]]]}},{"type":"Feature","properties":{"mvt_id":13570655092,"subclass":"garden","class":"grass"},"geometry":{"type":"MultiPolygon","coordinates":[[[[4.911231994628906,52.36393250109283],[4.911205172538757,52.36393905258943],[4.911194443702698,52.36395543132666],[4.911205172538757,52.36396525856608],[4.911221265792847,52.36397181005782],[4.911242723464966,52.36396853431207],[4.911253452301025,52.3639521555797],[4.911248087882996,52.36393905258943],[4.911231994628906,52.36393250109283]]]]}},{"type":"Feature","properties":{"mvt_id":13570655102,"subclass":"garden","class":"grass"},"geometry":{"type":"MultiPolygon","coordinates":[[[[4.910529255867004,52.363608200797295],[4.910545349121094,52.36357544305931],[4.910486340522766,52.36356561573319],[4.910470247268677,52.363598373478446],[4.910529255867004,52.363608200797295]]]]}},{"type":"Feature","properties":{"mvt_id":13586412312,"subclass":"grass","class":"grass"},"geometry":{"type":"MultiPolygon","coordinates":[[[[4.917674660682678,52.362998902895484],[4.917427897453308,52.36293993813649],[4.917202591896057,52.36290062825343],[4.917159676551819,52.362923559022796],[4.917690753936768,52.36304476432031],[4.917674660682678,52.362998902895484]]]]}},{"type":"Feature","properties":{"mvt_id":13586412322,"subclass":"garden","class":"grass"},"geometry":{"type":"MultiPolygon","coordinates":[[[[4.917669296264648,52.36306441920208],[4.917690753936768,52.36304476432031],[4.917159676551819,52.362923559022796],[4.917148947715759,52.36294976560178],[4.917165040969849,52.36297269634564],[4.917610287666321,52.36306441920208],[4.917669296264648,52.36306441920208]]]]}},{"type":"Feature","properties":{"mvt_id":13586422072,"subclass":"grass","class":"grass"},"geometry":{"type":"MultiPolygon","coordinates":[[[[4.918296933174133,52.363113556368276],[4.918034076690674,52.36306114338907],[4.917808771133423,52.36302183361384],[4.917765855789185,52.36305459176229],[4.91837203502655,52.36318562411318],[4.91837203502655,52.36316269347982],[4.918296933174133,52.363113556368276]]]]}},{"type":"Feature","properties":{"mvt_id":13601442002,"subclass":"forest","class":"wood"},"geometry":{"type":"MultiPolygon","coordinates":[[[[4.918184280395508,52.366575951078],[4.918237924575806,52.36657267552534],[4.918339848518372,52.3665464710953],[4.918457865715027,52.36651043997861],[4.9185168743133545,52.366471133272356],[4.918522238731384,52.36645475546775],[4.918511509895325,52.36643837765708],[4.918490052223206,52.36643182653112],[4.918436408042908,52.36642855096776],[4.918334484100342,52.36643510209422],[4.918211102485657,52.36645803102916],[4.918146729469299,52.366484235511656],[4.918103814125061,52.366507164421094],[4.9180930852890015,52.36652681776256],[4.9180930852890015,52.3665464710953],[4.918109178543091,52.36656612441927],[4.91813063621521,52.366575951078],[4.918184280395508,52.366575951078]]]]}},{"type":"Feature","properties":{"mvt_id":13601442082,"subclass":"sand","class":"sand"},"geometry":{"type":"MultiPolygon","coordinates":[[[[4.919257164001465,52.36634993737456],[4.919219613075256,52.366369590785965],[4.919278621673584,52.366389244188646],[4.919332265853882,52.366395795320926],[4.919487833976746,52.36637286635369],[4.919600486755371,52.366379417488396],[4.91963267326355,52.36636631521801],[4.9196648597717285,52.366343386235464],[4.919675588607788,52.36631718166942],[4.919718503952026,52.36630735495314],[4.919852614402771,52.366300803807746],[4.920056462287903,52.36623856787802],[4.920056462287903,52.36619598534926],[4.920051097869873,52.36619270976843],[4.919975996017456,52.36621563882918],[4.919895529747009,52.366205812090314],[4.919766783714294,52.36616322952999],[4.919729232788086,52.36613702485708],[4.919734597206116,52.36609444223045],[4.919761419296265,52.36604203278748],[4.919788241386414,52.36601255244849],[4.919697046279907,52.36591756011126],[4.9196165800094604,52.365904457703884],[4.919498562812805,52.36594376491434],[4.919509291648865,52.36597979649321],[4.919498562812805,52.36600600125938],[4.919450283050537,52.366038757195234],[4.919423460960388,52.366055135154056],[4.919450283050537,52.36608789105348],[4.919208884239197,52.366127198100735],[4.9191659688949585,52.36614030044204],[4.919149875640869,52.36615340277947],[4.919149875640869,52.36616650511301],[4.9191659688949585,52.36618615860604],[4.919262528419495,52.36626804806618],[4.919278621673584,52.366304079380576],[4.919278621673584,52.366327008383514],[4.919257164001465,52.36634993737456]]]]}},{"type":"Feature","properties":{"mvt_id":13635737722,"subclass":"grass","class":"grass"},"geometry":{"type":"MultiPolygon","coordinates":[[[[4.906774163246155,52.36623856787802],[4.906361103057861,52.366264772490695],[4.906366467475891,52.366300803807746],[4.906779527664185,52.36628115036572],[4.906774163246155,52.36623856787802]]]]}},{"type":"Feature","properties":{"mvt_id":13635737742,"subclass":"grass","class":"grass"},"geometry":{"type":"MultiPolygon","coordinates":[[[[4.906302094459534,52.36626804806618],[4.9055832624435425,52.366327008383514],[4.905588626861572,52.36635976408135],[4.9063074588775635,52.36630735495314],[4.906302094459534,52.36626804806618]]]]}},{"type":"Feature","properties":{"mvt_id":13635737832,"subclass":"grass","class":"grass"},"geometry":{"type":"MultiPolygon","coordinates":[[[[4.906350374221802,52.36640234645223],[4.906200170516968,52.36655957331226],[4.906221628189087,52.36657922663042],[4.906264543533325,52.366575951078],[4.9063825607299805,52.366503888863335],[4.9066561460494995,52.36645475546775],[4.907047748565674,52.36634011066556],[4.906983375549316,52.366313906097574],[4.906940460205078,52.366313906097574],[4.906779527664185,52.366333559525025],[4.906661510467529,52.36633683509542],[4.90639865398407,52.366369590785965],[4.906350374221802,52.36640234645223]]]]}},{"type":"Feature","properties":{"mvt_id":13635831312,"subclass":"forest","class":"wood"},"geometry":{"type":"MultiPolygon","coordinates":[[[[4.908866286277771,52.36831523523731],[4.908930659294128,52.36829558269147],[4.9089038372039795,52.36826610385632],[4.908823370933533,52.36814818831899],[4.908791184425354,52.368125260261294],[4.90863561630249,52.3679647635242],[4.908533692359924,52.36788942811998],[4.908431768417358,52.36783374534733],[4.908345937728882,52.367800990742396],[4.9082547426223755,52.36777806250449],[4.90815281867981,52.36782064350826],[4.908447861671448,52.36800734434802],[4.908818006515503,52.36826937928342],[4.908866286277771,52.36831523523731]]]]}},{"type":"Feature","properties":{"mvt_id":13635831322,"subclass":"grass","class":"grass"},"geometry":{"type":"MultiPolygon","coordinates":[[[[4.908587336540222,52.367650319246884],[4.908587336540222,52.36767324755109],[4.90864098072052,52.3676929003738],[4.90864634513855,52.36770927771937],[4.908694624900818,52.36770272678187],[4.908716082572937,52.36766997207979],[4.9087536334991455,52.367597911649725],[4.908699989318848,52.36758808521834],[4.908657073974609,52.36759463617284],[4.908598065376282,52.36762739093078],[4.908587336540222,52.367650319246884]]]]}},{"type":"Feature","properties":{"mvt_id":13635831332,"subclass":"grass","class":"grass"},"geometry":{"type":"MultiPolygon","coordinates":[[[[4.907788038253784,52.36715899558267],[4.907718300819397,52.367149169053654],[4.907664656639099,52.367162271091864],[4.90763783454895,52.367188475156624],[4.908190369606018,52.367309668753975],[4.908201098442078,52.367280189260896],[4.9081045389175415,52.367260536254584],[4.907916784286499,52.36721140370055],[4.907788038253784,52.36715899558267]]]]}},{"type":"Feature","properties":{"mvt_id":13635831342,"subclass":"forest","class":"wood"},"geometry":{"type":"MultiPolygon","coordinates":[[[[4.909375905990601,52.36776823611317],[4.909300804138184,52.367637217353426],[4.909247159957886,52.36765359471964],[4.909300804138184,52.36774858332399],[4.909306168556213,52.367817368047895],[4.909343719482422,52.36785339809863],[4.909370541572571,52.36787305084119],[4.909418821334839,52.36788942811998],[4.909434914588928,52.36788942811998],[4.909472465515137,52.367876326297434],[4.90938663482666,52.367810817126426],[4.909375905990601,52.36776823611317]]]]}},{"type":"Feature","properties":{"mvt_id":13635831362,"subclass":"garden","class":"grass"},"geometry":{"type":"MultiPolygon","coordinates":[[[[4.909939169883728,52.36897686584507],[4.909837245941162,52.3689342859558],[4.90963339805603,52.36879016910295],[4.90938127040863,52.36863622558169],[4.909000396728516,52.368370917403034],[4.908941388130188,52.36830868438967],[4.90889310836792,52.3683348877744],[4.9097782373428345,52.368944112087746],[4.909923076629639,52.36898996734121],[4.909939169883728,52.36897686584507]]]]}},{"type":"Feature","properties":{"mvt_id":13635831372,"subclass":"grass","class":"grass"},"geometry":{"type":"MultiPolygon","coordinates":[[[[4.907428622245789,52.36712624047743],[4.90740180015564,52.36712624047743],[4.907374978065491,52.367149169053654],[4.9073803424835205,52.367165546600816],[4.90739643573761,52.367175373126194],[4.907444715499878,52.367172097617974],[4.907466173171997,52.36715899558267],[4.9074554443359375,52.36713279150043],[4.907428622245789,52.36712624047743]]]]}},{"type":"Feature","properties":{"mvt_id":13635842232,"subclass":"grass","class":"grass"},"geometry":{"type":"MultiPolygon","coordinates":[[[[4.908018708229065,52.36745379043694],[4.907825589179993,52.36746689238481],[4.907922148704529,52.36749964723746],[4.907991886138916,52.36751274917173],[4.908539056777954,52.36755205495121],[4.908286929130554,52.3674963717533],[4.9081045389175415,52.367463616898206],[4.908018708229065,52.36745379043694]]]]}},{"type":"Feature","properties":{"mvt_id":13635842242,"subclass":"garden","class":"grass"},"geometry":{"type":"MultiPolygon","coordinates":[[[[4.907825589179993,52.36749309626888],[4.9077558517456055,52.36747016787117],[4.907712936401367,52.36745051494937],[4.907675385475159,52.367417760060285],[4.907600283622742,52.36738172965423],[4.907525181770325,52.367404658097854],[4.907745122909546,52.36756188139061],[4.907825589179993,52.36749309626888]]]]}},{"type":"Feature","properties":{"mvt_id":13774918222,"subclass":"garden","class":"grass"},"geometry":{"type":"MultiPolygon","coordinates":[[[[4.921252727508545,52.36260580301573],[4.9213868379592896,52.36246166551686],[4.921193718910217,52.3623928724539],[4.921054244041443,52.3625370101772],[4.921252727508545,52.36260580301573]]]]}},{"type":"Feature","properties":{"mvt_id":13841000412,"subclass":"grass","class":"grass"},"geometry":{"type":"MultiPolygon","coordinates":[[[[4.917116761207581,52.373503201507354],[4.916848540306091,52.37333289915686],[4.9166446924209595,52.37345407589672],[4.916510581970215,52.37345407589672],[4.916682243347168,52.37356215216798],[4.91663932800293,52.37358835243633],[4.916703701019287,52.37362765280974],[4.916982650756836,52.37345735093912],[4.917084574699402,52.37351957669875],[4.917116761207581,52.373503201507354]]]]}},{"type":"Feature","properties":{"mvt_id":13841249942,"subclass":"grass","class":"grass"},"geometry":{"type":"MultiPolygon","coordinates":[[[[4.91962194442749,52.37443330275759],[4.919675588607788,52.374475877346],[4.919820427894592,52.37445622754106],[4.919852614402771,52.374420202875974],[4.919772148132324,52.37423352914082],[4.919723868370056,52.37422042919995],[4.919654130935669,52.374174579376316],[4.919530749320984,52.37424007910979],[4.919584393501282,52.37427937890325],[4.91962194442749,52.37443330275759]]]]}},{"type":"Feature","properties":{"mvt_id":13841249962,"subclass":"grass","class":"grass"},"geometry":{"type":"MultiPolygon","coordinates":[[[[4.917696118354797,52.37370625345161],[4.9177175760269165,52.37372590359022],[4.918023347854614,52.373919129487554],[4.918087720870972,52.37394205453793],[4.9181681871414185,52.37394205453793],[4.918237924575806,52.37392240449548],[4.918650984764099,52.37367677822729],[4.918683171272278,52.37363420286856],[4.918683171272278,52.37358507740363],[4.918645620346069,52.37354577699236],[4.918511509895325,52.37346062598129],[4.918409585952759,52.373418050414195],[4.918296933174133,52.373398400138605],[4.9182164669036865,52.373395125091825],[4.9181413650512695,52.373398400138605],[4.918034076690674,52.37342132545926],[4.9179428815841675,52.37346062598129],[4.917937517166138,52.37345407589672],[4.91787850856781,52.37348682630987],[4.91788923740387,52.37349337638959],[4.9177175760269165,52.373594902501],[4.917696118354797,52.37361455268915],[4.917680025100708,52.37366040309418],[4.917696118354797,52.37370625345161]]]]}},{"type":"Feature","properties":{"mvt_id":13844241092,"subclass":"grass","class":"grass"},"geometry":{"type":"MultiPolygon","coordinates":[[[[4.915657639503479,52.37415165444665],[4.915652275085449,52.374161479417964],[4.915663003921509,52.37416475440791],[4.915668368339539,52.37415820442777],[4.9157702922821045,52.374181129354035],[4.915786385536194,52.37415492943733],[4.915813207626343,52.37414837945572],[4.915823936462402,52.37416475440791],[4.915813207626343,52.37419095431878],[4.91588830947876,52.374210604241746],[4.915899038314819,52.37419422930656],[4.9158936738967896,52.37416475440791],[4.9158775806427,52.37413527948959],[4.915834665298462,52.37411235453953],[4.915786385536194,52.37410252955729],[4.915700554847717,52.3741090795457],[4.915663003921509,52.37412217951959],[4.91563618183136,52.37414510446456],[4.915657639503479,52.37415165444665]]]]}},{"type":"Feature","properties":{"mvt_id":13844241102,"subclass":"grass","class":"grass"},"geometry":{"type":"MultiPolygon","coordinates":[[[[4.914590120315552,52.375006418774426],[4.914606213569641,52.37500969370172],[4.9148958921432495,52.374554476478295],[4.914987087249756,52.37457740119886],[4.914992451667786,52.374574126239516],[4.914933443069458,52.374561026399675],[4.914949536323547,52.374531551745825],[4.915008544921875,52.37454792655594],[4.915013909339905,52.37454137663263],[4.9148958921432495,52.37451190196566],[4.914740324020386,52.37461015077904],[4.91462767124176,52.37473787390967],[4.9145954847335815,52.37480337280774],[4.914579391479492,52.374868871608676],[4.914579391479492,52.374976944417824],[4.914590120315552,52.375006418774426]]]]}},{"type":"Feature","properties":{"mvt_id":13844241112,"subclass":"grass","class":"grass"},"geometry":{"type":"MultiPolygon","coordinates":[[[[4.914965629577637,52.374475877346],[4.914906620979309,52.374505352037],[4.915185570716858,52.37457085127992],[4.915228486061096,52.37449225217676],[4.915013909339905,52.37443985269694],[4.914965629577637,52.374475877346]]]]}},{"type":"Feature","properties":{"mvt_id":13844241122,"subclass":"grass","class":"grass"},"geometry":{"type":"MultiPolygon","coordinates":[[[[4.914686679840088,52.374367803310676],[4.91464376449585,52.37444312766625],[4.9147456884384155,52.374574126239516],[4.91488516330719,52.37449225217676],[4.914949536323547,52.374462777477014],[4.914981722831726,52.37443330275759],[4.9146974086761475,52.37436452833578],[4.914686679840088,52.374367803310676]]]]}},{"type":"Feature","properties":{"mvt_id":13844241132,"subclass":"grass","class":"grass"},"geometry":{"type":"MultiPolygon","coordinates":[[[[4.914316534996033,52.374940920177494],[4.914557933807373,52.374996593991085],[4.9145472049713135,52.37489179616604],[4.914574027061462,52.374783723148525],[4.91463303565979,52.374682199769936],[4.914724230766296,52.37459377599198],[4.91462767124176,52.374462777477014],[4.9145954847335815,52.37451190196566],[4.914665222167969,52.37452827678307],[4.914418458938599,52.374904895907775],[4.914354085922241,52.374888521230005],[4.914316534996033,52.374940920177494]]]]}},{"type":"Feature","properties":{"mvt_id":13844241172,"subclass":"grass","class":"grass"},"geometry":{"type":"MultiPolygon","coordinates":[[[[4.919691681861877,52.37500314384689],[4.915816426277161,52.3755991766591],[4.916066078039307,52.3755991766591],[4.919702410697937,52.37503916803646],[4.919691681861877,52.37500314384689]]]]}},{"type":"Feature","properties":{"mvt_id":13844241182,"subclass":"shrubbery","class":"grass"},"geometry":{"type":"MultiPolygon","coordinates":[[[[4.919493198394775,52.3747902730359],[4.919503927230835,52.3747902730359],[4.9194663763046265,52.3746985745242],[4.919455647468567,52.374701849474334],[4.919493198394775,52.3747902730359]]]]}},{"type":"Feature","properties":{"mvt_id":13844241192,"subclass":"shrubbery","class":"grass"},"geometry":{"type":"MultiPolygon","coordinates":[[[[4.919718503952026,52.37488524629372],[4.919707775115967,52.37485577185626],[4.9195414781570435,52.3748819713572],[4.9195146560668945,52.3748066477501],[4.919498562812805,52.37480992269221],[4.9195414781570435,52.37491144577719],[4.919718503952026,52.37488524629372]]]]}},{"type":"Feature","properties":{"mvt_id":13844241202,"subclass":"shrubbery","class":"grass"},"geometry":{"type":"MultiPolygon","coordinates":[[[[4.919756054878235,52.37487869642043],[4.919745326042175,52.37485249691754],[4.919723868370056,52.37485249691754],[4.919734597206116,52.3748819713572],[4.919756054878235,52.37487869642043]]]]}},{"type":"Feature","properties":{"mvt_id":13844241212,"subclass":"shrubbery","class":"grass"},"geometry":{"type":"MultiPolygon","coordinates":[[[[4.919820427894592,52.37483939716028],[4.919761419296265,52.374849221978586],[4.919772148132324,52.3748819713572],[4.919847249984741,52.374872146546174],[4.919825792312622,52.37482302245822],[4.9198150634765625,52.37482302245822],[4.919820427894592,52.37483939716028]]]]}},{"type":"Feature","properties":{"mvt_id":13844241242,"subclass":"grass","class":"grass"},"geometry":{"type":"MultiPolygon","coordinates":[[[[4.919782876968384,52.374600325907544],[4.919895529747009,52.37458395111684],[4.919943809509277,52.374574126239516],[4.919927716255188,52.37454792655594],[4.91987943649292,52.3745381016706],[4.919761419296265,52.374554476478295],[4.919782876968384,52.374600325907544]]]]}},{"type":"Feature","properties":{"mvt_id":13844241252,"subclass":"grass","class":"grass"},"geometry":{"type":"MultiPolygon","coordinates":[[[[4.919487833976746,52.374600325907544],[4.919503927230835,52.374642900334926],[4.919723868370056,52.37461015077904],[4.919702410697937,52.374561026399675],[4.9195414781570435,52.37458722607548],[4.919536113739014,52.374574126239516],[4.919498562812805,52.374580676157976],[4.919487833976746,52.374600325907544]]]]}},{"type":"Feature","properties":{"mvt_id":13844241262,"subclass":"grass","class":"grass"},"geometry":{"type":"MultiPolygon","coordinates":[[[[4.917647838592529,52.37405995460898],[4.917481541633606,52.37415820442777],[4.917502999305725,52.37416802939763],[4.917663931846619,52.374073054597446],[4.917647838592529,52.37405995460898]]]]}},{"type":"Feature","properties":{"mvt_id":13844241272,"subclass":"grass","class":"grass"},"geometry":{"type":"MultiPolygon","coordinates":[[[[4.917808771133423,52.37396825458091],[4.917653203010559,52.37405667961126],[4.917690753936768,52.37408287958625],[4.917803406715393,52.374017379619616],[4.9178677797317505,52.37405995460898],[4.917937517166138,52.37402065462026],[4.917851686477661,52.37396497957639],[4.917808771133423,52.37396825458091]]]]}},{"type":"Feature","properties":{"mvt_id":13844241282,"subclass":"shrubbery","class":"grass"},"geometry":{"type":"MultiPolygon","coordinates":[[[[4.917771220207214,52.372890764989194],[4.9177175760269165,52.372920240738075],[4.917765855789185,52.372949716467275],[4.917819499969482,52.37291696565584],[4.917771220207214,52.372890764989194]]]]}},{"type":"Feature","properties":{"mvt_id":13962409652,"subclass":"grass","class":"grass"},"geometry":{"type":"MultiPolygon","coordinates":[[[[4.9139732122421265,52.36734897471414],[4.914042949676514,52.36742103555028],[4.914214611053467,52.36733587273131],[4.914214611053467,52.36732604624162],[4.914193153381348,52.36729984225846],[4.914182424545288,52.36729656675948],[4.9139732122421265,52.36734897471414]]]]}},{"type":"Feature","properties":{"mvt_id":13962409662,"subclass":"grass","class":"grass"},"geometry":{"type":"MultiPolygon","coordinates":[[[[4.91412878036499,52.367142618033085],[4.9140214920043945,52.367175373126194],[4.914101958274841,52.36726708725765],[4.9141716957092285,52.367240883239525],[4.9141716957092285,52.36722778122462],[4.91412878036499,52.367142618033085]]]]}},{"type":"Feature","properties":{"mvt_id":13962409672,"subclass":"grass","class":"grass"},"geometry":{"type":"MultiPolygon","coordinates":[[[[4.914000034332275,52.367155720073235],[4.914112687110901,52.367122964965574],[4.914085865020752,52.36709348534791],[4.914059042930603,52.36708693431908],[4.9140214920043945,52.36708038328929],[4.913978576660156,52.36708365880431],[4.913941025733948,52.36709348534791],[4.914000034332275,52.367155720073235]]]]}},{"type":"Feature","properties":{"mvt_id":13962409712,"subclass":"scrub","class":"grass"},"geometry":{"type":"MultiPolygon","coordinates":[[[[4.913967847824097,52.36718519964938],[4.914000034332275,52.367175373126194],[4.913951754570007,52.367122964965574],[4.913919568061829,52.367136067011565],[4.913967847824097,52.36718519964938]]]]}},{"type":"Feature","properties":{"mvt_id":13962409722,"subclass":"grass","class":"grass"},"geometry":{"type":"MultiPolygon","coordinates":[[[[4.913415312767029,52.36698539324815],[4.913442134857178,52.36701814845782],[4.9135226011276245,52.36699194429202],[4.913495779037476,52.36695918906292],[4.913415312767029,52.36698539324815]]]]}},{"type":"Feature","properties":{"mvt_id":13962409732,"subclass":"grass","class":"grass"},"geometry":{"type":"MultiPolygon","coordinates":[[[[4.913704991340637,52.36692643380953],[4.913753271102905,52.366910056173715],[4.913721084594727,52.36687730088391],[4.913678169250488,52.366893678531845],[4.913704991340637,52.36692643380953]]]]}},{"type":"Feature","properties":{"mvt_id":13962409742,"subclass":"grass","class":"grass"},"geometry":{"type":"MultiPolygon","coordinates":[[[[4.913549423217773,52.366936260388094],[4.913581609725952,52.3669690156342],[4.91364061832428,52.36694936248946],[4.913613796234131,52.366916607228774],[4.913549423217773,52.366936260388094]]]]}},{"type":"Feature","properties":{"mvt_id":13962409752,"subclass":"flowerbed","class":"grass"},"geometry":{"type":"MultiPolygon","coordinates":[[[[4.913495779037476,52.36695918906292],[4.9135226011276245,52.36699194429202],[4.913581609725952,52.3669690156342],[4.913549423217773,52.366936260388094],[4.913495779037476,52.36695918906292]]]]}},{"type":"Feature","properties":{"mvt_id":13962409762,"subclass":"flowerbed","class":"grass"},"geometry":{"type":"MultiPolygon","coordinates":[[[[4.913613796234131,52.366916607228774],[4.91364061832428,52.36694936248946],[4.913704991340637,52.36692643380953],[4.913678169250488,52.366893678531845],[4.913613796234131,52.366916607228774]]]]}},{"type":"Feature","properties":{"mvt_id":13962409772,"subclass":"flowerbed","class":"grass"},"geometry":{"type":"MultiPolygon","coordinates":[[[[4.913350939750671,52.367008321897465],[4.91338312625885,52.36704107709014],[4.913431406021118,52.36702142397744],[4.9133992195129395,52.36699194429202],[4.913350939750671,52.367008321897465]]]]}},{"type":"Feature","properties":{"mvt_id":13962409782,"subclass":"grass","class":"grass"},"geometry":{"type":"MultiPolygon","coordinates":[[[[4.9133241176605225,52.36706073019409],[4.91338312625885,52.36704107709014],[4.913350939750671,52.367008321897465],[4.9132972955703735,52.367027975015986],[4.9133241176605225,52.36706073019409]]]]}},{"type":"Feature","properties":{"mvt_id":13962409792,"subclass":"flowerbed","class":"grass"},"geometry":{"type":"MultiPolygon","coordinates":[[[[4.913179278373718,52.367113138428536],[4.9133241176605225,52.36706073019409],[4.9132972955703735,52.367027975015986],[4.9131470918655396,52.36708038328929],[4.913179278373718,52.367113138428536]]]]}},{"type":"Feature","properties":{"mvt_id":13962409842,"subclass":"forest","class":"wood"},"geometry":{"type":"MultiPolygon","coordinates":[[[[4.913656711578369,52.36680851469622],[4.91364598274231,52.36680196362515],[4.91362988948822,52.36678231040607],[4.913254380226135,52.366910056173715],[4.913281202316284,52.366939535913794],[4.913656711578369,52.36680851469622]]]]}},{"type":"Feature","properties":{"mvt_id":13962409852,"subclass":"grass","class":"grass"},"geometry":{"type":"MultiPolygon","coordinates":[[[[4.913254380226135,52.366988668770205],[4.913313388824463,52.36696574011068],[4.913286566734314,52.366936260388094],[4.913227558135986,52.36695918906292],[4.913254380226135,52.366988668770205]]]]}},{"type":"Feature","properties":{"mvt_id":13962409862,"subclass":"flowerbed","class":"grass"},"geometry":{"type":"MultiPolygon","coordinates":[[[[4.913286566734314,52.366936260388094],[4.913313388824463,52.36696574011068],[4.913367033004761,52.366946086964475],[4.913340210914612,52.366916607228774],[4.913286566734314,52.366936260388094]]]]}},{"type":"Feature","properties":{"mvt_id":13962409872,"subclass":"grass","class":"grass"},"geometry":{"type":"MultiPolygon","coordinates":[[[[4.913340210914612,52.366916607228774],[4.913367033004761,52.366946086964475],[4.913436770439148,52.36692315828285],[4.913409948348999,52.366893678531845],[4.913340210914612,52.366916607228774]]]]}},{"type":"Feature","properties":{"mvt_id":13962409882,"subclass":"flowerbed","class":"grass"},"geometry":{"type":"MultiPolygon","coordinates":[[[[4.913409948348999,52.366893678531845],[4.913436770439148,52.36692315828285],[4.913511872291565,52.36689695406071],[4.913485050201416,52.36686747429222],[4.913409948348999,52.366893678531845]]]]}},{"type":"Feature","properties":{"mvt_id":13962409892,"subclass":"grass","class":"grass"},"geometry":{"type":"MultiPolygon","coordinates":[[[[4.913485050201416,52.36686747429222],[4.913511872291565,52.36689695406071],[4.913576245307922,52.36687402535358],[4.913549423217773,52.36684454556979],[4.913485050201416,52.36686747429222]]]]}},{"type":"Feature","properties":{"mvt_id":13962409902,"subclass":"flowerbed","class":"grass"},"geometry":{"type":"MultiPolygon","coordinates":[[[[4.913549423217773,52.36684454556979],[4.913576245307922,52.36687402535358],[4.91364598274231,52.36685109663456],[4.913619160652161,52.366821616835466],[4.913549423217773,52.36684454556979]]]]}},{"type":"Feature","properties":{"mvt_id":13962409912,"subclass":"grass","class":"grass"},"geometry":{"type":"MultiPolygon","coordinates":[[[[4.913619160652161,52.366821616835466],[4.91364598274231,52.36685109663456],[4.913688898086548,52.366834718970814],[4.913662075996399,52.366805239160804],[4.913619160652161,52.366821616835466]]]]}},{"type":"Feature","properties":{"mvt_id":13962409922,"subclass":"flowerbed","class":"grass"},"geometry":{"type":"MultiPolygon","coordinates":[[[[4.913662075996399,52.366805239160804],[4.913688898086548,52.366834718970814],[4.913758635520935,52.36681179023139],[4.913731813430786,52.36678231040607],[4.913662075996399,52.366805239160804]]]]}},{"type":"Feature","properties":{"mvt_id":13962409952,"subclass":"grass","class":"grass"},"geometry":{"type":"MultiPolygon","coordinates":[[[[4.912953972816467,52.36665456426903],[4.913088083267212,52.36679541255309],[4.913200736045837,52.36675938163945],[4.91312563419342,52.36667421754492],[4.913211464881897,52.366648013175116],[4.913254380226135,52.36669714635575],[4.913774728775024,52.36653009331863],[4.913678169250488,52.36641544871195],[4.912953972816467,52.36665456426903]]]]}},{"type":"Feature","properties":{"mvt_id":13962409962,"subclass":"grass","class":"grass"},"geometry":{"type":"MultiPolygon","coordinates":[[[[4.914777874946594,52.36712951598905],[4.914836883544922,52.367142618033085],[4.91487443447113,52.367136067011565],[4.91487979888916,52.367113138428536],[4.914858341217041,52.36709020983361],[4.9148476123809814,52.36703452605356],[4.914836883544922,52.367027975015986],[4.914810061454773,52.36702469949684],[4.914756417274475,52.36703452605356],[4.9147456884384155,52.36704762812576],[4.914740324020386,52.36708038328929],[4.914777874946594,52.36712951598905]]]]}},{"type":"Feature","properties":{"mvt_id":13962409972,"subclass":"grass","class":"grass"},"geometry":{"type":"MultiPolygon","coordinates":[[[[4.914788603782654,52.366995219813596],[4.914799332618713,52.36700177085602],[4.9148476123809814,52.36700504637687],[4.914863705635071,52.366995219813596],[4.914869070053101,52.36698211772584],[4.914863705635071,52.36696574011068],[4.914831519126892,52.366946086964475],[4.914810061454773,52.366946086964475],[4.914783239364624,52.36696246458692],[4.914777874946594,52.36698211772584],[4.914788603782654,52.366995219813596]]]]}},{"type":"Feature","properties":{"mvt_id":13968325482,"subclass":"grass","class":"grass"},"geometry":{"type":"MultiPolygon","coordinates":[[[[4.915405511856079,52.36622546556585],[4.915485978126526,52.366189434187355],[4.915518164634705,52.36616650511301],[4.915523529052734,52.36615012719548],[4.915432333946228,52.366120646928614],[4.915341138839722,52.36607478869663],[4.915298223495483,52.36607478869663],[4.915249943733215,52.366091166642086],[4.915180206298828,52.366127198100735],[4.91512656211853,52.36614357602677],[4.915051460266113,52.36615995394672],[4.914917349815369,52.36616650511301],[4.91487979888916,52.366176331860615],[4.914852976799011,52.36619926092986],[4.914842247962952,52.36622874114426],[4.914858341217041,52.36632045724103],[4.914869070053101,52.36633028395438],[4.914901256561279,52.366333559525025],[4.915190935134888,52.36628115036572],[4.915282130241394,52.366261496914966],[4.915405511856079,52.36622546556585]]]]}},{"type":"Feature","properties":{"mvt_id":13968325542,"subclass":"scrub","class":"grass"},"geometry":{"type":"MultiPolygon","coordinates":[[[[4.915013909339905,52.36666111536195],[4.915024638175964,52.366628359887564],[4.915035367012024,52.36660543104102],[4.915185570716858,52.36653991998536],[4.915260672569275,52.3665464710953],[4.915298223495483,52.36653991998536],[4.915330410003662,52.36652681776256],[4.9153465032577515,52.366507164421094],[4.915351867675781,52.36648751107088],[4.915341138839722,52.366474408832545],[4.915287494659424,52.366448204344216],[4.915266036987305,52.36643182653112],[4.915260672569275,52.36641217314738],[4.915276765823364,52.366369590785965],[4.915276765823364,52.36634666180513],[4.915260672569275,52.36632045724103],[4.915223121643066,52.366313906097574],[4.915180206298828,52.36632045724103],[4.914997816085815,52.36635648851266],[4.914981722831726,52.3663630396498],[4.914987087249756,52.3663826930554],[4.915190935134888,52.366333559525025],[4.915217757225037,52.36634011066556],[4.915228486061096,52.36635976408135],[4.915233850479126,52.36640562201753],[4.915249943733215,52.366448204344216],[4.915233850479126,52.366477684392486],[4.915212392807007,52.36649406218859],[4.915180206298828,52.36651371553589],[4.915072917938232,52.366553022204265],[4.915030002593994,52.366575951078],[4.914987087249756,52.36665456426903],[4.914949536323547,52.366644737627794],[4.914949536323547,52.3666316354361],[4.914858341217041,52.366520266649715],[4.914826154708862,52.366503888863335],[4.914761781692505,52.36649406218859],[4.914734959602356,52.366484235511656],[4.914729595184326,52.36646785771191],[4.914734959602356,52.366448204344216],[4.914761781692505,52.36643182653112],[4.914922714233398,52.36639907088671],[4.914911985397339,52.366379417488396],[4.91489052772522,52.366376141921165],[4.914793968200684,52.3663925197549],[4.914729595184326,52.36641544871195],[4.914702773094177,52.36643510209422],[4.9146974086761475,52.366484235511656],[4.914713501930237,52.36650061330533],[4.9147456884384155,52.36651699109292],[4.914799332618713,52.36653009331863],[4.914826154708862,52.3665464710953],[4.91488516330719,52.366618533240505],[4.91489052772522,52.36665128872219],[4.914911985397339,52.36666766645393],[4.914933443069458,52.36667749309006],[4.914997816085815,52.366670941999544],[4.915013909339905,52.36666111536195]]]]}},{"type":"Feature","properties":{"mvt_id":13968325552,"subclass":"forest","class":"wood"},"geometry":{"type":"MultiPolygon","coordinates":[[[[4.915099740028381,52.36662180878976],[4.915099740028381,52.36664146208024],[4.91513192653656,52.36665128872219],[4.915158748626709,52.36664146208024],[4.915164113044739,52.36662180878976],[4.91513729095459,52.36660870659126],[4.915099740028381,52.36662180878976]]]]}},{"type":"Feature","properties":{"mvt_id":13968325562,"subclass":"forest","class":"wood"},"geometry":{"type":"MultiPolygon","coordinates":[[[[4.915024638175964,52.36675283056108],[4.915067553520203,52.36673972840144],[4.915067553520203,52.36672007515468],[4.915035367012024,52.36670697298532],[4.914997816085815,52.36671679961271],[4.914997816085815,52.36673972840144],[4.915024638175964,52.36675283056108]]]]}},{"type":"Feature","properties":{"mvt_id":13968325572,"subclass":"forest","class":"wood"},"geometry":{"type":"MultiPolygon","coordinates":[[[[4.91514265537262,52.36683799450406],[4.915148019790649,52.36681506576633],[4.9151211977005005,52.36680196362515],[4.915083646774292,52.36680851469622],[4.915072917938232,52.36683144343735],[4.915099740028381,52.36684454556979],[4.91514265537262,52.36683799450406]]]]}},{"type":"Feature","properties":{"mvt_id":13968325582,"subclass":"grass","class":"grass"},"geometry":{"type":"MultiPolygon","coordinates":[[[[4.915164113044739,52.36672990177915],[4.915164113044739,52.36676920825517],[4.9154967069625854,52.366664390908056],[4.915528893470764,52.366664390908056],[4.915689826011658,52.36673317732016],[4.915700554847717,52.36672990177915],[4.915700554847717,52.36669714635575],[4.915652275085449,52.366684044179586],[4.915577173233032,52.3666316354361],[4.915534257888794,52.36662508433878],[4.915485978126526,52.36663818653243],[4.915459156036377,52.3666316354361],[4.915448427200317,52.36660215549055],[4.915459156036377,52.36657922663042],[4.91538405418396,52.36660215549055],[4.915400147438049,52.366644737627794],[4.915260672569275,52.366687319723994],[4.915233850479126,52.36667749309006],[4.915190935134888,52.36669387081208],[4.915190935134888,52.36672990177915],[4.915164113044739,52.36672990177915]]]]}},{"type":"Feature","properties":{"mvt_id":13968325592,"subclass":"grass","class":"grass"},"geometry":{"type":"MultiPolygon","coordinates":[[[[4.915502071380615,52.366703697442375],[4.915534257888794,52.366746279481745],[4.915555715560913,52.36675283056108],[4.915593266487122,52.36673972840144],[4.915502071380615,52.366703697442375]]]]}},{"type":"Feature","properties":{"mvt_id":13968325602,"subclass":"grass","class":"grass"},"geometry":{"type":"MultiPolygon","coordinates":[[[[4.915400147438049,52.36673317732016],[4.9152714014053345,52.36677248379326],[4.915362596511841,52.3667921370167],[4.915416240692139,52.36678558594319],[4.915437698364258,52.36677248379326],[4.915400147438049,52.36673317732016]]]]}},{"type":"Feature","properties":{"mvt_id":13968325612,"subclass":"scrub","class":"grass"},"geometry":{"type":"MultiPolygon","coordinates":[[[[4.915351867675781,52.36683799450406],[4.915282130241394,52.36681834130102],[4.915217757225037,52.366828167903634],[4.915400147438049,52.36689040300275],[4.915528893470764,52.36684454556979],[4.915507435798645,52.366834718970814],[4.915534257888794,52.36680851469622],[4.915528893470764,52.3667921370167],[4.9154967069625854,52.36678886148007],[4.915400147438049,52.366834718970814],[4.915351867675781,52.36683799450406]]]]}},{"type":"Feature","properties":{"mvt_id":13968325622,"subclass":"forest","class":"wood"},"geometry":{"type":"MultiPolygon","coordinates":[[[[4.915405511856079,52.36653664443003],[4.915432333946228,52.3665497466499],[4.915432333946228,52.36656939997243],[4.915459156036377,52.36657922663042],[4.915448427200317,52.36660215549055],[4.915459156036377,52.3666316354361],[4.915485978126526,52.36663818653243],[4.915534257888794,52.36662508433878],[4.915577173233032,52.3666316354361],[4.915652275085449,52.366684044179586],[4.915700554847717,52.36669714635575],[4.915738105773926,52.36667749309006],[4.915743470191956,52.366644737627794],[4.915738105773926,52.366628359887564],[4.915722012519836,52.366628359887564],[4.915711283683777,52.36662180878976],[4.915711283683777,52.36659887993983],[4.9156951904296875,52.36658577773452],[4.9156951904296875,52.366575951078],[4.915652275085449,52.36656939997243],[4.915614724159241,52.36658250218259],[4.915577173233032,52.36657922663042],[4.915534257888794,52.3665497466499],[4.915528893470764,52.36653991998536],[4.915491342544556,52.366507164421094],[4.915405511856079,52.36653664443003]]]]}},{"type":"Feature","properties":{"mvt_id":13968325632,"subclass":"forest","class":"wood"},"geometry":{"type":"MultiPolygon","coordinates":[[[[4.915223121643066,52.36663491098438],[4.915233850479126,52.36667749309006],[4.915260672569275,52.366687319723994],[4.915400147438049,52.366644737627794],[4.91538405418396,52.36660215549055],[4.915330410003662,52.366618533240505],[4.915308952331543,52.36660870659126],[4.915223121643066,52.36663491098438]]]]}},{"type":"Feature","properties":{"mvt_id":13968325642,"subclass":"forest","class":"wood"},"geometry":{"type":"MultiPolygon","coordinates":[[[[4.915507435798645,52.366834718970814],[4.915528893470764,52.36684454556979],[4.915561079978943,52.36685437216658],[4.91563618183136,52.36683144343735],[4.91563618183136,52.36677903486872],[4.915663003921509,52.36676593271684],[4.915593266487122,52.36673972840144],[4.915555715560913,52.36675283056108],[4.915534257888794,52.366746279481745],[4.915437698364258,52.36677248379326],[4.915416240692139,52.36678558594319],[4.915362596511841,52.3667921370167],[4.9152714014053345,52.36677248379326],[4.9151962995529175,52.36679868808923],[4.915217757225037,52.366828167903634],[4.915282130241394,52.36681834130102],[4.915351867675781,52.36683799450406],[4.915400147438049,52.366834718970814],[4.9154967069625854,52.36678886148007],[4.915528893470764,52.3667921370167],[4.915534257888794,52.36680851469622],[4.915507435798645,52.366834718970814]]]]}},{"type":"Feature","properties":{"mvt_id":13989364732,"subclass":"grass","class":"grass"},"geometry":{"type":"MultiPolygon","coordinates":[[[[4.916945099830627,52.365616203758535],[4.9169933795928955,52.365622755005454],[4.9170684814453125,52.36560310126178],[4.917079210281372,52.365593274386676],[4.917014837265015,52.36551793493819],[4.9169933795928955,52.365501556780224],[4.916971921920776,52.36549828114789],[4.91689145565033,52.36552448619968],[4.91688072681427,52.36553758871975],[4.91688072681427,52.365550691235924],[4.916945099830627,52.365616203758535]]]]}},{"type":"Feature","properties":{"mvt_id":13989364742,"subclass":"grass","class":"grass"},"geometry":{"type":"MultiPolygon","coordinates":[[[[4.916349649429321,52.36618615860604],[4.916408658027649,52.36618615860604],[4.916526675224304,52.366182883024464],[4.916532039642334,52.366169780695785],[4.916430115699768,52.366107544581475],[4.916408658027649,52.36608133987554],[4.91639256477356,52.36601255244849],[4.916403293609619,52.36596341850645],[4.91637647151947,52.365953591711495],[4.9161940813064575,52.365983072089826],[4.916172623634338,52.365996174473885],[4.916172623634338,52.36600927685406],[4.916322827339172,52.36617960744267],[4.916349649429321,52.36618615860604]]]]}},{"type":"Feature","properties":{"mvt_id":13989364752,"subclass":"scrub","class":"grass"},"geometry":{"type":"MultiPolygon","coordinates":[[[[4.917041659355164,52.365933938115006],[4.9169933795928955,52.36591100890805],[4.916907548904419,52.36591428450977],[4.916982650756836,52.36597979649321],[4.916998744010925,52.3659863476862],[4.917036294937134,52.365983072089826],[4.917041659355164,52.365933938115006]]]]}},{"type":"Feature","properties":{"mvt_id":13989364762,"subclass":"scrub","class":"grass"},"geometry":{"type":"MultiPolygon","coordinates":[[[[4.916896820068359,52.36582584317804],[4.916837811470032,52.36582584317804],[4.916848540306091,52.365848772429196],[4.91689145565033,52.365894630895795],[4.9169933795928955,52.365891355292625],[4.916966557502747,52.365858599247474],[4.916934370994568,52.36583894560873],[4.916896820068359,52.36582584317804]]]]}},{"type":"Feature","properties":{"mvt_id":13989364772,"subclass":"scrub","class":"grass"},"geometry":{"type":"MultiPolygon","coordinates":[[[[4.916902184486389,52.36577998464003],[4.9168860912323,52.365747228512305],[4.916864633560181,52.36574067728384],[4.916789531707764,52.365776709028346],[4.916784167289734,52.36579308708432],[4.9167948961257935,52.36580291391498],[4.916821718215942,52.365806189524726],[4.916902184486389,52.36577998464003]]]]}},{"type":"Feature","properties":{"mvt_id":13989364782,"subclass":"scrub","class":"grass"},"geometry":{"type":"MultiPolygon","coordinates":[[[[4.9169933795928955,52.36567188932637],[4.916971921920776,52.36568826742119],[4.917116761207581,52.365681716184],[4.917170405387878,52.36565878684613],[4.917245507240295,52.365668613706674],[4.917304515838623,52.36565878684613],[4.9173688888549805,52.365684991802716],[4.917395710945129,52.36573740166925],[4.91737961769104,52.36577343341643],[4.917331337928772,52.36582256756976],[4.917277693748474,52.365858599247474],[4.917207956314087,52.3658880796892],[4.917207956314087,52.36592083571249],[4.9172186851501465,52.365953591711495],[4.917207956314087,52.365976520896346],[4.917084574699402,52.36600600125938],[4.917111396789551,52.366022379230344],[4.917154312133789,52.36602893041702],[4.917202591896057,52.36601910363664],[4.917256236076355,52.36600600125938],[4.917325973510742,52.36596341850645],[4.9174171686172485,52.36576360657919],[4.917422533035278,52.36569154303944],[4.917406439781189,52.36566533808673],[4.91737961769104,52.36564895998341],[4.917347431182861,52.36563585749637],[4.917299151420593,52.36562603062855],[4.917240142822266,52.36562603062855],[4.917041659355164,52.365655511225455],[4.9169933795928955,52.36567188932637]]]]}},{"type":"Feature","properties":{"mvt_id":13989364792,"subclass":"grass","class":"grass"},"geometry":{"type":"MultiPolygon","coordinates":[[[[4.9169933795928955,52.365891355292625],[4.917095303535461,52.36583239439387],[4.917079210281372,52.365819291961245],[4.917106032371521,52.36580946513421],[4.917100667953491,52.365806189524726],[4.917175769805908,52.36577998464003],[4.917181134223938,52.36578326025147],[4.917213320732117,52.36577343341643],[4.917256236076355,52.36581601635247],[4.917224049568176,52.36582584317804],[4.917229413986206,52.36582911878608],[4.917154312133789,52.365855323641625],[4.917148947715759,52.36585204803553],[4.91712212562561,52.36586187485308],[4.917111396789551,52.365848772429196],[4.9169933795928955,52.36591100890805],[4.917041659355164,52.365933938115006],[4.917036294937134,52.365983072089826],[4.917084574699402,52.36600600125938],[4.917207956314087,52.365976520896346],[4.9172186851501465,52.365953591711495],[4.917207956314087,52.36592083571249],[4.917207956314087,52.3658880796892],[4.917277693748474,52.365858599247474],[4.917331337928772,52.36582256756976],[4.91737961769104,52.36577343341643],[4.917395710945129,52.36573740166925],[4.9173688888549805,52.365684991802716],[4.917304515838623,52.36565878684613],[4.917245507240295,52.365668613706674],[4.917170405387878,52.36565878684613],[4.917116761207581,52.365681716184],[4.916971921920776,52.36568826742119],[4.9168860912323,52.365747228512305],[4.916902184486389,52.36577998464003],[4.916821718215942,52.365806189524726],[4.916837811470032,52.36582584317804],[4.916896820068359,52.36582584317804],[4.916934370994568,52.36583894560873],[4.916966557502747,52.365858599247474],[4.9169933795928955,52.365891355292625]]]]}},{"type":"Feature","properties":{"mvt_id":13989364802,"subclass":"scrub","class":"grass"},"geometry":{"type":"MultiPolygon","coordinates":[[[[4.916537404060364,52.36591100890805],[4.916564226150513,52.365891355292625],[4.916548132896423,52.36588480408553],[4.916478395462036,52.36594704051364],[4.916440844535828,52.36601255244849],[4.916446208953857,52.36604203278748],[4.916462302207947,52.36607806428621],[4.916483759880066,52.366104268994086],[4.916526675224304,52.366127198100735],[4.91663932800293,52.36618615860604],[4.9166929721832275,52.36620253651021],[4.916805624961853,52.3662221899872],[4.916864633560181,52.36622546556585],[4.916950464248657,52.366205812090314],[4.917025566101074,52.36617960744267],[4.9170684814453125,52.366156678363225],[4.917095303535461,52.366127198100735],[4.917095303535461,52.366104268994086],[4.917079210281372,52.36607806428621],[4.917009472846985,52.36604203278748],[4.916929006576538,52.366022379230344],[4.916939735412598,52.366032206010004],[4.916982650756836,52.36604530837949],[4.917020201683044,52.36606168633588],[4.9170684814453125,52.366104268994086],[4.917073845863342,52.366120646928614],[4.917036294937134,52.36615995394672],[4.916977286338806,52.36618615860604],[4.916912913322449,52.36620253651021],[4.9168431758880615,52.3662123632498],[4.916789531707764,52.36620908767017],[4.916725158691406,52.36619926092986],[4.916660785675049,52.36617960744267],[4.916601777076721,52.366156678363225],[4.916510581970215,52.366100993406455],[4.916483759880066,52.36607478869663],[4.916467666625977,52.36604858397125],[4.916467666625977,52.36601910363664],[4.916483759880066,52.36596341850645],[4.916537404060364,52.36591100890805]]]]}},{"type":"Feature","properties":{"mvt_id":14081419042,"subclass":"scrub","class":"grass"},"geometry":{"type":"MultiPolygon","coordinates":[[[[4.913919568061829,52.36646785771191],[4.913935661315918,52.366471133272356],[4.913951754570007,52.36646458215124],[4.913962483406067,52.36645475546775],[4.913951754570007,52.36643837765708],[4.913930296897888,52.36643510209422],[4.913914203643799,52.36643837765708],[4.913903474807739,52.36645475546775],[4.913919568061829,52.36646785771191]]]]}},{"type":"Feature","properties":{"mvt_id":14081419062,"subclass":"grass","class":"grass"},"geometry":{"type":"MultiPolygon","coordinates":[[[[4.914214611053467,52.3661173713422],[4.914236068725586,52.36614357602677],[4.914230704307556,52.36606496192644],[4.914209246635437,52.366025654823815],[4.914177060127258,52.36600272566446],[4.914118051528931,52.36599289887823],[4.914059042930603,52.365996174473885],[4.914042949676514,52.36601910363664],[4.914042949676514,52.366068237516735],[4.914069771766663,52.36608789105348],[4.914101958274841,52.36609771781857],[4.914177060127258,52.366100993406455],[4.914214611053467,52.3661173713422]]]]}},{"type":"Feature","properties":{"mvt_id":14081419082,"subclass":"scrub","class":"grass"},"geometry":{"type":"MultiPolygon","coordinates":[[[[4.91437554359436,52.36630735495314],[4.914354085922241,52.366261496914966],[4.914278984069824,52.366327008383514],[4.914423823356628,52.366333559525025],[4.91437554359436,52.36630735495314]]]]}},{"type":"Feature","properties":{"mvt_id":14081419092,"subclass":"scrub","class":"grass"},"geometry":{"type":"MultiPolygon","coordinates":[[[[4.914069771766663,52.36636631521801],[4.914107322692871,52.36635648851266],[4.914085865020752,52.36634011066556],[4.9139732122421265,52.36630735495314],[4.913930296897888,52.36628770151404],[4.91388201713562,52.3662483946096],[4.913812279701233,52.366271323641435],[4.913855195045471,52.36632045724103],[4.913849830627441,52.36632373281239],[4.913924932479858,52.36634993737456],[4.913978576660156,52.3663630396498],[4.914032220840454,52.366369590785965],[4.914069771766663,52.36636631521801]]]]}},{"type":"Feature","properties":{"mvt_id":14081419102,"subclass":"scrub","class":"grass"},"geometry":{"type":"MultiPolygon","coordinates":[[[[4.914150238037109,52.36632373281239],[4.914160966873169,52.36633683509542],[4.914241433143616,52.36630735495314],[4.914295077323914,52.366264772490695],[4.914354085922241,52.36619598534926],[4.914364814758301,52.366169780695785],[4.9142467975616455,52.366169780695785],[4.914262890815735,52.36619926092986],[4.914252161979675,52.3662221899872],[4.914230704307556,52.3662483946096],[4.914177060127258,52.36628115036572],[4.914150238037109,52.366300803807746],[4.914150238037109,52.36632373281239]]]]}},{"type":"Feature","properties":{"mvt_id":14081419112,"subclass":"forest","class":"wood"},"geometry":{"type":"MultiPolygon","coordinates":[[[[4.91364061832428,52.36591756011126],[4.913753271102905,52.36604203278748],[4.913780093193054,52.365966694104294],[4.913844466209412,52.36593066251474],[4.913914203643799,52.36591756011126],[4.914010763168335,52.36592411131348],[4.914053678512573,52.36594376491434],[4.914069771766663,52.365956867310054],[4.914069771766663,52.36596996970188],[4.914059042930603,52.365996174473885],[4.914118051528931,52.36599289887823],[4.914177060127258,52.36600272566446],[4.914209246635437,52.366025654823815],[4.914230704307556,52.36606496192644],[4.914327263832092,52.36606496192644],[4.914327263832092,52.3661173713422],[4.914230704307556,52.3661173713422],[4.9142467975616455,52.366169780695785],[4.914364814758301,52.366169780695785],[4.91437554359436,52.36613702485708],[4.914370179176331,52.365983072089826],[4.914268255233765,52.365983072089826],[4.914214611053467,52.365976520896346],[4.9141716957092285,52.365960142908385],[4.914150238037109,52.36594376491434],[4.91413414478302,52.36592083571249],[4.914107322692871,52.365855323641625],[4.914112687110901,52.36583239439387],[4.91413950920105,52.365806189524726],[4.914177060127258,52.36578326025147],[4.914214611053467,52.36577343341643],[4.914343357086182,52.36576688219185],[4.9143970012664795,52.365776709028346],[4.914445281028748,52.36579308708432],[4.914456009864807,52.36576033096631],[4.91437554359436,52.36567188932637],[4.91364061832428,52.36591756011126]]]]}},{"type":"Feature","properties":{"mvt_id":14082574342,"subclass":"forest","class":"wood"},"geometry":{"type":"MultiPolygon","coordinates":[[[[4.915335774421692,52.36643510209422],[4.915330410003662,52.36641544871195],[4.915357232093811,52.36639907088671],[4.915351867675781,52.36636631521801],[4.915400147438049,52.36634993737456],[4.915475249290466,52.36635976408135],[4.915566444396973,52.36644492878208],[4.915663003921509,52.36640562201753],[4.915679097175598,52.3663925197549],[4.915679097175598,52.3663826930554],[4.915603995323181,52.36630735495314],[4.915566444396973,52.36624511903264],[4.915539622306824,52.36622874114426],[4.915523529052734,52.36622546556585],[4.9154698848724365,52.366241843455455],[4.915485978126526,52.366271323641435],[4.9153733253479,52.36630735495314],[4.915341138839722,52.36628442594001],[4.915314316749573,52.366294252661376],[4.915314316749573,52.36634011066556],[4.915325045585632,52.3663630396498],[4.915298223495483,52.36640562201753],[4.915308952331543,52.36642855096776],[4.915335774421692,52.36643510209422]]]]}},{"type":"Feature","properties":{"mvt_id":14082574352,"subclass":"forest","class":"wood"},"geometry":{"type":"MultiPolygon","coordinates":[[[[4.915459156036377,52.36643510209422],[4.915426969528198,52.36644492878208],[4.915426969528198,52.366461306590324],[4.915443062782288,52.3664809599522],[4.915464520454407,52.36648751107088],[4.915518164634705,52.36646785771191],[4.915491342544556,52.36644492878208],[4.915459156036377,52.36643510209422]]]]}},{"type":"Feature","properties":{"mvt_id":14082574362,"subclass":"sand","class":"sand"},"geometry":{"type":"MultiPolygon","coordinates":[[[[4.915663003921509,52.36653664443003],[4.915679097175598,52.36653664443003],[4.915679097175598,52.366503888863335],[4.915652275085449,52.36649406218859],[4.9156200885772705,52.366507164421094],[4.915587902069092,52.36649406218859],[4.915582537651062,52.36646785771191],[4.915566444396973,52.36644492878208],[4.915475249290466,52.36635976408135],[4.915400147438049,52.36634993737456],[4.915351867675781,52.36636631521801],[4.915357232093811,52.36639907088671],[4.915330410003662,52.36641544871195],[4.915335774421692,52.36643510209422],[4.9153733253479,52.3664416532197],[4.915400147438049,52.36643182653112],[4.915426969528198,52.36644492878208],[4.915459156036377,52.36643510209422],[4.915491342544556,52.36644492878208],[4.915534257888794,52.36648751107088],[4.915491342544556,52.36650061330533],[4.915528893470764,52.36653991998536],[4.915534257888794,52.3665497466499],[4.915577173233032,52.36657922663042],[4.915614724159241,52.36658250218259],[4.915652275085449,52.36656939997243],[4.915663003921509,52.36653664443003]]]]}},{"type":"Feature","properties":{"mvt_id":14082574382,"subclass":"forest","class":"wood"},"geometry":{"type":"MultiPolygon","coordinates":[[[[4.915759563446045,52.36659887993983],[4.915781021118164,52.36661198214125],[4.915807843208313,52.36660870659126],[4.915813207626343,52.36659232883767],[4.915791749954224,52.36658250218259],[4.915764927864075,52.36658577773452],[4.915759563446045,52.36659887993983]]]]}},{"type":"Feature","properties":{"mvt_id":14082574392,"subclass":"forest","class":"wood"},"geometry":{"type":"MultiPolygon","coordinates":[[[[4.915732741355896,52.36642199984035],[4.915700554847717,52.36641544871195],[4.91563081741333,52.3664416532197],[4.9156254529953,52.366451479906104],[4.91563081741333,52.366461306590324],[4.915652275085449,52.366474408832545],[4.915727376937866,52.36649406218859],[4.915759563446045,52.36651043997861],[4.915834665298462,52.36656284886589],[4.9158775806427,52.36657267552534],[4.9158936738967896,52.36656939997243],[4.915904402732849,52.36655957331226],[4.915818572044373,52.3664809599522],[4.915732741355896,52.36642199984035]]]]}},{"type":"Feature","properties":{"mvt_id":14082574412,"subclass":"forest","class":"wood"},"geometry":{"type":"MultiPolygon","coordinates":[[[[4.915786385536194,52.36546880044605],[4.9159204959869385,52.36551793493819],[4.915931224822998,52.36549500551532],[4.915925860404968,52.365485178616176],[4.915904402732849,52.365472076080565],[4.915861487388611,52.36545897354106],[4.915823936462402,52.36545897354106],[4.915786385536194,52.36546880044605]]]]}},{"type":"Feature","properties":{"mvt_id":14082574442,"subclass":"bare_rock","class":"rock"},"geometry":{"type":"MultiPolygon","coordinates":[[[[4.915260672569275,52.365655511225455],[4.915566444396973,52.36566533808673],[4.915609359741211,52.365622755005454],[4.915432333946228,52.36557689625663],[4.9153465032577515,52.36561947938211],[4.915260672569275,52.365655511225455]]]]}},{"type":"Feature","properties":{"mvt_id":14082574452,"subclass":"grass","class":"grass"},"geometry":{"type":"MultiPolygon","coordinates":[[[[4.915598630905151,52.365547415607246],[4.915566444396973,52.36559655001196],[4.9156200885772705,52.36560965251064],[4.91563618183136,52.365599825636984],[4.9157702922821045,52.36563585749637],[4.915807843208313,52.36560965251064],[4.915823936462402,52.36558672313539],[4.915813207626343,52.365547415607246],[4.915786385536194,52.365521210569064],[4.915743470191956,52.36551793493819],[4.915722012519836,52.36552776183006],[4.915652275085449,52.36551465930709],[4.915598630905151,52.365547415607246]]]]}},{"type":"Feature","properties":{"mvt_id":14082574462,"subclass":"scrub","class":"grass"},"geometry":{"type":"MultiPolygon","coordinates":[[[[4.915459156036377,52.36556379374822],[4.915566444396973,52.36559655001196],[4.915598630905151,52.365547415607246],[4.915652275085449,52.36551465930709],[4.915609359741211,52.365501556780224],[4.915523529052734,52.36552776183006],[4.915459156036377,52.36556379374822]]]]}},{"type":"Feature","properties":{"mvt_id":14082574472,"subclass":"scrub","class":"grass"},"geometry":{"type":"MultiPolygon","coordinates":[[[[4.915807843208313,52.36560965251064],[4.9157702922821045,52.36563585749637],[4.915807843208313,52.36564895998341],[4.915899038314819,52.365593274386676],[4.915931224822998,52.36556379374822],[4.915802478790283,52.36551465930709],[4.915786385536194,52.365521210569064],[4.915813207626343,52.365547415607246],[4.915823936462402,52.36558672313539],[4.915807843208313,52.36560965251064]]]]}},{"type":"Feature","properties":{"mvt_id":14082574492,"subclass":"grass","class":"grass"},"geometry":{"type":"MultiPolygon","coordinates":[[[[4.915335774421692,52.365789811473604],[4.915351867675781,52.36582256756976],[4.9156200885772705,52.36579636269478],[4.91564154624939,52.36576033096631],[4.915705919265747,52.36568826742119],[4.915432333946228,52.365684991802716],[4.9153465032577515,52.36575050412617],[4.915335774421692,52.365789811473604]]]]}},{"type":"Feature","properties":{"mvt_id":14082574502,"subclass":"scrub","class":"grass"},"geometry":{"type":"MultiPolygon","coordinates":[[[[4.9153465032577515,52.36575050412617],[4.915432333946228,52.365684991802716],[4.915249943733215,52.36567844056503],[4.915351867675781,52.36586842606357],[4.915367960929871,52.36586515045845],[4.915341138839722,52.36582256756976],[4.915351867675781,52.36582256756976],[4.915335774421692,52.365789811473604],[4.9153465032577515,52.36575050412617]]]]}},{"type":"Feature","properties":{"mvt_id":14082574512,"subclass":"scrub","class":"grass"},"geometry":{"type":"MultiPolygon","coordinates":[[[[4.91563081741333,52.36579308708432],[4.915614724159241,52.365845496822615],[4.915727376937866,52.36583894560873],[4.915743470191956,52.36575705535317],[4.915775656700134,52.36569481865743],[4.915705919265747,52.36568826742119],[4.915689826011658,52.36570464550995],[4.9156200885772705,52.36579636269478],[4.91563081741333,52.36579308708432]]]]}},{"type":"Feature","properties":{"mvt_id":14082574522,"subclass":"forest","class":"wood"},"geometry":{"type":"MultiPolygon","coordinates":[[[[4.9155449867248535,52.365904457703884],[4.915437698364258,52.36590118210143],[4.915443062782288,52.36591756011126],[4.915534257888794,52.36592083571249],[4.9155449867248535,52.365904457703884]]]]}},{"type":"Feature","properties":{"mvt_id":14082574532,"subclass":"forest","class":"wood"},"geometry":{"type":"MultiPolygon","coordinates":[[[[4.915797114372253,52.36668076863494],[4.915797114372253,52.36670042189918],[4.915829300880432,52.36671024852803],[4.915856122970581,52.36669714635575],[4.915856122970581,52.36667749309006],[4.915823936462402,52.366670941999544],[4.915797114372253,52.36668076863494]]]]}},{"type":"Feature","properties":{"mvt_id":14082574542,"subclass":"forest","class":"wood"},"geometry":{"type":"MultiPolygon","coordinates":[[[[4.916027784347534,52.3667921370167],[4.916092157363892,52.36677575933111],[4.9159687757492065,52.36663818653243],[4.915925860404968,52.366657839815616],[4.915904402732849,52.36668076863494],[4.915899038314819,52.366703697442375],[4.915909767150879,52.36673317732016],[4.915936589241028,52.366762657178256],[4.915979504585266,52.36678558594319],[4.916027784347534,52.3667921370167]]]]}},{"type":"Feature","properties":{"mvt_id":14082574552,"subclass":"forest","class":"wood"},"geometry":{"type":"MultiPolygon","coordinates":[[[[4.915153384208679,52.36691333170137],[4.915212392807007,52.366900229589326],[4.915190935134888,52.36687402535358],[4.91514265537262,52.36683799450406],[4.915099740028381,52.36684454556979],[4.9151211977005005,52.366883851943804],[4.915153384208679,52.36691333170137]]]]}},{"type":"Feature","properties":{"mvt_id":14082574562,"subclass":"forest","class":"wood"},"geometry":{"type":"MultiPolygon","coordinates":[[[[4.915303587913513,52.36691333170137],[4.9152714014053345,52.36692643380953],[4.915266036987305,52.36694936248946],[4.915335774421692,52.3669788422033],[4.915464520454407,52.36694281143926],[4.915459156036377,52.36692315828285],[4.915437698364258,52.36691333170137],[4.9153947830200195,52.36692315828285],[4.9153733253479,52.36691333170137],[4.915341138839722,52.36692315828285],[4.915303587913513,52.36691333170137]]]]}},{"type":"Feature","properties":{"mvt_id":14082574572,"subclass":"forest","class":"wood"},"geometry":{"type":"MultiPolygon","coordinates":[[[[4.914155602455139,52.366657839815616],[4.914230704307556,52.36664146208024],[4.914160966873169,52.36653009331863],[4.914150238037109,52.366471133272356],[4.914160966873169,52.36642199984035],[4.91413950920105,52.366389244188646],[4.9140965938568115,52.36640234645223],[4.914069771766663,52.36642199984035],[4.9140483140945435,52.36644492878208],[4.914037585258484,52.366471133272356],[4.914042949676514,52.3665497466499],[4.914112687110901,52.36665456426903],[4.914155602455139,52.366657839815616]]]]}},{"type":"Feature","properties":{"mvt_id":14082574582,"subclass":"forest","class":"wood"},"geometry":{"type":"MultiPolygon","coordinates":[[[[4.914584755897522,52.366834718970814],[4.914659857749939,52.36681179023139],[4.91463303565979,52.3667921370167],[4.914579391479492,52.36677575933111],[4.914482831954956,52.36677575933111],[4.914429187774658,52.36676920825517],[4.914359450340271,52.36673972840144],[4.914284348487854,52.36669714635575],[4.914230704307556,52.36671679961271],[4.914203882217407,52.36675938163945],[4.914225339889526,52.36678231040607],[4.914262890815735,52.36679541255309],[4.9144721031188965,52.36683144343735],[4.914584755897522,52.366834718970814]]]]}},{"type":"Feature","properties":{"mvt_id":14082574592,"subclass":"forest","class":"wood"},"geometry":{"type":"MultiPolygon","coordinates":[[[[4.915110468864441,52.367142618033085],[4.915341138839722,52.36706400571057],[4.915325045585632,52.36703780157197],[4.915287494659424,52.36701159741783],[4.915153384208679,52.36695918906292],[4.915115833282471,52.366936260388094],[4.915056824684143,52.3668871274734],[4.914917349815369,52.36681834130102],[4.9148476123809814,52.36680196362515],[4.914783239364624,52.36681179023139],[4.9147725105285645,52.366821616835466],[4.914831519126892,52.36681834130102],[4.91487443447113,52.36682489236968],[4.914928078651428,52.36684454556979],[4.914981722831726,52.36687730088391],[4.914997816085815,52.366903505117705],[4.915003180503845,52.36692315828285],[4.914992451667786,52.36694281143926],[4.914976358413696,52.36696246458692],[4.914981722831726,52.367027975015986],[4.914992451667786,52.36704762812576],[4.915056824684143,52.367103311889316],[4.915067553520203,52.36712624047743],[4.915089011192322,52.367116413941126],[4.915110468864441,52.367142618033085]]]]}},{"type":"Feature","properties":{"mvt_id":14082574602,"subclass":"forest","class":"wood"},"geometry":{"type":"MultiPolygon","coordinates":[[[[4.914799332618713,52.36725726075268],[4.914793968200684,52.36725070974815],[4.914810061454773,52.36724415874264],[4.914793968200684,52.36722778122462],[4.914777874946594,52.36722778122462],[4.914713501930237,52.367208128195],[4.91462767124176,52.36713279150043],[4.914525747299194,52.367142618033085],[4.914509654045105,52.36708038328929],[4.914482831954956,52.36707710777403],[4.914429187774658,52.36709020983361],[4.91437554359436,52.36709348534791],[4.914343357086182,52.36709020983361],[4.914327263832092,52.36707383225853],[4.914327263832092,52.367057454677365],[4.914343357086182,52.36704435260807],[4.9143970012664795,52.36701814845782],[4.914423823356628,52.36701159741783],[4.914525747299194,52.36702469949684],[4.914579391479492,52.36700504637687],[4.9145954847335815,52.36697556668051],[4.914579391479492,52.36692315828285],[4.914611577987671,52.366900229589326],[4.914681315422058,52.36687730088391],[4.914692044258118,52.3668478211023],[4.914675951004028,52.36685437216658],[4.914536476135254,52.36687402535358],[4.914434552192688,52.36689695406071],[4.914359450340271,52.366946086964475],[4.9142467975616455,52.36704762812576],[4.914182424545288,52.36708365880431],[4.914182424545288,52.367122964965574],[4.914252161979675,52.36721140370055],[4.914305806159973,52.367240883239525],[4.914402365684509,52.367260536254584],[4.914531111717224,52.36724743424552],[4.914777874946594,52.36726708725765],[4.914799332618713,52.36725726075268]]]]}},{"type":"Feature","properties":{"mvt_id":14091737302,"subclass":"forest","class":"wood"},"geometry":{"type":"MultiPolygon","coordinates":[[[[4.913753271102905,52.36604203278748],[4.913721084594727,52.36600600125938],[4.913688898086548,52.36607478869663],[4.913688898086548,52.3661173713422],[4.913699626922607,52.36613702485708],[4.913737177848816,52.36617960744267],[4.913763999938965,52.366182883024464],[4.913806915283203,52.366169780695785],[4.913769364356995,52.3661239225148],[4.913753271102905,52.36604203278748]]]]}},{"type":"Feature","properties":{"mvt_id":14092880602,"subclass":"scrub","class":"grass"},"geometry":{"type":"MultiPolygon","coordinates":[[[[4.917148947715759,52.3650265875577],[4.917229413986206,52.364997106541104],[4.917213320732117,52.36498072819005],[4.917181134223938,52.36496434983291],[4.9171382188797,52.36496107416075],[4.917100667953491,52.364974176847916],[4.917148947715759,52.3650265875577]]]]}},{"type":"Feature","properties":{"mvt_id":14092880612,"subclass":"scrub","class":"grass"},"geometry":{"type":"MultiPolygon","coordinates":[[[[4.91689145565033,52.36508227386873],[4.916923642158508,52.365115030489484],[4.916988015174866,52.36509210085751],[4.916934370994568,52.365036414558865],[4.916902184486389,52.365056068554644],[4.91689145565033,52.36506589554924],[4.91689145565033,52.36508227386873]]]]}},{"type":"Feature","properties":{"mvt_id":14092880622,"subclass":"scrub","class":"grass"},"geometry":{"type":"MultiPolygon","coordinates":[[[[4.916741251945496,52.3651117548285],[4.916698336601257,52.365124857470974],[4.916730523109436,52.36516088971774],[4.916741251945496,52.36515761406015],[4.916762709617615,52.36517399234563],[4.916827082633972,52.365147787085945],[4.916784167289734,52.3651117548285],[4.916741251945496,52.3651117548285]]]]}},{"type":"Feature","properties":{"mvt_id":14092880632,"subclass":"scrub","class":"grass"},"geometry":{"type":"MultiPolygon","coordinates":[[[[4.916489124298096,52.36524933238065],[4.916505217552185,52.36526571063214],[4.916596412658691,52.3652362297751],[4.916580319404602,52.365216575859485],[4.916585683822632,52.36521330020602],[4.916548132896423,52.36517726800201],[4.916505217552185,52.36520019758978],[4.916483759880066,52.365223127165656],[4.916489124298096,52.36524933238065]]]]}},{"type":"Feature","properties":{"mvt_id":14092880652,"subclass":"flowerbed","class":"grass"},"geometry":{"type":"MultiPolygon","coordinates":[[[[4.917041659355164,52.36531812099607],[4.917052388191223,52.36532139664175],[4.917063117027283,52.36531156970398],[4.917004108428955,52.36525260803144],[4.916988015174866,52.36525260803144],[4.916982650756836,52.36525915933227],[4.917041659355164,52.36531812099607]]]]}},{"type":"Feature","properties":{"mvt_id":14092880662,"subclass":"flowerbed","class":"grass"},"geometry":{"type":"MultiPolygon","coordinates":[[[[4.916923642158508,52.365196921935116],[4.916934370994568,52.36520019758978],[4.916945099830627,52.36519037062506],[4.9168860912323,52.36513140879075],[4.9168699979782104,52.36513140879075],[4.916864633560181,52.36513796010956],[4.916923642158508,52.365196921935116]]]]}},{"type":"Feature","properties":{"mvt_id":14092880672,"subclass":"scrub","class":"grass"},"geometry":{"type":"MultiPolygon","coordinates":[[[[4.916784167289734,52.36543276845042],[4.916703701019287,52.36546224917631],[4.916730523109436,52.36549172988252],[4.916757345199585,52.365501556780224],[4.916810989379883,52.3655048324123],[4.9168431758880615,52.36549828114789],[4.916966557502747,52.36545897354106],[4.917014837265015,52.36542949281299],[4.917036294937134,52.365396736425396],[4.917025566101074,52.365360704370985],[4.917009472846985,52.36534432615473],[4.916966557502747,52.365360704370985],[4.9169933795928955,52.36539018514496],[4.9168431758880615,52.36544587099768],[4.916848540306091,52.3654491466339],[4.916816353797913,52.36546224917631],[4.916784167289734,52.36543276845042]]]]}},{"type":"Feature","properties":{"mvt_id":14092880682,"subclass":"scrub","class":"grass"},"geometry":{"type":"MultiPolygon","coordinates":[[[[4.917454719543457,52.36523295412311],[4.917422533035278,52.365193646280204],[4.917315244674683,52.36522967847086],[4.917347431182861,52.36526243498232],[4.917207956314087,52.36531484535015],[4.917181134223938,52.365288640174015],[4.917111396789551,52.36531156970398],[4.91713285446167,52.365331223577336],[4.917175769805908,52.365354153085214],[4.917240142822266,52.36535087744196],[4.917411804199219,52.365288640174015],[4.917438626289368,52.36527553758011],[4.917454719543457,52.365246056729625],[4.917454719543457,52.36523295412311]]]]}},{"type":"Feature","properties":{"mvt_id":14092880752,"subclass":"grass","class":"grass"},"geometry":{"type":"MultiPolygon","coordinates":[[[[4.916306734085083,52.36543276845042],[4.916274547576904,52.365413114622235],[4.91612434387207,52.3654491466339],[4.916054606437683,52.36547862734885],[4.916022419929504,52.365534313090095],[4.915990233421326,52.36555724249256],[4.916000962257385,52.36556379374822],[4.916022419929504,52.36556379374822],[4.916092157363892,52.36553758871975],[4.916102886199951,52.3655310374602],[4.916108250617981,52.36551465930709],[4.91612434387207,52.36549828114789],[4.916188716888428,52.36546880044605],[4.916263818740845,52.36546880044605],[4.916285276412964,52.36545897354106],[4.916306734085083,52.36544587099768],[4.916306734085083,52.36543276845042]]]]}},{"type":"Feature","properties":{"mvt_id":14092880762,"subclass":"grass","class":"grass"},"geometry":{"type":"MultiPolygon","coordinates":[[[[4.917100667953491,52.36534105051074],[4.917073845863342,52.36534760179846],[4.917063117027283,52.365360704370985],[4.9170684814453125,52.36537053129783],[4.917089939117432,52.36538035822249],[4.917116761207581,52.36537380693964],[4.91712749004364,52.365357428728224],[4.91712212562561,52.36535087744196],[4.917100667953491,52.36534105051074]]]]}},{"type":"Feature","properties":{"mvt_id":14092880792,"subclass":"grass","class":"grass"},"geometry":{"type":"MultiPolygon","coordinates":[[[[4.916827082633972,52.36505279288928],[4.9167948961257935,52.365056068554644],[4.916784167289734,52.36506261988462],[4.916778802871704,52.36507899820532],[4.9167948961257935,52.36509210085751],[4.916827082633972,52.365095376519946],[4.916848540306091,52.36508227386873],[4.916848540306091,52.36506589554924],[4.916827082633972,52.36505279288928]]]]}},{"type":"Feature","properties":{"mvt_id":14092880802,"subclass":"grass","class":"grass"},"geometry":{"type":"MultiPolygon","coordinates":[[[[4.916698336601257,52.36503969022544],[4.916660785675049,52.36503969022544],[4.916526675224304,52.36508882519482],[4.916510581970215,52.3651445114274],[4.916548132896423,52.3651445114274],[4.9167197942733765,52.36508554953189],[4.916735887527466,52.36507244687777],[4.916730523109436,52.365056068554644],[4.916698336601257,52.36503969022544]]]]}},{"type":"Feature","properties":{"mvt_id":14092880812,"subclass":"grass","class":"grass"},"geometry":{"type":"MultiPolygon","coordinates":[[[[4.917079210281372,52.36495779848836],[4.917089939117432,52.36493814444888],[4.9170684814453125,52.36492176607596],[4.916988015174866,52.36492504175103],[4.916837811470032,52.3649774525191],[4.916827082633972,52.3649872795312],[4.916827082633972,52.36500693354883],[4.9168699979782104,52.36502331189017],[4.9169182777404785,52.365016760554354],[4.917079210281372,52.36495779848836]]]]}},{"type":"Feature","properties":{"mvt_id":14092880822,"subclass":"scrub","class":"grass"},"geometry":{"type":"MultiPolygon","coordinates":[[[[4.917481541633606,52.367168822109505],[4.9173420667648315,52.367214679205844],[4.917358160018921,52.36723433223256],[4.917497634887695,52.367188475156624],[4.917481541633606,52.367168822109505]]]]}},{"type":"Feature","properties":{"mvt_id":14092880832,"subclass":"scrub","class":"grass"},"geometry":{"type":"MultiPolygon","coordinates":[[[[4.917299151420593,52.36723105672872],[4.917170405387878,52.36727363825976],[4.917186498641968,52.36729329126025],[4.917315244674683,52.36725070974815],[4.917299151420593,52.36723105672872]]]]}},{"type":"Feature","properties":{"mvt_id":14092880842,"subclass":"scrub","class":"grass"},"geometry":{"type":"MultiPolygon","coordinates":[[[[4.917154312133789,52.36729001576077],[4.91712749004364,52.36729656675948],[4.9171382188797,52.367309668753975],[4.917165040969849,52.36730311775721],[4.917154312133789,52.36729001576077]]]]}},{"type":"Feature","properties":{"mvt_id":14092880852,"subclass":"scrub","class":"grass"},"geometry":{"type":"MultiPolygon","coordinates":[[[[4.917073845863342,52.367312944251985],[4.917041659355164,52.36732277074457],[4.917057752609253,52.36733914822738],[4.917089939117432,52.36732932173843],[4.917073845863342,52.367312944251985]]]]}},{"type":"Feature","properties":{"mvt_id":14092880862,"subclass":"scrub","class":"grass"},"geometry":{"type":"MultiPolygon","coordinates":[[[[4.917004108428955,52.36733587273131],[4.916923642158508,52.36736207669309],[4.916945099830627,52.36738172965423],[4.917020201683044,52.367355525704106],[4.917004108428955,52.36733587273131]]]]}},{"type":"Feature","properties":{"mvt_id":14092880872,"subclass":"scrub","class":"grass"},"geometry":{"type":"MultiPolygon","coordinates":[[[[4.916902184486389,52.36739483162347],[4.9168860912323,52.367375178668155],[4.9167197942733765,52.367430862018836],[4.916735887527466,52.36745051494937],[4.916902184486389,52.36739483162347]]]]}},{"type":"Feature","properties":{"mvt_id":14092880882,"subclass":"scrub","class":"grass"},"geometry":{"type":"MultiPolygon","coordinates":[[[[4.917106032371521,52.36618615860604],[4.916982650756836,52.36624511903264],[4.917014837265015,52.36629097708783],[4.9171382188797,52.36624511903264],[4.917186498641968,52.3662123632498],[4.917250871658325,52.366120646928614],[4.917283058166504,52.366104268994086],[4.917315244674683,52.36609444223045],[4.917347431182861,52.36608789105348],[4.917395710945129,52.366091166642086],[4.917433261871338,52.366107544581475],[4.9174922704696655,52.36607478869663],[4.917465448379517,52.366055135154056],[4.917422533035278,52.36604203278748],[4.9173688888549805,52.366038757195234],[4.917331337928772,52.366038757195234],[4.917245507240295,52.36605185956278],[4.917202591896057,52.366068237516735],[4.917186498641968,52.36607806428621],[4.917175769805908,52.366104268994086],[4.917106032371521,52.36618615860604]]]]}},{"type":"Feature","properties":{"mvt_id":14092880892,"subclass":"forest","class":"wood"},"geometry":{"type":"MultiPolygon","coordinates":[[[[4.916945099830627,52.366313906097574],[4.917014837265015,52.36629097708783],[4.916982650756836,52.36624511903264],[4.91687536239624,52.36628442594001],[4.916864633560181,52.366300803807746],[4.9168699979782104,52.366327008383514],[4.917030930519104,52.36651699109292],[4.917025566101074,52.36651699109292],[4.917047023773193,52.3665464710953],[4.917106032371521,52.36652681776256],[4.917073845863342,52.366490786629846],[4.9170684814453125,52.36643837765708],[4.917030930519104,52.36642855096776],[4.916945099830627,52.366313906097574]]]]}},{"type":"Feature","properties":{"mvt_id":14092880912,"subclass":"scrub","class":"grass"},"geometry":{"type":"MultiPolygon","coordinates":[[[[4.9167680740356445,52.36713934252244],[4.916773438453674,52.36710003637576],[4.916757345199585,52.36710003637576],[4.916757345199585,52.36710986291571],[4.916725158691406,52.36710986291571],[4.9167197942733765,52.367142618033085],[4.916746616363525,52.367145893543494],[4.916751980781555,52.36713934252244],[4.9167680740356445,52.36713934252244]]]]}},{"type":"Feature","properties":{"mvt_id":14092880922,"subclass":"scrub","class":"grass"},"geometry":{"type":"MultiPolygon","coordinates":[[[[4.916853904724121,52.36706073019409],[4.916848540306091,52.36709348534791],[4.916859269142151,52.36709348534791],[4.916864633560181,52.36708693431908],[4.91687536239624,52.36708693431908],[4.91687536239624,52.36706073019409],[4.916853904724121,52.36706073019409]]]]}},{"type":"Feature","properties":{"mvt_id":14092880932,"subclass":"scrub","class":"grass"},"geometry":{"type":"MultiPolygon","coordinates":[[[[4.917041659355164,52.36704107709014],[4.917036294937134,52.36702469949684],[4.917009472846985,52.367027975015986],[4.917009472846985,52.36704762812576],[4.917047023773193,52.367057454677365],[4.917047023773193,52.36708038328929],[4.917057752609253,52.36708038328929],[4.917057752609253,52.36704762812576],[4.917041659355164,52.36704107709014]]]]}},{"type":"Feature","properties":{"mvt_id":14092880952,"subclass":"scrub","class":"grass"},"geometry":{"type":"MultiPolygon","coordinates":[[[[4.917250871658325,52.367208128195],[4.917304515838623,52.36718519964938],[4.917288422584534,52.367181924141896],[4.917288422584534,52.367168822109505],[4.917256236076355,52.367168822109505],[4.917256236076355,52.367188475156624],[4.917234778404236,52.367188475156624],[4.917240142822266,52.36719830167691],[4.917250871658325,52.367208128195]]]]}},{"type":"Feature","properties":{"mvt_id":14092880962,"subclass":"scrub","class":"grass"},"geometry":{"type":"MultiPolygon","coordinates":[[[[4.916515946388245,52.36680196362515],[4.916515946388245,52.36683799450406],[4.9165427684783936,52.36683799450406],[4.9165427684783936,52.366805239160804],[4.916515946388245,52.36680196362515]]]]}},{"type":"Feature","properties":{"mvt_id":14092880972,"subclass":"scrub","class":"grass"},"geometry":{"type":"MultiPolygon","coordinates":[[[[4.916971921920776,52.36681179023139],[4.917009472846985,52.36680851469622],[4.917004108428955,52.36679868808923],[4.916971921920776,52.366805239160804],[4.916971921920776,52.36681179023139]]]]}},{"type":"Feature","properties":{"mvt_id":14092881072,"subclass":"forest","class":"wood"},"geometry":{"type":"MultiPolygon","coordinates":[[[[4.916247725486755,52.366883851943804],[4.916290640830994,52.36687074982302],[4.916274547576904,52.36685109663456],[4.916301369667053,52.36679868808923],[4.917047023773193,52.3665464710953],[4.917025566101074,52.36651699109292],[4.916177988052368,52.366805239160804],[4.916247725486755,52.366883851943804]]]]}},{"type":"Feature","properties":{"mvt_id":14092881082,"subclass":"scrub","class":"grass"},"geometry":{"type":"MultiPolygon","coordinates":[[[[4.916451573371887,52.36707055674278],[4.916451573371887,52.36705417916041],[4.916290640830994,52.36687074982302],[4.916247725486755,52.366883851943804],[4.916414022445679,52.36706400571057],[4.916430115699768,52.36707055674278],[4.916451573371887,52.36707055674278]]]]}},{"type":"Feature","properties":{"mvt_id":14092881092,"subclass":"scrub","class":"grass"},"geometry":{"type":"MultiPolygon","coordinates":[[[[4.916596412658691,52.36707383225853],[4.916596412658691,52.36707710777403],[4.916580319404602,52.36719830167691],[4.916596412658691,52.36719830167691],[4.916596412658691,52.36719175066363],[4.91662323474884,52.36719175066363],[4.91662859916687,52.36713934252244],[4.9166178703308105,52.36712951598905],[4.9166178703308105,52.367116413941126],[4.9166339635849,52.367113138428536],[4.91663932800293,52.36708038328929],[4.91662323474884,52.36708038328929],[4.91662859916687,52.367067281226795],[4.916612505912781,52.367067281226795],[4.916612505912781,52.36707710777403],[4.916596412658691,52.36707383225853]]]]}},{"type":"Feature","properties":{"mvt_id":14092881102,"subclass":"scrub","class":"grass"},"geometry":{"type":"MultiPolygon","coordinates":[[[[4.916585683822632,52.367057454677365],[4.916532039642334,52.367057454677365],[4.916532039642334,52.36707710777403],[4.916585683822632,52.36707710777403],[4.916585683822632,52.367057454677365]]]]}},{"type":"Feature","properties":{"mvt_id":14092881112,"subclass":"scrub","class":"grass"},"geometry":{"type":"MultiPolygon","coordinates":[[[[4.917100667953491,52.367260536254584],[4.917079210281372,52.367240883239525],[4.916805624961853,52.36732932173843],[4.916703701019287,52.36731621974976],[4.9166178703308105,52.36723105672872],[4.9166178703308105,52.367221230215726],[4.916601777076721,52.367221230215726],[4.916601777076721,52.36721140370055],[4.916580319404602,52.36720485268921],[4.916574954986572,52.367237607736165],[4.916714429855347,52.36739483162347],[4.917100667953491,52.367260536254584]]]]}},{"type":"Feature","properties":{"mvt_id":14093112372,"subclass":"scrub","class":"grass"},"geometry":{"type":"MultiPolygon","coordinates":[[[[4.9174171686172485,52.365858599247474],[4.91738498210907,52.36593066251474],[4.917427897453308,52.36592738691424],[4.917454719543457,52.36590773330609],[4.917449355125427,52.36587497727308],[4.917438626289368,52.36586515045845],[4.9174171686172485,52.365858599247474]]]]}},{"type":"Feature","properties":{"mvt_id":14093112382,"subclass":"scrub","class":"grass"},"geometry":{"type":"MultiPolygon","coordinates":[[[[4.917476177215576,52.36601255244849],[4.917551279067993,52.36604203278748],[4.917572736740112,52.366022379230344],[4.917647838592529,52.365996174473885],[4.917583465576172,52.36597979649321],[4.917470812797546,52.365960142908385],[4.917540550231934,52.365786535862654],[4.917588829994202,52.36574067728384],[4.917701482772827,52.36568826742119],[4.917819499969482,52.365593274386676],[4.917808771133423,52.36558999876115],[4.917776584625244,52.36558672313539],[4.917690753936768,52.3656293062514],[4.917551279067993,52.365662062466555],[4.9175190925598145,52.36567516494582],[4.917497634887695,52.36569481865743],[4.917481541633606,52.36572429920845],[4.917427897453308,52.36583567000142],[4.917465448379517,52.36585204803553],[4.917481541633606,52.36586515045845],[4.917486906051636,52.36588480408553],[4.917481541633606,52.365904457703884],[4.917476177215576,52.36592411131348],[4.917454719543457,52.36594048931481],[4.917422533035278,52.36594704051364],[4.91737425327301,52.36595031611268],[4.9173688888549805,52.3659863476862],[4.917476177215576,52.36601255244849]]]]}},{"type":"Feature","properties":{"mvt_id":14093112392,"subclass":"scrub","class":"grass"},"geometry":{"type":"MultiPolygon","coordinates":[[[[4.917969703674316,52.36558344750938],[4.918007254600525,52.365570345002915],[4.917975068092346,52.365547415607246],[4.917910695075989,52.36553758871975],[4.91787314414978,52.36554086434916],[4.917803406715393,52.365570345002915],[4.917932152748108,52.36558672313539],[4.917969703674316,52.36558344750938]]]]}},{"type":"Feature","properties":{"mvt_id":14093112402,"subclass":"forest","class":"wood"},"geometry":{"type":"MultiPolygon","coordinates":[[[[4.917696118354797,52.36595031611268],[4.917647838592529,52.365996174473885],[4.917572736740112,52.366022379230344],[4.917551279067993,52.36604203278748],[4.917588829994202,52.366055135154056],[4.917610287666321,52.36605841074509],[4.917653203010559,52.36605185956278],[4.917722940444946,52.36600927685406],[4.917830228805542,52.365956867310054],[4.918071627616882,52.36587497727308],[4.918205738067627,52.36584222121579],[4.918227195739746,52.36582584317804],[4.918227195739746,52.365806189524726],[4.9181681871414185,52.36573412605441],[4.918023347854614,52.36559655001196],[4.917948246002197,52.36561292813471],[4.918044805526733,52.365717747976575],[4.918034076690674,52.36572757482401],[4.918109178543091,52.36576688219185],[4.918012619018555,52.36582911878608],[4.917696118354797,52.36595031611268]]]]}},{"type":"Feature","properties":{"mvt_id":14093112442,"subclass":"grass","class":"grass"},"geometry":{"type":"MultiPolygon","coordinates":[[[[4.917540550231934,52.365786535862654],[4.917470812797546,52.365960142908385],[4.917583465576172,52.36597979649321],[4.917647838592529,52.365996174473885],[4.917696118354797,52.36595031611268],[4.918012619018555,52.36582911878608],[4.918039441108704,52.36581601635247],[4.917964339256287,52.36577998464003],[4.918044805526733,52.365717747976575],[4.917948246002197,52.36561292813471],[4.917819499969482,52.365593274386676],[4.917701482772827,52.36568826742119],[4.917588829994202,52.36574067728384],[4.917540550231934,52.365786535862654]]]]}},{"type":"Feature","properties":{"mvt_id":14093112452,"subclass":"scrub","class":"grass"},"geometry":{"type":"MultiPolygon","coordinates":[[[[4.918264746665955,52.36578326025147],[4.918339848518372,52.36586515045845],[4.918345212936401,52.365858599247474],[4.918345212936401,52.365848772429196],[4.918313026428223,52.365806189524726],[4.9182915687561035,52.365789811473604],[4.918264746665955,52.36578326025147]]]]}},{"type":"Feature","properties":{"mvt_id":14093112492,"subclass":"scrub","class":"grass"},"geometry":{"type":"MultiPolygon","coordinates":[[[[4.919080138206482,52.365573620629895],[4.918978214263916,52.36560965251064],[4.919021129608154,52.36565223560456],[4.919053316116333,52.36567188932637],[4.919101595878601,52.36567188932637],[4.919160604476929,52.365655511225455],[4.919080138206482,52.365573620629895]]]]}},{"type":"Feature","properties":{"mvt_id":14093112502,"subclass":"scrub","class":"grass"},"geometry":{"type":"MultiPolygon","coordinates":[[[[4.919321537017822,52.36582256756976],[4.919005036354065,52.36593066251474],[4.919053316116333,52.36597979649321],[4.91936981678009,52.36586842606357],[4.919321537017822,52.36582256756976]]]]}},{"type":"Feature","properties":{"mvt_id":14093112512,"subclass":"scrub","class":"grass"},"geometry":{"type":"MultiPolygon","coordinates":[[[[4.918195009231567,52.36692315828285],[4.918082356452942,52.36696246458692],[4.918098449707031,52.3669788422033],[4.918211102485657,52.366939535913794],[4.918195009231567,52.36692315828285]]]]}},{"type":"Feature","properties":{"mvt_id":14093112522,"subclass":"scrub","class":"grass"},"geometry":{"type":"MultiPolygon","coordinates":[[[[4.918055534362793,52.366972291157474],[4.917969703674316,52.366998495334926],[4.9179911613464355,52.36701814845782],[4.918071627616882,52.366988668770205],[4.918055534362793,52.366972291157474]]]]}},{"type":"Feature","properties":{"mvt_id":14093112532,"subclass":"scrub","class":"grass"},"geometry":{"type":"MultiPolygon","coordinates":[[[[4.918259382247925,52.366900229589326],[4.918227195739746,52.366910056173715],[4.9182432889938354,52.36692643380953],[4.918275475502014,52.366916607228774],[4.918259382247925,52.366900229589326]]]]}},{"type":"Feature","properties":{"mvt_id":14093112542,"subclass":"scrub","class":"grass"},"geometry":{"type":"MultiPolygon","coordinates":[[[[4.917926788330078,52.36701487293795],[4.917840957641602,52.36704435260807],[4.917862415313721,52.36706400571057],[4.9179428815841675,52.36703452605356],[4.917926788330078,52.36701487293795]]]]}},{"type":"Feature","properties":{"mvt_id":14093112552,"subclass":"scrub","class":"grass"},"geometry":{"type":"MultiPolygon","coordinates":[[[[4.917610287666321,52.367122964965574],[4.917529821395874,52.367152444563565],[4.917545914649963,52.367168822109505],[4.91762638092041,52.367142618033085],[4.917610287666321,52.367122964965574]]]]}},{"type":"Feature","properties":{"mvt_id":14093112562,"subclass":"scrub","class":"grass"},"geometry":{"type":"MultiPolygon","coordinates":[[[[4.917787313461304,52.36706400571057],[4.917647838592529,52.36710986291571],[4.917663931846619,52.36712951598905],[4.917803406715393,52.36708365880431],[4.917787313461304,52.36706400571057]]]]}},{"type":"Feature","properties":{"mvt_id":14093112572,"subclass":"scrub","class":"grass"},"geometry":{"type":"MultiPolygon","coordinates":[[[[4.918431043624878,52.36683799450406],[4.9182915687561035,52.366883851943804],[4.918307662010193,52.366903505117705],[4.918447136878967,52.366857647698346],[4.918431043624878,52.36683799450406]]]]}},{"type":"Feature","properties":{"mvt_id":14093112582,"subclass":"scrub","class":"grass"},"geometry":{"type":"MultiPolygon","coordinates":[[[[4.917674660682678,52.366127198100735],[4.917680025100708,52.36615340277947],[4.917733669281006,52.36608789105348],[4.917824864387512,52.366022379230344],[4.9179428815841675,52.36596996970188],[4.9181413650512695,52.36592411131348],[4.918173551559448,52.36592083571249],[4.918200373649597,52.36592738691424],[4.918237924575806,52.365953591711495],[4.918280839920044,52.365983072089826],[4.9183666706085205,52.36608461546462],[4.918398857116699,52.3660715131068],[4.918350577354431,52.36601255244849],[4.918248653411865,52.36592411131348],[4.9182164669036865,52.365904457703884],[4.918173551559448,52.365897906498745],[4.91813600063324,52.365897906498745],[4.918028712272644,52.36592411131348],[4.91788923740387,52.36596996970188],[4.917781949043274,52.366022379230344],[4.917733669281006,52.36605185956278],[4.917685389518738,52.36609444223045],[4.917674660682678,52.366127198100735]]]]}},{"type":"Feature","properties":{"mvt_id":14095204812,"subclass":"scrub","class":"grass"},"geometry":{"type":"MultiPolygon","coordinates":[[[[4.918527603149414,52.36567516494582],[4.918559789657593,52.365707921126976],[4.918763637542725,52.36563913311849],[4.918704628944397,52.365573620629895],[4.918672442436218,52.36558672313539],[4.918677806854248,52.36561292813471],[4.918661713600159,52.3656293062514],[4.91863489151001,52.36564240874037],[4.918570518493652,52.36565223560456],[4.918527603149414,52.36564240874037],[4.918506145477295,52.36563258187401],[4.918490052223206,52.365593274386676],[4.918490052223206,52.365573620629895],[4.918527603149414,52.36555396686437],[4.918490052223206,52.36550810804413],[4.918398857116699,52.36554413997832],[4.918522238731384,52.36567844056503],[4.918527603149414,52.36567516494582]]]]}},{"type":"Feature","properties":{"mvt_id":14095204822,"subclass":"scrub","class":"grass"},"geometry":{"type":"MultiPolygon","coordinates":[[[[4.918205738067627,52.365409838983346],[4.918221831321716,52.3654360440876],[4.918280839920044,52.36541966589926],[4.918355941772461,52.365501556780224],[4.918420314788818,52.36547862734885],[4.918318390846252,52.36537380693964],[4.918302297592163,52.36537053129783],[4.918205738067627,52.365409838983346]]]]}},{"type":"Feature","properties":{"mvt_id":14095204832,"subclass":"scrub","class":"grass"},"geometry":{"type":"MultiPolygon","coordinates":[[[[4.91813600063324,52.36546880044605],[4.918195009231567,52.36544587099768],[4.918157458305359,52.36542949281299],[4.918023347854614,52.36548190298263],[4.9180179834365845,52.36549500551532],[4.918023347854614,52.36550810804413],[4.918076992034912,52.36555724249256],[4.9180930852890015,52.36552448619968],[4.9181681871414185,52.36549828114789],[4.91813600063324,52.36546880044605]]]]}},{"type":"Feature","properties":{"mvt_id":14095204842,"subclass":"scrub","class":"grass"},"geometry":{"type":"MultiPolygon","coordinates":[[[[4.918109178543091,52.36503313889206],[4.918205738067627,52.36501020921757],[4.918200373649597,52.364997106541104],[4.918189644813538,52.3649905552014],[4.91813063621521,52.364997106541104],[4.918087720870972,52.364993830871384],[4.918039441108704,52.3649774525191],[4.917985796928406,52.36495779848836],[4.9179428815841675,52.36493159310044],[4.917899966239929,52.364967625504825],[4.917926788330078,52.364967625504825],[4.918012619018555,52.36501348488609],[4.918109178543091,52.36503313889206]]]]}},{"type":"Feature","properties":{"mvt_id":14095204852,"subclass":"grass","class":"grass"},"geometry":{"type":"MultiPolygon","coordinates":[[[[4.91837203502655,52.365268986281706],[4.918495416641235,52.36516416537508],[4.918286204338074,52.36507244687777],[4.918211102485657,52.365141235768604],[4.918259382247925,52.36521985151269],[4.91837203502655,52.365268986281706]]]]}},{"type":"Feature","properties":{"mvt_id":14095204862,"subclass":"scrub","class":"grass"},"geometry":{"type":"MultiPolygon","coordinates":[[[[4.918414950370789,52.36512813313099],[4.918495416641235,52.36516416537508],[4.918511509895325,52.36517071668903],[4.918532967567444,52.36516744103218],[4.918554425239563,52.36515761406015],[4.918565154075623,52.365141235768604],[4.918565154075623,52.365124857470974],[4.918549060821533,52.36509865218215],[4.918468594551086,52.365056068554644],[4.918409585952759,52.364997106541104],[4.918398857116699,52.36490866337326],[4.91838812828064,52.3648922849894],[4.918355941772461,52.36487590659949],[4.918313026428223,52.36487590659949],[4.918296933174133,52.364882457956185],[4.918280839920044,52.36489883634368],[4.918280839920044,52.36493814444888],[4.918296933174133,52.36496107416075],[4.918323755264282,52.36498400386074],[4.918361306190491,52.364974176847916],[4.918398857116699,52.36502986322501],[4.91837739944458,52.365036414558865],[4.918414950370789,52.36512813313099]]]]}},{"type":"Feature","properties":{"mvt_id":14095204872,"subclass":"scrub","class":"grass"},"geometry":{"type":"MultiPolygon","coordinates":[[[[4.918200373649597,52.365354153085214],[4.9182164669036865,52.365360704370985],[4.918237924575806,52.365357428728224],[4.918254017829895,52.36534760179846],[4.918254017829895,52.36533449922205],[4.9182432889938354,52.36532139664175],[4.918227195739746,52.36531812099607],[4.918205738067627,52.36531812099607],[4.918189644813538,52.36532794793239],[4.918189644813538,52.36534432615473],[4.918200373649597,52.365354153085214]]]]}},{"type":"Feature","properties":{"mvt_id":14095204882,"subclass":"forest","class":"wood"},"geometry":{"type":"MultiPolygon","coordinates":[[[[4.917980432510376,52.36539018514496],[4.9179160594940186,52.36541639026087],[4.917926788330078,52.36543276845042],[4.9179428815841675,52.36544587099768],[4.917969703674316,52.36545242226986],[4.917996525764465,52.3654491466339],[4.91813600063324,52.3653934607853],[4.9181413650512695,52.36537708258118],[4.91812527179718,52.365324672287194],[4.9181413650512695,52.365305018410915],[4.918173551559448,52.365288640174015],[4.918205738067627,52.36528208887755],[4.9182432889938354,52.365288640174015],[4.918313026428223,52.36531812099607],[4.918339848518372,52.36531812099607],[4.91838812828064,52.36529846711688],[4.918398857116699,52.365285364525896],[4.918393492698669,52.36527553758011],[4.918259382247925,52.36521985151269],[4.918087720870972,52.365255883681975],[4.918044805526733,52.365180543658134],[4.918211102485657,52.365141235768604],[4.918286204338074,52.36507244687777],[4.918414950370789,52.36512813313099],[4.91837739944458,52.365036414558865],[4.918152093887329,52.36509210085751],[4.918109178543091,52.36503313889206],[4.918012619018555,52.36501348488609],[4.917926788330078,52.364967625504825],[4.91788387298584,52.3649709011765],[4.9179911613464355,52.36503969022544],[4.91813600063324,52.365147787085945],[4.917771220207214,52.365268986281706],[4.917524456977844,52.365246056729625],[4.917615652084351,52.365324672287194],[4.917937517166138,52.36522967847086],[4.9179911613464355,52.365223127165656],[4.918039441108704,52.3652362297751],[4.9180662631988525,52.36527226193103],[4.918076992034912,52.365305018410915],[4.918060898780823,52.36533777486652],[4.917980432510376,52.36539018514496]]]]}},{"type":"Feature","properties":{"mvt_id":14095204912,"subclass":"grass","class":"grass"},"geometry":{"type":"MultiPolygon","coordinates":[[[[4.91713285446167,52.364905387696965],[4.917213320732117,52.36493159310044],[4.917234778404236,52.36490866337326],[4.917277693748474,52.3648890093119],[4.917315244674683,52.364882457956185],[4.917363524436951,52.36487918227795],[4.917411804199219,52.36488573363416],[4.9173420667648315,52.364866079562624],[4.9172937870025635,52.36483659843891],[4.9172669649124146,52.36483332275729],[4.917234778404236,52.36483987412029],[4.917116761207581,52.364882457956185],[4.917116761207581,52.36489556066666],[4.91713285446167,52.364905387696965]]]]}},{"type":"Feature","properties":{"mvt_id":14095204922,"subclass":"scrub","class":"grass"},"geometry":{"type":"MultiPolygon","coordinates":[[[[4.91763174533844,52.36558672313539],[4.917583465576172,52.36559655001196],[4.917599558830261,52.36561947938211],[4.917706847190857,52.36558344750938],[4.917899966239929,52.36549172988252],[4.9179160594940186,52.36547862734885],[4.917910695075989,52.36545897354106],[4.9178677797317505,52.36544587099768],[4.917814135551453,52.36548845424946],[4.917728304862976,52.36553758871975],[4.91763174533844,52.36558672313539]]]]}},{"type":"Feature","properties":{"mvt_id":14095204932,"subclass":"scrub","class":"grass"},"geometry":{"type":"MultiPolygon","coordinates":[[[[4.9174171686172485,52.36556051812051],[4.917401075363159,52.36556379374822],[4.9173903465271,52.36558672313539],[4.9174171686172485,52.365616203758535],[4.9174922704696655,52.36563585749637],[4.917529821395874,52.36563585749637],[4.917562007904053,52.36562603062855],[4.917556643486023,52.36560965251064],[4.917513728141785,52.36560965251064],[4.917486906051636,52.36560310126178],[4.917470812797546,52.36558672313539],[4.917476177215576,52.365573620629895],[4.9174171686172485,52.36556051812051]]]]}},{"type":"Feature","properties":{"mvt_id":14095204942,"subclass":"scrub","class":"grass"},"geometry":{"type":"MultiPolygon","coordinates":[[[[4.917438626289368,52.365413114622235],[4.9175673723220825,52.36534432615473],[4.917551279067993,52.36531484535015],[4.9175190925598145,52.36529191582188],[4.917502999305725,52.36529191582188],[4.917352795600891,52.365360704370985],[4.9173420667648315,52.36537380693964],[4.9173420667648315,52.36538690950439],[4.917433261871338,52.36549172988252],[4.917438626289368,52.36550810804413],[4.917422533035278,52.36554413997832],[4.917449355125427,52.36555396686437],[4.917486906051636,52.36555396686437],[4.917486906051636,52.36550810804413],[4.917470812797546,52.3654491466339],[4.917438626289368,52.365413114622235]]]]}},{"type":"Feature","properties":{"mvt_id":14095205022,"subclass":"grass","class":"grass"},"geometry":{"type":"MultiPolygon","coordinates":[[[[4.917937517166138,52.36522967847086],[4.917615652084351,52.365324672287194],[4.917663931846619,52.36535087744196],[4.917851686477661,52.36538363386356],[4.9179160594940186,52.36541639026087],[4.917980432510376,52.36539018514496],[4.918060898780823,52.36533777486652],[4.918076992034912,52.365305018410915],[4.9180662631988525,52.36527226193103],[4.918039441108704,52.3652362297751],[4.9179911613464355,52.365223127165656],[4.917937517166138,52.36522967847086]]]]}},{"type":"Feature","properties":{"mvt_id":14095205032,"subclass":"grass","class":"grass"},"geometry":{"type":"MultiPolygon","coordinates":[[[[4.917481541633606,52.36547862734885],[4.917486906051636,52.365550691235924],[4.917524456977844,52.36555724249256],[4.917551279067993,52.365570345002915],[4.917583465576172,52.36559655001196],[4.91763174533844,52.36558672313539],[4.917728304862976,52.36553758871975],[4.917814135551453,52.36548845424946],[4.9178677797317505,52.36544587099768],[4.917819499969482,52.36542621717533],[4.917647838592529,52.36540001206525],[4.9175941944122314,52.36537053129783],[4.9175673723220825,52.36534432615473],[4.917438626289368,52.365413114622235],[4.917470812797546,52.3654491466339],[4.917481541633606,52.36547862734885]]]]}},{"type":"Feature","properties":{"mvt_id":14095205192,"subclass":"sand","class":"sand"},"geometry":{"type":"MultiPolygon","coordinates":[[[[4.9161940813064575,52.36551138367574],[4.916172623634338,52.36554086434916],[4.916172623634338,52.36556051812051],[4.916177988052368,52.365567069375686],[4.916263818740845,52.36558344750938],[4.916317462921143,52.36560637688633],[4.91637110710144,52.365599825636984],[4.916414022445679,52.36558017188312],[4.916467666625977,52.365570345002915],[4.916483759880066,52.36555724249256],[4.916467666625977,52.36550810804413],[4.916446208953857,52.36549172988252],[4.91637647151947,52.365472076080565],[4.9163442850112915,52.3654655248113],[4.916306734085083,52.365475351714835],[4.916274547576904,52.3655048324123],[4.9161940813064575,52.36551138367574]]]]}},{"type":"Feature","properties":{"mvt_id":14095205202,"subclass":"scrub","class":"grass"},"geometry":{"type":"MultiPolygon","coordinates":[[[[4.91614043712616,52.365534313090095],[4.916172623634338,52.36554086434916],[4.9161940813064575,52.36551138367574],[4.916253089904785,52.36550810804413],[4.916285276412964,52.36549500551532],[4.916263818740845,52.365485178616176],[4.916215538978577,52.36548190298263],[4.916156530380249,52.36549828114789],[4.91614043712616,52.36551465930709],[4.91613507270813,52.36552776183006],[4.91614043712616,52.365534313090095]]]]}},{"type":"Feature","properties":{"mvt_id":14095205212,"subclass":"scrub","class":"grass"},"geometry":{"type":"MultiPolygon","coordinates":[[[[4.9161940813064575,52.365645684362015],[4.91613507270813,52.365668613706674],[4.9161458015441895,52.36567516494582],[4.916161894798279,52.36567516494582],[4.9161940813064575,52.36566533808673],[4.91639256477356,52.36565223560456],[4.916532039642334,52.3656293062514],[4.916574954986572,52.36561292813471],[4.916596412658691,52.36559655001196],[4.91663932800293,52.36554086434916],[4.916655421257019,52.365485178616176],[4.916650056838989,52.36546880044605],[4.916553497314453,52.36536725565579],[4.916521310806274,52.365354153085214],[4.916489124298096,52.36535087744196],[4.916306734085083,52.36540001206525],[4.916312098503113,52.365413114622235],[4.916338920593262,52.36542949281299],[4.916333556175232,52.3654491466339],[4.916317462921143,52.3654655248113],[4.91637647151947,52.365472076080565],[4.916446208953857,52.36549172988252],[4.916467666625977,52.36550810804413],[4.916483759880066,52.36555724249256],[4.916467666625977,52.365570345002915],[4.916414022445679,52.36558017188312],[4.91637110710144,52.365599825636984],[4.916317462921143,52.36560637688633],[4.916263818740845,52.36558344750938],[4.916177988052368,52.365567069375686],[4.916161894798279,52.365573620629895],[4.916161894798279,52.36558017188312],[4.916183352470398,52.365616203758535],[4.916177988052368,52.36563258187401],[4.9161940813064575,52.365645684362015]]]]}},{"type":"Feature","properties":{"mvt_id":14095205222,"subclass":"scrub","class":"grass"},"geometry":{"type":"MultiPolygon","coordinates":[[[[4.9160706996917725,52.36556379374822],[4.916076064109802,52.36558017188312],[4.9161297082901,52.36556379374822],[4.9161297082901,52.365550691235924],[4.916108250617981,52.365547415607246],[4.9160706996917725,52.36556379374822]]]]}},{"type":"Feature","properties":{"mvt_id":14095205232,"subclass":"scrub","class":"grass"},"geometry":{"type":"MultiPolygon","coordinates":[[[[4.915925860404968,52.36563258187401],[4.916049242019653,52.36558999876115],[4.9160438776016235,52.36558017188312],[4.916033148765564,52.36557689625663],[4.915958046913147,52.36558999876115],[4.915936589241028,52.365599825636984],[4.9158775806427,52.36564895998341],[4.915850758552551,52.36567188932637],[4.915829300880432,52.36572429920845],[4.915834665298462,52.36574395289819],[4.915850758552551,52.36576033096631],[4.915904402732849,52.36577015780426],[4.915952682495117,52.36576360657919],[4.915958046913147,52.36571447236029],[4.915984869003296,52.36569481865743],[4.915925860404968,52.36563258187401]]]]}},{"type":"Feature","properties":{"mvt_id":14095205242,"subclass":"scrub","class":"grass"},"geometry":{"type":"MultiPolygon","coordinates":[[[[4.9161189794540405,52.36567188932637],[4.916000962257385,52.36571119674375],[4.915984869003296,52.36572757482401],[4.915984869003296,52.365753779739784],[4.9159955978393555,52.36576033096631],[4.916022419929504,52.36576360657919],[4.916049242019653,52.36575050412617],[4.916059970855713,52.36572102359264],[4.916076064109802,52.36570464550995],[4.91612434387207,52.365681716184],[4.9161189794540405,52.36567188932637]]]]}},{"type":"Feature","properties":{"mvt_id":14098547312,"subclass":"grass","class":"grass"},"geometry":{"type":"MultiPolygon","coordinates":[[[[4.918237924575806,52.36573740166925],[4.918286204338074,52.36575050412617],[4.918264746665955,52.365681716184],[4.9182164669036865,52.36560637688633],[4.918189644813538,52.36560965251064],[4.918152093887329,52.365599825636984],[4.918146729469299,52.36557689625663],[4.918173551559448,52.36555396686437],[4.918205738067627,52.36554086434916],[4.9181681871414185,52.36549828114789],[4.9180930852890015,52.36552448619968],[4.918076992034912,52.36555724249256],[4.918237924575806,52.36573740166925]]]]}},{"type":"Feature","properties":{"mvt_id":14098547322,"subclass":"grass","class":"grass"},"geometry":{"type":"MultiPolygon","coordinates":[[[[4.918559789657593,52.36608789105348],[4.918677806854248,52.36604530837949],[4.918656349182129,52.366025654823815],[4.918613433837891,52.36602893041702],[4.918549060821533,52.36600272566446],[4.918500781059265,52.365956867310054],[4.918479323387146,52.36591428450977],[4.918436408042908,52.3658880796892],[4.918420314788818,52.36586515045845],[4.918404221534729,52.36582584317804],[4.9183666706085205,52.36583894560873],[4.91837739944458,52.36585204803553],[4.91837203502655,52.3658880796892],[4.918559789657593,52.36608789105348]]]]}},{"type":"Feature","properties":{"mvt_id":14098547332,"subclass":"scrub","class":"grass"},"geometry":{"type":"MultiPolygon","coordinates":[[[[4.9184417724609375,52.36580946513421],[4.918404221534729,52.36582584317804],[4.918420314788818,52.36586515045845],[4.918436408042908,52.3658880796892],[4.918479323387146,52.36591428450977],[4.918500781059265,52.365897906498745],[4.918527603149414,52.36588480408553],[4.918473958969116,52.36582584317804],[4.918463230133057,52.36582911878608],[4.9184417724609375,52.36580946513421]]]]}},{"type":"Feature","properties":{"mvt_id":14098547342,"subclass":"scrub","class":"grass"},"geometry":{"type":"MultiPolygon","coordinates":[[[[4.918286204338074,52.36575050412617],[4.918313026428223,52.36577998464003],[4.918393492698669,52.365753779739784],[4.91837203502655,52.365730850439334],[4.91837739944458,52.36572757482401],[4.918270111083984,52.36560965251064],[4.918248653411865,52.365616203758535],[4.9182164669036865,52.36560637688633],[4.918264746665955,52.365681716184],[4.918286204338074,52.36575050412617]]]]}},{"type":"Feature","properties":{"mvt_id":14098547372,"subclass":"scrub","class":"grass"},"geometry":{"type":"MultiPolygon","coordinates":[[[[4.919788241386414,52.366379417488396],[4.919798970222473,52.366395795320926],[4.919836521148682,52.3663826930554],[4.919820427894592,52.36636631521801],[4.919788241386414,52.366379417488396]]]]}},{"type":"Feature","properties":{"mvt_id":14098547382,"subclass":"scrub","class":"grass"},"geometry":{"type":"MultiPolygon","coordinates":[[[[4.9198901653289795,52.36634011066556],[4.919906258583069,52.36635648851266],[4.919970631599426,52.36633683509542],[4.919954538345337,52.36632045724103],[4.9198901653289795,52.36634011066556]]]]}},{"type":"Feature","properties":{"mvt_id":14098547392,"subclass":"scrub","class":"grass"},"geometry":{"type":"MultiPolygon","coordinates":[[[[4.919455647468567,52.366490786629846],[4.919471740722656,52.366507164421094],[4.919503927230835,52.36649733774708],[4.919487833976746,52.366477684392486],[4.919455647468567,52.366490786629846]]]]}},{"type":"Feature","properties":{"mvt_id":14098547402,"subclass":"scrub","class":"grass"},"geometry":{"type":"MultiPolygon","coordinates":[[[[4.919654130935669,52.36642199984035],[4.919670224189758,52.3664416532197],[4.919734597206116,52.366418724276265],[4.919718503952026,52.36640234645223],[4.919654130935669,52.36642199984035]]]]}},{"type":"Feature","properties":{"mvt_id":14098547412,"subclass":"scrub","class":"grass"},"geometry":{"type":"MultiPolygon","coordinates":[[[[4.919546842575073,52.36645803102916],[4.919562935829163,52.366474408832545],[4.91962730884552,52.36645475546775],[4.919611215591431,52.36643837765708],[4.919546842575073,52.36645803102916]]]]}},{"type":"Feature","properties":{"mvt_id":14098547422,"subclass":"scrub","class":"grass"},"geometry":{"type":"MultiPolygon","coordinates":[[[[4.91987407207489,52.36631063052548],[4.91986870765686,52.36629752823468],[4.919798970222473,52.366304079380576],[4.919718503952026,52.36630735495314],[4.919675588607788,52.36631718166942],[4.9196648597717285,52.366343386235464],[4.91963267326355,52.36636631521801],[4.919600486755371,52.366379417488396],[4.919536113739014,52.366376141921165],[4.919605851173401,52.36639907088671],[4.91987407207489,52.36631063052548]]]]}},{"type":"Feature","properties":{"mvt_id":14098547462,"subclass":"scrub","class":"grass"},"geometry":{"type":"MultiPolygon","coordinates":[[[[4.9196165800094604,52.365904457703884],[4.919697046279907,52.36591756011126],[4.919718503952026,52.36591100890805],[4.919686317443848,52.365871701668446],[4.9195414781570435,52.36592083571249],[4.919546842575073,52.36592738691424],[4.9196165800094604,52.365904457703884]]]]}},{"type":"Feature","properties":{"mvt_id":14098547472,"subclass":"scrub","class":"grass"},"geometry":{"type":"MultiPolygon","coordinates":[[[[4.919895529747009,52.366205812090314],[4.919975996017456,52.36621563882918],[4.919788241386414,52.36601255244849],[4.919761419296265,52.36604203278748],[4.919734597206116,52.36609444223045],[4.919729232788086,52.36613702485708],[4.919766783714294,52.36616322952999],[4.919895529747009,52.366205812090314]]]]}},{"type":"Feature","properties":{"mvt_id":14098547482,"subclass":"scrub","class":"grass"},"geometry":{"type":"MultiPolygon","coordinates":[[[[4.918774366378784,52.364826771393304],[4.918838739395142,52.36480384161171],[4.918763637542725,52.364725225127344],[4.918747544288635,52.36471867374733],[4.918511509895325,52.364846425482334],[4.918473958969116,52.36487263092078],[4.918452501296997,52.36490866337326],[4.918457865715027,52.36492831742585],[4.918500781059265,52.36486935524182],[4.9187153577804565,52.36476780907374],[4.918774366378784,52.364826771393304]]]]}},{"type":"Feature","properties":{"mvt_id":14098547492,"subclass":"scrub","class":"grass"},"geometry":{"type":"MultiPolygon","coordinates":[[[[4.9187904596328735,52.364715398056966],[4.9188655614852905,52.36479729024336],[4.918935298919678,52.364777636132466],[4.91888165473938,52.36472194943747],[4.91888165473938,52.36466298697801],[4.918924570083618,52.36464333280737],[4.918951392173767,52.36464660850309],[4.9189674854278564,52.364640057111416],[4.9189674854278564,52.36462367862799],[4.9190157651901245,52.364600748741],[4.919064044952393,52.36459419734253],[4.9193912744522095,52.36472194943747],[4.919396638870239,52.36473832788446],[4.9192893505096436,52.364852976843395],[4.919273257255554,52.3648922849894],[4.919305443763733,52.36486935524182],[4.9193912744522095,52.36477436044647],[4.919412732124329,52.36474487926155],[4.919407367706299,52.36471867374733],[4.919085502624512,52.36459419734253],[4.919069409370422,52.36459092164292],[4.919021129608154,52.36459419734253],[4.91888701915741,52.364640057111416],[4.918779730796814,52.36469246821758],[4.9187904596328735,52.364715398056966]]]]}},{"type":"Feature","properties":{"mvt_id":14098547502,"subclass":"scrub","class":"grass"},"geometry":{"type":"MultiPolygon","coordinates":[[[[4.918785095214844,52.36508227386873],[4.918913841247559,52.36502331189017],[4.918897747993469,52.36502003622238],[4.9187904596328735,52.36505934421975],[4.918683171272278,52.36507899820532],[4.918645620346069,52.36507899820532],[4.918581247329712,52.36507244687777],[4.91862952709198,52.36509865218215],[4.918704628944397,52.365101927844094],[4.918785095214844,52.36508227386873]]]]}},{"type":"Feature","properties":{"mvt_id":14098547512,"subclass":"wood","class":"wood"},"geometry":{"type":"MultiPolygon","coordinates":[[[[4.919273257255554,52.3648922849894],[4.9192893505096436,52.364852976843395],[4.91911768913269,52.36488573363416],[4.919058680534363,52.36486935524182],[4.91887629032135,52.364941420122726],[4.9189406633377075,52.36500693354883],[4.918897747993469,52.36502003622238],[4.918913841247559,52.36502331189017],[4.918972849845886,52.36501020921757],[4.919230341911316,52.36491521472509],[4.919273257255554,52.3648922849894]]]]}},{"type":"Feature","properties":{"mvt_id":14098547522,"subclass":"wood","class":"wood"},"geometry":{"type":"MultiPolygon","coordinates":[[[[4.919359087944031,52.364653159893784],[4.919434189796448,52.36466298697801],[4.919471740722656,52.36464660850309],[4.919477105140686,52.364630230022094],[4.9194663763046265,52.36461385153502],[4.919310808181763,52.36454178611979],[4.918908476829529,52.364378000647996],[4.918844103813171,52.36436162206742],[4.918801188468933,52.36436162206742],[4.918763637542725,52.364384552078526],[4.9187153577804565,52.364423860641296],[4.918854832649231,52.364450066330384],[4.918956756591797,52.3644828234199],[4.918983578681946,52.36450247766194],[4.918972849845886,52.364525407599935],[4.918988943099976,52.364531959008595],[4.91913378238678,52.364571267440226],[4.919273257255554,52.36463350571877],[4.919359087944031,52.364653159893784]]]]}},{"type":"Feature","properties":{"mvt_id":14098547532,"subclass":"wood","class":"wood"},"geometry":{"type":"MultiPolygon","coordinates":[[[[4.919579029083252,52.36467608975358],[4.919595122337341,52.364689192525255],[4.919793605804443,52.36473505219554],[4.919847249984741,52.36475470632538],[4.919933080673218,52.36479729024336],[4.919949173927307,52.36479401455881],[4.919949173927307,52.36478746318901],[4.91988480091095,52.36475798201283],[4.91962730884552,52.36466298697801],[4.919584393501282,52.36466298697801],[4.919579029083252,52.36467608975358]]]]}},{"type":"Feature","properties":{"mvt_id":14098547542,"subclass":"scrub","class":"grass"},"geometry":{"type":"MultiPolygon","coordinates":[[[[4.9198901653289795,52.36558017188312],[4.919863343238831,52.36558672313539],[4.919906258583069,52.36563585749637],[4.919933080673218,52.36565878684613],[4.919938445091248,52.36565878684613],[4.919954538345337,52.36563585749637],[4.919933080673218,52.365599825636984],[4.9198901653289795,52.36558017188312]]]]}},{"type":"Feature","properties":{"mvt_id":14098547552,"subclass":"scrub","class":"grass"},"geometry":{"type":"MultiPolygon","coordinates":[[[[4.9194663763046265,52.365858599247474],[4.9197399616241455,52.36576360657919],[4.919729232788086,52.36575050412617],[4.919450283050537,52.36584222121579],[4.9194663763046265,52.365858599247474]]]]}},{"type":"Feature","properties":{"mvt_id":14098547562,"subclass":"scrub","class":"grass"},"geometry":{"type":"MultiPolygon","coordinates":[[[[4.919777512550354,52.36572757482401],[4.919788241386414,52.36574395289819],[4.919954538345337,52.36568826742119],[4.919943809509277,52.36567188932637],[4.919777512550354,52.36572757482401]]]]}},{"type":"Feature","properties":{"mvt_id":14098547572,"subclass":"wood","class":"wood"},"geometry":{"type":"MultiPolygon","coordinates":[[[[4.920287132263184,52.36562603062855],[4.920480251312256,52.365567069375686],[4.920431971549988,52.36551465930709],[4.920399785041809,52.365521210569064],[4.920276403427124,52.365567069375686],[4.920249581336975,52.365599825636984],[4.920254945755005,52.36563258187401],[4.920287132263184,52.36562603062855]]]]}},{"type":"Feature","properties":{"mvt_id":14098547582,"subclass":"wood","class":"wood"},"geometry":{"type":"MultiPolygon","coordinates":[[[[4.920324683189392,52.365655511225455],[4.9202656745910645,52.365668613706674],[4.920276403427124,52.365684991802716],[4.920324683189392,52.365717747976575],[4.9203407764434814,52.36573740166925],[4.920571446418762,52.36566533808673],[4.920507073402405,52.36559655001196],[4.920324683189392,52.365655511225455]]]]}},{"type":"Feature","properties":{"mvt_id":14098547592,"subclass":"scrub","class":"grass"},"geometry":{"type":"MultiPolygon","coordinates":[[[[4.919525384902954,52.3654491466339],[4.919552206993103,52.365475351714835],[4.919579029083252,52.365475351714835],[4.919605851173401,52.365485178616176],[4.919648766517639,52.36551138367574],[4.919659495353699,52.365534313090095],[4.919718503952026,52.36555396686437],[4.919761419296265,52.36558344750938],[4.919809699058533,52.36558017188312],[4.919922351837158,52.365547415607246],[4.920029640197754,52.36549828114789],[4.919992089271545,52.36549500551532],[4.919798970222473,52.36556379374822],[4.919729232788086,52.36553758871975],[4.91962194442749,52.36541966589926],[4.919605851173401,52.36541966589926],[4.919525384902954,52.3654491466339]]]]}},{"type":"Feature","properties":{"mvt_id":14098547602,"subclass":"scrub","class":"grass"},"geometry":{"type":"MultiPolygon","coordinates":[[[[4.919584393501282,52.36551138367574],[4.919675588607788,52.36560965251064],[4.919723868370056,52.36560310126178],[4.919734597206116,52.36559655001196],[4.919729232788086,52.36558999876115],[4.91962730884552,52.36554086434916],[4.9196165800094604,52.36551793493819],[4.919584393501282,52.36551138367574]]]]}},{"type":"Feature","properties":{"mvt_id":14098547622,"subclass":"scrub","class":"grass"},"geometry":{"type":"MultiPolygon","coordinates":[[[[4.919933080673218,52.3649905552014],[4.919857978820801,52.365003657879825],[4.91988480091095,52.36502986322501],[4.919933080673218,52.36501348488609],[4.919981360435486,52.36505934421975],[4.919986724853516,52.36504951722368],[4.919933080673218,52.3649905552014]]]]}},{"type":"Feature","properties":{"mvt_id":14098547632,"subclass":"scrub","class":"grass"},"geometry":{"type":"MultiPolygon","coordinates":[[[[4.920147657394409,52.365147787085945],[4.920201301574707,52.36517399234563],[4.920174479484558,52.3651445114274],[4.920153021812439,52.36513796010956],[4.920083284378052,52.36512158181072],[4.9200135469436646,52.36511830615022],[4.920045733451843,52.36507244687777],[4.920153021812439,52.36507899820532],[4.920195937156677,52.36506261988462],[4.920233488082886,52.3650265875577],[4.920206665992737,52.36501020921757],[4.920179843902588,52.3649872795312],[4.920174479484558,52.364967625504825],[4.920147657394409,52.36496107416075],[4.920104742050171,52.36498072819005],[4.920024275779724,52.3649709011765],[4.919970631599426,52.36498400386074],[4.920024275779724,52.36504951722368],[4.919981360435486,52.365115030489484],[4.920002818107605,52.36513468445028],[4.9201154708862305,52.365141235768604],[4.920147657394409,52.365147787085945]]]]}},{"type":"Feature","properties":{"mvt_id":14098547642,"subclass":"bare_rock","class":"rock"},"geometry":{"type":"MultiPolygon","coordinates":[[[[4.920056462287903,52.365242781078365],[4.920067191123962,52.365246056729625],[4.920099377632141,52.365246056729625],[4.920104742050171,52.36523950542685],[4.920104742050171,52.36522967847086],[4.920083284378052,52.365216575859485],[4.920061826705933,52.365216575859485],[4.920045733451843,52.36522640281839],[4.920056462287903,52.365242781078365]]]]}},{"type":"Feature","properties":{"mvt_id":14098547652,"subclass":"bare_rock","class":"rock"},"geometry":{"type":"MultiPolygon","coordinates":[[[[4.92012083530426,52.36540001206525],[4.920147657394409,52.36542949281299],[4.920222759246826,52.36540656334422],[4.9201905727386475,52.36537708258118],[4.920185208320618,52.365357428728224],[4.920142292976379,52.365305018410915],[4.9200135469436646,52.36529191582188],[4.919986724853516,52.36528208887755],[4.919922351837158,52.365216575859485],[4.919911623001099,52.365223127165656],[4.919922351837158,52.36523295412311],[4.919852614402771,52.36526571063214],[4.919922351837158,52.36533777486652],[4.919959902763367,52.36532794793239],[4.9201154708862305,52.365331223577336],[4.920142292976379,52.36532139664175],[4.920174479484558,52.365360704370985],[4.920142292976379,52.36537053129783],[4.920153021812439,52.36538690950439],[4.92012083530426,52.36540001206525]]]]}},{"type":"Feature","properties":{"mvt_id":14098547672,"subclass":"scrub","class":"grass"},"geometry":{"type":"MultiPolygon","coordinates":[[[[4.920158386230469,52.36544259536123],[4.920233488082886,52.36541639026087],[4.920222759246826,52.36540656334422],[4.920147657394409,52.36542949281299],[4.920158386230469,52.36544259536123]]]]}},{"type":"Feature","properties":{"mvt_id":14098547692,"subclass":"wood","class":"wood"},"geometry":{"type":"MultiPolygon","coordinates":[[[[4.919562935829163,52.36537708258118],[4.919605851173401,52.36541966589926],[4.91962194442749,52.36541966589926],[4.919847249984741,52.36534105051074],[4.919992089271545,52.36549500551532],[4.920029640197754,52.36549828114789],[4.920147657394409,52.36546224917631],[4.920045733451843,52.365354153085214],[4.919938445091248,52.365357428728224],[4.919836521148682,52.36524933238065],[4.919772148132324,52.36527553758011],[4.919745326042175,52.365246056729625],[4.919670224189758,52.365268986281706],[4.919723868370056,52.365324672287194],[4.919562935829163,52.36537708258118]]]]}},{"type":"Feature","properties":{"mvt_id":14098547702,"subclass":"scrub","class":"grass"},"geometry":{"type":"MultiPolygon","coordinates":[[[[4.920035004615784,52.36567516494582],[4.920067191123962,52.36567844056503],[4.9200886487960815,52.36567188932637],[4.920099377632141,52.365655511225455],[4.920094013214111,52.36561292813471],[4.920061826705933,52.36557689625663],[4.9200403690338135,52.365567069375686],[4.920018911361694,52.365567069375686],[4.920002818107605,52.365573620629895],[4.919997453689575,52.365599825636984],[4.920018911361694,52.36561947938211],[4.9200135469436646,52.365655511225455],[4.920035004615784,52.36567516494582]]]]}},{"type":"Feature","properties":{"mvt_id":14098547712,"subclass":"grass","class":"grass"},"geometry":{"type":"MultiPolygon","coordinates":[[[[4.91962194442749,52.36541966589926],[4.9196648597717285,52.365472076080565],[4.919729232788086,52.36553758871975],[4.919798970222473,52.36556379374822],[4.919992089271545,52.36549500551532],[4.919847249984741,52.36534105051074],[4.91962194442749,52.36541966589926]]]]}},{"type":"Feature","properties":{"mvt_id":14098547722,"subclass":"scrub","class":"grass"},"geometry":{"type":"MultiPolygon","coordinates":[[[[4.91988480091095,52.365196921935116],[4.91986870765686,52.36520347324421],[4.919895529747009,52.36522640281839],[4.919836521148682,52.36524933238065],[4.919852614402771,52.36526571063214],[4.919922351837158,52.36523295412311],[4.91988480091095,52.365196921935116]]]]}},{"type":"Feature","properties":{"mvt_id":14098547732,"subclass":"scrub","class":"grass"},"geometry":{"type":"MultiPolygon","coordinates":[[[[4.9196165800094604,52.365056068554644],[4.919584393501282,52.36505934421975],[4.919530749320984,52.36508227386873],[4.919487833976746,52.365108479167276],[4.919498562812805,52.36513140879075],[4.919487833976746,52.3651445114274],[4.919525384902954,52.36516744103218],[4.919568300247192,52.36518381931401],[4.9195897579193115,52.36520347324421],[4.9196165800094604,52.36521985151269],[4.919654130935669,52.36522640281839],[4.919670224189758,52.365223127165656],[4.919718503952026,52.36521330020602],[4.9196165800094604,52.365056068554644]]]]}},{"type":"Feature","properties":{"mvt_id":14098547742,"subclass":"scrub","class":"grass"},"geometry":{"type":"MultiPolygon","coordinates":[[[[4.919450283050537,52.36516416537508],[4.919348359107971,52.36516744103218],[4.919326901435852,52.365206748898395],[4.91937518119812,52.365268986281706],[4.9193912744522095,52.36531156970398],[4.919412732124329,52.365331223577336],[4.919611215591431,52.36526243498232],[4.919670224189758,52.365268986281706],[4.919745326042175,52.365246056729625],[4.919723868370056,52.365223127165656],[4.919659495353699,52.3652362297751],[4.91962194442749,52.36522967847086],[4.9195897579193115,52.365216575859485],[4.919546842575073,52.36518381931401],[4.919487833976746,52.365154338402334],[4.919471740722656,52.36516416537508],[4.919450283050537,52.36516416537508]]]]}},{"type":"Feature","properties":{"mvt_id":14098547752,"subclass":"scrub","class":"grass"},"geometry":{"type":"MultiPolygon","coordinates":[[[[4.919047951698303,52.36506589554924],[4.919069409370422,52.36507244687777],[4.919106960296631,52.36507572254166],[4.919219613075256,52.36504296589177],[4.9193161725997925,52.365036414558865],[4.919359087944031,52.36503969022544],[4.919418096542358,52.36505934421975],[4.919428825378418,52.36507244687777],[4.9194395542144775,52.36509865218215],[4.919444918632507,52.365101927844094],[4.919455647468567,52.365101927844094],[4.919487833976746,52.36507572254166],[4.919525384902954,52.365056068554644],[4.919605851173401,52.365036414558865],[4.919568300247192,52.3649709011765],[4.919300079345703,52.364967625504825],[4.919235706329346,52.3649709011765],[4.919155240058899,52.36498400386074],[4.919053316116333,52.36502331189017],[4.919042587280273,52.365036414558865],[4.919047951698303,52.36505279288928],[4.919047951698303,52.36506589554924]]]]}},{"type":"Feature","properties":{"mvt_id":14098547762,"subclass":"scrub","class":"grass"},"geometry":{"type":"MultiPolygon","coordinates":[[[[4.919557571411133,52.36493814444888],[4.919552206993103,52.36479729024336],[4.919670224189758,52.36475798201283],[4.919697046279907,52.36474160357313],[4.919498562812805,52.36472850081699],[4.919482469558716,52.36473832788446],[4.919348359107971,52.3648890093119],[4.919305443763733,52.36492176607596],[4.919310808181763,52.364934868774775],[4.919557571411133,52.36493814444888]]]]}},{"type":"Feature","properties":{"mvt_id":14098547772,"subclass":"wood","class":"wood"},"geometry":{"type":"MultiPolygon","coordinates":[[[[4.9197399616241455,52.36476453338702],[4.919675588607788,52.36478746318901],[4.919691681861877,52.364810392979095],[4.919713139533997,52.36480711729552],[4.919729232788086,52.36483004707541],[4.919745326042175,52.364826771393304],[4.919782876968384,52.364859528203496],[4.9198150634765625,52.36484970116299],[4.919847249984741,52.36488573363416],[4.9198150634765625,52.36489556066666],[4.91987943649292,52.36496434983291],[4.920008182525635,52.36494797146971],[4.920045733451843,52.3648890093119],[4.91987943649292,52.36479401455881],[4.919820427894592,52.36476780907374],[4.919772148132324,52.36475798201283],[4.9197399616241455,52.36476453338702]]]]}},{"type":"Feature","properties":{"mvt_id":14098547802,"subclass":"scrub","class":"grass"},"geometry":{"type":"MultiPolygon","coordinates":[[[[4.919943809509277,52.36513140879075],[4.919916987419128,52.36509865218215],[4.919847249984741,52.365124857470974],[4.9198150634765625,52.365105203505806],[4.919798970222473,52.3651117548285],[4.919782876968384,52.36509210085751],[4.919788241386414,52.365056068554644],[4.919804334640503,52.365056068554644],[4.919804334640503,52.36504951722368],[4.9198901653289795,52.36503969022544],[4.919857978820801,52.365003657879825],[4.919750690460205,52.36502003622238],[4.919686317443848,52.36504296589177],[4.919750690460205,52.365147787085945],[4.919782876968384,52.365180543658134],[4.919847249984741,52.36516744103218],[4.919943809509277,52.36513140879075]]]]}},{"type":"Feature","properties":{"mvt_id":14098547832,"subclass":"scrub","class":"grass"},"geometry":{"type":"MultiPolygon","coordinates":[[[[4.920110106468201,52.36577998464003],[4.920153021812439,52.36577998464003],[4.920206665992737,52.36576688219185],[4.920222759246826,52.365753779739784],[4.920212030410767,52.36572757482401],[4.920195937156677,52.365717747976575],[4.920158386230469,52.36571119674375],[4.920110106468201,52.365717747976575],[4.9200886487960815,52.365730850439334],[4.920083284378052,52.36574395289819],[4.920094013214111,52.36577015780426],[4.920110106468201,52.36577998464003]]]]}},{"type":"Feature","properties":{"mvt_id":14098547842,"subclass":"scrub","class":"grass"},"geometry":{"type":"MultiPolygon","coordinates":[[[[4.919772148132324,52.36583894560873],[4.919798970222473,52.36586187485308],[4.919906258583069,52.36582256756976],[4.91988480091095,52.365799638305],[4.919772148132324,52.36583894560873]]]]}},{"type":"Feature","properties":{"mvt_id":14098547852,"subclass":"scrub","class":"grass"},"geometry":{"type":"MultiPolygon","coordinates":[[[[4.920169115066528,52.36548845424946],[4.920061826705933,52.36551793493819],[4.920072555541992,52.36555396686437],[4.920099377632141,52.36556379374822],[4.9201637506484985,52.365567069375686],[4.920201301574707,52.36555724249256],[4.920233488082886,52.36553758871975],[4.920260310173035,52.36550810804413],[4.920271039009094,52.365485178616176],[4.920260310173035,52.36545242226986],[4.920169115066528,52.36548845424946]]]]}},{"type":"Feature","properties":{"mvt_id":14098547892,"subclass":"scrub","class":"grass"},"geometry":{"type":"MultiPolygon","coordinates":[[[[4.918811917304993,52.36561292813471],[4.9189674854278564,52.36556051812051],[4.918897747993469,52.365485178616176],[4.918844103813171,52.365501556780224],[4.91888701915741,52.365547415607246],[4.918806552886963,52.365570345002915],[4.918795824050903,52.36556379374822],[4.918774366378784,52.365570345002915],[4.918811917304993,52.36561292813471]]]]}},{"type":"Feature","properties":{"mvt_id":14098547902,"subclass":"scrub","class":"grass"},"geometry":{"type":"MultiPolygon","coordinates":[[[[4.918774366378784,52.36548190298263],[4.918822646141052,52.36546880044605],[4.918806552886963,52.36544259536123],[4.918752908706665,52.36545897354106],[4.918774366378784,52.36548190298263]]]]}},{"type":"Feature","properties":{"mvt_id":14098547912,"subclass":"scrub","class":"grass"},"geometry":{"type":"MultiPolygon","coordinates":[[[[4.918811917304993,52.36512813313099],[4.918828010559082,52.365147787085945],[4.9189406633377075,52.36526571063214],[4.918731451034546,52.36533777486652],[4.918720722198486,52.365324672287194],[4.918704628944397,52.365331223577336],[4.918699264526367,52.36531812099607],[4.918672442436218,52.36532794793239],[4.9186402559280396,52.36529191582188],[4.918656349182129,52.365288640174015],[4.91863489151001,52.36526243498232],[4.918522238731384,52.36523950542685],[4.918500781059265,52.36525915933227],[4.918538331985474,52.36529519146949],[4.918570518493652,52.36529846711688],[4.918597340583801,52.36530829405757],[4.91861879825592,52.365324672287194],[4.91862952709198,52.36534105051074],[4.91862952709198,52.365360704370985],[4.91861879825592,52.36538035822249],[4.918597340583801,52.3653934607853],[4.918570518493652,52.365403287704865],[4.918538331985474,52.36540656334422],[4.918506145477295,52.365403287704865],[4.918479323387146,52.3653934607853],[4.918457865715027,52.36537708258118],[4.918447136878967,52.365357428728224],[4.918447136878967,52.36533777486652],[4.918457865715027,52.36532139664175],[4.9184417724609375,52.36530829405757],[4.918339848518372,52.365354153085214],[4.918393492698669,52.365396736425396],[4.918473958969116,52.36547862734885],[4.918661713600159,52.36541966589926],[4.918693900108337,52.36546224917631],[4.918822646141052,52.36541966589926],[4.918811917304993,52.365396736425396],[4.9188172817230225,52.36539018514496],[4.918956756591797,52.365324672287194],[4.918994307518005,52.36528208887755],[4.919010400772095,52.36520019758978],[4.919010400772095,52.36512158181072],[4.918999671936035,52.36508882519482],[4.918972849845886,52.36507572254166],[4.918924570083618,52.36508227386873],[4.91887092590332,52.365108479167276],[4.918811917304993,52.36512813313099]]]]}},{"type":"Feature","properties":{"mvt_id":14098547922,"subclass":"scrub","class":"grass"},"geometry":{"type":"MultiPolygon","coordinates":[[[[4.918597340583801,52.36518381931401],[4.91862416267395,52.36521330020602],[4.918801188468933,52.36515761406015],[4.918779730796814,52.36513140879075],[4.918699264526367,52.365147787085945],[4.91861879825592,52.36517071668903],[4.918597340583801,52.36518381931401]]]]}},{"type":"Feature","properties":{"mvt_id":14098547932,"subclass":"scrub","class":"grass"},"geometry":{"type":"MultiPolygon","coordinates":[[[[4.9188923835754395,52.36539018514496],[4.9188655614852905,52.36543276845042],[4.918994307518005,52.36538690950439],[4.918972849845886,52.36536398001352],[4.919096231460571,52.36532139664175],[4.919074773788452,52.36529519146949],[4.918919205665588,52.36536725565579],[4.9188923835754395,52.36539018514496]]]]}},{"type":"Feature","properties":{"mvt_id":14098547942,"subclass":"grass","class":"grass"},"geometry":{"type":"MultiPolygon","coordinates":[[[[4.919611215591431,52.36526243498232],[4.919412732124329,52.365331223577336],[4.919482469558716,52.36540656334422],[4.919723868370056,52.365324672287194],[4.919670224189758,52.365268986281706],[4.919611215591431,52.36526243498232]]]]}},{"type":"Feature","properties":{"mvt_id":14098547952,"subclass":"forest","class":"wood"},"geometry":{"type":"MultiPolygon","coordinates":[[[[4.918527603149414,52.36455816463357],[4.918173551559448,52.3646826411399],[4.918189644813538,52.36469246821758],[4.918286204338074,52.36467608975358],[4.918339848518372,52.36464333280737],[4.918414950370789,52.36464333280737],[4.918431043624878,52.36465643558876],[4.918565154075623,52.36465643558876],[4.918538331985474,52.36462695432516],[4.918532967567444,52.36460402443986],[4.918559789657593,52.36458764594309],[4.91861879825592,52.36456799173892],[4.918656349182129,52.36456799173892],[4.918731451034546,52.364584370242994],[4.918774366378784,52.36462040293057],[4.918785095214844,52.36464660850309],[4.918844103813171,52.36461385153502],[4.918897747993469,52.36459419734253],[4.918972849845886,52.364525407599935],[4.918983578681946,52.36450247766194],[4.918956756591797,52.3644828234199],[4.918854832649231,52.364450066330384],[4.9187153577804565,52.364423860641296],[4.918586611747742,52.36452213189523],[4.918527603149414,52.36455816463357]]]]}},{"type":"Feature","properties":{"mvt_id":14098547962,"subclass":"scrub","class":"grass"},"geometry":{"type":"MultiPolygon","coordinates":[[[[4.91788923740387,52.36486935524182],[4.917953610420227,52.364882457956185],[4.917926788330078,52.364856252523566],[4.917921423912048,52.36483659843891],[4.91788923740387,52.36481366866242],[4.91788387298584,52.36479729024336],[4.91788923740387,52.36478091181822],[4.917685389518738,52.364846425482334],[4.917674660682678,52.364859528203496],[4.917696118354797,52.36487918227795],[4.917733669281006,52.3648890093119],[4.917851686477661,52.36486935524182],[4.91788923740387,52.36486935524182]]]]}},{"type":"Feature","properties":{"mvt_id":14098547972,"subclass":"sand","class":"sand"},"geometry":{"type":"MultiPolygon","coordinates":[[[[4.91788923740387,52.36481366866242],[4.917921423912048,52.36483659843891],[4.917926788330078,52.36481366866242],[4.917910695075989,52.36480384161171],[4.917926788330078,52.36479073887403],[4.917953610420227,52.36478418750374],[4.918028712272644,52.36474487926155],[4.918087720870972,52.36472850081699],[4.9180930852890015,52.36473505219554],[4.9180662631988525,52.36475470632538],[4.9180179834365845,52.36477108476023],[4.917975068092346,52.36480384161171],[4.917985796928406,52.36481366866242],[4.917975068092346,52.364882457956185],[4.918001890182495,52.364882457956185],[4.918044805526733,52.36487590659949],[4.918109178543091,52.36484314980143],[4.91813600063324,52.36482022002835],[4.918152093887329,52.36479729024336],[4.918162822723389,52.36476453338702],[4.918184280395508,52.36476125770005],[4.918195009231567,52.36476453338702],[4.918232560157776,52.36476453338702],[4.918329119682312,52.36471212236635],[4.918361306190491,52.364699019601474],[4.918425679206848,52.364685916832705],[4.918495416641235,52.364685916832705],[4.918532967567444,52.364695743909635],[4.918549060821533,52.36470884667549],[4.918559789657593,52.364725225127344],[4.918565154075623,52.36475798201283],[4.918532967567444,52.36479401455881],[4.918597340583801,52.36476125770005],[4.91862952709198,52.36473177650639],[4.918785095214844,52.36464660850309],[4.918774366378784,52.36462040293057],[4.918731451034546,52.364584370242994],[4.918656349182129,52.36456799173892],[4.91861879825592,52.36456799173892],[4.918559789657593,52.36458764594309],[4.918532967567444,52.36460402443986],[4.918538331985474,52.36462695432516],[4.918565154075623,52.36465643558876],[4.918597340583801,52.36467281406005],[4.91861879825592,52.36467608975358],[4.91863489151001,52.364689192525255],[4.91863489151001,52.36471212236635],[4.918608069419861,52.364725225127344],[4.918565154075623,52.36471867374733],[4.918549060821533,52.364689192525255],[4.918511509895325,52.36467608975358],[4.918414950370789,52.36467936544686],[4.91838276386261,52.364685916832705],[4.918334484100342,52.3646826411399],[4.9182432889938354,52.364699019601474],[4.918211102485657,52.364715398056966],[4.9181413650512695,52.364725225127344],[4.91813600063324,52.364715398056966],[4.918189644813538,52.36469246821758],[4.918173551559448,52.3646826411399],[4.917926788330078,52.36476453338702],[4.91788923740387,52.36478091181822],[4.91788387298584,52.36479729024336],[4.91788923740387,52.36481366866242]]]]}},{"type":"Feature","properties":{"mvt_id":14100741212,"subclass":"grassland","class":"grass"},"geometry":{"type":"MultiPolygon","coordinates":[[[[4.9166339635849,52.36629097708783],[4.916687607765198,52.366264772490695],[4.916585683822632,52.36623856787802],[4.916521310806274,52.366235292300345],[4.916483759880066,52.36628442594001],[4.916478395462036,52.366343386235464],[4.916548132896423,52.366376141921165],[4.916580319404602,52.36640234645223],[4.916585683822632,52.36644492878208],[4.9166339635849,52.366474408832545],[4.916676878929138,52.36646458215124],[4.916660785675049,52.36644492878208],[4.916655421257019,52.366425275404175],[4.916666150093079,52.366418724276265],[4.916682243347168,52.36643510209422],[4.916687607765198,52.36643182653112],[4.916687607765198,52.36641544871195],[4.916650056838989,52.3663925197549],[4.9166178703308105,52.366389244188646],[4.916580319404602,52.36635976408135],[4.9165427684783936,52.36635321294373],[4.916537404060364,52.366343386235464],[4.916558861732483,52.366333559525025],[4.916564226150513,52.36632045724103],[4.916548132896423,52.366294252661376],[4.916574954986572,52.36628770151404],[4.916580319404602,52.36627787479121],[4.91662323474884,52.366274599216446],[4.9166339635849,52.36629097708783]]]]}},{"type":"Feature","properties":{"mvt_id":14100741222,"subclass":"grassland","class":"grass"},"geometry":{"type":"MultiPolygon","coordinates":[[[[4.916687607765198,52.366264772490695],[4.9166339635849,52.36629097708783],[4.916666150093079,52.36629097708783],[4.916687607765198,52.366300803807746],[4.9166929721832275,52.36632373281239],[4.916687607765198,52.36634011066556],[4.9167948961257935,52.366461306590324],[4.9167680740356445,52.366471133272356],[4.916735887527466,52.36643182653112],[4.916725158691406,52.366474408832545],[4.916709065437317,52.3664809599522],[4.916676878929138,52.36646458215124],[4.9166339635849,52.366474408832545],[4.916650056838989,52.36651371553589],[4.916687607765198,52.36653991998536],[4.916746616363525,52.36654319554045],[4.916789531707764,52.36652354220627],[4.916821718215942,52.36651699109292],[4.9168699979782104,52.366461306590324],[4.916832447052002,52.36639907088671],[4.916762709617615,52.366343386235464],[4.916741251945496,52.36628770151404],[4.916687607765198,52.366264772490695]]]]}},{"type":"Feature","properties":{"mvt_id":14100741232,"subclass":"scrub","class":"grass"},"geometry":{"type":"MultiPolygon","coordinates":[[[[4.916515946388245,52.36621563882918],[4.916521310806274,52.36620908767017],[4.916440844535828,52.3662221899872],[4.916403293609619,52.366241843455455],[4.916424751281738,52.36624511903264],[4.916430115699768,52.36625494576276],[4.916440844535828,52.36625494576276],[4.916478395462036,52.366235292300345],[4.916483759880066,52.3662221899872],[4.916515946388245,52.36621563882918]]]]}},{"type":"Feature","properties":{"mvt_id":14100741242,"subclass":"scrub","class":"grass"},"geometry":{"type":"MultiPolygon","coordinates":[[[[4.916521310806274,52.366235292300345],[4.916510581970215,52.36622546556585],[4.916478395462036,52.36625822133898],[4.9164944887161255,52.366271323641435],[4.916521310806274,52.366235292300345]]]]}},{"type":"Feature","properties":{"mvt_id":14100741252,"subclass":"scrub","class":"grass"},"geometry":{"type":"MultiPolygon","coordinates":[[[[4.916537404060364,52.36622546556585],[4.916510581970215,52.36622546556585],[4.916521310806274,52.366235292300345],[4.916585683822632,52.36623856787802],[4.916687607765198,52.366264772490695],[4.916741251945496,52.36628770151404],[4.916762709617615,52.366343386235464],[4.916832447052002,52.36639907088671],[4.9168699979782104,52.366461306590324],[4.916821718215942,52.36651699109292],[4.916789531707764,52.36652354220627],[4.916746616363525,52.36654319554045],[4.916687607765198,52.36653991998536],[4.916650056838989,52.36651371553589],[4.9166339635849,52.366474408832545],[4.916585683822632,52.36644492878208],[4.916580319404602,52.36640234645223],[4.916548132896423,52.366376141921165],[4.916478395462036,52.366343386235464],[4.916483759880066,52.36628442594001],[4.916467666625977,52.36628770151404],[4.916456937789917,52.366274599216446],[4.916440844535828,52.366274599216446],[4.91639256477356,52.36625494576276],[4.91639256477356,52.366271323641435],[4.916408658027649,52.36628770151404],[4.916499853134155,52.3663826930554],[4.9166446924209595,52.36654319554045],[4.916698336601257,52.36656612441927],[4.916784167289734,52.36655957331226],[4.916859269142151,52.36652681776256],[4.9169182777404785,52.366474408832545],[4.916923642158508,52.366448204344216],[4.916907548904419,52.366425275404175],[4.916816353797913,52.36634011066556],[4.916773438453674,52.36628442594001],[4.916751980781555,52.366264772490695],[4.916671514511108,52.366235292300345],[4.9165695905685425,52.3662123632498],[4.9165427684783936,52.36620908767017],[4.916537404060364,52.36622546556585]]]]}},{"type":"Feature","properties":{"mvt_id":14100741322,"subclass":"scrub","class":"grass"},"geometry":{"type":"MultiPolygon","coordinates":[[[[4.914456009864807,52.36576033096631],[4.914445281028748,52.36579308708432],[4.914488196372986,52.365806189524726],[4.914541840553284,52.36577998464003],[4.914675951004028,52.365730850439334],[4.91463840007782,52.36568826742119],[4.914515018463135,52.36572757482401],[4.9145203828811646,52.36573412605441],[4.914456009864807,52.36576033096631]]]]}},{"type":"Feature","properties":{"mvt_id":14100741332,"subclass":"scrub","class":"grass"},"geometry":{"type":"MultiPolygon","coordinates":[[[[4.915700554847717,52.365403287704865],[4.915684461593628,52.36539018514496],[4.915518164634705,52.36544259536123],[4.915480613708496,52.365403287704865],[4.915416240692139,52.36542621717533],[4.915410876274109,52.36541966589926],[4.915158748626709,52.36550810804413],[4.915164113044739,52.36551465930709],[4.915094375610352,52.36553758871975],[4.915089011192322,52.3655310374602],[4.914992451667786,52.36556379374822],[4.914992451667786,52.365567069375686],[4.914836883544922,52.36561947938211],[4.914842247962952,52.36562603062855],[4.9147725105285645,52.36564895998341],[4.914767146110535,52.36564240874037],[4.91463840007782,52.36568826742119],[4.914675951004028,52.365730850439334],[4.914954900741577,52.36563585749637],[4.915089011192322,52.365616203758535],[4.915217757225037,52.36560965251064],[4.9153196811676025,52.36559655001196],[4.915485978126526,52.365501556780224],[4.9155449867248535,52.365475351714835],[4.91563618183136,52.36545242226986],[4.915689826011658,52.36543931972454],[4.9159204959869385,52.36542949281299],[4.915915131568909,52.36538363386356],[4.915700554847717,52.365403287704865]]]]}},{"type":"Feature","properties":{"mvt_id":14100741342,"subclass":"grass","class":"grass"},"geometry":{"type":"MultiPolygon","coordinates":[[[[4.915915131568909,52.36538363386356],[4.9159204959869385,52.36542949281299],[4.915990233421326,52.36542621717533],[4.916059970855713,52.36541639026087],[4.916006326675415,52.36537053129783],[4.915915131568909,52.36538363386356]]]]}},{"type":"Feature","properties":{"mvt_id":14100741442,"subclass":"scrub","class":"grass"},"geometry":{"type":"MultiPolygon","coordinates":[[[[4.91362452507019,52.36760118712637],[4.9135226011276245,52.36748982078423],[4.913511872291565,52.3675029227214],[4.913613796234131,52.367607738078924],[4.9134474992752075,52.36766669660825],[4.913452863693237,52.36766997207979],[4.913619160652161,52.36761101355484],[4.91362452507019,52.36760118712637]]]]}},{"type":"Feature","properties":{"mvt_id":14100741452,"subclass":"scrub","class":"grass"},"geometry":{"type":"MultiPolygon","coordinates":[[[[4.913415312767029,52.367375178668155],[4.9133992195129395,52.36738172965423],[4.913490414619446,52.36747999432878],[4.913506507873535,52.367473443357284],[4.913415312767029,52.367375178668155]]]]}},{"type":"Feature","properties":{"mvt_id":14114273212,"subclass":"grass","class":"grass"},"geometry":{"type":"MultiPolygon","coordinates":[[[[4.907514452934265,52.36710003637576],[4.907535910606384,52.36709020983361],[4.907541275024414,52.367067281226795],[4.907525181770325,52.36705417916041],[4.907498359680176,52.36705090364321],[4.907471537590027,52.367057454677365],[4.907460808753967,52.36708038328929],[4.907476902008057,52.36709348534791],[4.907514452934265,52.36710003637576]]]]}},{"type":"Feature","properties":{"mvt_id":14114273222,"subclass":"grass","class":"grass"},"geometry":{"type":"MultiPolygon","coordinates":[[[[4.9072569608688354,52.367195026170386],[4.907310605049133,52.36718519964938],[4.907315969467163,52.367165546600816],[4.907299876213074,52.367152444563565],[4.907273054122925,52.367149169053654],[4.907240867614746,52.367162271091864],[4.907235503196716,52.367178648634166],[4.9072569608688354,52.367195026170386]]]]}},{"type":"Feature","properties":{"mvt_id":14114273232,"subclass":"grass","class":"grass"},"geometry":{"type":"MultiPolygon","coordinates":[[[[4.907337427139282,52.367122964965574],[4.907358884811401,52.36712624047743],[4.907369613647461,52.36710986291571],[4.907358884811401,52.36710003637576],[4.907342791557312,52.36710003637576],[4.907332062721252,52.367106587402624],[4.907332062721252,52.367116413941126],[4.907337427139282,52.367122964965574]]]]}},{"type":"Feature","properties":{"mvt_id":14421491032,"subclass":"grass","class":"grass"},"geometry":{"type":"MultiPolygon","coordinates":[[[[4.908995032310486,52.37016581079453],[4.909000396728516,52.37017236136677],[4.909043312072754,52.3701887377931],[4.909048676490784,52.3701887377931],[4.909155964851379,52.37012978262989],[4.909155964851379,52.37011995676169],[4.909080862998962,52.37007082738798],[4.909021854400635,52.37010358030986],[4.909059405326843,52.37012978262989],[4.908995032310486,52.37016581079453]]]]}},{"type":"Feature","properties":{"mvt_id":14421491042,"subclass":"grass","class":"grass"},"geometry":{"type":"MultiPolygon","coordinates":[[[[4.908957481384277,52.37012323205134],[4.908989667892456,52.37010358030986],[4.908877015113831,52.370028248553226],[4.908866286277771,52.370028248553226],[4.908834099769592,52.37008720385196],[4.908860921859741,52.37011995676169],[4.908968210220337,52.370159260221335],[4.908989667892456,52.370149434359696],[4.908957481384277,52.37012323205134]]]]}},{"type":"Feature","properties":{"mvt_id":14421491052,"subclass":"grass","class":"grass"},"geometry":{"type":"MultiPolygon","coordinates":[[[[4.90888237953186,52.37001187206739],[4.909005761146545,52.37009375443584],[4.909064769744873,52.37006100150668],[4.909011125564575,52.37002497325654],[4.9089038372039795,52.36998566967742],[4.90888237953186,52.37001187206739]]]]}},{"type":"Feature","properties":{"mvt_id":14421491062,"subclass":"grass","class":"grass"},"geometry":{"type":"MultiPolygon","coordinates":[[[[4.909542202949524,52.37030009733116],[4.909456372261047,52.3702509681578],[4.9093544483184814,52.37030664788348],[4.909461736679077,52.37034595117699],[4.909542202949524,52.37030009733116]]]]}},{"type":"Feature","properties":{"mvt_id":14464784382,"subclass":"grass","class":"grass"},"geometry":{"type":"MultiPolygon","coordinates":[[[[4.908442497253418,52.36304804013454],[4.908458590507507,52.36300873034767],[4.9076807498931885,52.36285149085044],[4.9076539278030396,52.362903904078365],[4.908442497253418,52.36304804013454]]]]}},{"type":"Feature","properties":{"mvt_id":14475680182,"subclass":"grass","class":"grass"},"geometry":{"type":"MultiPolygon","coordinates":[[[[4.916258454322815,52.36953695133703],[4.9162209033966064,52.369615559258825],[4.916258454322815,52.36962538523922],[4.916574954986572,52.36951074866534],[4.916580319404602,52.369477995303875],[4.916435480117798,52.36931750348164],[4.91639256477356,52.36931422813226],[4.916349649429321,52.369389561106615],[4.91639256477356,52.36940921316575],[4.916414022445679,52.369441966578215],[4.916414022445679,52.3694681692907],[4.916403293609619,52.369494371987656],[4.91637647151947,52.369517299334724],[4.9163442850112915,52.369530400670556],[4.916306734085083,52.3695402266699],[4.916258454322815,52.36953695133703]]]]}},{"type":"Feature","properties":{"mvt_id":14475680192,"subclass":"grass","class":"grass"},"geometry":{"type":"MultiPolygon","coordinates":[[[[4.916172623634338,52.36960573327626],[4.916215538978577,52.369530400670556],[4.916204810142517,52.36952712533697],[4.916161894798279,52.36949764732367],[4.916151165962219,52.36947471996639],[4.916156530380249,52.369445241918136],[4.916204810142517,52.36939611179396],[4.916242361068726,52.36938301041828],[4.916306734085083,52.369379735073764],[4.9163442850112915,52.369304402082655],[4.916317462921143,52.3692978513817],[4.915947318077087,52.369432140557024],[4.916102886199951,52.36959263196276],[4.916172623634338,52.36960573327626]]]]}},{"type":"Feature","properties":{"mvt_id":14574021832,"subclass":"forest","class":"wood"},"geometry":{"type":"MultiPolygon","coordinates":[[[[4.921740889549255,52.365904457703884],[4.921740889549255,52.365858599247474],[4.921708703041077,52.36582584317804],[4.921579957008362,52.36582256756976],[4.921526312828064,52.36590118210143],[4.921655058860779,52.36591428450977],[4.921740889549255,52.365904457703884]]]]}},{"type":"Feature","properties":{"mvt_id":14574021842,"subclass":"grass","class":"grass"},"geometry":{"type":"MultiPolygon","coordinates":[[[[4.921848177909851,52.36582911878608],[4.921708703041077,52.36582584317804],[4.921740889549255,52.365858599247474],[4.921875,52.36587554203248],[4.921875,52.365822189614946],[4.921848177909851,52.36582911878608]]]]}},{"type":"Feature","properties":{"mvt_id":14575364302,"subclass":"garden","class":"grass"},"geometry":{"type":"MultiPolygon","coordinates":[[[[4.908860921859741,52.36508554953189],[4.907278418540955,52.36479073887403],[4.90713894367218,52.36503313889206],[4.9084800481796265,52.36525260803144],[4.9084049463272095,52.36549172988252],[4.908737540245056,52.36556051812051],[4.908560514450073,52.365357428728224],[4.908812642097473,52.36526243498232],[4.908850193023682,52.36516744103218],[4.908860921859741,52.36508554953189]]]]}}],"crs":{"type":"name","properties":{"name":"urn:ogc:def:crs:OGC:1.3:CRS84"}}}