{"type":"FeatureCollection","name":"poi","features":[{"type":"Feature","properties":{"mvt_id":122327054941,"name_int":"Podotherapie Beld","name_de":"Podotherapie Beld","name":"Podotherapie Beld","subclass":"clinic","rank":1,"class":"hospital","name:latin":"Podotherapie Beld","name_en":"Podotherapie Beld"},"geometry":{"type":"Point","coordinates":[4.906184077262878,52.3715610607471]}},{"type":"Feature","properties":{"mvt_id":27428005621,"name_int":"GGD SOA Polikliniek","name_de":"GGD SOA Polikliniek","name":"GGD SOA Polikliniek","subclass":"clinic","rank":1,"class":"hospital","name:latin":"GGD SOA Polikliniek","name_en":"GGD SOA Polikliniek"},"geometry":{"type":"Point","coordinates":[4.907991886138916,52.362288044723435]}},{"type":"Feature","properties":{"mvt_id":46186866891,"name_int":"GGD Amsterdam","name_de":"GGD Amsterdam","name":"GGD Amsterdam","subclass":"clinic","rank":2,"class":"hospital","name:latin":"GGD Amsterdam","name_en":"GGD Amsterdam"},"geometry":{"type":"Point","coordinates":[4.908415675163269,52.36246494137433]}},{"type":"Feature","properties":{"mvt_id":40737435061,"name_int":"Nieuwmarkt","name_de":"Neumarkt","name":"Nieuwmarkt","subclass":"subway","rank":1,"class":"railway","name:latin":"Nieuwmarkt","name_en":"Nieuwmarkt","name:nl":"Nieuwmarkt","name:de":"Neumarkt","name:fr":"Nieuwmarkt","name:en":"Nieuwmarkt","name:es":"Nieuwmarkt","name:uk":"\u041d\u0456\u0443\u043c\u0430\u0440\u043a\u0442","name:id":"Nieuwmarkt","name:it":"Nieuwmarkt","name:eo":"Nieuwmarkt","name:zh":"\u65b0\u5e02\u5834\u7ad9","name:ja":"\u30cb\u30fc\u30a6\u30de\u30eb\u30af\u30c8\u99c5","name:pl":"Nieuwmarkt","name:pt":"Nieuwmarkt","name:hu":"Nieuwmarkt metr\u00f3\u00e1llom\u00e1s"},"geometry":{"type":"Point","coordinates":[4.900878667831421,52.37131869654745]}},{"type":"Feature","properties":{"mvt_id":463696431,"name_int":"Meester Visserplein","name_de":"Meester Visserplein","name":"Meester Visserplein","subclass":"tram_stop","rank":1,"class":"railway","name:latin":"Meester Visserplein","name_en":"Meester Visserplein","name:nl":"Tramhalte Mr. Visserplein","name:de":"Stra\u00dfenbahnhaltestelle Mr. Visserplein","name:fr":"Mr. Visserplein","name:en":"Tram stop Mr. Visserplein","name:es":"Parada de tranv\u00eda Mr. Visserplein"},"geometry":{"type":"Point","coordinates":[4.9053579568862915,52.36796148807451]}},{"type":"Feature","properties":{"mvt_id":2417720551,"name_int":"Waterlooplein","name_de":"Waterlooplein","name":"Waterlooplein","subclass":"tram_stop","rank":2,"class":"railway","name:latin":"Waterlooplein","name_en":"Waterlooplein","name:nl":"Tramhalte Waterlooplein","name:de":"Stra\u00dfenbahnhaltestelle Waterlooplein","name:fr":"Waterlooplein","name:en":"Tram stop Waterlooplein","name:es":"Parada de tranv\u00eda Waterlooplein"},"geometry":{"type":"Point","coordinates":[4.901983737945557,52.36699194429202]}},{"type":"Feature","properties":{"mvt_id":2687823052,"name_int":"Waterlooplein","name_de":"Waterlooplein","name":"Waterlooplein","subclass":"subway","rank":3,"class":"railway","name:latin":"Waterlooplein","name_en":"Waterlooplein","name:nl":"Waterlooplein","name:de":"Waterlooplein","name:fr":"Waterlooplein","name:en":"Waterlooplein","name:es":"Waterlooplein","name:uk":"\u0412\u0430\u0442\u0435\u0440\u043b\u043e\u043e\u043f\u043b\u044f\u0439\u043d","name:id":"Waterlooplein","name:it":"stazione di Waterlooplein","name:eo":"Waterlooplein","name:ja":"\u30ef\u30fc\u30c6\u30eb\u30ed\u30fc\u5e83\u5834\u99c5","name:pl":"Waterlooplein","name:hu":"Waterlooplein metr\u00f3\u00e1llom\u00e1s","level":-1,"layer":-1},"geometry":{"type":"Point","coordinates":[4.9022358655929565,52.36739483162347]}},{"type":"Feature","properties":{"mvt_id":26729872881,"name_int":"Waterlooplein","name_de":"Waterlooplein","name":"Waterlooplein","subclass":"tram_stop","rank":4,"class":"railway","name:latin":"Waterlooplein","name_en":"Waterlooplein","name:nl":"Tramhalte Waterlooplein","name:de":"Stra\u00dfenbahnhaltestelle Waterlooplein","name:fr":"Waterlooplein","name:en":"Tram stop Waterlooplein","name:es":"Parada de tranv\u00eda Waterlooplein"},"geometry":{"type":"Point","coordinates":[4.902230501174927,52.367172097617974]}},{"type":"Feature","properties":{"mvt_id":26730710641,"name_int":"Meester Visserplein","name_de":"Meester Visserplein","name":"Meester Visserplein","subclass":"tram_stop","rank":1,"class":"railway","name:latin":"Meester Visserplein","name_en":"Meester Visserplein","name:nl":"Tramhalte Mr. Visserplein","name:de":"Stra\u00dfenbahnhaltestelle Mr. Visserplein","name:fr":"Mr. Visserplein","name:en":"Tram stop Mr. Visserplein","name:es":"Parada de tranv\u00eda Mr. Visserplein"},"geometry":{"type":"Point","coordinates":[4.905846118927002,52.36775513425468]}},{"type":"Feature","properties":{"mvt_id":137062821231,"name_int":"Plantage Parklaan","name_de":"Plantage Parklaan","name":"Plantage Parklaan","subclass":"tram_stop","rank":2,"class":"railway","name:latin":"Plantage Parklaan","name_en":"Plantage Parklaan"},"geometry":{"type":"Point","coordinates":[4.909461736679077,52.3675389530286]}},{"type":"Feature","properties":{"mvt_id":4345099701,"name_int":"Artis","name_de":"Artis","name":"Artis","subclass":"tram_stop","rank":1,"class":"railway","name:latin":"Artis","name_en":"Artis","name:nl":"Tramhalte Artis","name:de":"Stra\u00dfenbahnhaltestelle Artis","name:fr":"Artis","name:en":"Tram stop Artis","name:es":"Parada de tranv\u00eda Artis"},"geometry":{"type":"Point","coordinates":[4.910953044891357,52.36672007515468]}},{"type":"Feature","properties":{"mvt_id":26730710861,"name_int":"Artis","name_de":"Artis","name":"Artis","subclass":"tram_stop","rank":2,"class":"railway","name:latin":"Artis","name_en":"Artis","name:nl":"Tramhalte Artis","name:de":"Stra\u00dfenbahnhaltestelle Artis","name:fr":"Artis","name:en":"Tram stop Artis","name:es":"Parada de tranv\u00eda Artis"},"geometry":{"type":"Point","coordinates":[4.911323189735413,52.36656284886589]}},{"type":"Feature","properties":{"mvt_id":137062830451,"name_int":"Artis/Holocaustmuseum","name_de":"Artis/Holocaustmuseum","name":"Artis/Holocaustmuseum","subclass":"tram_stop","rank":3,"class":"railway","name:latin":"Artis/Holocaustmuseum","name_en":"Artis/Holocaustmuseum"},"geometry":{"type":"Point","coordinates":[4.912444353103638,52.367155720073235]}},{"type":"Feature","properties":{"mvt_id":4344412071,"name_int":"Korte 's-Gravesandestraat","name_de":"Korte 's-Gravesandestraat","name":"Korte 's-Gravesandestraat","subclass":"tram_stop","rank":1,"class":"railway","name:latin":"Korte 's-Gravesandestraat","name_en":"Korte 's-Gravesandestraat","name:nl":"Tramhalte Korte \u2018s-Gravesandestraat","name:de":"Stra\u00dfenbahnhaltestelle Korte \u2018s-Gravesandestraat","name:fr":"Korte \u2018s-Gravesandestraat","name:en":"Tram stop Korte \u2018s-Gravesandestraat","name:es":"Parada de tranv\u00eda Korte \u2018s-Gravesandestraat"},"geometry":{"type":"Point","coordinates":[4.913592338562012,52.362347010352416]}},{"type":"Feature","properties":{"mvt_id":26745219171,"name_int":"Plantage Lepellaan","name_de":"Plantage Lepellaan","name":"Plantage Lepellaan","subclass":"tram_stop","rank":2,"class":"railway","name:latin":"Plantage Lepellaan","name_en":"Plantage Lepellaan","name:nl":"Tramhalte Plantage Lepellaan","name:de":"Stra\u00dfenbahnhaltestelle Plantage Lepellaan","name:fr":"Plantage Lepellaan","name:en":"Tram stop Plantage Lepellaan","name:es":"Parada de tranv\u00eda Plantage Lepellaan"},"geometry":{"type":"Point","coordinates":[4.915534257888794,52.365105203505806]}},{"type":"Feature","properties":{"mvt_id":26745219431,"name_int":"Plantage Lepellaan","name_de":"Plantage Lepellaan","name":"Plantage Lepellaan","subclass":"tram_stop","rank":3,"class":"railway","name:latin":"Plantage Lepellaan","name_en":"Plantage Lepellaan","name:nl":"Tramhalte Plantage Lepellaan","name:de":"Stra\u00dfenbahnhaltestelle Plantage Lepellaan","name:fr":"Plantage Lepellaan","name:en":"Tram stop Plantage Lepellaan","name:es":"Parada de tranv\u00eda Plantage Lepellaan"},"geometry":{"type":"Point","coordinates":[4.915276765823364,52.365223127165656]}},{"type":"Feature","properties":{"mvt_id":95521812541,"name_int":"Korte 's-Gravesandestraat","name_de":"Korte 's-Gravesandestraat","name":"Korte 's-Gravesandestraat","subclass":"tram_stop","rank":4,"class":"railway","name:latin":"Korte 's-Gravesandestraat","name_en":"Korte 's-Gravesandestraat","name:nl":"Tramhalte Korte \u2018s-Gravesandestraat","name:de":"Stra\u00dfenbahnhaltestelle Korte \u2018s-Gravesandestraat","name:fr":"Korte \u2018s-Gravesandestraat","name:en":"Tram stop Korte \u2018s-Gravesandestraat","name:es":"Parada de tranv\u00eda Korte \u2018s-Gravesandestraat"},"geometry":{"type":"Point","coordinates":[4.914150238037109,52.36243545864837]}},{"type":"Feature","properties":{"mvt_id":137062543771,"name_int":"Roetersstraat","name_de":"Roetersstraat","name":"Roetersstraat","subclass":"tram_stop","rank":5,"class":"railway","name:latin":"Roetersstraat","name_en":"Roetersstraat","name:nl":"Tramhalte Korte \u2018s-Gravesandestraat","name:de":"Stra\u00dfenbahnhaltestelle Korte \u2018s-Gravesandestraat","name:fr":"Korte \u2018s-Gravesandestraat","name:en":"Tram stop Korte \u2018s-Gravesandestraat","name:es":"Parada de tranv\u00eda Korte \u2018s-Gravesandestraat"},"geometry":{"type":"Point","coordinates":[4.910995960235596,52.36257632038376]}},{"type":"Feature","properties":{"mvt_id":463503821,"name_int":"Alexanderplein","name_de":"Alexanderplein","name":"Alexanderplein","subclass":"tram_stop","rank":1,"class":"railway","name:latin":"Alexanderplein","name_en":"Alexanderplein","name:nl":"Tramhalte Alexanderplein","name:de":"Stra\u00dfenbahnhaltestelle Alexanderplein","name:fr":"Alexanderplein","name:en":"Tram stop Alexanderplein","name:es":"Parada de tranv\u00eda Alexanderplein"},"geometry":{"type":"Point","coordinates":[4.9193644523620605,52.363503375950266]}},{"type":"Feature","properties":{"mvt_id":2417720611,"name_int":"Mauritskade","name_de":"Mauritskade","name":"Mauritskade","subclass":"tram_stop","rank":2,"class":"railway","name:latin":"Mauritskade","name_en":"Mauritskade"},"geometry":{"type":"Point","coordinates":[4.920641183853149,52.363025109429785]}},{"type":"Feature","properties":{"mvt_id":4344309621,"name_int":"Alexanderplein","name_de":"Alexanderplein","name":"Alexanderplein","subclass":"tram_stop","rank":3,"class":"railway","name:latin":"Alexanderplein","name_en":"Alexanderplein","name:nl":"Tramhalte Alexanderplein","name:de":"Stra\u00dfenbahnhaltestelle Alexanderplein","name:fr":"Alexanderplein","name:en":"Tram stop Alexanderplein","name:es":"Parada de tranv\u00eda Alexanderplein"},"geometry":{"type":"Point","coordinates":[4.919235706329346,52.3638735375798]}},{"type":"Feature","properties":{"mvt_id":26745219391,"name_int":"Mauritskade","name_de":"Mauritskade","name":"Mauritskade","subclass":"tram_stop","rank":4,"class":"railway","name:latin":"Mauritskade","name_en":"Mauritskade"},"geometry":{"type":"Point","coordinates":[4.9213385581970215,52.36306441920208]}},{"type":"Feature","properties":{"mvt_id":26745219421,"name_int":"Alexanderplein","name_de":"Alexanderplein","name":"Alexanderplein","subclass":"tram_stop","rank":5,"class":"railway","name:latin":"Alexanderplein","name_en":"Alexanderplein","name:nl":"Tramhalte Alexanderplein","name:de":"Stra\u00dfenbahnhaltestelle Alexanderplein","name:fr":"Alexanderplein","name:en":"Tram stop Alexanderplein","name:es":"Parada de tranv\u00eda Alexanderplein"},"geometry":{"type":"Point","coordinates":[4.919611215591431,52.36343458450924]}},{"type":"Feature","properties":{"mvt_id":33012899661,"name_int":"Alexanderplein","name_de":"Alexanderplein","name":"Alexanderplein","subclass":"tram_stop","rank":6,"class":"railway","name:latin":"Alexanderplein","name_en":"Alexanderplein","name:nl":"Tramhalte Alexanderplein","name:de":"Stra\u00dfenbahnhaltestelle Alexanderplein","name:fr":"Alexanderplein","name:en":"Tram stop Alexanderplein","name:es":"Parada de tranv\u00eda Alexanderplein"},"geometry":{"type":"Point","coordinates":[4.918570518493652,52.363372344541744]}},{"type":"Feature","properties":{"mvt_id":54159603731,"name_int":"Prins Hendrikkade","name_de":"Prins Hendrikkade","name":"Prins Hendrikkade","subclass":"bus_stop","rank":1,"class":"bus","name:latin":"Prins Hendrikkade","name_en":"Prins Hendrikkade"},"geometry":{"type":"Point","coordinates":[4.904478192329407,52.37451190196566]}},{"type":"Feature","properties":{"mvt_id":33325449941,"name_int":"Waterlooplein","name_de":"Waterlooplein","name":"Waterlooplein","subclass":"bus_stop","rank":5,"class":"bus","name:latin":"Waterlooplein","name_en":"Waterlooplein"},"geometry":{"type":"Point","coordinates":[4.904499650001526,52.368763965988286]}},{"type":"Feature","properties":{"mvt_id":70606099681,"name_int":"Waterlooplein","name_de":"Waterlooplein","name":"Waterlooplein","subclass":"bus_stop","rank":6,"class":"bus","name:latin":"Waterlooplein","name_en":"Waterlooplein"},"geometry":{"type":"Point","coordinates":[4.904832243919373,52.36869190734279]}},{"type":"Feature","properties":{"mvt_id":72233350821,"name_int":"Waterlooplein","name_de":"Waterlooplein","name":"Waterlooplein","subclass":"bus_stop","rank":7,"class":"bus","name:latin":"Waterlooplein","name_en":"Waterlooplein"},"geometry":{"type":"Point","coordinates":[4.9022626876831055,52.36715899558267]}},{"type":"Feature","properties":{"mvt_id":72233350831,"name_int":"Waterlooplein","name_de":"Waterlooplein","name":"Waterlooplein","subclass":"bus_stop","rank":8,"class":"bus","name:latin":"Waterlooplein","name_en":"Waterlooplein"},"geometry":{"type":"Point","coordinates":[4.901956915855408,52.36700177085602]}},{"type":"Feature","properties":{"mvt_id":7003431821,"name_int":"Prins Hendrikkade","name_de":"Prins Hendrikkade","name":"Prins Hendrikkade","subclass":"bus_stop","rank":1,"class":"bus","name:latin":"Prins Hendrikkade","name_en":"Prins Hendrikkade"},"geometry":{"type":"Point","coordinates":[4.905497431755066,52.37394860455013]}},{"type":"Feature","properties":{"mvt_id":10797689261,"name_int":"Prins Hendrikkade","name_de":"Prins Hendrikkade","name":"Prins Hendrikkade","subclass":"bus_stop","rank":2,"class":"bus","name:latin":"Prins Hendrikkade","name_en":"Prins Hendrikkade"},"geometry":{"type":"Point","coordinates":[4.906479120254517,52.373418050414195]}},{"type":"Feature","properties":{"mvt_id":10797689891,"name_int":"IJ tunnel","name_de":"IJ tunnel","name":"IJ tunnel","subclass":"bus_stop","rank":3,"class":"bus","name:latin":"IJ tunnel","name_en":"IJ tunnel"},"geometry":{"type":"Point","coordinates":[4.909483194351196,52.37232744689704]}},{"type":"Feature","properties":{"mvt_id":20876440611,"name_int":"Kadijksplein","name_de":"Kadijksplein","name":"Kadijksplein","subclass":"bus_stop","rank":1,"class":"bus","name:latin":"Kadijksplein","name_en":"Kadijksplein"},"geometry":{"type":"Point","coordinates":[4.913340210914612,52.37100755136863]}},{"type":"Feature","properties":{"mvt_id":20876442361,"name_int":"Kadijksplein","name_de":"Kadijksplein","name":"Kadijksplein","subclass":"bus_stop","rank":2,"class":"bus","name:latin":"Kadijksplein","name_en":"Kadijksplein"},"geometry":{"type":"Point","coordinates":[4.913350939750671,52.370745532675905]}},{"type":"Feature","properties":{"mvt_id":46234861471,"name_int":"Kattenburgerplein","name_de":"Kattenburgerplein","name":"Kattenburgerplein","subclass":"bus_stop","rank":3,"class":"bus","name:latin":"Kattenburgerplein","name_en":"Kattenburgerplein"},"geometry":{"type":"Point","coordinates":[4.916167259216309,52.370630899009086]}},{"type":"Feature","properties":{"mvt_id":46234861481,"name_int":"Kattenburgerplein","name_de":"Kattenburgerplein","name":"Kattenburgerplein","subclass":"bus_stop","rank":4,"class":"bus","name:latin":"Kattenburgerplein","name_en":"Kattenburgerplein"},"geometry":{"type":"Point","coordinates":[4.916097521781921,52.37077173461511]}},{"type":"Feature","properties":{"mvt_id":72231814351,"name_int":"Artis","name_de":"Artis","name":"Artis","subclass":"bus_stop","rank":4,"class":"bus","name:latin":"Artis","name_en":"Artis"},"geometry":{"type":"Point","coordinates":[4.910969138145447,52.36672990177915]}},{"type":"Feature","properties":{"mvt_id":79859319731,"name_int":"Artis","name_de":"Artis","name":"Artis","subclass":"bus_stop","rank":5,"class":"bus","name:latin":"Artis","name_en":"Artis"},"geometry":{"type":"Point","coordinates":[4.911312460899353,52.36654319554045]}},{"type":"Feature","properties":{"mvt_id":72232100641,"name_int":"Plantage Lepellaan","name_de":"Plantage Lepellaan","name":"Plantage Lepellaan","subclass":"bus_stop","rank":6,"class":"bus","name:latin":"Plantage Lepellaan","name_en":"Plantage Lepellaan"},"geometry":{"type":"Point","coordinates":[4.915292859077454,52.3652362297751]}},{"type":"Feature","properties":{"mvt_id":29856193191,"name_int":"Kattenburgerstraat","name_de":"Kattenburgerstraat","name":"Kattenburgerstraat","subclass":"bus_stop","rank":1,"class":"bus","name:latin":"Kattenburgerstraat","name_en":"Kattenburgerstraat"},"geometry":{"type":"Point","coordinates":[4.9183666706085205,52.372782687075016]}},{"type":"Feature","properties":{"mvt_id":29856193201,"name_int":"Kattenburgerstraat","name_de":"Kattenburgerstraat","name":"Kattenburgerstraat","subclass":"bus_stop","rank":2,"class":"bus","name:latin":"Kattenburgerstraat","name_en":"Kattenburgerstraat"},"geometry":{"type":"Point","coordinates":[4.917969703674316,52.372255394064666]}},{"type":"Feature","properties":{"mvt_id":46234863051,"name_int":"Wittenburgergracht","name_de":"Wittenburgergracht","name":"Wittenburgergracht","subclass":"bus_stop","rank":1,"class":"bus","name:latin":"Wittenburgergracht","name_en":"Wittenburgergracht"},"geometry":{"type":"Point","coordinates":[4.919691681861877,52.36940921316575]}},{"type":"Feature","properties":{"mvt_id":46234863061,"name_int":"Wittenburgergracht","name_de":"Wittenburgergracht","name":"Wittenburgergracht","subclass":"bus_stop","rank":2,"class":"bus","name:latin":"Wittenburgergracht","name_en":"Wittenburgergracht"},"geometry":{"type":"Point","coordinates":[4.919573664665222,52.369572979985215]}},{"type":"Feature","properties":{"mvt_id":72234223451,"name_int":"Alexanderplein","name_de":"Alexanderplein","name":"Alexanderplein","subclass":"bus_stop","rank":7,"class":"bus","name:latin":"Alexanderplein","name_en":"Alexanderplein"},"geometry":{"type":"Point","coordinates":[4.919600486755371,52.36341492979214]}},{"type":"Feature","properties":{"mvt_id":72234223471,"name_int":"Alexanderplein","name_de":"Alexanderplein","name":"Alexanderplein","subclass":"bus_stop","rank":8,"class":"bus","name:latin":"Alexanderplein","name_en":"Alexanderplein"},"geometry":{"type":"Point","coordinates":[4.91937518119812,52.363526306406804]}},{"type":"Feature","properties":{"mvt_id":578573902,"name_int":"Waag","name_de":"Stadtwaage (Antoniustor)","name":"Waag","subclass":"attraction","rank":2,"class":"attraction","name:latin":"Waag","name_en":"Waag","name:nl":"Waag","name:de":"Stadtwaage (Antoniustor)","name:fr":"Waag","name:en":"Waag, Amsterdam","name:es":"Waag","name:ko":"\uc640\uadf8","name:it":"Waag","name:zh":"\u963f\u59c6\u65af\u7279\u4e39\u6e2c\u91cf\u6240","name:ja":"\u8a08\u91cf\u6240","name:da":"Waag","name:he":"\u05d5\u05d0\u05da","name:ru":"\u0412\u0435\u0441\u043e\u0432\u0430\u044f \u041f\u0430\u043b\u0430\u0442\u0430 (\u0410\u043c\u0441\u0442\u0435\u0440\u0434\u0430\u043c)"},"geometry":{"type":"Point","coordinates":[4.900342226028442,52.37277286179697]}},{"type":"Feature","properties":{"mvt_id":578636772,"name_int":"Scheepvaarthuis","name_de":"Scheepvaarthuis","name":"Scheepvaarthuis","subclass":"attraction","rank":3,"class":"attraction","name:latin":"Scheepvaarthuis","name_en":"Scheepvaarthuis","name:nl":"Scheepvaarthuis","name:de":"Scheepvaarthuis","name:fr":"Scheepvaarthuis","name:en":"Scheepvaarthuis","name:it":"Scheepvaarthuis","name:zh":"\u822a\u904b\u5927\u6a13"},"geometry":{"type":"Point","coordinates":[4.9041348695755005,52.374312128704425]}},{"type":"Feature","properties":{"mvt_id":5857816662,"name_int":"Chinatown","name_de":"Chinatown","name":"Chinatown","subclass":"attraction","rank":4,"class":"attraction","name:latin":"Chinatown","name_en":"Chinatown","name:nl":"Chinatown","name:de":"Chinatown","name:fr":"Chinatown","name:en":"Chinatown","name:ko":"\ucc28\uc774\ub098 \ud0c0\uc6b4","name:it":"Chinatown","name:eo":"\u0108ina Kvartalo","name:zh":"\u963f\u59c6\u65af\u7279\u4e39\u5510\u4eba\u8857"},"geometry":{"type":"Point","coordinates":[4.900631904602051,52.3733394492594]}},{"type":"Feature","properties":{"mvt_id":4514436692,"name_int":"Blauwbrug","name_de":"Blauwbrug","name":"Blauwbrug","subclass":"viewpoint","rank":9,"class":"attraction","name:latin":"Blauwbrug","name_en":"Blauwbrug","name:nl":"Blauwbrug","name:de":"Blauwbrug","name:fr":"Blauwbrug","name:en":"Blauwbrug","name:id":"Blauwbrug","name:mk":"\u0421\u0438\u043d\u0438\u043e\u0442 \u043c\u043e\u0441\u0442","name:sv":"Blauwbrug","name:ko":"\ube14\ub8e8 \ube0c\ub9bf\uc9c0","name:it":"Blauwbrug","name:cs":"Blauwbrug","name:zh":"\u85cd\u6a4b","name:da":"Blauwbrug","name:tr":"Blauwbrug","name:ru":"\u043c\u043e\u0441\u0442 \u0442\u0440\u0438 \u0430\u0440\u043a\u0438","layer":1,"name:hy":"\u053f\u0561\u057a\u0578\u0582\u0575\u057f \u056f\u0561\u0574\u0578\u0582\u0580\u057b","name:br":"Blauwbrug"},"geometry":{"type":"Point","coordinates":[4.900878667831421,52.36635976408135]}},{"type":"Feature","properties":{"mvt_id":6010963212,"name_int":"Magere Brug","name_de":"Magere Brug","name":"Magere Brug","subclass":"attraction","rank":1,"class":"attraction","name:latin":"Magere Brug","name_en":"Magere Brug","name:nl":"Magere Brug","name:de":"Magere Brug","name:fr":"Magere Brug","name:en":"Magere Brug","name:es":"Magere Brug","name:uk":"\u041c\u0430\u0433\u0435\u0440\u0435 \u0411\u0440\u044e\u0433","name:id":"Magere Brug","name:ca":"Magere Brug","name:sv":"Magere Brug","name:ko":"\ub9c8\ud5e4\ub7ec \ube0c\ub93c\ud750","name:it":"Magere Brug","name:cs":"Magere Brug","name:zh":"\u7626\u6a4b","name:ja":"\u30de\u30d8\u30ec\u306e\u8df3\u306d\u6a4b","name:pl":"Magere Brug","name:az":"Maqere-Burq","name:da":"Magere Brug","name:he":"\u05d4\u05d2\u05e9\u05e8 \u05d4\u05e6\u05e8","name:tr":"Magere Brug","name:ru":"\u041c\u0430\u0433\u0435\u0440\u0435-\u0411\u0440\u044e\u0433","layer":1,"name:hy":"\u0544\u0561\u0563\u0565\u0580\u0565 \u0532\u0580\u0575\u0578\u0582\u0563","name:br":"Magere Brug","name:lb":"Magere Brug"},"geometry":{"type":"Point","coordinates":[4.902375340461731,52.363585270383254]}},{"type":"Feature","properties":{"mvt_id":578640862,"name_int":"Montelbaanstoren","name_de":"Montelbaanstoren","name":"Montelbaanstoren","subclass":"attraction","rank":2,"class":"attraction","name:latin":"Montelbaanstoren","name_en":"Montelbaanstoren","name:nl":"Montelbaanstoren","name:de":"Montelbaanstoren","name:fr":"Montelbaanstoren","name:en":"Montelbaanstoren","name:it":"Montelbaanstoren","name:zh":"\u6dda\u6c34\u5854","name:pl":"Montelbaanstoren","name:he":"\u05de\u05d5\u05e0\u05d8\u05dc\u05d1\u05d0\u05e0\u05e1\u05d8\u05d5\u05e8\u05df","name:ru":"\u041c\u043e\u043d\u0442\u0435\u043b\u0431\u0430\u043d\u0441\u0442\u043e\u0440\u0435\u043d","name:pt":"Torre Montalban","name:hu":"Montelbaanstoren","name:pnb":"\u0645\u0648\u0646\u0679\u0644\u0628\u0627\u0646\u0633\u0679\u0648\u0631\u0646"},"geometry":{"type":"Point","coordinates":[4.905663728713989,52.3720392348623]}},{"type":"Feature","properties":{"mvt_id":2687823662,"name_int":"West-Indisch Pakhuis","name_de":"Westindisches Speicherhaus","name":"West-Indisch Pakhuis","subclass":"attraction","rank":3,"class":"attraction","name:latin":"West-Indisch Pakhuis","name_en":"West-Indisch Pakhuis","name:nl":"West-Indisch Pakhuis","name:de":"Westindisches Speicherhaus","name:en":"West-Indisch Pakhuis"},"geometry":{"type":"Point","coordinates":[4.908034801483154,52.37217679084076]}},{"type":"Feature","properties":{"mvt_id":317627922,"name_int":"Butterfly Greenhouse","name_de":"Schulgew\u00e4chshaus (Schmetterlinge)","name":"Vlinderkas","subclass":"attraction","rank":3,"class":"attraction","name:latin":"Vlinderkas","name_en":"Butterfly Greenhouse","name:nl":"Vlinderkas","name:de":"Schulgew\u00e4chshaus (Schmetterlinge)","name:en":"Butterfly Greenhouse"},"geometry":{"type":"Point","coordinates":[4.907852411270142,52.366743003941714]}},{"type":"Feature","properties":{"mvt_id":578639162,"name_int":"Three-climate Greenhouse","name_de":"Drei-Klimazonen-Gew\u00e4chshaus","name":"Drie-klimaten-kas","subclass":"attraction","rank":4,"class":"attraction","name:latin":"Drie-klimaten-kas","name_en":"Three-climate Greenhouse","name:nl":"Drie-klimaten-kas","name:de":"Drei-Klimazonen-Gew\u00e4chshaus","name:en":"Three-climate Greenhouse"},"geometry":{"type":"Point","coordinates":[4.906951189041138,52.36678231040607]}},{"type":"Feature","properties":{"mvt_id":3248270542,"name_int":"Amsterdam","name_de":"Amsterdam","name":"Amsterdam","subclass":"attraction","rank":1,"class":"attraction","name:latin":"Amsterdam","name_en":"Amsterdam","name:nl":"Amsterdam","name:de":"Amsterdam","name:en":"Amsterdam","name:sk":"Amsterdam","name:cs":"Amsterdam"},"geometry":{"type":"Point","coordinates":[4.914230704307556,52.372340547399375]}},{"type":"Feature","properties":{"mvt_id":111719570871,"name_int":"Energetica - Rooftop NEMO Science Center","name_de":"Energetica - Rooftop NEMO Science Center","name":"Energetica - Rooftop NEMO Science Center","subclass":"viewpoint","rank":2,"class":"attraction","name:latin":"Energetica - Rooftop NEMO Science Center","name_en":"Energetica - Rooftop NEMO Science Center"},"geometry":{"type":"Point","coordinates":[4.912320971488953,52.37394532954414]}},{"type":"Feature","properties":{"mvt_id":44836209901,"name_int":"Glow Golf","name_de":"Glow Golf","name":"Glow Golf","subclass":"attraction","rank":5,"class":"attraction","name:latin":"Glow Golf","name_en":"Glow Golf"},"geometry":{"type":"Point","coordinates":[4.9120259284973145,52.37101737703936]}},{"type":"Feature","properties":{"mvt_id":129234121281,"name_int":"Hollandse Polder","name_de":"Hollandse Polder","name":"Hollandse Polder","subclass":"attraction","rank":6,"class":"attraction","name:latin":"Hollandse Polder","name_en":"Hollandse Polder"},"geometry":{"type":"Point","coordinates":[4.913350939750671,52.36658905328621]}},{"type":"Feature","properties":{"mvt_id":129234121381,"name_int":"Algazel, Stokstaartje","name_de":"Algazel, Stokstaartje","name":"Algazel, Stokstaartje","subclass":"attraction","rank":7,"class":"attraction","name:latin":"Algazel, Stokstaartje","name_en":"Algazel, Stokstaartje"},"geometry":{"type":"Point","coordinates":[4.913565516471863,52.36720157718318]}},{"type":"Feature","properties":{"mvt_id":129234121391,"name_int":"Kleine panda, Aziatische kleinklauwotter","name_de":"Kleine panda, Aziatische kleinklauwotter","name":"Kleine panda, Aziatische kleinklauwotter","subclass":"attraction","rank":8,"class":"attraction","name:latin":"Kleine panda, Aziatische kleinklauwotter","name_en":"Kleine panda, Aziatische kleinklauwotter"},"geometry":{"type":"Point","coordinates":[4.9139732122421265,52.366929709335956]}},{"type":"Feature","properties":{"mvt_id":129279549421,"name_int":"Jaguar","name_de":"Jaguar","name":"Jaguar","subclass":"attraction","rank":9,"class":"attraction","name:latin":"Jaguar","name_en":"Jaguar"},"geometry":{"type":"Point","coordinates":[4.9154698848724365,52.36575705535317]}},{"type":"Feature","properties":{"mvt_id":129279549431,"name_int":"Jaguar","name_de":"Jaguar","name":"Jaguar","subclass":"attraction","rank":10,"class":"attraction","name:latin":"Jaguar","name_en":"Jaguar"},"geometry":{"type":"Point","coordinates":[4.915673732757568,52.365567069375686]}},{"type":"Feature","properties":{"mvt_id":129279549441,"name_int":"Rode vari","name_de":"Rode vari","name":"Rode vari","subclass":"attraction","rank":11,"class":"attraction","name:latin":"Rode vari","name_en":"Rode vari"},"geometry":{"type":"Point","coordinates":[4.9153733253479,52.36674955502153]}},{"type":"Feature","properties":{"mvt_id":129279549471,"name_int":"Goudwanggibbon","name_de":"Goudwanggibbon","name":"Goudwanggibbon","subclass":"attraction","rank":12,"class":"attraction","name:latin":"Goudwanggibbon","name_en":"Goudwanggibbon"},"geometry":{"type":"Point","coordinates":[4.914402365684509,52.36659232883767]}},{"type":"Feature","properties":{"mvt_id":129279549551,"name_int":"Zwarte slingeraap","name_de":"Zwarte slingeraap","name":"Zwarte slingeraap","subclass":"attraction","rank":13,"class":"attraction","name:latin":"Zwarte slingeraap","name_en":"Zwarte slingeraap"},"geometry":{"type":"Point","coordinates":[4.914783239364624,52.36707383225853]}},{"type":"Feature","properties":{"mvt_id":129279549561,"name_int":"Roze pelikaan","name_de":"Roze pelikaan","name":"Roze pelikaan","subclass":"attraction","rank":14,"class":"attraction","name:latin":"Roze pelikaan","name_en":"Roze pelikaan"},"geometry":{"type":"Point","coordinates":[4.914713501930237,52.36692315828285]}},{"type":"Feature","properties":{"mvt_id":129413916681,"name_int":"Laaglandtapir, Vicu\u00f1a, reuzenmiereneter, capibara, grote mara, kuifhoenderkoet","name_de":"Laaglandtapir, Vicu\u00f1a, reuzenmiereneter, capibara, grote mara, kuifhoenderkoet","name":"Laaglandtapir, Vicu\u00f1a, reuzenmiereneter, capibara, grote mara, kuifhoenderkoet","subclass":"attraction","rank":15,"class":"attraction","name:latin":"Laaglandtapir, Vicu\u00f1a, reuzenmiereneter, capibara, grote mara, kuifhoenderkoet","name_en":"Laaglandtapir, Vicu\u00f1a, reuzenmiereneter, capibara, grote mara, kuifhoenderkoet"},"geometry":{"type":"Point","coordinates":[4.914675951004028,52.3659863476862]}},{"type":"Feature","properties":{"mvt_id":129413916691,"name_int":"Chileense flamingo","name_de":"Chileense flamingo","name":"Chileense flamingo","subclass":"attraction","rank":16,"class":"attraction","name:latin":"Chileense flamingo","name_en":"Chileense flamingo"},"geometry":{"type":"Point","coordinates":[4.914085865020752,52.36605841074509]}},{"type":"Feature","properties":{"mvt_id":129422730481,"name_int":"Witstaartstekelvarken","name_de":"Witstaartstekelvarken","name":"Witstaartstekelvarken","subclass":"attraction","rank":17,"class":"attraction","name:latin":"Witstaartstekelvarken","name_en":"Witstaartstekelvarken"},"geometry":{"type":"Point","coordinates":[4.915550351142883,52.36651699109292]}},{"type":"Feature","properties":{"mvt_id":129566474021,"name_int":"Alpensteenbok","name_de":"Alpensteenbok","name":"Alpensteenbok","subclass":"attraction","rank":18,"class":"attraction","name:latin":"Alpensteenbok","name_en":"Alpensteenbok"},"geometry":{"type":"Point","coordinates":[4.914992451667786,52.3664809599522]}},{"type":"Feature","properties":{"mvt_id":137992394871,"name_int":"Ringstaartmaki","name_de":"Ringstaartmaki","name":"Ringstaartmaki","subclass":"attraction","rank":19,"class":"attraction","name:latin":"Ringstaartmaki","name_en":"Ringstaartmaki"},"geometry":{"type":"Point","coordinates":[4.915668368339539,52.36703452605356]}},{"type":"Feature","properties":{"mvt_id":129305311471,"name_int":"Zwarte kuifmakaak","name_de":"Zwarte kuifmakaak","name":"Zwarte kuifmakaak","subclass":"attraction","rank":1,"class":"attraction","name:latin":"Zwarte kuifmakaak","name_en":"Zwarte kuifmakaak"},"geometry":{"type":"Point","coordinates":[4.917084574699402,52.36576360657919]}},{"type":"Feature","properties":{"mvt_id":129305311481,"name_int":"Wasbeer","name_de":"Wasbeer","name":"Wasbeer","subclass":"attraction","rank":2,"class":"attraction","name:latin":"Wasbeer","name_en":"Wasbeer"},"geometry":{"type":"Point","coordinates":[4.9166929721832275,52.36590773330609]}},{"type":"Feature","properties":{"mvt_id":129305311491,"name_int":"Visaya wrattenzwijn","name_de":"Visaya wrattenzwijn","name":"Visaya wrattenzwijn","subclass":"attraction","rank":3,"class":"attraction","name:latin":"Visaya wrattenzwijn","name_en":"Visaya wrattenzwijn"},"geometry":{"type":"Point","coordinates":[4.916682243347168,52.366107544581475]}},{"type":"Feature","properties":{"mvt_id":129501536611,"name_int":"Aziatische olifant","name_de":"Aziatische olifant","name":"Aziatische olifant","subclass":"attraction","rank":4,"class":"attraction","name:latin":"Aziatische olifant","name_en":"Aziatische olifant"},"geometry":{"type":"Point","coordinates":[4.916810989379883,52.366743003941714]}},{"type":"Feature","properties":{"mvt_id":129503336401,"name_int":"Anoa","name_de":"Anoa","name":"Anoa","subclass":"attraction","rank":5,"class":"attraction","name:latin":"Anoa","name_en":"Anoa"},"geometry":{"type":"Point","coordinates":[4.917760491371155,52.365786535862654]}},{"type":"Feature","properties":{"mvt_id":129503343741,"name_int":"Gierenvoli\u00e8re","name_de":"Gierenvoli\u00e8re","name":"Gierenvoli\u00e8re","subclass":"attraction","rank":6,"class":"attraction","name:latin":"Gierenvoli\u00e8re","name_en":"Gierenvoli\u00e8re"},"geometry":{"type":"Point","coordinates":[4.918414950370789,52.36587825287748]}},{"type":"Feature","properties":{"mvt_id":129503343911,"name_int":"Netgiraffe, Grantzebra, Grote Koedoe","name_de":"Netgiraffe, Grantzebra, Grote Koedoe","name":"Netgiraffe, Grantzebra, Grote Koedoe","subclass":"attraction","rank":7,"class":"attraction","name:latin":"Netgiraffe, Grantzebra, Grote Koedoe","name_en":"Netgiraffe, Grantzebra, Grote Koedoe"},"geometry":{"type":"Point","coordinates":[4.918055534362793,52.366418724276265]}},{"type":"Feature","properties":{"mvt_id":129503343921,"name_int":"Bennettwallaby","name_de":"Bennettwallaby","name":"Bennettwallaby","subclass":"attraction","rank":8,"class":"attraction","name:latin":"Bennettwallaby","name_en":"Bennettwallaby"},"geometry":{"type":"Point","coordinates":[4.918935298919678,52.36579308708432]}},{"type":"Feature","properties":{"mvt_id":129548842981,"name_int":"Leeuw","name_de":"Leeuw","name":"Leeuw","subclass":"attraction","rank":9,"class":"attraction","name:latin":"Leeuw","name_en":"Leeuw"},"geometry":{"type":"Point","coordinates":[4.919482469558716,52.36619270976843]}},{"type":"Feature","properties":{"mvt_id":129566270321,"name_int":"Japanse kraanvogel, kleine zilverreiger","name_de":"Japanse kraanvogel, kleine zilverreiger","name":"Japanse kraanvogel, kleine zilverreiger","subclass":"attraction","rank":10,"class":"attraction","name:latin":"Japanse kraanvogel, kleine zilverreiger","name_en":"Japanse kraanvogel, kleine zilverreiger"},"geometry":{"type":"Point","coordinates":[4.91662859916687,52.36641217314738]}},{"type":"Feature","properties":{"mvt_id":129521039101,"name_int":"Chimpansee","name_de":"Chimpansee","name":"Chimpansee","subclass":"attraction","rank":9,"class":"attraction","name:latin":"Chimpansee","name_en":"Chimpansee"},"geometry":{"type":"Point","coordinates":[4.918329119682312,52.36517071668903]}},{"type":"Feature","properties":{"mvt_id":129521115051,"name_int":"Hudson Bay wolf","name_de":"Hudson Bay wolf","name":"Hudson Bay wolf","subclass":"attraction","rank":10,"class":"attraction","name:latin":"Hudson Bay wolf","name_en":"Hudson Bay wolf"},"geometry":{"type":"Point","coordinates":[4.917653203010559,52.3654360440876]}},{"type":"Feature","properties":{"mvt_id":129549092181,"name_int":"Afrikaanse pingu\u00efn","name_de":"Afrikaanse pingu\u00efn","name":"Afrikaanse pingu\u00efn","subclass":"attraction","rank":11,"class":"attraction","name:latin":"Afrikaanse pingu\u00efn","name_en":"Afrikaanse pingu\u00efn"},"geometry":{"type":"Point","coordinates":[4.918232560157776,52.36474160357313]}},{"type":"Feature","properties":{"mvt_id":129549092191,"name_int":"Europese kraanvogel","name_de":"Europese kraanvogel","name":"Europese kraanvogel","subclass":"attraction","rank":12,"class":"attraction","name:latin":"Europese kraanvogel","name_en":"Europese kraanvogel"},"geometry":{"type":"Point","coordinates":[4.91862952709198,52.36495452281572]}},{"type":"Feature","properties":{"mvt_id":129549092201,"name_int":"Struisvogel","name_de":"Struisvogel","name":"Struisvogel","subclass":"attraction","rank":13,"class":"attraction","name:latin":"Struisvogel","name_en":"Struisvogel"},"geometry":{"type":"Point","coordinates":[4.919080138206482,52.36474160357313]}},{"type":"Feature","properties":{"mvt_id":129549095101,"name_int":"Helmkasuaris","name_de":"Helmkasuaris","name":"Helmkasuaris","subclass":"attraction","rank":14,"class":"attraction","name:latin":"Helmkasuaris","name_en":"Helmkasuaris"},"geometry":{"type":"Point","coordinates":[4.919777512550354,52.36545569790558]}},{"type":"Feature","properties":{"mvt_id":129549095111,"name_int":"Californische zeeleeuw","name_de":"Californische zeeleeuw","name":"Californische zeeleeuw","subclass":"attraction","rank":15,"class":"attraction","name:latin":"Californische zeeleeuw","name_en":"Californische zeeleeuw"},"geometry":{"type":"Point","coordinates":[4.920035004615784,52.365278813228954]}},{"type":"Feature","properties":{"mvt_id":129549096511,"name_int":"Mandril","name_de":"Mandril","name":"Mandril","subclass":"attraction","rank":16,"class":"attraction","name:latin":"Mandril","name_en":"Mandril"},"geometry":{"type":"Point","coordinates":[4.919809699058533,52.36509210085751]}},{"type":"Feature","properties":{"mvt_id":129549097561,"name_int":"Aldabra reuzenschildpad","name_de":"Aldabra reuzenschildpad","name":"Aldabra reuzenschildpad","subclass":"attraction","rank":17,"class":"attraction","name:latin":"Aldabra reuzenschildpad","name_en":"Aldabra reuzenschildpad"},"geometry":{"type":"Point","coordinates":[4.918946027755737,52.36546224917631]}},{"type":"Feature","properties":{"mvt_id":129549097571,"name_int":"Westelijke laaglandgorilla","name_de":"Westelijke laaglandgorilla","name":"Westelijke laaglandgorilla","subclass":"attraction","rank":18,"class":"attraction","name:latin":"Westelijke laaglandgorilla","name_en":"Westelijke laaglandgorilla"},"geometry":{"type":"Point","coordinates":[4.919192790985107,52.36522640281839]}},{"type":"Feature","properties":{"mvt_id":137992394881,"name_int":"Grootoorvos","name_de":"Grootoorvos","name":"Grootoorvos","subclass":"attraction","rank":19,"class":"attraction","name:latin":"Grootoorvos","name_en":"Grootoorvos"},"geometry":{"type":"Point","coordinates":[4.919707775115967,52.3648922849894]}},{"type":"Feature","properties":{"mvt_id":8581964971,"name_int":"Amsterdamse Hogeschool voor de Kunsten","name_de":"Amsterdamse Hogeschool voor de Kunsten","name":"Amsterdamse Hogeschool voor de Kunsten","subclass":"university","rank":2,"class":"college","name:latin":"Amsterdamse Hogeschool voor de Kunsten","name_en":"Amsterdamse Hogeschool voor de Kunsten","name:nl":"Amsterdamse Hogeschool voor de Kunsten","name:de":"Amsterdamse Hogeschool voor de Kunsten","name:fr":"Amsterdamse Hogeschool voor de Kunsten","name:en":"Amsterdam University of the Arts","name:sv":"Amsterdamse Hogeschool voor de Kunsten","name:ko":"\uc554\uc2a4\ud14c\ub974\ub2f4 \uc608\uc220\ub300\ud559\uad50","name:el":"\u03a0\u03b1\u03bd\u03b5\u03c0\u03b9\u03c3\u03c4\u03ae\u03bc\u03b9\u03bf \u03a4\u03b5\u03c7\u03bd\u03ce\u03bd \u03c4\u03bf\u03c5 \u0386\u03bc\u03c3\u03c4\u03b5\u03c1\u03bd\u03c4\u03b1\u03bc","name:cs":"Amsterdamsk\u00e1 um\u011bleck\u00e1 univerzita","name:zh":"\u963f\u59c6\u65af\u7279\u4e39\u85dd\u8853\u5927\u5b78","name:ja":"\u30a2\u30e0\u30b9\u30c6\u30eb\u30c0\u30e0\u82b8\u8853\u8077\u696d\u5927\u5b66","name:fa":"\u062f\u0627\u0646\u0634\u06af\u0627\u0647 \u0647\u0646\u0631 \u062f\u0627\u0646\u0634\u06af\u0627\u0647 \u0622\u0645\u0633\u062a\u0631\u062f\u0627\u0645","name:pl":"Wy\u017csza Szko\u0142a Sztuk Pi\u0119knych w Amsterdamie","name:hu":"Amsterdami M\u0171v\u00e9szeti F\u0151iskola","name:et":"Amsterdami Kunstide \u00dclikool"},"geometry":{"type":"Point","coordinates":[4.901967644691467,52.369569704654786]}},{"type":"Feature","properties":{"mvt_id":27410667481,"name_int":"Academie voor Theater en Dans","name_de":"Academie voor Theater en Dans","name":"Academie voor Theater en Dans","subclass":"college","rank":3,"class":"college","name:latin":"Academie voor Theater en Dans","name_en":"Academie voor Theater en Dans","name:nl":"Academie voor Theater en Dans","name:de":"Academie voor Theater en Dans","name:fr":"Acad\u00e9mie de th\u00e9\u00e2tre et de danse","name:en":"Academy of Theatre and Dance","name:es":"Universidad de las Artes de \u00c1msterdam","name:fy":"De Te\u00e4terskoalle","name:cs":"Akademie divadla a tance","name:zh":"\u6232\u5287\u8207\u821e\u8e48\u5b78\u9662","name:he":"\u05d4\u05d0\u05e7\u05d3\u05de\u05d9\u05d4 \u05dc\u05ea\u05d9\u05d0\u05d8\u05e8\u05d5\u05df \u05d5\u05de\u05d7\u05d5\u05dc"},"geometry":{"type":"Point","coordinates":[4.90165650844574,52.36960573327626]}},{"type":"Feature","properties":{"mvt_id":36021243,"name_int":"Academie van Bouwkunst","name_de":"Akademie der Baukunst","name":"Academie van Bouwkunst","subclass":"college","rank":10,"class":"college","name:latin":"Academie van Bouwkunst","name_en":"Academie van Bouwkunst","name:nl":"Academie van Bouwkunst Amsterdam","name:de":"Akademie der Baukunst","name:en":"Academie van Bouwkunst Amsterdam"},"geometry":{"type":"Point","coordinates":[4.903201460838318,52.36754222850961]}},{"type":"Feature","properties":{"mvt_id":27410648671,"name_int":"Nederlandse Film en Televisie Academie","name_de":"Nederlandse Film en Televisie Academie","name":"Nederlandse Film en Televisie Academie","subclass":"university","rank":5,"class":"college","name:latin":"Nederlandse Film en Televisie Academie","name_en":"Nederlandse Film en Televisie Academie","name:nl":"Nederlandse Filmacademie","name:de":"Nederlandse Film en Televisie Academie","name:fr":"Nederlandse Filmacademie","name:en":"Netherlands Film Academy","name:uk":"\u041d\u0456\u0434\u0435\u0440\u043b\u0430\u043d\u0434\u0441\u044c\u043a\u0430 \u043a\u0456\u043d\u043e\u0430\u043a\u0430\u0434\u0435\u043c\u0456\u044f","name:ca":"Acad\u00e8mia de Cinema Neerlandesa","name:ko":"\ub124\ub35c\ub780\ub4dc \ud544\ub984 \uc544\uce74\ub370\ubbf8","name:eo":"Nederlanda Filmakademio","name:cs":"Nederlandse Filmacademie (Amsterdam)","name:zh":"\u8377\u5170\u7535\u5f71\u5b66\u9662","name:pl":"Holenderska Akademia Filmowa","name:tr":"Hollanda Film ve Televizyon Akademisi"},"geometry":{"type":"Point","coordinates":[4.905577898025513,52.368390569915356]}},{"type":"Feature","properties":{"mvt_id":71269587201,"name_int":"Codam Coding College","name_de":"Codam Coding College","name":"Codam Coding College","subclass":"college","rank":3,"class":"college","name:latin":"Codam Coding College","name_en":"Codam Coding College"},"geometry":{"type":"Point","coordinates":[4.915561079978943,52.37453482670833]}},{"type":"Feature","properties":{"mvt_id":266111221,"name_int":"UvA Faculteit der Economische Wetenschappen en Econometrie","name_de":"UvA Faculteit der Economische Wetenschappen en Econometrie","name":"UvA Faculteit der Economische Wetenschappen en Econometrie","subclass":"university","rank":7,"class":"college","name:latin":"UvA Faculteit der Economische Wetenschappen en Econometrie","name_en":"UvA Faculteit der Economische Wetenschappen en Econometrie"},"geometry":{"type":"Point","coordinates":[4.911543130874634,52.36377198912286]}},{"type":"Feature","properties":{"mvt_id":270620972,"name_int":"Roeterseiland (UvA)","name_de":"Roeterseiland (UvA)","name":"Roeterseiland (UvA)","subclass":"university","rank":8,"class":"college","name:latin":"Roeterseiland (UvA)","name_en":"Roeterseiland (UvA)"},"geometry":{"type":"Point","coordinates":[4.913088083267212,52.363762161840455]}},{"type":"Feature","properties":{"mvt_id":450386532,"name_int":"P","name_de":"P","name":"P","subclass":"university","rank":9,"class":"college","name:latin":"P","name_en":"P"},"geometry":{"type":"Point","coordinates":[4.914718866348267,52.36406680657879]}},{"type":"Feature","properties":{"mvt_id":4328558961,"name_int":"Ruimtelijke Wetenschappen (FMG)","name_de":"Ruimtelijke Wetenschappen (FMG)","name":"Ruimtelijke Wetenschappen (FMG)","subclass":"university","rank":10,"class":"college","name:latin":"Ruimtelijke Wetenschappen (FMG)","name_en":"Ruimtelijke Wetenschappen (FMG)"},"geometry":{"type":"Point","coordinates":[4.912347793579102,52.36420766311323]}},{"type":"Feature","properties":{"mvt_id":5142544641,"name_int":"UvA Faculteit der Maatschappij-en Gedragswetenschappen","name_de":"UvA Faculteit der Maatschappij-en Gedragswetenschappen","name":"UvA Faculteit der Maatschappij-en Gedragswetenschappen","subclass":"university","rank":11,"class":"college","name:latin":"UvA Faculteit der Maatschappij-en Gedragswetenschappen","name_en":"UvA Faculteit der Maatschappij-en Gedragswetenschappen"},"geometry":{"type":"Point","coordinates":[4.911682605743408,52.36270407831356]}},{"type":"Feature","properties":{"mvt_id":45736645621,"name_int":"Amsterdam Business School","name_de":"Amsterdam Business School","name":"Amsterdam Business School","subclass":"college","rank":12,"class":"college","name:latin":"Amsterdam Business School","name_en":"Amsterdam Business School"},"geometry":{"type":"Point","coordinates":[4.911720156669617,52.365108479167276]}},{"type":"Feature","properties":{"mvt_id":9041273552,"name_int":"De Witte Olifant","name_de":"De Witte Olifant","name":"De Witte Olifant","subclass":"school","rank":5,"class":"school","name:latin":"De Witte Olifant","name_en":"De Witte Olifant"},"geometry":{"type":"Point","coordinates":[4.9021607637405396,52.373234647502095]}},{"type":"Feature","properties":{"mvt_id":9041279312,"name_int":"De Witte Olifant","name_de":"De Witte Olifant","name":"De Witte Olifant","subclass":"school","rank":4,"class":"school","name:latin":"De Witte Olifant","name_en":"De Witte Olifant"},"geometry":{"type":"Point","coordinates":[4.903990030288696,52.3704638608477]}},{"type":"Feature","properties":{"mvt_id":27410669711,"name_int":"De Witte Olifant","name_de":"De Witte Olifant","name":"De Witte Olifant","subclass":"school","rank":5,"class":"school","name:latin":"De Witte Olifant","name_en":"De Witte Olifant"},"geometry":{"type":"Point","coordinates":[4.904494285583496,52.37088309268338]}},{"type":"Feature","properties":{"mvt_id":44468260761,"name_int":"Reinwardt Academie","name_de":"Reinwardt Academie","name":"Reinwardt Academie","subclass":"school","rank":6,"class":"school","name:latin":"Reinwardt Academie","name_en":"Reinwardt Academie","name:nl":"Reinwardt Academie","name:en":"Reinwardt Academie","name:cs":"Reinwardt Academy"},"geometry":{"type":"Point","coordinates":[4.90589439868927,52.366182883024464]}},{"type":"Feature","properties":{"mvt_id":5173143912,"name_int":"Boekmanschool","name_de":"Boekmanschool","name":"Boekmanschool","subclass":"school","rank":3,"class":"school","name:latin":"Boekmanschool","name_en":"Boekmanschool"},"geometry":{"type":"Point","coordinates":[4.909660220146179,52.363411654005105]}},{"type":"Feature","properties":{"mvt_id":24927598861,"name_int":"Alan Turing School","name_de":"Alan Turing School","name":"Alan Turing School","subclass":"school","rank":3,"class":"school","name:latin":"Alan Turing School","name_en":"Alan Turing School"},"geometry":{"type":"Point","coordinates":[4.921354651451111,52.37061779799965]}},{"type":"Feature","properties":{"mvt_id":27434772661,"name_int":"Basisschool Oostelijke Eilanden","name_de":"Basisschool Oostelijke Eilanden","name":"Basisschool Oostelijke Eilanden","subclass":"school","rank":4,"class":"school","name:latin":"Basisschool Oostelijke Eilanden","name_en":"Basisschool Oostelijke Eilanden"},"geometry":{"type":"Point","coordinates":[4.921000599861145,52.370653825766254]}},{"type":"Feature","properties":{"mvt_id":43667232,"name_int":"Artis","name_de":"Artis","name":"Artis","subclass":"zoo","rank":11,"class":"zoo","name:latin":"Artis","name_en":"Artis","name:nl":"Artis","name:de":"Artis","name:fr":"Artis","name:en":"Artis","name:es":"Artis","name:fy":"Artis","name:uk":"\u0410\u043c\u0441\u0442\u0435\u0440\u0434\u0430\u043c\u0441\u044c\u043a\u0438\u0439 \u0437\u043e\u043e\u043f\u0430\u0440\u043a","name:id":"Natura Artis Magistra","name:ca":"Natura Artis Magistra","name:sv":"Artis","name:ko":"\uc544\ub974\ud2f0\uc2a4","name:it":"Artis","name:eo":"Artis","name:cs":"Natura Artis Magistra","name:zh":"\u963f\u63d0\u65af","name:ar":"\u0622\u0631\u062a\u064a\u0633","name:ja":"\u30a2\u30eb\u30c6\u30a3\u30b9\u52d5\u7269\u5712","name:fa":"\u0622\u0631\u062a\u06cc\u0633 (\u0628\u0627\u063a\u0648\u062d\u0634)","name:pl":"Natura Artis Magistra","name:he":"\u05e0\u05d8\u05d5\u05e8\u05d4 \u05d0\u05e8\u05d8\u05d9\u05e1 \u05de\u05d2\u05d9\u05e1\u05d8\u05e8\u05d4","name:fi":"Artis (el\u00e4intarha)","name:ru":"\u0410\u043c\u0441\u0442\u0435\u0440\u0434\u0430\u043c\u0441\u043a\u0438\u0439 \u0437\u043e\u043e\u043f\u0430\u0440\u043a","name:pt":"Natura Artis Magistra","name:hu":"Artis","layer":-1,"name:vi":"Natura Artis Magistra","name:hy":"\u0531\u0574\u057d\u057f\u0565\u0580\u0564\u0561\u0574\u056b \u056f\u0565\u0576\u0564\u0561\u0576\u0561\u0562\u0561\u0576\u0561\u056f\u0561\u0576 \u0561\u0575\u0563\u056b","name:ro":"Gr\u0103dina zoologic\u0103 Artis"},"geometry":{"type":"Point","coordinates":[4.916548132896423,52.36623856787802]}},{"type":"Feature","properties":{"mvt_id":27257533111,"name_int":"De Boomspijker","name_de":"De Boomspijker","name":"De Boomspijker","subclass":"community_centre","rank":6,"class":"town_hall","name:latin":"De Boomspijker","name_en":"De Boomspijker"},"geometry":{"type":"Point","coordinates":[4.903480410575867,52.37195735610031]}},{"type":"Feature","properties":{"mvt_id":27410648631,"name_int":"Civil affairs office Centrum","name_de":"Stadsloket Centrum","name":"Stadsloket Centrum","subclass":"townhall","rank":11,"class":"town_hall","name:latin":"Stadsloket Centrum","name_en":"Civil affairs office Centrum","name:nl":"Stadsloket Centrum","name:en":"Civil affairs office Centrum"},"geometry":{"type":"Point","coordinates":[4.900224208831787,52.36768307396353]}},{"type":"Feature","properties":{"mvt_id":4083965511,"name_int":"Concern Congres Centrum","name_de":"Concern Congres Centrum","name":"Concern Congres Centrum","subclass":"community_centre","rank":4,"class":"town_hall","name:latin":"Concern Congres Centrum","name_en":"Concern Congres Centrum"},"geometry":{"type":"Point","coordinates":[4.907240867614746,52.363018557797666]}},{"type":"Feature","properties":{"mvt_id":8931286382,"name_int":"Isaac Hartman and wife","name_de":"Isaac Hartman en vrouw","name":"Isaac Hartman en vrouw","subclass":"cemetery","rank":7,"class":"cemetery","name:latin":"Isaac Hartman en vrouw","name_en":"Isaac Hartman and wife","name:en":"Isaac Hartman and wife"},"geometry":{"type":"Point","coordinates":[4.89991307258606,52.37017236136677]}},{"type":"Feature","properties":{"mvt_id":43765602,"name_int":"Wertheimpark","name_de":"Wertheimpark","name":"Wertheimpark","subclass":"park","rank":7,"class":"park","name:latin":"Wertheimpark","name_en":"Wertheimpark","name:nl":"Wertheimpark","name:de":"Wertheimpark","name:en":"Wertheimpark","name:ja":"\u30f4\u30a7\u30eb\u30c8\u30cf\u30a4\u30e0\u516c\u5712"},"geometry":{"type":"Point","coordinates":[4.90889847278595,52.36789270357501]}},{"type":"Feature","properties":{"mvt_id":232896232,"name_int":"J.W. van Overloopplantsoen","name_de":"J.W. van Overloopplantsoen","name":"J.W. van Overloopplantsoen","subclass":"park","rank":8,"class":"park","name:latin":"J.W. van Overloopplantsoen","name_en":"J.W. van Overloopplantsoen"},"geometry":{"type":"Point","coordinates":[4.908748269081116,52.3661173713422]}},{"type":"Feature","properties":{"mvt_id":5450328522,"name_int":"Hortusplantsoen","name_de":"Hortusplantsoen","name":"Hortusplantsoen","subclass":"park","rank":9,"class":"park","name:latin":"Hortusplantsoen","name_en":"Hortusplantsoen","name:nl":"Hortusplantsoen","name:de":"Hortusplantsoen","name:en":"Hortusplantsoen","name:ga":"Hortusplantsoen"},"geometry":{"type":"Point","coordinates":[4.907160401344299,52.36628115036572]}},{"type":"Feature","properties":{"mvt_id":2881789532,"name_int":"Westermanplantsoen","name_de":"Westermanplantsoen","name":"Westermanplantsoen","subclass":"park","rank":13,"class":"park","name:latin":"Westermanplantsoen","name_en":"Westermanplantsoen"},"geometry":{"type":"Point","coordinates":[4.9132490158081055,52.365285364525896]}},{"type":"Feature","properties":{"mvt_id":27257512141,"name_int":"Verglheden","name_de":"Verglheden","name":"Verglheden","subclass":"books","rank":6,"class":"library","name:latin":"Verglheden","name_en":"Verglheden"},"geometry":{"type":"Point","coordinates":[4.902128577232361,52.37228487023757]}},{"type":"Feature","properties":{"mvt_id":41705396891,"name_int":"Henk Comics","name_de":"Henk Comics","name":"Henk Comics","subclass":"books","rank":7,"class":"library","name:latin":"Henk Comics","name_en":"Henk Comics"},"geometry":{"type":"Point","coordinates":[4.9003636837005615,52.37395842956662]}},{"type":"Feature","properties":{"mvt_id":55315989631,"name_int":"Henk","name_de":"Henk","name":"Henk","subclass":"books","rank":8,"class":"library","name:latin":"Henk","name_en":"Henk"},"geometry":{"type":"Point","coordinates":[4.900717735290527,52.373847079251796]}},{"type":"Feature","properties":{"mvt_id":62834310831,"name_int":"Comics shop Lambiek","name_de":"Comics shop Lambiek","name":"Comics shop Lambiek","subclass":"books","rank":9,"class":"library","name:latin":"Comics shop Lambiek","name_en":"Comics shop Lambiek","name:nl":"Lambiek","name:de":"Lambiek","name:fr":"Lambiek","name:en":"Lambiek","name:es":"Lambiek","name:ur":"\u0644\u0645\u0628\u06cc\u06a9","name:ca":"Lambiek","name:sv":"Lambiek","name:it":"Lambiek","name:ja":"\u30e9\u30f3\u30d3\u30a8\u30af","name:fa":"\u0644\u0627\u0645\u0628\u06cc\u06a9","name:da":"Lambiek","name:he":"\u05dc\u05de\u05d1\u05d9\u05e7"},"geometry":{"type":"Point","coordinates":[4.901983737945557,52.372386399127]}},{"type":"Feature","properties":{"mvt_id":27410663931,"name_int":"Fort van Sjakoo","name_de":"Fort van Sjakoo","name":"Fort van Sjakoo","subclass":"books","rank":8,"class":"library","name:latin":"Fort van Sjakoo","name_en":"Fort van Sjakoo"},"geometry":{"type":"Point","coordinates":[4.90189254283905,52.36911115599622]}},{"type":"Feature","properties":{"mvt_id":62834809811,"name_int":"Pantheon Boekholt","name_de":"Pantheon Boekholt","name":"Pantheon Boekholt","subclass":"books","rank":9,"class":"library","name:latin":"Pantheon Boekholt","name_en":"Pantheon Boekholt"},"geometry":{"type":"Point","coordinates":[4.900594353675842,52.36993326485086]}},{"type":"Feature","properties":{"mvt_id":131961352821,"name_int":"Internet Archive Europe","name_de":"Internet Archive Europe","name":"Internet Archive Europe","subclass":"library","rank":10,"class":"library","name:latin":"Internet Archive Europe","name_en":"Internet Archive Europe"},"geometry":{"type":"Point","coordinates":[4.904842972755432,52.37184600074041]}},{"type":"Feature","properties":{"mvt_id":119158276631,"name_int":"Enter Enter","name_de":"Enter Enter","name":"Enter Enter","subclass":"books","rank":12,"class":"library","name:latin":"Enter Enter","name_en":"Enter Enter"},"geometry":{"type":"Point","coordinates":[4.902369976043701,52.36623856787802]}},{"type":"Feature","properties":{"mvt_id":27429960511,"name_int":"Artis Bibliotheek","name_de":"Artis Bibliotheek","name":"Artis Bibliotheek","subclass":"library","rank":20,"class":"library","name:latin":"Artis Bibliotheek","name_en":"Artis Bibliotheek","name:nl":"Artis Bibliotheek","name:de":"Artis Bibliotheek","name:en":"Artis Library","name:hy":"\u0531\u0580\u057f\u056b\u057d \u0563\u0580\u0561\u0564\u0561\u0580\u0561\u0576"},"geometry":{"type":"Point","coordinates":[4.914767146110535,52.36557689625663]}},{"type":"Feature","properties":{"mvt_id":4328558951,"name_int":"LLC","name_de":"LLC","name":"LLC","subclass":"library","rank":14,"class":"library","name:latin":"LLC","name_en":"LLC"},"geometry":{"type":"Point","coordinates":[4.911446571350098,52.36353285796363]}},{"type":"Feature","properties":{"mvt_id":2521475771,"name_int":"Politiebureau IJ-tunnel","name_de":"Politiebureau IJ-tunnel","name":"Politiebureau IJ-tunnel","subclass":"police","rank":4,"class":"police","name:latin":"Politiebureau IJ-tunnel","name_en":"Politiebureau IJ-tunnel"},"geometry":{"type":"Point","coordinates":[4.909155964851379,52.37000204617298]}},{"type":"Feature","properties":{"mvt_id":2511710451,"name_int":"Alexander","name_de":"Alexander","name":"Alexander","subclass":"convenience","rank":10,"class":"shop","name:latin":"Alexander","name_en":"Alexander"},"geometry":{"type":"Point","coordinates":[4.899923801422119,52.372956266626645]}},{"type":"Feature","properties":{"mvt_id":2511774311,"name_int":"Zeilmakerij Koster","name_de":"Zeilmakerij Koster","name":"Zeilmakerij Koster","subclass":"outdoor","rank":11,"class":"shop","name:latin":"Zeilmakerij Koster","name_en":"Zeilmakerij Koster"},"geometry":{"type":"Point","coordinates":[4.901742339134216,52.374128729505074]}},{"type":"Feature","properties":{"mvt_id":2511774361,"name_int":"Toko Dun Yong","name_de":"Toko Dun Yong","name":"Toko Dun Yong","subclass":"convenience","rank":12,"class":"shop","name:latin":"Toko Dun Yong","name_en":"Toko Dun Yong"},"geometry":{"type":"Point","coordinates":[4.9008893966674805,52.37437435325974]}},{"type":"Feature","properties":{"mvt_id":8663850891,"name_int":"Toko Sunrise","name_de":"Toko Sunrise","name":"Toko Sunrise","subclass":"convenience","rank":13,"class":"shop","name:latin":"Toko Sunrise","name_en":"Toko Sunrise"},"geometry":{"type":"Point","coordinates":[4.902026653289795,52.37395515456136]}},{"type":"Feature","properties":{"mvt_id":19047569751,"name_int":"Patta","name_de":"Patta","name":"Patta","subclass":"shoes","rank":14,"class":"shop","name:latin":"Patta","name_en":"Patta"},"geometry":{"type":"Point","coordinates":[4.900626540184021,52.37461997564836]}},{"type":"Feature","properties":{"mvt_id":27243346771,"name_int":"Ivanas Souvenirs","name_de":"Ivanas Souvenirs","name":"Ivanas Souvenirs","subclass":"gift","rank":15,"class":"shop","name:latin":"Ivanas Souvenirs","name_en":"Ivanas Souvenirs"},"geometry":{"type":"Point","coordinates":[4.901125431060791,52.37511121632747]}},{"type":"Feature","properties":{"mvt_id":27256609051,"name_int":"Bun-Air Travel Service","name_de":"Bun-Air Travel Service","name":"Bun-Air Travel Service","subclass":"travel_agency","rank":16,"class":"shop","name:latin":"Bun-Air Travel Service","name_en":"Bun-Air Travel Service"},"geometry":{"type":"Point","coordinates":[4.900615811347961,52.37366367812128]}},{"type":"Feature","properties":{"mvt_id":27256626401,"name_int":"C&N","name_de":"C&N","name":"C&N","subclass":"gift","rank":17,"class":"shop","name:latin":"C&N","name_en":"C&N"},"geometry":{"type":"Point","coordinates":[4.9000632762908936,52.37308399454028]}},{"type":"Feature","properties":{"mvt_id":27256628161,"name_int":"Win On Souvenirs","name_de":"Win On Souvenirs","name":"Win On Souvenirs","subclass":"gift","rank":18,"class":"shop","name:latin":"Win On Souvenirs","name_en":"Win On Souvenirs"},"geometry":{"type":"Point","coordinates":[4.90089476108551,52.37501296862877]}},{"type":"Feature","properties":{"mvt_id":27256628821,"name_int":"Sakura Tattoo","name_de":"Sakura Tattoo","name":"Sakura Tattoo","subclass":"tattoo","rank":19,"class":"shop","name:latin":"Sakura Tattoo","name_en":"Sakura Tattoo"},"geometry":{"type":"Point","coordinates":[4.900733828544617,52.374813197634076]}},{"type":"Feature","properties":{"mvt_id":27256633761,"name_int":"Phone & Service","name_de":"Phone & Service","name":"Phone & Service","subclass":"mobile_phone","rank":20,"class":"shop","name:latin":"Phone & Service","name_en":"Phone & Service"},"geometry":{"type":"Point","coordinates":[4.9002885818481445,52.374181129354035]}},{"type":"Feature","properties":{"mvt_id":27257469691,"name_int":"Beauty-ME","name_de":"Beauty-ME","name":"Beauty-ME","subclass":"beauty","rank":21,"class":"shop","name:latin":"Beauty-ME","name_en":"Beauty-ME"},"geometry":{"type":"Point","coordinates":[4.901522397994995,52.37262220726]}},{"type":"Feature","properties":{"mvt_id":55317505391,"name_int":"Kang Reu","name_de":"Kang Reu","name":"Kang Reu","subclass":"travel_agency","rank":22,"class":"shop","name:latin":"Kang Reu","name_en":"Kang Reu"},"geometry":{"type":"Point","coordinates":[4.900953769683838,52.37478044820447]}},{"type":"Feature","properties":{"mvt_id":55318177241,"name_int":"De Waag","name_de":"De Waag","name":"De Waag","subclass":"newsagent","rank":23,"class":"shop","name:latin":"De Waag","name_en":"De Waag"},"geometry":{"type":"Point","coordinates":[4.90014374256134,52.37333289915686]}},{"type":"Feature","properties":{"mvt_id":55318177251,"name_int":"Luna","name_de":"Luna","name":"Luna","subclass":"antiques","rank":24,"class":"shop","name:latin":"Luna","name_en":"Luna"},"geometry":{"type":"Point","coordinates":[4.900374412536621,52.37433177857347]}},{"type":"Feature","properties":{"mvt_id":55318257831,"name_int":"Chinese Massage","name_de":"Chinese Massage","name":"Chinese Massage","subclass":"massage","rank":25,"class":"shop","name:latin":"Chinese Massage","name_en":"Chinese Massage"},"geometry":{"type":"Point","coordinates":[4.900943040847778,52.37543870707791]}},{"type":"Feature","properties":{"mvt_id":55319143401,"name_int":"Sigarenmagazijn Simons","name_de":"Sigarenmagazijn Simons","name":"Sigarenmagazijn Simons","subclass":"tobacco","rank":26,"class":"shop","name:latin":"Sigarenmagazijn Simons","name_en":"Sigarenmagazijn Simons"},"geometry":{"type":"Point","coordinates":[4.900020360946655,52.37353595188407]}},{"type":"Feature","properties":{"mvt_id":20633434381,"name_int":"Kiosk","name_de":"Kiosk","name":"Kiosk","subclass":"kiosk","rank":11,"class":"shop","name:latin":"Kiosk","name_en":"Kiosk"},"geometry":{"type":"Point","coordinates":[4.900487065315247,52.37059814647821]}},{"type":"Feature","properties":{"mvt_id":27257468551,"name_int":"Amsterdam city salon","name_de":"Amsterdam city salon","name":"Amsterdam city salon","subclass":"beauty","rank":12,"class":"shop","name:latin":"Amsterdam city salon","name_en":"Amsterdam city salon"},"geometry":{"type":"Point","coordinates":[4.900487065315247,52.3704081813202]}},{"type":"Feature","properties":{"mvt_id":27257468711,"name_int":"Amsterdam city salon","name_de":"Amsterdam city salon","name":"Amsterdam city salon","subclass":"cosmetics","rank":13,"class":"shop","name:latin":"Amsterdam city salon","name_en":"Amsterdam city salon"},"geometry":{"type":"Point","coordinates":[4.900492429733276,52.37034595117699]}},{"type":"Feature","properties":{"mvt_id":27257470661,"name_int":"Riantri collections","name_de":"Riantri collections","name":"Riantri collections","subclass":"gift","rank":14,"class":"shop","name:latin":"Riantri collections","name_en":"Riantri collections"},"geometry":{"type":"Point","coordinates":[4.900535345077515,52.370149434359696]}},{"type":"Feature","properties":{"mvt_id":27257475091,"name_int":"Azijnman Opticiens","name_de":"Azijnman Opticiens","name":"Azijnman Opticiens","subclass":"optician","rank":15,"class":"shop","name:latin":"Azijnman Opticiens","name_en":"Azijnman Opticiens"},"geometry":{"type":"Point","coordinates":[4.900696277618408,52.369749847468285]}},{"type":"Feature","properties":{"mvt_id":27257507571,"name_int":"A. Boeken Stoffen & Fournituren","name_de":"A. Boeken Stoffen & Fournituren","name":"A. Boeken Stoffen & Fournituren","subclass":"fabric","rank":16,"class":"shop","name:latin":"A. Boeken Stoffen & Fournituren","name_en":"A. Boeken Stoffen & Fournituren","name:en":"A. Boeken Stoffen & Fournituren","name:ru":"A. Boeken \u0442\u043a\u0430\u043d\u0438 \u0438 \u0444\u0443\u0440\u043d\u0438\u0442\u0443\u0440\u0430"},"geometry":{"type":"Point","coordinates":[4.900133013725281,52.37068657825584]}},{"type":"Feature","properties":{"mvt_id":27257532661,"name_int":"Knuffels","name_de":"Knuffels","name":"Knuffels","subclass":"toys","rank":17,"class":"shop","name:latin":"Knuffels","name_en":"Knuffels"},"geometry":{"type":"Point","coordinates":[4.900798201560974,52.37044093399194]}},{"type":"Feature","properties":{"mvt_id":27257546021,"name_int":"Mercy Chinese Medical","name_de":"Mercy Chinese Medical","name":"Mercy Chinese Medical","subclass":"massage","rank":18,"class":"shop","name:latin":"Mercy Chinese Medical","name_en":"Mercy Chinese Medical"},"geometry":{"type":"Point","coordinates":[4.90039587020874,52.371010826592446]}},{"type":"Feature","properties":{"mvt_id":27410648731,"name_int":"Episode","name_de":"Episode","name":"Episode","subclass":"second_hand","rank":19,"class":"shop","name:latin":"Episode","name_en":"Episode"},"geometry":{"type":"Point","coordinates":[4.900851845741272,52.369101329901454]}},{"type":"Feature","properties":{"mvt_id":27410651601,"name_int":"Etos","name_de":"Etos","name":"Etos","subclass":"chemist","rank":20,"class":"shop","name:latin":"Etos","name_en":"Etos"},"geometry":{"type":"Point","coordinates":[4.902831315994263,52.36915046035348]}},{"type":"Feature","properties":{"mvt_id":37101452501,"name_int":"Gassan Diamonds","name_de":"Gassan Diamonds","name":"Gassan Diamonds","subclass":"jewelry","rank":21,"class":"shop","name:latin":"Gassan Diamonds","name_en":"Gassan Diamonds","name:nl":"Gassan Diamonds","name:en":"Gassan Diamonds"},"geometry":{"type":"Point","coordinates":[4.904006123542786,52.36955987866201]}},{"type":"Feature","properties":{"mvt_id":62857272081,"name_int":"Henxs Montana Amsterdam","name_de":"Henxs Montana Amsterdam","name":"Henxs Montana Amsterdam","subclass":"paint","rank":22,"class":"shop","name:latin":"Henxs Montana Amsterdam","name_en":"Henxs Montana Amsterdam"},"geometry":{"type":"Point","coordinates":[4.9006587266922,52.36981207845131]}},{"type":"Feature","properties":{"mvt_id":63022802351,"name_int":"Dierenwinkel Koeka","name_de":"Dierenwinkel Koeka","name":"Dierenwinkel Koeka","subclass":"pet","rank":23,"class":"shop","name:latin":"Dierenwinkel Koeka","name_en":"Dierenwinkel Koeka"},"geometry":{"type":"Point","coordinates":[4.900943040847778,52.36983173032247]}},{"type":"Feature","properties":{"mvt_id":128805323011,"name_int":"Analogue","name_de":"Analogue","name":"Analogue","subclass":"camera","rank":24,"class":"shop","name:latin":"Analogue","name_en":"Analogue"},"geometry":{"type":"Point","coordinates":[4.904172420501709,52.37154796001355]}},{"type":"Feature","properties":{"mvt_id":27410655621,"name_int":"Primera","name_de":"Primera","name":"Primera","subclass":"newsagent","rank":13,"class":"shop","name:latin":"Primera","name_en":"Primera"},"geometry":{"type":"Point","coordinates":[4.902434349060059,52.36844952739987]}},{"type":"Feature","properties":{"mvt_id":27410668161,"name_int":"Mini Bazaar","name_de":"Mini Bazaar","name":"Mini Bazaar","subclass":"convenience","rank":14,"class":"shop","name:latin":"Mini Bazaar","name_en":"Mini Bazaar"},"geometry":{"type":"Point","coordinates":[4.9023860692977905,52.36701159741783]}},{"type":"Feature","properties":{"mvt_id":27410680491,"name_int":"Kruidvat","name_de":"Kruidvat","name":"Kruidvat","subclass":"chemist","rank":15,"class":"shop","name:latin":"Kruidvat","name_en":"Kruidvat"},"geometry":{"type":"Point","coordinates":[4.902547001838684,52.368826198360246]}},{"type":"Feature","properties":{"mvt_id":49978313531,"name_int":"Sterk","name_de":"Sterk","name":"Sterk","subclass":"convenience","rank":16,"class":"shop","name:latin":"Sterk","name_en":"Sterk"},"geometry":{"type":"Point","coordinates":[4.902724027633667,52.367253985250535]}},{"type":"Feature","properties":{"mvt_id":108143067001,"name_int":"Candy Store","name_de":"Candy Store","name":"Candy Store","subclass":"second_hand","rank":17,"class":"shop","name:latin":"Candy Store","name_en":"Candy Store"},"geometry":{"type":"Point","coordinates":[4.9028098583221436,52.36829885811638]}},{"type":"Feature","properties":{"mvt_id":121188914161,"name_int":"Kilo Store","name_de":"Kilo Store","name":"Kilo Store","subclass":"second_hand","rank":18,"class":"shop","name:latin":"Kilo Store","name_en":"Kilo Store"},"geometry":{"type":"Point","coordinates":[4.902750849723816,52.3683348877744]}},{"type":"Feature","properties":{"mvt_id":121188914171,"name_int":"4 Cats","name_de":"4 Cats","name":"4 Cats","subclass":"pet","rank":19,"class":"shop","name:latin":"4 Cats","name_en":"4 Cats"},"geometry":{"type":"Point","coordinates":[4.902563095092773,52.36840039616824]}},{"type":"Feature","properties":{"mvt_id":121188914181,"name_int":"Waterloo Tattoo","name_de":"Waterloo Tattoo","name":"Waterloo Tattoo","subclass":"tattoo","rank":20,"class":"shop","name:latin":"Waterloo Tattoo","name_en":"Waterloo Tattoo"},"geometry":{"type":"Point","coordinates":[4.901871085166931,52.36872466128714]}},{"type":"Feature","properties":{"mvt_id":121188914191,"name_int":"Double M","name_de":"Double M","name":"Double M","subclass":"gift","rank":21,"class":"shop","name:latin":"Double M","name_en":"Double M"},"geometry":{"type":"Point","coordinates":[4.90139901638031,52.3688818798819]}},{"type":"Feature","properties":{"mvt_id":2674249001,"name_int":"SPAR city Van Kempen","name_de":"SPAR city Van Kempen","name":"SPAR city Van Kempen","subclass":"convenience","rank":2,"class":"shop","name:latin":"SPAR city Van Kempen","name_en":"SPAR city Van Kempen"},"geometry":{"type":"Point","coordinates":[4.905341863632202,52.36420766311323]}},{"type":"Feature","properties":{"mvt_id":27428021041,"name_int":"Yindee Wellness Massage","name_de":"Yindee Wellness Massage","name":"Yindee Wellness Massage","subclass":"massage","rank":3,"class":"shop","name:latin":"Yindee Wellness Massage","name_en":"Yindee Wellness Massage"},"geometry":{"type":"Point","coordinates":[4.903963208198547,52.363945604085046]}},{"type":"Feature","properties":{"mvt_id":68419631751,"name_int":"Walls and Skin","name_de":"Walls and Skin","name":"Walls and Skin","subclass":"tattoo","rank":4,"class":"shop","name:latin":"Walls and Skin","name_en":"Walls and Skin"},"geometry":{"type":"Point","coordinates":[4.907176494598389,52.372884214820104]}},{"type":"Feature","properties":{"mvt_id":123968389631,"name_int":"Roche Bobois","name_de":"Roche Bobois","name":"Roche Bobois","subclass":"furniture","rank":5,"class":"shop","name:latin":"Roche Bobois","name_en":"Roche Bobois"},"geometry":{"type":"Point","coordinates":[4.907101392745972,52.369445241918136]}},{"type":"Feature","properties":{"mvt_id":120737731701,"name_int":"HiFi Solutions","name_de":"HiFi Solutions","name":"HiFi Solutions","subclass":"hifi","rank":10,"class":"shop","name:latin":"HiFi Solutions","name_en":"HiFi Solutions"},"geometry":{"type":"Point","coordinates":[4.906339645385742,52.36783374534733]}},{"type":"Feature","properties":{"mvt_id":120737732711,"name_int":"Amsterdams Sleutelpaleis","name_de":"Amsterdams Sleutelpaleis","name":"Amsterdams Sleutelpaleis","subclass":"locksmith","rank":11,"class":"shop","name:latin":"Amsterdams Sleutelpaleis","name_en":"Amsterdams Sleutelpaleis"},"geometry":{"type":"Point","coordinates":[4.906538128852844,52.36776168518442]}},{"type":"Feature","properties":{"mvt_id":27428019311,"name_int":"Printerette","name_de":"Printerette","name":"Printerette","subclass":"copyshop","rank":5,"class":"shop","name:latin":"Printerette","name_en":"Printerette"},"geometry":{"type":"Point","coordinates":[4.910491704940796,52.36351975484901]}},{"type":"Feature","properties":{"mvt_id":4324458951,"name_int":"Blin","name_de":"Blin","name":"Blin","subclass":"gift","rank":21,"class":"shop","name:latin":"Blin","name_en":"Blin"},"geometry":{"type":"Point","coordinates":[4.911666512489319,52.36606168633588]}},{"type":"Feature","properties":{"mvt_id":121188914151,"name_int":"Jabsen & Jansen Souvenirs","name_de":"Jabsen & Jansen Souvenirs","name":"Jabsen & Jansen Souvenirs","subclass":"gift","rank":22,"class":"shop","name:latin":"Jabsen & Jansen Souvenirs","name_en":"Jabsen & Jansen Souvenirs"},"geometry":{"type":"Point","coordinates":[4.9114251136779785,52.366343386235464]}},{"type":"Feature","properties":{"mvt_id":121762188371,"name_int":"Artis","name_de":"Artis","name":"Artis","subclass":"gift","rank":23,"class":"shop","name:latin":"Artis","name_en":"Artis"},"geometry":{"type":"Point","coordinates":[4.913061261177063,52.36695263801419]}},{"type":"Feature","properties":{"mvt_id":121762313291,"name_int":"Artis","name_de":"Artis","name":"Artis","subclass":"ticket","rank":24,"class":"shop","name:latin":"Artis","name_en":"Artis"},"geometry":{"type":"Point","coordinates":[4.912980794906616,52.36720485268921]}},{"type":"Feature","properties":{"mvt_id":27434774271,"name_int":"Doe-Het-Zelf Wittenburg","name_de":"Doe-Het-Zelf Wittenburg","name":"Doe-Het-Zelf Wittenburg","subclass":"hardware","rank":5,"class":"shop","name:latin":"Doe-Het-Zelf Wittenburg","name_en":"Doe-Het-Zelf Wittenburg"},"geometry":{"type":"Point","coordinates":[4.918264746665955,52.370178911938034]}},{"type":"Feature","properties":{"mvt_id":27434774671,"name_int":"Hubo","name_de":"Hubo","name":"Hubo","subclass":"doityourself","rank":6,"class":"shop","name:latin":"Hubo","name_en":"Hubo"},"geometry":{"type":"Point","coordinates":[4.918195009231567,52.370195288361934]}},{"type":"Feature","properties":{"mvt_id":8665164281,"name_int":"Wah Nam Hong","name_de":"Wah Nam Hong","name":"Wah Nam Hong","subclass":"supermarket","rank":27,"class":"grocery","name:latin":"Wah Nam Hong","name_en":"Wah Nam Hong"},"geometry":{"type":"Point","coordinates":[4.900723099708557,52.374004279614645]}},{"type":"Feature","properties":{"mvt_id":15039192131,"name_int":"New Market","name_de":"Neumarkt","name":"Nieuwmarkt","subclass":"marketplace","rank":28,"class":"grocery","name:latin":"Nieuwmarkt","name_en":"New Market","name:nl":"Nieuwmarkt","name:de":"Neumarkt","name:fr":"Nieuwmarkt","name:en":"New Market","name:es":"Nieuwmarkt","name:sk":"Nieuwmarkt","name:sv":"Nieuwmarkt","name:it":"Nieuwmarkt","name:cs":"Nieuwmarkt","name:zh":"\u65b0\u5e7f\u573a (\u963f\u59c6\u65af\u7279\u4e39)","name:ja":"\u30cb\u30fc\u30a6\u30de\u30eb\u30af\u30c8\u5e83\u5834","name:he":"\u05e0\u05d9\u05d5\u05de\u05d0\u05e8\u05e7\u05d8","name:pt":"Nieuwmarkt","name:br":"Nieuwmarkt"},"geometry":{"type":"Point","coordinates":[4.9000900983810425,52.37255343001792]}},{"type":"Feature","properties":{"mvt_id":120813923581,"name_int":"Nishi Japanese Mini Mall","name_de":"Nishi Japanese Mini Mall","name":"Nishi Japanese Mini Mall","subclass":"marketplace","rank":29,"class":"grocery","name:latin":"Nishi Japanese Mini Mall","name_en":"Nishi Japanese Mini Mall"},"geometry":{"type":"Point","coordinates":[4.900497794151306,52.37422697917087]}},{"type":"Feature","properties":{"mvt_id":2511685031,"name_int":"Amazing Oriental","name_de":"Amazing Oriental","name":"Amazing Oriental","subclass":"supermarket","rank":25,"class":"grocery","name:latin":"Amazing Oriental","name_en":"Amazing Oriental","name:zh-Hant":"\u6771\u65b9\u884c","name:zh-Hans":"\u4e1c\u65b9\u884c"},"geometry":{"type":"Point","coordinates":[4.900197386741638,52.37199010762332]}},{"type":"Feature","properties":{"mvt_id":51891131761,"name_int":"Jumbo","name_de":"Jumbo","name":"Jumbo","subclass":"supermarket","rank":26,"class":"grocery","name:latin":"Jumbo","name_en":"Jumbo"},"geometry":{"type":"Point","coordinates":[4.902729392051697,52.36918976467576]}},{"type":"Feature","properties":{"mvt_id":13109117311,"name_int":"Ekoplaza","name_de":"Ekoplaza","name":"Ekoplaza","subclass":"supermarket","rank":22,"class":"grocery","name:latin":"Ekoplaza","name_en":"Ekoplaza"},"geometry":{"type":"Point","coordinates":[4.902300238609314,52.36855106510539]}},{"type":"Feature","properties":{"mvt_id":16112026911,"name_int":"Albert Heijn","name_de":"Albert Heijn","name":"Albert Heijn","subclass":"supermarket","rank":23,"class":"grocery","name:latin":"Albert Heijn","name_en":"Albert Heijn"},"geometry":{"type":"Point","coordinates":[4.903662800788879,52.36884585067002]}},{"type":"Feature","properties":{"mvt_id":16112028461,"name_int":"Waterlooplein Market","name_de":"Waterloopleinmarkt","name":"Waterloopleinmarkt","subclass":"marketplace","rank":24,"class":"grocery","name:latin":"Waterloopleinmarkt","name_en":"Waterlooplein Market","name:nl":"Waterloopleinmarkt","name:en":"Waterlooplein Market"},"geometry":{"type":"Point","coordinates":[4.901195168495178,52.36862312398063]}},{"type":"Feature","properties":{"mvt_id":18543161721,"name_int":"Albert Heijn","name_de":"Albert Heijn","name":"Albert Heijn","subclass":"supermarket","rank":15,"class":"grocery","name:latin":"Albert Heijn","name_en":"Albert Heijn"},"geometry":{"type":"Point","coordinates":[4.912283420562744,52.362252010133645]}},{"type":"Feature","properties":{"mvt_id":27434792071,"name_int":"Albert Heijn","name_de":"Albert Heijn","name":"Albert Heijn","subclass":"supermarket","rank":7,"class":"grocery","name:latin":"Albert Heijn","name_en":"Albert Heijn"},"geometry":{"type":"Point","coordinates":[4.919804334640503,52.369959467271904]}},{"type":"Feature","properties":{"mvt_id":27434817071,"name_int":"Frank's Smoke House","name_de":"Frank's Smoke House","name":"Frank's Smoke House","subclass":"deli","rank":8,"class":"grocery","name:latin":"Frank's Smoke House","name_en":"Frank's Smoke House"},"geometry":{"type":"Point","coordinates":[4.920566082000732,52.36940593782316]}},{"type":"Feature","properties":{"mvt_id":8666157381,"name_int":"dammie sandwiches & coffee","name_de":"dammie sandwiches & coffee","name":"dammie sandwiches & coffee","subclass":"fast_food","rank":30,"class":"fast_food","name:latin":"dammie sandwiches & coffee","name_en":"dammie sandwiches & coffee"},"geometry":{"type":"Point","coordinates":[4.899961352348328,52.3730152180173]}},{"type":"Feature","properties":{"mvt_id":21385770071,"name_int":"Bird","name_de":"Bird","name":"Bird","subclass":"fast_food","rank":31,"class":"fast_food","name:latin":"Bird","name_en":"Bird"},"geometry":{"type":"Point","coordinates":[4.900744557380676,52.374561026399675]}},{"type":"Feature","properties":{"mvt_id":27256610471,"name_int":"Dolcia","name_de":"Dolcia","name":"Dolcia","subclass":"fast_food","rank":32,"class":"fast_food","name:latin":"Dolcia","name_en":"Dolcia"},"geometry":{"type":"Point","coordinates":[4.900299310684204,52.37349665142908]}},{"type":"Feature","properties":{"mvt_id":27256615611,"name_int":"Het Oosten","name_de":"Het Oosten","name":"Het Oosten","subclass":"fast_food","rank":33,"class":"fast_food","name:latin":"Het Oosten","name_en":"Het Oosten"},"geometry":{"type":"Point","coordinates":[4.900310039520264,52.373237922560776]}},{"type":"Feature","properties":{"mvt_id":27256631671,"name_int":"Daily Sushi","name_de":"Daily Sushi","name":"Daily Sushi","subclass":"fast_food","rank":34,"class":"fast_food","name:latin":"Daily Sushi","name_en":"Daily Sushi"},"geometry":{"type":"Point","coordinates":[4.9009108543396,52.3747051244242]}},{"type":"Feature","properties":{"mvt_id":27256632081,"name_int":"Moeke's","name_de":"Moeke's","name":"Moeke's","subclass":"fast_food","rank":35,"class":"fast_food","name:latin":"Moeke's","name_en":"Moeke's"},"geometry":{"type":"Point","coordinates":[4.900867938995361,52.37466909996215]}},{"type":"Feature","properties":{"mvt_id":55317505341,"name_int":"Mr. Burger","name_de":"Mr. Burger","name":"Mr. Burger","subclass":"fast_food","rank":36,"class":"fast_food","name:latin":"Mr. Burger","name_en":"Mr. Burger"},"geometry":{"type":"Point","coordinates":[4.901125431060791,52.37516034009485]}},{"type":"Feature","properties":{"mvt_id":55317821541,"name_int":"Del Posto","name_de":"Del Posto","name":"Del Posto","subclass":"fast_food","rank":37,"class":"fast_food","name:latin":"Del Posto","name_en":"Del Posto"},"geometry":{"type":"Point","coordinates":[4.900299310684204,52.37345735093912]}},{"type":"Feature","properties":{"mvt_id":27257496791,"name_int":"Stars Burgers","name_de":"Stars Burgers","name":"Stars Burgers","subclass":"fast_food","rank":27,"class":"fast_food","name:latin":"Stars Burgers","name_en":"Stars Burgers"},"geometry":{"type":"Point","coordinates":[4.9007391929626465,52.37089619361414]}},{"type":"Feature","properties":{"mvt_id":27257519811,"name_int":"San Francisco Sandwich Company","name_de":"San Francisco Sandwich Company","name":"San Francisco Sandwich Company","subclass":"fast_food","rank":28,"class":"fast_food","name:latin":"San Francisco Sandwich Company","name_en":"San Francisco Sandwich Company"},"geometry":{"type":"Point","coordinates":[4.900594353675842,52.37171171890361]}},{"type":"Feature","properties":{"mvt_id":27410680431,"name_int":"Soup en Zo","name_de":"Soup en Zo","name":"Soup en Zo","subclass":"fast_food","rank":29,"class":"fast_food","name:latin":"Soup en Zo","name_en":"Soup en Zo","name:nl":"Soup en Zo"},"geometry":{"type":"Point","coordinates":[4.90215003490448,52.36899651808781]}},{"type":"Feature","properties":{"mvt_id":107906813201,"name_int":"Cafetaria Jan","name_de":"Cafetaria Jan","name":"Cafetaria Jan","subclass":"fast_food","rank":30,"class":"fast_food","name:latin":"Cafetaria Jan","name_en":"Cafetaria Jan"},"geometry":{"type":"Point","coordinates":[4.900208115577698,52.37054246711998]}},{"type":"Feature","properties":{"mvt_id":27410669081,"name_int":"Tokoman","name_de":"Tokoman","name":"Tokoman","subclass":"fast_food","rank":25,"class":"fast_food","name:latin":"Tokoman","name_en":"Tokoman"},"geometry":{"type":"Point","coordinates":[4.902284145355225,52.36692643380953]}},{"type":"Feature","properties":{"mvt_id":49977769501,"name_int":"Silver Grill","name_de":"Silver Grill","name":"Silver Grill","subclass":"fast_food","rank":6,"class":"fast_food","name:latin":"Silver Grill","name_en":"Silver Grill"},"geometry":{"type":"Point","coordinates":[4.90563690662384,52.36428300479614]}},{"type":"Feature","properties":{"mvt_id":68726653851,"name_int":"Kras Haring","name_de":"Kras Haring","name":"Kras Haring","subclass":"fast_food","rank":6,"class":"fast_food","name:latin":"Kras Haring","name_en":"Kras Haring"},"geometry":{"type":"Point","coordinates":[4.9158775806427,52.3712269908278]}},{"type":"Feature","properties":{"mvt_id":10835360331,"name_int":"Bread and Salt","name_de":"Bread and Salt","name":"Bread and Salt","subclass":"fast_food","rank":25,"class":"fast_food","name:latin":"Bread and Salt","name_en":"Bread and Salt"},"geometry":{"type":"Point","coordinates":[4.912219047546387,52.36718519964938]}},{"type":"Feature","properties":{"mvt_id":58687157751,"name_int":"Burgermeester","name_de":"Burgermeester","name":"Burgermeester","subclass":"fast_food","rank":26,"class":"fast_food","name:latin":"Burgermeester","name_en":"Burgermeester"},"geometry":{"type":"Point","coordinates":[4.911983013153076,52.36690678064583]}},{"type":"Feature","properties":{"mvt_id":110217301841,"name_int":"De Pizzabakkers To Go","name_de":"De Pizzabakkers To Go","name":"De Pizzabakkers To Go","subclass":"fast_food","rank":27,"class":"fast_food","name:latin":"De Pizzabakkers To Go","name_en":"De Pizzabakkers To Go"},"geometry":{"type":"Point","coordinates":[4.911344647407532,52.365717747976575]}},{"type":"Feature","properties":{"mvt_id":27243345201,"name_int":"Studio Armin van Zutphen","name_de":"Studio Armin van Zutphen","name":"Studio Armin van Zutphen","subclass":"clothes","rank":38,"class":"clothing_store","name:latin":"Studio Armin van Zutphen","name_en":"Studio Armin van Zutphen"},"geometry":{"type":"Point","coordinates":[4.900991320610046,52.375337185205005]}},{"type":"Feature","properties":{"mvt_id":27256608671,"name_int":"Madchique","name_de":"Madchique","name":"Madchique","subclass":"clothes","rank":39,"class":"clothing_store","name:latin":"Madchique","name_en":"Madchique"},"geometry":{"type":"Point","coordinates":[4.900283217430115,52.37442675281728]}},{"type":"Feature","properties":{"mvt_id":27256628871,"name_int":"The New Originals","name_de":"The New Originals","name":"The New Originals","subclass":"clothes","rank":40,"class":"clothing_store","name:latin":"The New Originals","name_en":"The New Originals"},"geometry":{"type":"Point","coordinates":[4.901028871536255,52.374914720711516]}},{"type":"Feature","properties":{"mvt_id":27256629101,"name_int":"Sumibu","name_de":"Sumibu","name":"Sumibu","subclass":"clothes","rank":41,"class":"clothing_store","name:latin":"Sumibu","name_en":"Sumibu","name:ja":"\u30b9\u30df\u30d6"},"geometry":{"type":"Point","coordinates":[4.900755286216736,52.37476734842582]}},{"type":"Feature","properties":{"mvt_id":55317505351,"name_int":"Black","name_de":"Black","name":"Black","subclass":"clothes","rank":42,"class":"clothing_store","name:latin":"Black","name_en":"Black"},"geometry":{"type":"Point","coordinates":[4.900841116905212,52.374636350425696]}},{"type":"Feature","properties":{"mvt_id":55318177261,"name_int":"Rambler","name_de":"Rambler","name":"Rambler","subclass":"clothes","rank":43,"class":"clothing_store","name:latin":"Rambler","name_en":"Rambler"},"geometry":{"type":"Point","coordinates":[4.900857210159302,52.37489179616604]}},{"type":"Feature","properties":{"mvt_id":55318177301,"name_int":"Mary Go Wild","name_de":"Mary Go Wild","name":"Mary Go Wild","subclass":"clothes","rank":44,"class":"clothing_store","name:latin":"Mary Go Wild","name_en":"Mary Go Wild"},"geometry":{"type":"Point","coordinates":[4.9009108543396,52.37509811664694]}},{"type":"Feature","properties":{"mvt_id":120363882571,"name_int":"demask","name_de":"demask","name":"demask","subclass":"clothes","rank":45,"class":"clothing_store","name:latin":"demask","name_en":"demask"},"geometry":{"type":"Point","coordinates":[4.900707006454468,52.3747247741184]}},{"type":"Feature","properties":{"mvt_id":27257496591,"name_int":"Bis","name_de":"Bis","name":"Bis","subclass":"clothes","rank":31,"class":"clothing_store","name:latin":"Bis","name_en":"Bis"},"geometry":{"type":"Point","coordinates":[4.900717735290527,52.370958422982135]}},{"type":"Feature","properties":{"mvt_id":27257496841,"name_int":"Bis!","name_de":"Bis!","name":"Bis!","subclass":"clothes","rank":32,"class":"clothing_store","name:latin":"Bis!","name_en":"Bis!"},"geometry":{"type":"Point","coordinates":[4.900728464126587,52.370738982188676]}},{"type":"Feature","properties":{"mvt_id":70844461601,"name_int":"Nili's t-shirt","name_de":"Nili's t-shirt","name":"Nili's t-shirt","subclass":"clothes","rank":33,"class":"clothing_store","name:latin":"Nili's t-shirt","name_en":"Nili's t-shirt"},"geometry":{"type":"Point","coordinates":[4.9001383781433105,52.37055229289418]}},{"type":"Feature","properties":{"mvt_id":114866424691,"name_int":"KiloStore","name_de":"KiloStore","name":"KiloStore","subclass":"clothes","rank":26,"class":"clothing_store","name:latin":"KiloStore","name_en":"KiloStore","level":0},"geometry":{"type":"Point","coordinates":[4.9030619859695435,52.36861657317865]}},{"type":"Feature","properties":{"mvt_id":27428118461,"name_int":"MHOOM","name_de":"MHOOM","name":"MHOOM","subclass":"clothes","rank":4,"class":"clothing_store","name:latin":"MHOOM","name_en":"MHOOM"},"geometry":{"type":"Point","coordinates":[4.903571605682373,52.36373923150633]}},{"type":"Feature","properties":{"mvt_id":11755586121,"name_int":"San Francisco","name_de":"San Francisco","name":"San Francisco","subclass":"bar","rank":46,"class":"bar","name:latin":"San Francisco","name_en":"San Francisco"},"geometry":{"type":"Point","coordinates":[4.9009376764297485,52.37520618889511]}},{"type":"Feature","properties":{"mvt_id":27256631841,"name_int":"Moulin Rouge","name_de":"Moulin Rouge","name":"Moulin Rouge","subclass":"nightclub","rank":47,"class":"bar","name:latin":"Moulin Rouge","name_en":"Moulin Rouge","name:nl":"Moulin Rouge","name:en":"Moulin Rouge","name:ru":"\u041c\u0443\u043b\u0435\u043d \u0420\u0443\u0436"},"geometry":{"type":"Point","coordinates":[4.900181293487549,52.37432522861809]}},{"type":"Feature","properties":{"mvt_id":48666858421,"name_int":"Globe","name_de":"Globe","name":"Globe","subclass":"bar","rank":48,"class":"bar","name:latin":"Globe","name_en":"Globe"},"geometry":{"type":"Point","coordinates":[4.900299310684204,52.37517343975692]}},{"type":"Feature","properties":{"mvt_id":49460317211,"name_int":"Lime Bar","name_de":"Lime Bar","name":"Lime Bar","subclass":"bar","rank":49,"class":"bar","name:latin":"Lime Bar","name_en":"Lime Bar","name:nl":"Lime Bar"},"geometry":{"type":"Point","coordinates":[4.900170564651489,52.37392240449548]}},{"type":"Feature","properties":{"mvt_id":54141406411,"name_int":"Cafe De Zeemeeuw","name_de":"Cafe De Zeemeeuw","name":"Cafe De Zeemeeuw","subclass":"bar","rank":50,"class":"bar","name:latin":"Cafe De Zeemeeuw","name_en":"Cafe De Zeemeeuw"},"geometry":{"type":"Point","coordinates":[4.900197386741638,52.3739715295852]}},{"type":"Feature","properties":{"mvt_id":55318177231,"name_int":"Kroegtijger","name_de":"Kroegtijger","name":"Kroegtijger","subclass":"bar","rank":51,"class":"bar","name:latin":"Kroegtijger","name_en":"Kroegtijger"},"geometry":{"type":"Point","coordinates":[4.9001544713974,52.37315604602091]}},{"type":"Feature","properties":{"mvt_id":120813923571,"name_int":"Uzo Bar & Kitchen","name_de":"Uzo Bar & Kitchen","name":"Uzo Bar & Kitchen","subclass":"bar","rank":52,"class":"bar","name:latin":"Uzo Bar & Kitchen","name_en":"Uzo Bar & Kitchen"},"geometry":{"type":"Point","coordinates":[4.900492429733276,52.37512759092267]}},{"type":"Feature","properties":{"mvt_id":110970467811,"name_int":"Lagom","name_de":"Lagom","name":"Lagom","subclass":"bar","rank":34,"class":"bar","name:latin":"Lagom","name_en":"Lagom"},"geometry":{"type":"Point","coordinates":[4.900760650634766,52.37056866917966]}},{"type":"Feature","properties":{"mvt_id":27258786911,"name_int":"Icebar","name_de":"Icebar","name":"Icebar","subclass":"bar","rank":27,"class":"bar","name:latin":"Icebar","name_en":"Icebar","name:nl":"Icebar"},"geometry":{"type":"Point","coordinates":[4.899977445602417,52.36641544871195]}},{"type":"Feature","properties":{"mvt_id":27410658161,"name_int":"HPS","name_de":"HPS","name":"HPS","subclass":"bar","rank":6,"class":"bar","name:latin":"HPS","name_en":"HPS"},"geometry":{"type":"Point","coordinates":[4.907664656639099,52.37170844373176]}},{"type":"Feature","properties":{"mvt_id":23769309121,"name_int":"De Gracht","name_de":"De Gracht","name":"De Gracht","subclass":"bar","rank":7,"class":"bar","name:latin":"De Gracht","name_en":"De Gracht"},"geometry":{"type":"Point","coordinates":[4.909488558769226,52.362625458092786]}},{"type":"Feature","properties":{"mvt_id":271493342,"name_int":"Speeltuin De Waag","name_de":"Speeltuin De Waag","name":"Speeltuin De Waag","subclass":"playground","rank":53,"class":"playground","name:latin":"Speeltuin De Waag","name_en":"Speeltuin De Waag"},"geometry":{"type":"Point","coordinates":[4.9042582511901855,52.37227504484879]}},{"type":"Feature","properties":{"mvt_id":2511655021,"name_int":"Cafe Stevens","name_de":"Cafe Stevens","name":"Cafe Stevens","subclass":"pub","rank":54,"class":"beer","name:latin":"Cafe Stevens","name_en":"Cafe Stevens"},"geometry":{"type":"Point","coordinates":[4.901125431060791,52.37283836360929]}},{"type":"Feature","properties":{"mvt_id":2511655031,"name_int":"Nam Kee","name_de":"Nam Kee","name":"Nam Kee","subclass":"restaurant","rank":55,"class":"restaurant","name:latin":"Nam Kee","name_en":"Nam Kee"},"geometry":{"type":"Point","coordinates":[4.901195168495178,52.37299229248584]}},{"type":"Feature","properties":{"mvt_id":2511655051,"name_int":"Cotton Club","name_de":"Cotton Club","name":"Cotton Club","subclass":"pub","rank":56,"class":"beer","name:latin":"Cotton Club","name_en":"Cotton Club"},"geometry":{"type":"Point","coordinates":[4.901018142700195,52.37262875746795]}},{"type":"Feature","properties":{"mvt_id":2511655061,"name_int":"Bern","name_de":"Bern","name":"Bern","subclass":"pub","rank":57,"class":"beer","name:latin":"Bern","name_en":"Bern"},"geometry":{"type":"Point","coordinates":[4.900932312011719,52.37248465266875]}},{"type":"Feature","properties":{"mvt_id":2511774251,"name_int":"A Fusion","name_de":"A Fusion","name":"A Fusion","subclass":"restaurant","rank":58,"class":"restaurant","name:latin":"A Fusion","name_en":"A Fusion"},"geometry":{"type":"Point","coordinates":[4.90014910697937,52.373241197619215]}},{"type":"Feature","properties":{"mvt_id":2511774271,"name_int":"Nam Kee","name_de":"Nam Kee","name":"Nam Kee","subclass":"restaurant","rank":59,"class":"restaurant","name:latin":"Nam Kee","name_en":"Nam Kee"},"geometry":{"type":"Point","coordinates":[4.900310039520264,52.37369970340345]}},{"type":"Feature","properties":{"mvt_id":2511774331,"name_int":"Piccolo Mondo","name_de":"Piccolo Mondo","name":"Piccolo Mondo","subclass":"restaurant","rank":60,"class":"restaurant","name:latin":"Piccolo Mondo","name_en":"Piccolo Mondo"},"geometry":{"type":"Point","coordinates":[4.901710152626038,52.374069779600696]}},{"type":"Feature","properties":{"mvt_id":2670914682,"name_int":"Fo Guang Shan He Hua Tempel","name_de":"Fo Guang Shan He Hua Tempel","name":"Fo Guang Shan He Hua Tempel","subclass":"buddhist","rank":61,"class":"place_of_worship","name:latin":"Fo Guang Shan He Hua Tempel","name_en":"Fo Guang Shan He Hua Tempel","name:nl":"He Hua Tempel","name:en":"He Hua Temple","name:zh":"\u8377\u83ef\u5bfa"},"geometry":{"type":"Point","coordinates":[4.900025725364685,52.37376192882163]}},{"type":"Feature","properties":{"mvt_id":4423492511,"name_int":"Nieuwmarkt","name_de":"Nieuwmarkt","name":"Nieuwmarkt","subclass":"subway_entrance","rank":62,"class":"entrance","name:latin":"Nieuwmarkt","name_en":"Nieuwmarkt"},"geometry":{"type":"Point","coordinates":[4.9018871784210205,52.37229797075255]}},{"type":"Feature","properties":{"mvt_id":4475664441,"name_int":"Pad Thai","name_de":"Jasmine","name":"Jasmine","subclass":"restaurant","rank":63,"class":"restaurant","name:latin":"Jasmine","name_en":"Pad Thai","name:nl":"Pad Thai","name:en":"Pad Thai"},"geometry":{"type":"Point","coordinates":[4.900310039520264,52.37353595188407]}},{"type":"Feature","properties":{"mvt_id":4752086531,"name_int":"Bunga Mawar","name_de":"Bunga Mawar","name":"Bunga Mawar","subclass":"restaurant","rank":64,"class":"restaurant","name:latin":"Bunga Mawar","name_en":"Bunga Mawar"},"geometry":{"type":"Point","coordinates":[4.9011629819869995,52.37538630872104]}},{"type":"Feature","properties":{"mvt_id":4752090571,"name_int":"De Portugees","name_de":"De Portugees","name":"De Portugees","subclass":"restaurant","rank":65,"class":"restaurant","name:latin":"De Portugees","name_en":"De Portugees"},"geometry":{"type":"Point","coordinates":[4.901136159896851,52.37544525686815]}},{"type":"Feature","properties":{"mvt_id":8060145581,"name_int":"O-Cha","name_de":"O-Cha","name":"O-Cha","subclass":"restaurant","rank":66,"class":"restaurant","name:latin":"O-Cha","name_en":"O-Cha"},"geometry":{"type":"Point","coordinates":[4.90189254283905,52.373991179605774]}},{"type":"Feature","properties":{"mvt_id":8632529291,"name_int":"Kapsones","name_de":"Kapsones","name":"Kapsones","subclass":"hairdresser","rank":67,"class":"hairdresser","name:latin":"Kapsones","name_en":"Kapsones"},"geometry":{"type":"Point","coordinates":[4.901211261749268,52.37303814353687]}},{"type":"Feature","properties":{"mvt_id":8663850781,"name_int":"Cuisine of India","name_de":"Cuisine of India","name":"Cuisine of India","subclass":"restaurant","rank":68,"class":"restaurant","name:latin":"Cuisine of India","name_en":"Cuisine of India"},"geometry":{"type":"Point","coordinates":[4.902214407920837,52.37387327935114]}},{"type":"Feature","properties":{"mvt_id":8663850911,"name_int":"Italia Oggi","name_de":"Italia Oggi","name":"Italia Oggi","subclass":"restaurant","rank":69,"class":"restaurant","name:latin":"Italia Oggi","name_en":"Italia Oggi"},"geometry":{"type":"Point","coordinates":[4.902257323265076,52.37384052922453]}},{"type":"Feature","properties":{"mvt_id":8665164241,"name_int":"Cafe de Zon","name_de":"Cafe de Zon","name":"Cafe de Zon","subclass":"pub","rank":70,"class":"beer","name:latin":"Cafe de Zon","name_en":"Cafe de Zon"},"geometry":{"type":"Point","coordinates":[4.900342226028442,52.373185521592745]}},{"type":"Feature","properties":{"mvt_id":9586739791,"name_int":"Nossa Senhora","name_de":"Nossa Senhora","name":"Nossa Senhora","subclass":"restaurant","rank":71,"class":"restaurant","name:latin":"Nossa Senhora","name_en":"Nossa Senhora"},"geometry":{"type":"Point","coordinates":[4.9008893966674805,52.37549110537262]}},{"type":"Feature","properties":{"mvt_id":11745752751,"name_int":"Maria","name_de":"Maria","name":"Maria","subclass":"restaurant","rank":72,"class":"restaurant","name:latin":"Maria","name_en":"Maria"},"geometry":{"type":"Point","coordinates":[4.9011147022247314,52.37503916803646]}},{"type":"Feature","properties":{"mvt_id":11745752761,"name_int":"Oost-West","name_de":"Oost-West","name":"Oost-West","subclass":"pub","rank":73,"class":"beer","name:latin":"Oost-West","name_en":"Oost-West"},"geometry":{"type":"Point","coordinates":[4.900567531585693,52.37434160350471]}},{"type":"Feature","properties":{"mvt_id":11745752781,"name_int":"Little Thai Prince","name_de":"Little Thai Prince","name":"Little Thai Prince","subclass":"restaurant","rank":74,"class":"restaurant","name:latin":"Little Thai Prince","name_en":"Little Thai Prince"},"geometry":{"type":"Point","coordinates":[4.901034235954285,52.37557297758364]}},{"type":"Feature","properties":{"mvt_id":17146099721,"name_int":"Amrath Hotel","name_de":"Amrath Hotel","name":"Amrath Hotel","subclass":"hotel","rank":75,"class":"lodging","name:latin":"Amrath Hotel","name_en":"Amrath Hotel"},"geometry":{"type":"Point","coordinates":[4.903914928436279,52.37445622754106]}},{"type":"Feature","properties":{"mvt_id":17202869251,"name_int":"New King","name_de":"New King","name":"New King","subclass":"restaurant","rank":76,"class":"restaurant","name:latin":"New King","name_en":"New King"},"geometry":{"type":"Point","coordinates":[4.900299310684204,52.37361127765839]}},{"type":"Feature","properties":{"mvt_id":17397669841,"name_int":"'t Mandje","name_de":"'t Mandje","name":"'t Mandje","subclass":"pub","rank":77,"class":"beer","name:latin":"'t Mandje","name_en":"'t Mandje","name:nl":"Caf\u00e9 't Mandje","name:en":"Caf\u00e9 \u2018t Mandje","name:es":"Caf\u00e9 't Mandje","name:eo":"Caf\u00e9 't Mandje","name:ja":"\u30ab\u30d5\u30a7\u30fb\u30de\u30f3\u30c1\u30a7"},"geometry":{"type":"Point","coordinates":[4.900980591773987,52.374816472575695]}},{"type":"Feature","properties":{"mvt_id":18949940241,"name_int":"New Market","name_de":"Neumarkt","name":"Nieuwmarkt","subclass":"guidepost","rank":78,"class":"information","name:latin":"Nieuwmarkt","name_en":"New Market","name:nl":"Nieuwmarkt","name:de":"Neumarkt","name:en":"New Market"},"geometry":{"type":"Point","coordinates":[4.900310039520264,52.373097094818235]}},{"type":"Feature","properties":{"mvt_id":19047569211,"name_int":"Azzurro","name_de":"Azzurro","name":"Azzurro","subclass":"restaurant","rank":79,"class":"restaurant","name:latin":"Azzurro","name_en":"Azzurro"},"geometry":{"type":"Point","coordinates":[4.900884032249451,52.37505554265839]}},{"type":"Feature","properties":{"mvt_id":19047569291,"name_int":"Casablanca","name_de":"Casablanca","name":"Casablanca","subclass":"pub","rank":80,"class":"beer","name:latin":"Casablanca","name_en":"Casablanca"},"geometry":{"type":"Point","coordinates":[4.900825023651123,52.37553040405284]}},{"type":"Feature","properties":{"mvt_id":19047569541,"name_int":"Dum Dum Palace","name_de":"Dum Dum Palace","name":"Dum Dum Palace","subclass":"restaurant","rank":81,"class":"restaurant","name:latin":"Dum Dum Palace","name_en":"Dum Dum Palace"},"geometry":{"type":"Point","coordinates":[4.901103973388672,52.37549765515509]}},{"type":"Feature","properties":{"mvt_id":19047569851,"name_int":"Wau","name_de":"Wau","name":"Wau","subclass":"restaurant","rank":82,"class":"restaurant","name:latin":"Wau","name_en":"Wau"},"geometry":{"type":"Point","coordinates":[4.901061058044434,52.37554350360515]}},{"type":"Feature","properties":{"mvt_id":19047569871,"name_int":"Zilt","name_de":"Zilt","name":"Zilt","subclass":"pub","rank":83,"class":"beer","name:latin":"Zilt","name_en":"Zilt"},"geometry":{"type":"Point","coordinates":[4.90114152431488,52.37520291398239]}},{"type":"Feature","properties":{"mvt_id":19082295481,"name_int":"Kyo","name_de":"Kyo","name":"Kyo","subclass":"restaurant","rank":84,"class":"restaurant","name:latin":"Kyo","name_en":"Kyo"},"geometry":{"type":"Point","coordinates":[4.902048110961914,52.37236019814562]}},{"type":"Feature","properties":{"mvt_id":23633649991,"name_int":"Hoi Tin","name_de":"Hoi Tin","name":"Hoi Tin","subclass":"restaurant","rank":85,"class":"restaurant","name:latin":"Hoi Tin","name_en":"Hoi Tin"},"geometry":{"type":"Point","coordinates":[4.900133013725281,52.37342787554869]}},{"type":"Feature","properties":{"mvt_id":25248648431,"name_int":"La Vida Argentinian Steakhouse","name_de":"La Vida Argentinian Steakhouse","name":"La Vida Argentinian Steakhouse","subclass":"restaurant","rank":86,"class":"restaurant","name:latin":"La Vida Argentinian Steakhouse","name_en":"La Vida Argentinian Steakhouse"},"geometry":{"type":"Point","coordinates":[4.9003905057907104,52.37404685461662]}},{"type":"Feature","properties":{"mvt_id":27256608811,"name_int":"City Records","name_de":"City Records","name":"City Records","subclass":"music","rank":87,"class":"music","name:latin":"City Records","name_en":"City Records"},"geometry":{"type":"Point","coordinates":[4.90065336227417,52.37374882874088]}},{"type":"Feature","properties":{"mvt_id":27256610221,"name_int":"Bella Ciao","name_de":"Bella Ciao","name":"Bella Ciao","subclass":"restaurant","rank":88,"class":"restaurant","name:latin":"Bella Ciao","name_en":"Bella Ciao"},"geometry":{"type":"Point","coordinates":[4.900454878807068,52.37336564965987]}},{"type":"Feature","properties":{"mvt_id":27256611051,"name_int":"BIU!TEA","name_de":"BIU!TEA","name":"BIU!TEA","subclass":"cafe","rank":89,"class":"cafe","name:latin":"BIU!TEA","name_en":"BIU!TEA"},"geometry":{"type":"Point","coordinates":[4.900326132774353,52.37336564965987]}},{"type":"Feature","properties":{"mvt_id":27256613061,"name_int":"D Trendy","name_de":"D Trendy","name":"D Trendy","subclass":"hairdresser","rank":90,"class":"hairdresser","name:latin":"D Trendy","name_en":"D Trendy"},"geometry":{"type":"Point","coordinates":[4.9001544713974,52.37319862184059]}},{"type":"Feature","properties":{"mvt_id":27256615581,"name_int":"Latei","name_de":"Latei","name":"Latei","subclass":"cafe","rank":91,"class":"cafe","name:latin":"Latei","name_en":"Latei","name:nl":"Latei"},"geometry":{"type":"Point","coordinates":[4.900310039520264,52.373267398077964]}},{"type":"Feature","properties":{"mvt_id":27256628611,"name_int":"New Fashion","name_de":"New Fashion","name":"New Fashion","subclass":"hairdresser","rank":92,"class":"hairdresser","name:latin":"New Fashion","name_en":"New Fashion"},"geometry":{"type":"Point","coordinates":[4.900878667831421,52.37493109537958]}},{"type":"Feature","properties":{"mvt_id":27256628781,"name_int":"Hot&Hot Hotpot","name_de":"Hot&Hot Hotpot","name":"Hot&Hot Hotpot","subclass":"restaurant","rank":93,"class":"restaurant","name:latin":"Hot&Hot Hotpot","name_en":"Hot&Hot Hotpot"},"geometry":{"type":"Point","coordinates":[4.901077151298523,52.37498676920555]}},{"type":"Feature","properties":{"mvt_id":27256631421,"name_int":"BBrood","name_de":"BBrood","name":"BBrood","subclass":"bakery","rank":94,"class":"bakery","name:latin":"BBrood","name_en":"BBrood","level":0},"geometry":{"type":"Point","coordinates":[4.900690913200378,52.374701849474334]}},{"type":"Feature","properties":{"mvt_id":27256632411,"name_int":"Amsterdamsche Barbier","name_de":"Amsterdamsche Barbier","name":"Amsterdamsche Barbier","subclass":"hairdresser","rank":95,"class":"hairdresser","name:latin":"Amsterdamsche Barbier","name_en":"Amsterdamsche Barbier"},"geometry":{"type":"Point","coordinates":[4.901066422462463,52.374561026399675]}},{"type":"Feature","properties":{"mvt_id":27256632531,"name_int":"Wing Kee","name_de":"Wing Kee","name":"Wing Kee","subclass":"restaurant","rank":96,"class":"restaurant","name:latin":"Wing Kee","name_en":"Wing Kee"},"geometry":{"type":"Point","coordinates":[4.900476336479187,52.374452952572724]}},{"type":"Feature","properties":{"mvt_id":27256633261,"name_int":"Apotheek H.W. van der Meulen","name_de":"Apotheek H.W. van der Meulen","name":"Apotheek H.W. van der Meulen","subclass":"pharmacy","rank":97,"class":"pharmacy","name:latin":"Apotheek H.W. van der Meulen","name_en":"Apotheek H.W. van der Meulen"},"geometry":{"type":"Point","coordinates":[4.900857210159302,52.374210604241746]}},{"type":"Feature","properties":{"mvt_id":27256633861,"name_int":"Italiano","name_de":"Italiano","name":"Italiano","subclass":"cafe","rank":98,"class":"cafe","name:latin":"Italiano","name_en":"Italiano"},"geometry":{"type":"Point","coordinates":[4.900272488594055,52.37415492943733]}},{"type":"Feature","properties":{"mvt_id":27256634081,"name_int":"YOYO!","name_de":"YOYO!","name":"YOYO!","subclass":"cafe","rank":99,"class":"cafe","name:latin":"YOYO!","name_en":"YOYO!"},"geometry":{"type":"Point","coordinates":[4.900245666503906,52.37404685461662]}},{"type":"Feature","properties":{"mvt_id":27256634151,"name_int":"H. Vet","name_de":"H. Vet","name":"H. Vet","subclass":"butcher","rank":100,"class":"butcher","name:latin":"H. Vet","name_en":"H. Vet"},"geometry":{"type":"Point","coordinates":[4.9003905057907104,52.37399445460836]}},{"type":"Feature","properties":{"mvt_id":27257463261,"name_int":"Spargo","name_de":"Spargo","name":"Spargo","subclass":"cafe","rank":101,"class":"cafe","name:latin":"Spargo","name_en":"Spargo"},"geometry":{"type":"Point","coordinates":[4.9010878801345825,52.3727368357588]}},{"type":"Feature","properties":{"mvt_id":27257466341,"name_int":"Los Pilones","name_de":"Los Pilones","name":"Los Pilones","subclass":"restaurant","rank":102,"class":"restaurant","name:latin":"Los Pilones","name_en":"Los Pilones"},"geometry":{"type":"Point","coordinates":[4.901264905929565,52.37314294576045]}},{"type":"Feature","properties":{"mvt_id":27257484261,"name_int":"il Sogno","name_de":"il Sogno","name":"il Sogno","subclass":"cafe","rank":103,"class":"cafe","name:latin":"il Sogno","name_en":"il Sogno"},"geometry":{"type":"Point","coordinates":[4.901758432388306,52.372517403800764]}},{"type":"Feature","properties":{"mvt_id":27257496181,"name_int":"Phu thai","name_de":"Phu thai","name":"Phu thai","subclass":"restaurant","rank":104,"class":"restaurant","name:latin":"Phu thai","name_en":"Phu thai"},"geometry":{"type":"Point","coordinates":[4.90190863609314,52.372419150331865]}},{"type":"Feature","properties":{"mvt_id":27257932811,"name_int":"Geisha","name_de":"Geisha","name":"Geisha","subclass":"restaurant","rank":105,"class":"restaurant","name:latin":"Geisha","name_en":"Geisha"},"geometry":{"type":"Point","coordinates":[4.902825951576233,52.37539613341768]}},{"type":"Feature","properties":{"mvt_id":27257933361,"name_int":"hemelse modder","name_de":"hemelse modder","name":"hemelse modder","subclass":"restaurant","rank":106,"class":"restaurant","name:latin":"hemelse modder","name_en":"hemelse modder"},"geometry":{"type":"Point","coordinates":[4.903469681739807,52.37316259614969]}},{"type":"Feature","properties":{"mvt_id":27257935441,"name_int":"Fine Seasons","name_de":"Fine Seasons","name":"Fine Seasons","subclass":"hotel","rank":107,"class":"lodging","name:latin":"Fine Seasons","name_en":"Fine Seasons"},"geometry":{"type":"Point","coordinates":[4.904735684394836,52.37422042919995]}},{"type":"Feature","properties":{"mvt_id":27257937391,"name_int":"City Hotel Amsterdam","name_de":"City Hotel Amsterdam","name":"City Hotel Amsterdam","subclass":"hotel","rank":108,"class":"lodging","name:latin":"City Hotel Amsterdam","name_en":"City Hotel Amsterdam"},"geometry":{"type":"Point","coordinates":[4.905341863632202,52.37387982937353]}},{"type":"Feature","properties":{"mvt_id":27257946471,"name_int":"Captein & Co","name_de":"Captein & Co","name":"Captein & Co","subclass":"restaurant","rank":109,"class":"restaurant","name:latin":"Captein & Co","name_en":"Captein & Co"},"geometry":{"type":"Point","coordinates":[4.9028849601745605,52.373594902501]}},{"type":"Feature","properties":{"mvt_id":27257947321,"name_int":"Restaurant Lastage","name_de":"Restaurant Lastage","name":"Restaurant Lastage","subclass":"restaurant","rank":110,"class":"restaurant","name:latin":"Restaurant Lastage","name_en":"Restaurant Lastage","name:nl":"Lastage","name:en":"Lastage","name:it":"Lastage"},"geometry":{"type":"Point","coordinates":[4.90240216255188,52.37545835644571]}},{"type":"Feature","properties":{"mvt_id":27257976361,"name_int":"De Wijnerij","name_de":"De Wijnerij","name":"De Wijnerij","subclass":"wine","rank":111,"class":"alcohol_shop","name:latin":"De Wijnerij","name_en":"De Wijnerij"},"geometry":{"type":"Point","coordinates":[4.90190863609314,52.373889654405325]}},{"type":"Feature","properties":{"mvt_id":29465652821,"name_int":"Hotel The Globe","name_de":"Hotel The Globe","name":"Hotel The Globe","subclass":"hostel","rank":112,"class":"lodging","name:latin":"Hotel The Globe","name_en":"Hotel The Globe"},"geometry":{"type":"Point","coordinates":[4.900234937667847,52.37519636415621]}},{"type":"Feature","properties":{"mvt_id":34747097381,"name_int":"Mata Hari","name_de":"Mata Hari","name":"Mata Hari","subclass":"restaurant","rank":113,"class":"restaurant","name:latin":"Mata Hari","name_en":"Mata Hari"},"geometry":{"type":"Point","coordinates":[4.9001383781433105,52.37465272519696]}},{"type":"Feature","properties":{"mvt_id":37381231391,"name_int":"Xi'an Delicious Foods Express","name_de":"Xi'an Delicious Foods Express","name":"Xi'an Delicious Foods Express","subclass":"restaurant","rank":114,"class":"restaurant","name:latin":"Xi'an Delicious Foods Express","name_en":"Xi'an Delicious Foods Express","name:zh":"\u897f\u5b89\u9762\u9986","level":0},"geometry":{"type":"Point","coordinates":[4.900320768356323,52.37380777907366]}},{"type":"Feature","properties":{"mvt_id":38490204851,"name_int":"In de Waag","name_de":"In de Waag","name":"In de Waag","subclass":"restaurant","rank":115,"class":"restaurant","name:latin":"In de Waag","name_en":"In de Waag"},"geometry":{"type":"Point","coordinates":[4.900385141372681,52.372694259493976]}},{"type":"Feature","properties":{"mvt_id":41358219891,"name_int":"Little Saigon","name_de":"Little Saigon","name":"Little Saigon","subclass":"restaurant","rank":116,"class":"restaurant","name:latin":"Little Saigon","name_en":"Little Saigon"},"geometry":{"type":"Point","coordinates":[4.9003154039382935,52.37423680412543]}},{"type":"Feature","properties":{"mvt_id":42299707941,"name_int":"Tokoman","name_de":"Tokoman","name":"Tokoman","subclass":"cafe","rank":117,"class":"cafe","name:latin":"Tokoman","name_en":"Tokoman"},"geometry":{"type":"Point","coordinates":[4.9001652002334595,52.373097094818235]}},{"type":"Feature","properties":{"mvt_id":43601692581,"name_int":"Prins Hendrik","name_de":"Prins Hendrik","name":"Prins Hendrik","subclass":"artwork","rank":118,"class":"art_gallery","name:latin":"Prins Hendrik","name_en":"Prins Hendrik","name:nl":"Borstbeeld Prins Hendrik de Zeevaarder","name:en":"Prince Henry"},"geometry":{"type":"Point","coordinates":[4.903737902641296,52.37535683461797]}},{"type":"Feature","properties":{"mvt_id":44059579111,"name_int":"'t Tuinfeest","name_de":"'t Tuinfeest","name":"'t Tuinfeest","subclass":"restaurant","rank":119,"class":"restaurant","name:latin":"'t Tuinfeest","name_en":"'t Tuinfeest"},"geometry":{"type":"Point","coordinates":[4.901291728019714,52.373231372443165]}},{"type":"Feature","properties":{"mvt_id":44873816151,"name_int":"The Jolly Joker","name_de":"The Jolly Joker","name":"The Jolly Joker","subclass":"cafe","rank":120,"class":"cafe","name:latin":"The Jolly Joker","name_en":"The Jolly Joker"},"geometry":{"type":"Point","coordinates":[4.900116920471191,52.37307089425845]}},{"type":"Feature","properties":{"mvt_id":46491636941,"name_int":"Bird","name_de":"Bird","name":"Bird","subclass":"restaurant","rank":121,"class":"restaurant","name:latin":"Bird","name_en":"Bird"},"geometry":{"type":"Point","coordinates":[4.9005138874053955,52.37458395111684]}},{"type":"Feature","properties":{"mvt_id":48666858401,"name_int":"Paleis van de Weemoed","name_de":"Paleis van de Weemoed","name":"Paleis van de Weemoed","subclass":"restaurant","rank":122,"class":"restaurant","name:latin":"Paleis van de Weemoed","name_en":"Paleis van de Weemoed"},"geometry":{"type":"Point","coordinates":[4.900041818618774,52.37499331906281]}},{"type":"Feature","properties":{"mvt_id":48667374751,"name_int":"Cafe Corso","name_de":"Cafe Corso","name":"Cafe Corso","subclass":"pub","rank":123,"class":"beer","name:latin":"Cafe Corso","name_en":"Cafe Corso"},"geometry":{"type":"Point","coordinates":[4.900041818618774,52.37458722607548]}},{"type":"Feature","properties":{"mvt_id":48667374771,"name_int":"Caf\u00e9 de Zeevaart","name_de":"Caf\u00e9 de Zeevaart","name":"Caf\u00e9 de Zeevaart","subclass":"pub","rank":124,"class":"beer","name:latin":"Caf\u00e9 de Zeevaart","name_en":"Caf\u00e9 de Zeevaart"},"geometry":{"type":"Point","coordinates":[4.899977445602417,52.37451190196566]}},{"type":"Feature","properties":{"mvt_id":55315989651,"name_int":"Sakelicious","name_de":"Sakelicious","name":"Sakelicious","subclass":"alcohol","rank":125,"class":"alcohol_shop","name:latin":"Sakelicious","name_en":"Sakelicious"},"geometry":{"type":"Point","coordinates":[4.900701642036438,52.374308853725395]}},{"type":"Feature","properties":{"mvt_id":55317340941,"name_int":"Si-Chuan","name_de":"Si-Chuan","name":"Si-Chuan","subclass":"restaurant","rank":126,"class":"restaurant","name:latin":"Si-Chuan","name_en":"Si-Chuan"},"geometry":{"type":"Point","coordinates":[4.900347590446472,52.37389620442529]}},{"type":"Feature","properties":{"mvt_id":55317505371,"name_int":"Sugar & Spice","name_de":"Sugar & Spice","name":"Sugar & Spice","subclass":"cafe","rank":127,"class":"cafe","name:latin":"Sugar & Spice","name_en":"Sugar & Spice"},"geometry":{"type":"Point","coordinates":[4.900803565979004,52.37461015077904]}},{"type":"Feature","properties":{"mvt_id":55317696851,"name_int":"Taste of Culture","name_de":"Taste of Culture","name":"Taste of Culture","subclass":"restaurant","rank":128,"class":"restaurant","name:latin":"Taste of Culture","name_en":"Taste of Culture"},"geometry":{"type":"Point","coordinates":[4.900304675102234,52.373755378781745]}},{"type":"Feature","properties":{"mvt_id":55318177221,"name_int":"Santa Vergine","name_de":"Santa Vergine","name":"Santa Vergine","subclass":"restaurant","rank":129,"class":"restaurant","name:latin":"Santa Vergine","name_en":"Santa Vergine"},"geometry":{"type":"Point","coordinates":[4.900808930397034,52.37484267209995]}},{"type":"Feature","properties":{"mvt_id":55318177281,"name_int":"Dijk 120","name_de":"Dijk 120","name":"Dijk 120","subclass":"pub","rank":130,"class":"beer","name:latin":"Dijk 120","name_en":"Dijk 120"},"geometry":{"type":"Point","coordinates":[4.9001383781433105,52.37351957669875]}},{"type":"Feature","properties":{"mvt_id":55318257821,"name_int":"La Casa Argentina","name_de":"La Casa Argentina","name":"La Casa Argentina","subclass":"restaurant","rank":131,"class":"restaurant","name:latin":"La Casa Argentina","name_en":"La Casa Argentina"},"geometry":{"type":"Point","coordinates":[4.900996685028076,52.37538630872104]}},{"type":"Feature","properties":{"mvt_id":55319202221,"name_int":"Kim's So","name_de":"Kim's So","name":"Kim's So","subclass":"restaurant","rank":132,"class":"restaurant","name:latin":"Kim's So","name_en":"Kim's So"},"geometry":{"type":"Point","coordinates":[4.899955987930298,52.37355887713334]}},{"type":"Feature","properties":{"mvt_id":55319263321,"name_int":"Jenny Coiffeur","name_de":"Jenny Coiffeur","name":"Jenny Coiffeur","subclass":"hairdresser","rank":133,"class":"hairdresser","name:latin":"Jenny Coiffeur","name_en":"Jenny Coiffeur"},"geometry":{"type":"Point","coordinates":[4.899945259094238,52.37310036988712]}},{"type":"Feature","properties":{"mvt_id":56745416991,"name_int":"Majoor Bosshardt","name_de":"Majoor Bosshardt","name":"Majoor Bosshardt","subclass":"artwork","rank":134,"class":"art_gallery","name:latin":"Majoor Bosshardt","name_en":"Majoor Bosshardt"},"geometry":{"type":"Point","coordinates":[4.900025725364685,52.37554677849262]}},{"type":"Feature","properties":{"mvt_id":67655911941,"name_int":"My Red Light Foundation | Stichting Eigen Raam","name_de":"My Red Light Foundation | Stichting Eigen Raam","name":"My Red Light Foundation | Stichting Eigen Raam","subclass":"ngo","rank":135,"class":"office","name:latin":"My Red Light Foundation | Stichting Eigen Raam","name_en":"My Red Light Foundation | Stichting Eigen Raam"},"geometry":{"type":"Point","coordinates":[4.900095462799072,52.37418767933078]}},{"type":"Feature","properties":{"mvt_id":73259394981,"name_int":"Amsterdams Marionetten Theater","name_de":"Amsterdams Marionetten Theater","name":"Amsterdams Marionetten Theater","subclass":"theatre","rank":136,"class":"theatre","name:latin":"Amsterdams Marionetten Theater","name_en":"Amsterdams Marionetten Theater"},"geometry":{"type":"Point","coordinates":[4.902375340461731,52.37344425076803]}},{"type":"Feature","properties":{"mvt_id":79522717791,"name_int":"Bredero","name_de":"Bredero","name":"Bredero","subclass":"artwork","rank":137,"class":"art_gallery","name:latin":"Bredero","name_en":"Bredero","name:nl":"Bredero-monument","name:en":"Bredero Memorial"},"geometry":{"type":"Point","coordinates":[4.900782108306885,52.37318879665507]}},{"type":"Feature","properties":{"mvt_id":83756706891,"name_int":"Mansion","name_de":"Mansion","name":"Mansion","subclass":"hotel","rank":138,"class":"lodging","name:latin":"Mansion","name_en":"Mansion"},"geometry":{"type":"Point","coordinates":[4.904928803443909,52.37410580455162]}},{"type":"Feature","properties":{"mvt_id":90363446021,"name_int":"Caf\u00e9 Fonteyn","name_de":"Caf\u00e9 Fonteyn","name":"Caf\u00e9 Fonteyn","subclass":"pub","rank":139,"class":"beer","name:latin":"Caf\u00e9 Fonteyn","name_en":"Caf\u00e9 Fonteyn","level":0},"geometry":{"type":"Point","coordinates":[4.90089476108551,52.372406049852835]}},{"type":"Feature","properties":{"mvt_id":97802669151,"name_int":"Gallerij Vriend van Bavink","name_de":"Gallerij Vriend van Bavink","name":"Gallerij Vriend van Bavink","subclass":"art","rank":140,"class":"art_gallery","name:latin":"Gallerij Vriend van Bavink","name_en":"Gallerij Vriend van Bavink"},"geometry":{"type":"Point","coordinates":[4.901495575904846,52.37535028481462]}},{"type":"Feature","properties":{"mvt_id":105992232051,"name_int":"MAI Amsterdam hotel","name_de":"MAI Amsterdam","name":"MAI Amsterdam","subclass":"hotel","rank":141,"class":"lodging","name:latin":"MAI Amsterdam","name_en":"MAI Amsterdam hotel","name:en":"MAI Amsterdam hotel"},"geometry":{"type":"Point","coordinates":[4.901533126831055,52.3754747309122]}},{"type":"Feature","properties":{"mvt_id":110567767121,"name_int":"KW9","name_de":"KW9","name":"KW9","subclass":"coworking","rank":142,"class":"office","name:latin":"KW9","name_en":"KW9"},"geometry":{"type":"Point","coordinates":[4.9028098583221436,52.37527496200625]}},{"type":"Feature","properties":{"mvt_id":111075218371,"name_int":"Caf\u00e9 Cuba","name_de":"Caf\u00e9 Cuba","name":"Caf\u00e9 Cuba","subclass":"cafe","rank":143,"class":"cafe","name:latin":"Caf\u00e9 Cuba","name_en":"Caf\u00e9 Cuba"},"geometry":{"type":"Point","coordinates":[4.901061058044434,52.37266805869522]}},{"type":"Feature","properties":{"mvt_id":116492381291,"name_int":"Mascini","name_de":"Mascini","name":"Mascini","subclass":"theatre","rank":144,"class":"theatre","name:latin":"Mascini","name_en":"Mascini"},"geometry":{"type":"Point","coordinates":[4.9007874727249146,52.37557297758364]}},{"type":"Feature","properties":{"mvt_id":120991084851,"name_int":"KAAP/tein","name_de":"KAAP/tein","name":"KAAP/tein","subclass":"restaurant","rank":145,"class":"restaurant","name:latin":"KAAP/tein","name_en":"KAAP/tein"},"geometry":{"type":"Point","coordinates":[4.901280999183655,52.37533063539873]}},{"type":"Feature","properties":{"mvt_id":130814337391,"name_int":"GWK Travelex","name_de":"GWK Travelex","name":"GWK Travelex","subclass":"atm","rank":146,"class":"atm","name:latin":"GWK Travelex","name_en":"GWK Travelex"},"geometry":{"type":"Point","coordinates":[4.900991320610046,52.37260255663033]}},{"type":"Feature","properties":{"mvt_id":130814337401,"name_int":"GWK Travelex","name_de":"GWK Travelex","name":"GWK Travelex","subclass":"atm","rank":147,"class":"atm","name:latin":"GWK Travelex","name_en":"GWK Travelex"},"geometry":{"type":"Point","coordinates":[4.900985956192017,52.372592731312224]}},{"type":"Feature","properties":{"mvt_id":132714167011,"name_int":"Platypus Records","name_de":"Platypus Records","name":"Platypus Records","subclass":"music","rank":148,"class":"music","name:latin":"Platypus Records","name_en":"Platypus Records"},"geometry":{"type":"Point","coordinates":[4.901184439659119,52.375265137282646]}},{"type":"Feature","properties":{"mvt_id":132719494011,"name_int":"Platypus Records","name_de":"Platypus Records","name":"Platypus Records","subclass":"music","rank":149,"class":"music","name:latin":"Platypus Records","name_en":"Platypus Records"},"geometry":{"type":"Point","coordinates":[4.90115761756897,52.37528478672767]}},{"type":"Feature","properties":{"mvt_id":134013464991,"name_int":"Taka Ramen Nieuwmarkt","name_de":"Taka Ramen Nieuwmarkt","name":"Taka Ramen Nieuwmarkt","subclass":"restaurant","rank":150,"class":"restaurant","name:latin":"Taka Ramen Nieuwmarkt","name_en":"Taka Ramen Nieuwmarkt","level":4},"geometry":{"type":"Point","coordinates":[4.900948405265808,52.37433177857347]}},{"type":"Feature","properties":{"mvt_id":608933541,"name_int":"Geldmaat","name_de":"Geldmaat","name":"Geldmaat","subclass":"atm","rank":35,"class":"atm","name:latin":"Geldmaat","name_en":"Geldmaat"},"geometry":{"type":"Point","coordinates":[4.90240216255188,52.36891135830612]}},{"type":"Feature","properties":{"mvt_id":1547213791,"name_int":"Nieuwmarkt","name_de":"Nieuwmarkt","name":"Nieuwmarkt","subclass":"subway_entrance","rank":36,"class":"entrance","name:latin":"Nieuwmarkt","name_en":"Nieuwmarkt"},"geometry":{"type":"Point","coordinates":[4.900336861610413,52.37052936608432]}},{"type":"Feature","properties":{"mvt_id":2506246731,"name_int":"Rembrandt House","name_de":"Rembrandthaus","name":"Rembrandthuis","subclass":"museum","rank":37,"class":"museum","name:latin":"Rembrandthuis","name_en":"Rembrandt House","name:nl":"Rembrandthuis","name:de":"Rembrandthaus","name:fr":"mus\u00e9e de la maison de Rembrandt","name:en":"Rembrandt House","name:es":"Museo Casa de Rembrandt","name:uk":"\u041c\u0443\u0437\u0435\u0439 \u0420\u0435\u043c\u0431\u0440\u0430\u043d\u0434\u0442\u0430","name:sl":"Muzej Rembrandtova hi\u0161a","name:ca":"Museu de la Casa de Rembrandt","name:sv":"Rembrandthuset","name:ko":"\ub818\ube0c\ub780\ud2b8\uc758 \uc9d1","name:el":"\u039f\u03b9\u03ba\u03af\u03b1 - \u039c\u03bf\u03c5\u03c3\u03b5\u03af\u03bf \u03a1\u03ad\u03bc\u03c0\u03c1\u03b1\u03bd\u03c4","name:it":"Rembrandthuis","name:eo":"Hejmo de Rembranto","name:cs":"Rembrandt\u016fv d\u016fm","name:zh":"\u4f26\u52c3\u6717\u6545\u5c45","name:ja":"\u30ec\u30f3\u30d6\u30e9\u30f3\u30c8\u306e\u5bb6","name:pl":"Rembrandthuis","name:da":"Rembrandt-museet","name:he":"\u05de\u05d5\u05d6\u05d9\u05d0\u05d5\u05df \u05d1\u05d9\u05ea \u05e8\u05de\u05d1\u05e8\u05e0\u05d3\u05d8","name:be":"\u0414\u043e\u043c \u0420\u044d\u043c\u0431\u0440\u0430\u043d\u0442\u0430","name:ru":"\u0414\u043e\u043c-\u043c\u0443\u0437\u0435\u0439 \u0420\u0435\u043c\u0431\u0440\u0430\u043d\u0434\u0442\u0430","name:pt":"Casa de Rembrandt","name:hu":"Rembrandthuis","name:et":"Rembrandti majamuuseum","name:hy":"\u054c\u0565\u0574\u0562\u0580\u0561\u0576\u0564\u056b \u057f\u0578\u0582\u0576-\u0569\u0561\u0576\u0563\u0561\u0580\u0561\u0576","name:lb":"Rembrandthaus","name:cy":"Rembrandthuis","name:gd":"Taigh-tasgaidh Taigh Rembrandt"},"geometry":{"type":"Point","coordinates":[4.901248812675476,52.369369909038724]}},{"type":"Feature","properties":{"mvt_id":2674253571,"name_int":"Bankras","name_de":"Bankras","name":"Bankras","subclass":"bicycle","rank":38,"class":"bicycle","name:latin":"Bankras","name_en":"Bankras"},"geometry":{"type":"Point","coordinates":[4.899972081184387,52.37077173461511]}},{"type":"Feature","properties":{"mvt_id":2687825512,"name_int":"Uilenburger Synagoge","name_de":"Uilenburger Synagoge","name":"Uilenburger Synagoge","subclass":"jewish","rank":39,"class":"place_of_worship","name:latin":"Uilenburger Synagoge","name_en":"Uilenburger Synagoge","name:nl":"Uilenburger Synagoge","name:de":"Uilenburger Synagoge","name:fr":"synagogue d'Uilenburg","name:en":"Uilenburger synagogue"},"geometry":{"type":"Point","coordinates":[4.905341863632202,52.370175636652526]}},{"type":"Feature","properties":{"mvt_id":3922271261,"name_int":"Closed entrance Nieuwmarkt","name_de":"Closed entrance Nieuwmarkt","name":"Closed entrance Nieuwmarkt","subclass":"subway_entrance","rank":40,"class":"entrance","name:latin":"Closed entrance Nieuwmarkt","name_en":"Closed entrance Nieuwmarkt"},"geometry":{"type":"Point","coordinates":[4.900755286216736,52.37044748452337]}},{"type":"Feature","properties":{"mvt_id":5458429321,"name_int":"Rembrandt Corner","name_de":"Rembrandt Corner","name":"Rembrandt Corner","subclass":"pub","rank":41,"class":"beer","name:latin":"Rembrandt Corner","name_en":"Rembrandt Corner"},"geometry":{"type":"Point","coordinates":[4.901130795478821,52.369379735073764]}},{"type":"Feature","properties":{"mvt_id":8581937911,"name_int":"Sluyswacht","name_de":"Sluyswacht","name":"Sluyswacht","subclass":"pub","rank":42,"class":"beer","name:latin":"Sluyswacht","name_en":"Sluyswacht","name:nl":"Sluyswacht","name:lt":"kreivas baras"},"geometry":{"type":"Point","coordinates":[4.901683330535889,52.369857932803754]}},{"type":"Feature","properties":{"mvt_id":8581943731,"name_int":"Orff","name_de":"Orff","name":"Orff","subclass":"pub","rank":43,"class":"beer","name:latin":"Orff","name_en":"Orff"},"geometry":{"type":"Point","coordinates":[4.901720881462097,52.369566429324095]}},{"type":"Feature","properties":{"mvt_id":12633524641,"name_int":"Record Friend","name_de":"Record Friend","name":"Record Friend","subclass":"music","rank":44,"class":"music","name:latin":"Record Friend","name_en":"Record Friend"},"geometry":{"type":"Point","coordinates":[4.900299310684204,52.37117131226228]}},{"type":"Feature","properties":{"mvt_id":17134107441,"name_int":"Tisfris","name_de":"Tisfris","name":"Tisfris","subclass":"pub","rank":45,"class":"beer","name:latin":"Tisfris","name_en":"Tisfris"},"geometry":{"type":"Point","coordinates":[4.900744557380676,52.36964503719344]}},{"type":"Feature","properties":{"mvt_id":19047225241,"name_int":"New Market","name_de":"Neumarkt","name":"Nieuwmarkt","subclass":"guidepost","rank":46,"class":"information","name:latin":"Nieuwmarkt","name_en":"New Market","name:nl":"Nieuwmarkt","name:de":"Neumarkt","name:en":"New Market"},"geometry":{"type":"Point","coordinates":[4.900460243225098,52.372157140012916]}},{"type":"Feature","properties":{"mvt_id":27257464641,"name_int":"Sai Mithra yoga","name_de":"Sai Mithra yoga","name":"Sai Mithra yoga","subclass":"yoga","rank":47,"class":"yoga","name:latin":"Sai Mithra yoga","name_en":"Sai Mithra yoga"},"geometry":{"type":"Point","coordinates":[4.90039587020874,52.370814312733195]}},{"type":"Feature","properties":{"mvt_id":27257470051,"name_int":"Black Gold Amsterdam","name_de":"Black Gold Amsterdam","name":"Black Gold Amsterdam","subclass":"cafe","rank":48,"class":"cafe","name:latin":"Black Gold Amsterdam","name_en":"Black Gold Amsterdam"},"geometry":{"type":"Point","coordinates":[4.903072714805603,52.37177394712264]}},{"type":"Feature","properties":{"mvt_id":27257474481,"name_int":"The Mirror","name_de":"The Mirror","name":"The Mirror","subclass":"hairdresser","rank":49,"class":"hairdresser","name:latin":"The Mirror","name_en":"The Mirror"},"geometry":{"type":"Point","coordinates":[4.902364611625671,52.37216041515149]}},{"type":"Feature","properties":{"mvt_id":27257519551,"name_int":"Chez Mous","name_de":"Chez Mous","name":"Chez Mous","subclass":"hairdresser","rank":50,"class":"hairdresser","name:latin":"Chez Mous","name_en":"Chez Mous"},"geometry":{"type":"Point","coordinates":[4.900594353675842,52.37174774577795]}},{"type":"Feature","properties":{"mvt_id":27257526571,"name_int":"De Witte Zwaan","name_de":"De Witte Zwaan","name":"De Witte Zwaan","subclass":"restaurant","rank":51,"class":"restaurant","name:latin":"De Witte Zwaan","name_en":"De Witte Zwaan"},"geometry":{"type":"Point","coordinates":[4.9004065990448,52.371253192481426]}},{"type":"Feature","properties":{"mvt_id":27257531011,"name_int":"Cafe Piazza","name_de":"Cafe Piazza","name":"Cafe Piazza","subclass":"restaurant","rank":52,"class":"restaurant","name:latin":"Cafe Piazza","name_en":"Cafe Piazza"},"geometry":{"type":"Point","coordinates":[4.900031089782715,52.37193443001975]}},{"type":"Feature","properties":{"mvt_id":27257535151,"name_int":"Eetcafe van Beeren","name_de":"Eetcafe van Beeren","name":"Eetcafe van Beeren","subclass":"restaurant","rank":53,"class":"restaurant","name:latin":"Eetcafe van Beeren","name_en":"Eetcafe van Beeren"},"geometry":{"type":"Point","coordinates":[4.902219772338867,52.372068711179466]}},{"type":"Feature","properties":{"mvt_id":27257545291,"name_int":"Yessika","name_de":"Yessika","name":"Yessika","subclass":"hairdresser","rank":54,"class":"hairdresser","name:latin":"Yessika","name_en":"Yessika"},"geometry":{"type":"Point","coordinates":[4.900422692298889,52.371027202707914]}},{"type":"Feature","properties":{"mvt_id":27410662551,"name_int":"Patisserie by Barbara","name_de":"Patisserie by Barbara","name":"Patisserie by Barbara","subclass":"cafe","rank":55,"class":"cafe","name:latin":"Patisserie by Barbara","name_en":"Patisserie by Barbara"},"geometry":{"type":"Point","coordinates":[4.905095100402832,52.36910788063154]}},{"type":"Feature","properties":{"mvt_id":27410663681,"name_int":"Q-Park Waterlooplein","name_de":"Q-Park Waterlooplein","name":"Q-Park Waterlooplein","subclass":"parking","rank":56,"class":"parking","name:latin":"Q-Park Waterlooplein","name_en":"Q-Park Waterlooplein","layer":-1},"geometry":{"type":"Point","coordinates":[4.904091954231262,52.36899324271464]}},{"type":"Feature","properties":{"mvt_id":27410672991,"name_int":"Sugar Rush","name_de":"Sugar Rush","name":"Sugar Rush","subclass":"ice_cream","rank":57,"class":"ice_cream","name:latin":"Sugar Rush","name_en":"Sugar Rush"},"geometry":{"type":"Point","coordinates":[4.901930093765259,52.369075126971346]}},{"type":"Feature","properties":{"mvt_id":32736633611,"name_int":"Bluebird Coffeeshop","name_de":"Bluebird Coffeeshop","name":"Bluebird Coffeeshop","subclass":"cafe","rank":58,"class":"cafe","name:latin":"Bluebird Coffeeshop","name_en":"Bluebird Coffeeshop","name:nl":"Bluebird Coffeeshop"},"geometry":{"type":"Point","coordinates":[4.90089476108551,52.36999877087435]}},{"type":"Feature","properties":{"mvt_id":40736975651,"name_int":"Nieuwmarkt","name_de":"Nieuwmarkt","name":"Nieuwmarkt","subclass":"subway_entrance","rank":59,"class":"entrance","name:latin":"Nieuwmarkt","name_en":"Nieuwmarkt"},"geometry":{"type":"Point","coordinates":[4.900819659233093,52.372117838331015]}},{"type":"Feature","properties":{"mvt_id":40899010031,"name_int":"Villa Nieuwmarkt","name_de":"Villa Nieuwmarkt","name":"Villa Nieuwmarkt","subclass":"pub","rank":60,"class":"beer","name:latin":"Villa Nieuwmarkt","name_en":"Villa Nieuwmarkt"},"geometry":{"type":"Point","coordinates":[4.900556802749634,52.371970456712425]}},{"type":"Feature","properties":{"mvt_id":48423741311,"name_int":"NUON","name_de":"NUON","name":"NUON","subclass":"charging_station","rank":61,"class":"fuel","name:latin":"NUON","name_en":"NUON"},"geometry":{"type":"Point","coordinates":[4.902740120887756,52.36985465749445]}},{"type":"Feature","properties":{"mvt_id":60044648851,"name_int":"Tony's New York City Bagels","name_de":"Tony's New York City Bagels","name":"Tony's New York City Bagels","subclass":"cafe","rank":62,"class":"cafe","name:latin":"Tony's New York City Bagels","name_en":"Tony's New York City Bagels"},"geometry":{"type":"Point","coordinates":[4.90289032459259,52.369120982088816]}},{"type":"Feature","properties":{"mvt_id":60528749641,"name_int":"Levensboom","name_de":"Levensboom","name":"Levensboom","subclass":"artwork","rank":63,"class":"art_gallery","name:latin":"Levensboom","name_en":"Levensboom","name:nl":"Levensboom","name:en":"Levensboom"},"geometry":{"type":"Point","coordinates":[4.901066422462463,52.37094204684116]}},{"type":"Feature","properties":{"mvt_id":62084829091,"name_int":"Splendor","name_de":"Splendor","name":"Splendor","subclass":"theatre","rank":64,"class":"theatre","name:latin":"Splendor","name_en":"Splendor"},"geometry":{"type":"Point","coordinates":[4.9030351638793945,52.36981862907601]}},{"type":"Feature","properties":{"mvt_id":62872286581,"name_int":"Huis De Pinto","name_de":"Huis De Pinto","name":"Huis De Pinto","subclass":"arts_centre","rank":65,"class":"art_gallery","name:latin":"Huis De Pinto","name_en":"Huis De Pinto","name:nl":"Huis De Pinto","name:de":"Huis de Pinto","name:fr":"Huis De Pinto","name:en":"Huis de Pinto","name:it":"Casa De Pinto"},"geometry":{"type":"Point","coordinates":[4.900857210159302,52.37009702972743]}},{"type":"Feature","properties":{"mvt_id":63007599901,"name_int":"Coffeshop Reefer","name_de":"Coffeshop Reefer","name":"Coffeshop Reefer","subclass":"cafe","rank":66,"class":"cafe","name:latin":"Coffeshop Reefer","name_en":"Coffeshop Reefer"},"geometry":{"type":"Point","coordinates":[4.900996685028076,52.369785875942824]}},{"type":"Feature","properties":{"mvt_id":63022555581,"name_int":"Nieuwmarkt","name_de":"Nieuwmarkt","name":"Nieuwmarkt","subclass":"subway_entrance","rank":67,"class":"entrance","name:latin":"Nieuwmarkt","name_en":"Nieuwmarkt"},"geometry":{"type":"Point","coordinates":[4.900234937667847,52.370352501722515]}},{"type":"Feature","properties":{"mvt_id":107906841331,"name_int":"Cafe Stopera","name_de":"Cafe Stopera","name":"Cafe Stopera","subclass":"cafe","rank":68,"class":"cafe","name:latin":"Cafe Stopera","name_en":"Cafe Stopera"},"geometry":{"type":"Point","coordinates":[4.9003636837005615,52.370637449512344]}},{"type":"Feature","properties":{"mvt_id":108672847601,"name_int":"Geldmaat","name_de":"Geldmaat","name":"Geldmaat","subclass":"atm","rank":69,"class":"atm","name:latin":"Geldmaat","name_en":"Geldmaat"},"geometry":{"type":"Point","coordinates":[4.90239143371582,52.36891463368537]}},{"type":"Feature","properties":{"mvt_id":109831733391,"name_int":"Luxury Suites Amsterdam","name_de":"Luxury Suites Amsterdam","name":"Luxury Suites Amsterdam","subclass":"hotel","rank":70,"class":"lodging","name:latin":"Luxury Suites Amsterdam","name_en":"Luxury Suites Amsterdam"},"geometry":{"type":"Point","coordinates":[4.903131723403931,52.37031974898521]}},{"type":"Feature","properties":{"mvt_id":110970011451,"name_int":"Equans","name_de":"Equans","name":"Equans","subclass":"charging_station","rank":71,"class":"fuel","name:latin":"Equans","name_en":"Equans"},"geometry":{"type":"Point","coordinates":[4.900884032249451,52.36979242657141]}},{"type":"Feature","properties":{"mvt_id":121188914201,"name_int":"NIL Bike Shop","name_de":"NIL Bike Shop","name":"NIL Bike Shop","subclass":"bicycle","rank":72,"class":"bicycle","name:latin":"NIL Bike Shop","name_en":"NIL Bike Shop"},"geometry":{"type":"Point","coordinates":[4.901034235954285,52.36904892402572]}},{"type":"Feature","properties":{"mvt_id":130814337411,"name_int":"Euronet","name_de":"Euronet","name":"Euronet","subclass":"atm","rank":73,"class":"atm","name:latin":"Euronet","name_en":"Euronet","indoor":1},"geometry":{"type":"Point","coordinates":[4.900503158569336,52.370470411375734]}},{"type":"Feature","properties":{"mvt_id":130814337431,"name_int":"Euronet","name_de":"Euronet","name":"Euronet","subclass":"atm","rank":74,"class":"atm","name:latin":"Euronet","name_en":"Euronet","indoor":1},"geometry":{"type":"Point","coordinates":[4.901973009109497,52.36906530086856]}},{"type":"Feature","properties":{"mvt_id":130814337441,"name_int":"Geldmaat","name_de":"Geldmaat","name":"Geldmaat","subclass":"atm","rank":75,"class":"atm","name:latin":"Geldmaat","name_en":"Geldmaat"},"geometry":{"type":"Point","coordinates":[4.902445077896118,52.3688949814062]}},{"type":"Feature","properties":{"mvt_id":132775401011,"name_int":"Ristorante Papa Carlo","name_de":"Ristorante Papa Carlo","name":"Ristorante Papa Carlo","subclass":"restaurant","rank":76,"class":"restaurant","name:latin":"Ristorante Papa Carlo","name_en":"Ristorante Papa Carlo"},"geometry":{"type":"Point","coordinates":[4.900020360946655,52.37189185298142]}},{"type":"Feature","properties":{"mvt_id":340511591,"name_int":"De Dokwerker","name_de":"De Dokwerker","name":"De Dokwerker","subclass":"artwork","rank":28,"class":"art_gallery","name:latin":"De Dokwerker","name_en":"De Dokwerker","name:nl":"De Dokwerker","name:de":"De Dokwerker","name:en":"De Dokwerker","name:he":"\u05e2\u05d5\u05d1\u05d3 \u05d4\u05e8\u05e6\u05d9\u05e3","name:ru":"\u041f\u0430\u043c\u044f\u0442\u043d\u0438\u043a \"\u0414\u043e\u043a\u0435\u0440\""},"geometry":{"type":"Point","coordinates":[4.905014634132385,52.367195026170386]}},{"type":"Feature","properties":{"mvt_id":578579872,"name_int":"Jewish Museum","name_de":"J\u00fcdisches Museum","name":"Joods Museum","subclass":"museum","rank":29,"class":"museum","name:latin":"Joods Museum","name_en":"Jewish Museum","name:nl":"Joods Museum","name:de":"J\u00fcdisches Museum","name:fr":"Mus\u00e9e historique juif","name:en":"Jewish Museum","name:es":"Museo Hist\u00f3rico Jud\u00edo","name:fy":"Joadsk Histoarysk Museum","name:uk":"\u0404\u0432\u0440\u0435\u0439\u0441\u044c\u043a\u0438\u0439 \u0456\u0441\u0442\u043e\u0440\u0438\u0447\u043d\u0438\u0439 \u043c\u0443\u0437\u0435\u0439","name:sl":"Judovski muzej","name:ca":"Museu Hist\u00f2ric Jueu","name:sv":"Joods Museum","name:it":"Joods Historisch Museum","name:eo":"Juda Historia Muzeo","name:zh":"\u7336\u592a\u6b77\u53f2\u535a\u7269\u9928","name:ja":"\u30e6\u30c0\u30e4\u6b74\u53f2\u535a\u7269\u9928","name:fa":"\u0645\u0648\u0632\u0647 \u067e\u06cc\u0634\u06cc\u0646\u0647 \u06cc\u0647\u0648\u062f\u06cc\u0627\u0646","name:da":"Joods Historisch Museum","name:he":"\u05d4\u05de\u05d5\u05d6\u05d9\u05d0\u05d5\u05df \u05dc\u05d4\u05d9\u05e1\u05d8\u05d5\u05e8\u05d9\u05d4 \u05d9\u05d4\u05d5\u05d3\u05d9\u05ea","name:be":"\u042f\u045e\u0440\u044d\u0439\u0441\u043a\u0456 \u0433\u0456\u0441\u0442\u0430\u0440\u044b\u0447\u043d\u044b \u043c\u0443\u0437\u0435\u0439 (\u0410\u043c\u0441\u0442\u044d\u0440\u0434\u0430\u043c)","name:ru":"\u0415\u0432\u0440\u0435\u0439\u0441\u043a\u0438\u0439 \u0438\u0441\u0442\u043e\u0440\u0438\u0447\u0435\u0441\u043a\u0438\u0439 \u043c\u0443\u0437\u0435\u0439","name:pt":"Jewish Historical Museum","name:hu":"Zsid\u00f3 M\u00fazeum"},"geometry":{"type":"Point","coordinates":[4.903780817985535,52.367149169053654]}},{"type":"Feature","properties":{"mvt_id":578613632,"name_int":"Portugese Synagoge","name_de":"Portugiesische Synagoge","name":"Portugese Synagoge","subclass":"jewish","rank":30,"class":"place_of_worship","name:latin":"Portugese Synagoge","name_en":"Portugese Synagoge","name:nl":"Portugese Synagoge","name:de":"Portugiesische Synagoge","name:fr":"synagogue portugaise d'Amsterdam","name:en":"Portuguese Synagogue","name:es":"Sinagoga Portuguesa","name:uk":"\u041f\u043e\u0440\u0442\u0443\u0433\u0430\u043b\u044c\u0441\u044c\u043a\u0430 \u0441\u0438\u043d\u0430\u0433\u043e\u0433\u0430 (\u0410\u043c\u0441\u0442\u0435\u0440\u0434\u0430\u043c)","name:ca":"Sinagoga portuguesa d'Amsterdam","name:it":"sinagoga portoghese di Amsterdam","name:eo":"Portugala-Israela Sinagogo","name:cs":"Portugalsk\u00e1 synagoga v Amsterdamu","name:zh":"\u8461\u8404\u7259\u72b9\u592a\u4f1a\u5802","name:ja":"\u30dd\u30eb\u30c8\u30ac\u30eb\u7cfb\u30a4\u30b9\u30e9\u30a8\u30eb\u4eba\u30b7\u30ca\u30b4\u30fc\u30b0","name:pl":"Synagoga Portugalska w Amsterdamie","name:da":"Den portugisiske synagoge i Amsterdam","name:he":"\u05d1\u05d9\u05ea \u05d4\u05db\u05e0\u05e1\u05ea \u05d4\u05e4\u05d5\u05e8\u05d8\u05d5\u05d2\u05d6\u05d9 \u05d1\u05d0\u05de\u05e1\u05d8\u05e8\u05d3\u05dd","name:tr":"Portekiz Sinagogu","name:fi":"Portugalilainen synagoga","name:ru":"\u041f\u043e\u0440\u0442\u0443\u0433\u0430\u043b\u044c\u0441\u043a\u0430\u044f \u0441\u0438\u043d\u0430\u0433\u043e\u0433\u0430","name:pt":"Sinagoga Portuguesa de Amsterd\u00e3o"},"geometry":{"type":"Point","coordinates":[4.9053579568862915,52.36753567754734]}},{"type":"Feature","properties":{"mvt_id":608685961,"name_int":"MacBike","name_de":"MacBike","name":"MacBike","subclass":"bicycle_rental","rank":31,"class":"bicycle_rental","name:latin":"MacBike","name_en":"MacBike"},"geometry":{"type":"Point","coordinates":[4.902455806732178,52.36706073019409]}},{"type":"Feature","properties":{"mvt_id":608938691,"name_int":"Ingang Nieuwe Herengracht","name_de":"Ingang Nieuwe Herengracht","name":"Ingang Nieuwe Herengracht","subclass":"subway_entrance","rank":32,"class":"entrance","name:latin":"Ingang Nieuwe Herengracht","name_en":"Ingang Nieuwe Herengracht","level":-1},"geometry":{"type":"Point","coordinates":[4.904918074607849,52.3662221899872]}},{"type":"Feature","properties":{"mvt_id":720042002,"name_int":"Hoftuin","name_de":"Hoftuin","name":"Hoftuin","subclass":"garden","rank":33,"class":"garden","name:latin":"Hoftuin","name_en":"Hoftuin"},"geometry":{"type":"Point","coordinates":[4.904236793518066,52.36560310126178]}},{"type":"Feature","properties":{"mvt_id":3039900012,"name_int":"Dignita Hoftuin","name_de":"Dignita Hoftuin","name":"Dignita Hoftuin","subclass":"cafe","rank":34,"class":"cafe","name:latin":"Dignita Hoftuin","name_en":"Dignita Hoftuin"},"geometry":{"type":"Point","coordinates":[4.9045103788375854,52.36563258187401]}},{"type":"Feature","properties":{"mvt_id":4416749281,"name_int":"Portugees-Israelitische Gemeente","name_de":"Portugees-Israelitische Gemeente","name":"Portugees-Israelitische Gemeente","subclass":"jewish","rank":35,"class":"place_of_worship","name:latin":"Portugees-Israelitische Gemeente","name_en":"Portugees-Israelitische Gemeente"},"geometry":{"type":"Point","coordinates":[4.905121922492981,52.36761756450594]}},{"type":"Feature","properties":{"mvt_id":4835531391,"name_int":"Gall & Gall","name_de":"Gall & Gall","name":"Gall & Gall","subclass":"alcohol","rank":36,"class":"alcohol_shop","name:latin":"Gall & Gall","name_en":"Gall & Gall"},"geometry":{"type":"Point","coordinates":[4.903807640075684,52.368799995266954]}},{"type":"Feature","properties":{"mvt_id":4894470491,"name_int":"Dutch National Opera & Ballet","name_de":"Opera & Ballet","name":"Opera & Ballet","subclass":"theatre","rank":37,"class":"theatre","name:latin":"Opera & Ballet","name_en":"Dutch National Opera & Ballet","name:nl":"Opera & Ballet","name:de":"Musiktheater","name:fr":"Het Muziektheater","name:en":"Dutch National Opera & Ballet","name:es":"\u00d3pera y Ballet Nacional","name:it":"Het Muziektheater","name:ru":"\u041d\u0430\u0446\u0438\u043e\u043d\u0430\u043b\u044c\u043d\u0430\u044f \u043e\u043f\u0435\u0440\u0430 \u0438 \u0431\u0430\u043b\u0435\u0442"},"geometry":{"type":"Point","coordinates":[4.901221990585327,52.367430862018836]}},{"type":"Feature","properties":{"mvt_id":9205417152,"name_int":"De werken van barmhartigheid","name_de":"De werken van barmhartigheid","name":"De werken van barmhartigheid","subclass":"artwork","rank":38,"class":"art_gallery","name:latin":"De werken van barmhartigheid","name_en":"De werken van barmhartigheid","name:nl":"De werken van barmhartigheid (beeldengroep)","name:en":"De werken van barmhartigheid"},"geometry":{"type":"Point","coordinates":[4.904193878173828,52.365747228512305]}},{"type":"Feature","properties":{"mvt_id":13109117371,"name_int":"Screaming Beans","name_de":"Screaming Beans","name":"Screaming Beans","subclass":"cafe","rank":39,"class":"cafe","name:latin":"Screaming Beans","name_en":"Screaming Beans"},"geometry":{"type":"Point","coordinates":[4.90214467048645,52.36860347157177]}},{"type":"Feature","properties":{"mvt_id":15249454641,"name_int":"Muziektheater (Opera house)","name_de":"Muziektheater (Opera house)","name":"Muziektheater (Opera house)","subclass":"parking","rank":40,"class":"parking","name:latin":"Muziektheater (Opera house)","name_en":"Muziektheater (Opera house)","level":-1,"layer":-1},"geometry":{"type":"Point","coordinates":[4.90164041519165,52.366883851943804]}},{"type":"Feature","properties":{"mvt_id":16112028451,"name_int":"Mozes en A\u00e4ronkerk","name_de":"Mozes en A\u00e4ronkerk","name":"Mozes en A\u00e4ronkerk","subclass":"christian","rank":41,"class":"place_of_worship","name:latin":"Mozes en A\u00e4ronkerk","name_en":"Mozes en A\u00e4ronkerk","name:nl":"Mozes en A\u00e4ronkerk","name:de":"Mozes en A\u00e4ronkerk","name:fr":"\u00e9glise Mo\u00efse-et-Aaron","name:en":"Mozes en A\u00e4ronkerk","name:es":"Iglesia de Moises y Aaron","name:fy":"Mozes en A\u00e4rontsjerke","name:it":"chiesa di Mos\u00e8 e Aronne","name:zh":"\u6469\u897f\u4e0e\u4e9a\u4f26\u6559\u5802"},"geometry":{"type":"Point","coordinates":[4.903196096420288,52.368262828428975]}},{"type":"Feature","properties":{"mvt_id":17243525861,"name_int":"Gollem","name_de":"Gollem","name":"Gollem","subclass":"pub","rank":42,"class":"beer","name:latin":"Gollem","name_en":"Gollem"},"geometry":{"type":"Point","coordinates":[4.89990770816803,52.36609444223045]}},{"type":"Feature","properties":{"mvt_id":18949940201,"name_int":"Mr. Visserplein","name_de":"Mr. Visserplein","name":"Mr. Visserplein","subclass":"guidepost","rank":43,"class":"information","name:latin":"Mr. Visserplein","name_en":"Mr. Visserplein"},"geometry":{"type":"Point","coordinates":[4.903807640075684,52.36863622558169]}},{"type":"Feature","properties":{"mvt_id":24286775261,"name_int":"Bagels & Beans","name_de":"Bagels & Beans","name":"Bagels & Beans","subclass":"cafe","rank":44,"class":"cafe","name:latin":"Bagels & Beans","name_en":"Bagels & Beans"},"geometry":{"type":"Point","coordinates":[4.900352954864502,52.36870173352865]}},{"type":"Feature","properties":{"mvt_id":27258787171,"name_int":"Caf\u00e9 Langereis","name_de":"Caf\u00e9 Langereis","name":"Caf\u00e9 Langereis","subclass":"pub","rank":45,"class":"beer","name:latin":"Caf\u00e9 Langereis","name_en":"Caf\u00e9 Langereis"},"geometry":{"type":"Point","coordinates":[4.900133013725281,52.366130473686425]}},{"type":"Feature","properties":{"mvt_id":27258787611,"name_int":"Restaurant 212","name_de":"Restaurant 212","name":"Restaurant 212","subclass":"restaurant","rank":46,"class":"restaurant","name:latin":"Restaurant 212","name_en":"Restaurant 212","name:nl":"Restaurant 212","name:en":"Restaurant 212"},"geometry":{"type":"Point","coordinates":[4.900261759757996,52.36587825287748]}},{"type":"Feature","properties":{"mvt_id":27410653521,"name_int":"MOAK","name_de":"MOAK","name":"MOAK","subclass":"restaurant","rank":47,"class":"restaurant","name:latin":"MOAK","name_en":"MOAK","level":0},"geometry":{"type":"Point","coordinates":[4.902799129486084,52.36872793668024]}},{"type":"Feature","properties":{"mvt_id":27410658371,"name_int":"Lunchcaf\u00e9 Waterloo","name_de":"Lunchcaf\u00e9 Waterloo","name":"Lunchcaf\u00e9 Waterloo","subclass":"restaurant","rank":48,"class":"restaurant","name:latin":"Lunchcaf\u00e9 Waterloo","name_en":"Lunchcaf\u00e9 Waterloo"},"geometry":{"type":"Point","coordinates":[4.90264892578125,52.368364366563654]}},{"type":"Feature","properties":{"mvt_id":27410668991,"name_int":"Billy Fame","name_de":"Billy Fame","name":"Billy Fame","subclass":"hairdresser","rank":49,"class":"hairdresser","name:latin":"Billy Fame","name_en":"Billy Fame"},"geometry":{"type":"Point","coordinates":[4.902332425117493,52.366972291157474]}},{"type":"Feature","properties":{"mvt_id":27410834091,"name_int":"Green House Namaste","name_de":"Green House Namaste","name":"Green House Namaste","subclass":"cafe","rank":50,"class":"cafe","name:latin":"Green House Namaste","name_en":"Green House Namaste"},"geometry":{"type":"Point","coordinates":[4.902246594429016,52.36665128872219]}},{"type":"Feature","properties":{"mvt_id":27410835291,"name_int":"Alpha","name_de":"Alpha","name":"Alpha","subclass":"cafe","rank":51,"class":"cafe","name:latin":"Alpha","name_en":"Alpha"},"geometry":{"type":"Point","coordinates":[4.9018871784210205,52.36628115036572]}},{"type":"Feature","properties":{"mvt_id":27410835341,"name_int":"COC Nederland / Occhio","name_de":"COC Nederland / Occhio","name":"COC Nederland / Occhio","subclass":"company","rank":52,"class":"office","name:latin":"COC Nederland / Occhio","name_en":"COC Nederland / Occhio"},"geometry":{"type":"Point","coordinates":[4.904070496559143,52.3665497466499]}},{"type":"Feature","properties":{"mvt_id":27410835611,"name_int":"The Media Brothers","name_de":"The Media Brothers","name":"The Media Brothers","subclass":"company","rank":53,"class":"office","name:latin":"The Media Brothers","name_en":"The Media Brothers"},"geometry":{"type":"Point","coordinates":[4.904129505157471,52.3665497466499]}},{"type":"Feature","properties":{"mvt_id":27410837921,"name_int":"Eetkunst Asmara","name_de":"Eetkunst Asmara","name":"Eetkunst Asmara","subclass":"restaurant","rank":54,"class":"restaurant","name:latin":"Eetkunst Asmara","name_en":"Eetkunst Asmara"},"geometry":{"type":"Point","coordinates":[4.904226064682007,52.36689040300275]}},{"type":"Feature","properties":{"mvt_id":27428112991,"name_int":"H'ART Museum","name_de":"H'ART Museum","name":"H'ART Museum","subclass":"museum","rank":55,"class":"museum","name:latin":"H'ART Museum","name_en":"H'ART Museum","name:nl":"H'Art Museum","name:de":"H\u2019ART Museum","name:fr":"H'Art Museum","name:en":"H'Art Museum","name:es":"Dutch Heritage Amsterdam","name:uk":"H'Art Museum","name:sl":"H'Art Museum","name:ca":"Ermitage Amsterdam","name:sv":"Eremitaget Amsterdam","name:it":"H'Art Museum","name:eo":"Ermitejo de Amsterdamo","name:zh":"\u963f\u59c6\u65af\u7279\u4e39\u96b1\u58eb\u5eec\u535a\u7269\u9928","name:ja":"H\u30fbART\u7f8e\u8853\u9928","name:he":"\u05d0\u05e8\u05de\u05d9\u05d8\u05d0\u05d6' \u05d0\u05de\u05e1\u05d8\u05e8\u05d3\u05dd","name:ru":"\u042d\u0440\u043c\u0438\u0442\u0430\u0436 \u043d\u0430 \u0410\u043c\u0441\u0442\u0435\u043b\u0435","name:pt":"Hermitage Amsterdam","name:hy":"\u0537\u0580\u0574\u056b\u057f\u0561\u056a","name:pnb":"\u06c1\u0631\u0645\u06cc\u0679\u06cc\u062c \u0627\u06cc\u0645\u0633\u0679\u0631\u0688\u06cc\u0645"},"geometry":{"type":"Point","coordinates":[4.902214407920837,52.36565223560456]}},{"type":"Feature","properties":{"mvt_id":30936788801,"name_int":"NUON","name_de":"NUON","name":"NUON","subclass":"charging_station","rank":56,"class":"fuel","name:latin":"NUON","name_en":"NUON"},"geometry":{"type":"Point","coordinates":[4.900293946266174,52.365789811473604]}},{"type":"Feature","properties":{"mvt_id":30936796441,"name_int":"NUON","name_de":"NUON","name":"NUON","subclass":"charging_station","rank":57,"class":"fuel","name:latin":"NUON","name_en":"NUON"},"geometry":{"type":"Point","coordinates":[4.904236793518066,52.36654319554045]}},{"type":"Feature","properties":{"mvt_id":32314115551,"name_int":"Lo Stivale d'Oro","name_de":"Lo Stivale d'Oro","name":"Lo Stivale d'Oro","subclass":"restaurant","rank":58,"class":"restaurant","name:latin":"Lo Stivale d'Oro","name_en":"Lo Stivale d'Oro"},"geometry":{"type":"Point","coordinates":[4.899988174438477,52.36628442594001]}},{"type":"Feature","properties":{"mvt_id":42655897261,"name_int":"Museum Cafe","name_de":"Museum Cafe","name":"Museum Cafe","subclass":"cafe","rank":59,"class":"cafe","name:latin":"Museum Cafe","name_en":"Museum Cafe"},"geometry":{"type":"Point","coordinates":[4.9036091566085815,52.36709676086196]}},{"type":"Feature","properties":{"mvt_id":44010650141,"name_int":"Vaz Dias monument","name_de":"Vaz Dias monument","name":"Vaz Dias monument","subclass":"artwork","rank":60,"class":"art_gallery","name:latin":"Vaz Dias monument","name_en":"Vaz Dias monument"},"geometry":{"type":"Point","coordinates":[4.904762506484985,52.366120646928614]}},{"type":"Feature","properties":{"mvt_id":46486190871,"name_int":"Huis van Sant'Egidio","name_de":"Huis van Sant'Egidio","name":"Huis van Sant'Egidio","subclass":"christian","rank":61,"class":"place_of_worship","name:latin":"Huis van Sant'Egidio","name_en":"Huis van Sant'Egidio","name:nl":"Huis van Sant'Egidio"},"geometry":{"type":"Point","coordinates":[4.903067350387573,52.36837746824145]}},{"type":"Feature","properties":{"mvt_id":49977769321,"name_int":"Aan de Amstel","name_de":"Aan de Amstel","name":"Aan de Amstel","subclass":"dentist","rank":62,"class":"dentist","name:latin":"Aan de Amstel","name_en":"Aan de Amstel"},"geometry":{"type":"Point","coordinates":[4.901940822601318,52.36617305627833]}},{"type":"Feature","properties":{"mvt_id":49978313481,"name_int":"Citria Restaurant","name_de":"Citria Restaurant","name":"Citria Restaurant","subclass":"restaurant","rank":63,"class":"restaurant","name:latin":"Citria Restaurant","name_en":"Citria Restaurant"},"geometry":{"type":"Point","coordinates":[4.902058839797974,52.36660543104102]}},{"type":"Feature","properties":{"mvt_id":49978313491,"name_int":"Agabi Santa Maria","name_de":"Agabi Santa Maria","name":"Agabi Santa Maria","subclass":"restaurant","rank":64,"class":"restaurant","name:latin":"Agabi Santa Maria","name_en":"Agabi Santa Maria"},"geometry":{"type":"Point","coordinates":[4.90215003490448,52.36663491098438]}},{"type":"Feature","properties":{"mvt_id":49978313511,"name_int":"Gastronomia di Gianni","name_de":"Gastronomia di Gianni","name":"Gastronomia di Gianni","subclass":"restaurant","rank":65,"class":"restaurant","name:latin":"Gastronomia di Gianni","name_en":"Gastronomia di Gianni"},"geometry":{"type":"Point","coordinates":[4.902369976043701,52.36670697298532]}},{"type":"Feature","properties":{"mvt_id":49978313541,"name_int":"San Giovanni","name_de":"San Giovanni","name":"San Giovanni","subclass":"restaurant","rank":66,"class":"restaurant","name:latin":"San Giovanni","name_en":"San Giovanni"},"geometry":{"type":"Point","coordinates":[4.902842044830322,52.36735880119872]}},{"type":"Feature","properties":{"mvt_id":49978313551,"name_int":"Art & Home Studio","name_de":"Art & Home Studio","name":"Art & Home Studio","subclass":"art","rank":67,"class":"art_gallery","name:latin":"Art & Home Studio","name_en":"Art & Home Studio"},"geometry":{"type":"Point","coordinates":[4.901871085166931,52.366376141921165]}},{"type":"Feature","properties":{"mvt_id":49978313561,"name_int":"Caf\u00e9 't Hooischip","name_de":"Caf\u00e9 't Hooischip","name":"Caf\u00e9 't Hooischip","subclass":"pub","rank":68,"class":"beer","name:latin":"Caf\u00e9 't Hooischip","name_en":"Caf\u00e9 't Hooischip"},"geometry":{"type":"Point","coordinates":[4.901753067970276,52.36651699109292]}},{"type":"Feature","properties":{"mvt_id":49978313571,"name_int":"Eetcaf\u00e9 Blauwbrug","name_de":"Eetcaf\u00e9 Blauwbrug","name":"Eetcaf\u00e9 Blauwbrug","subclass":"restaurant","rank":69,"class":"restaurant","name:latin":"Eetcaf\u00e9 Blauwbrug","name_en":"Eetcaf\u00e9 Blauwbrug"},"geometry":{"type":"Point","coordinates":[4.90190863609314,52.36659887993983]}},{"type":"Feature","properties":{"mvt_id":56915353551,"name_int":"Stadhuis","name_de":"Stadhuis","name":"Stadhuis","subclass":"taxi","rank":70,"class":"office","name:latin":"Stadhuis","name_en":"Stadhuis"},"geometry":{"type":"Point","coordinates":[4.902525544166565,52.36767652302215]}},{"type":"Feature","properties":{"mvt_id":63038830111,"name_int":"Zonder titel","name_de":"Zonder titel","name":"Zonder titel","subclass":"artwork","rank":71,"class":"art_gallery","name:latin":"Zonder titel","name_en":"Zonder titel"},"geometry":{"type":"Point","coordinates":[4.9001544713974,52.367312944251985]}},{"type":"Feature","properties":{"mvt_id":82721560741,"name_int":"rat","name_de":"rat","name":"rat","subclass":"artwork","rank":72,"class":"art_gallery","name:latin":"rat","name_en":"rat"},"geometry":{"type":"Point","coordinates":[4.90364134311676,52.36570136989269]}},{"type":"Feature","properties":{"mvt_id":82721718881,"name_int":"tiger","name_de":"tiger","name":"tiger","subclass":"artwork","rank":73,"class":"art_gallery","name:latin":"tiger","name_en":"tiger"},"geometry":{"type":"Point","coordinates":[4.903448224067688,52.36580291391498]}},{"type":"Feature","properties":{"mvt_id":85469709621,"name_int":"Voor water","name_de":"Voor water","name":"Voor water","subclass":"artwork","rank":74,"class":"art_gallery","name:latin":"Voor water","name_en":"Voor water"},"geometry":{"type":"Point","coordinates":[4.903673529624939,52.366946086964475]}},{"type":"Feature","properties":{"mvt_id":90447239791,"name_int":"Outsider Art Gallery","name_de":"Outsider Art Gallery","name":"Outsider Art Gallery","subclass":"arts_centre","rank":75,"class":"art_gallery","name:latin":"Outsider Art Gallery","name_en":"Outsider Art Gallery"},"geometry":{"type":"Point","coordinates":[4.903340935707092,52.365933938115006]}},{"type":"Feature","properties":{"mvt_id":103007270141,"name_int":"La Panetteria","name_de":"La Panetteria","name":"La Panetteria","subclass":"bakery","rank":76,"class":"bakery","name:latin":"La Panetteria","name_en":"La Panetteria"},"geometry":{"type":"Point","coordinates":[4.900074005126953,52.36629752823468]}},{"type":"Feature","properties":{"mvt_id":107845818751,"name_int":"Geldmaat","name_de":"Geldmaat","name":"Geldmaat","subclass":"atm","rank":77,"class":"atm","name:latin":"Geldmaat","name_en":"Geldmaat","indoor":1},"geometry":{"type":"Point","coordinates":[4.903700351715088,52.36887532911828]}},{"type":"Feature","properties":{"mvt_id":107995545081,"name_int":"Hapjeshoek","name_de":"Hapjeshoek","name":"Hapjeshoek","subclass":"restaurant","rank":78,"class":"restaurant","name:latin":"Hapjeshoek","name_en":"Hapjeshoek"},"geometry":{"type":"Point","coordinates":[4.901983737945557,52.36742758652956]}},{"type":"Feature","properties":{"mvt_id":130814337421,"name_int":"Euronet","name_de":"Euronet","name":"Euronet","subclass":"atm","rank":79,"class":"atm","name:latin":"Euronet","name_en":"Euronet","indoor":1},"geometry":{"type":"Point","coordinates":[4.902450442314148,52.36843315032873]}},{"type":"Feature","properties":{"mvt_id":1789103481,"name_int":"Royal Theater Carr\u00e9","name_de":"Koninklijk Theater Carr\u00e9","name":"Koninklijk Theater Carr\u00e9","subclass":"theatre","rank":5,"class":"theatre","name:latin":"Koninklijk Theater Carr\u00e9","name_en":"Royal Theater Carr\u00e9","name:nl":"Koninklijk Theater Carr\u00e9","name:de":"Theater Carr\u00e9","name:fr":"th\u00e9\u00e2tre royal Carr\u00e9","name:en":"Royal Theater Carr\u00e9","name:uk":"\u041a\u043e\u0440\u043e\u043b\u0456\u0432\u0441\u044c\u043a\u0438\u0439 \u0442\u0435\u0430\u0442\u0440 \u041a\u0430\u0440\u0440\u0435","name:ca":"Teatre Reial Carr\u00e9","name:it":"Teatro Carr\u00e9","name:zh":"\u5361\u96f7\u5287\u9662","name:ru":"\u041a\u0430\u0440\u0435"},"geometry":{"type":"Point","coordinates":[4.903925657272339,52.362333906886114]}},{"type":"Feature","properties":{"mvt_id":2616335451,"name_int":"De Magere Brug","name_de":"De Magere Brug","name":"De Magere Brug","subclass":"pub","rank":6,"class":"beer","name:latin":"De Magere Brug","name_en":"De Magere Brug","level":0},"geometry":{"type":"Point","coordinates":[4.903217554092407,52.36365733735872]}},{"type":"Feature","properties":{"mvt_id":2689986162,"name_int":"Houseboat Orpheus","name_de":"Houseboat Orpheus","name":"Houseboat Orpheus","subclass":"guest_house","rank":7,"class":"lodging","name:latin":"Houseboat Orpheus","name_en":"Houseboat Orpheus"},"geometry":{"type":"Point","coordinates":[4.904043674468994,52.3629563172441]}},{"type":"Feature","properties":{"mvt_id":4160317071,"name_int":"The Bridge Hotel","name_de":"The Bridge Hotel","name":"The Bridge Hotel","subclass":"hotel","rank":8,"class":"lodging","name:latin":"The Bridge Hotel","name_en":"The Bridge Hotel"},"geometry":{"type":"Point","coordinates":[4.903770089149475,52.362641837316986]}},{"type":"Feature","properties":{"mvt_id":4417542541,"name_int":"Hermitage Hotel","name_de":"Hermitage Hotel","name":"Hermitage Hotel","subclass":"hotel","rank":9,"class":"lodging","name:latin":"Hermitage Hotel","name_en":"Hermitage Hotel","name:en":"Hotel Hermitage"},"geometry":{"type":"Point","coordinates":[4.903517961502075,52.36454178611979]}},{"type":"Feature","properties":{"mvt_id":6321101101,"name_int":"Neva","name_de":"Neva","name":"Neva","subclass":"restaurant","rank":10,"class":"restaurant","name:latin":"Neva","name_en":"Neva"},"geometry":{"type":"Point","coordinates":[4.903308749198914,52.36543276845042]}},{"type":"Feature","properties":{"mvt_id":8552433981,"name_int":"Amsterdam Museum","name_de":"Amsterdam Museum","name":"Amsterdam Museum","subclass":"museum","rank":11,"class":"museum","name:latin":"Amsterdam Museum","name_en":"Amsterdam Museum"},"geometry":{"type":"Point","coordinates":[4.9023860692977905,52.36536725565579]}},{"type":"Feature","properties":{"mvt_id":22806974391,"name_int":"Galerie Artacasa","name_de":"Galerie Artacasa","name":"Galerie Artacasa","subclass":"artwork","rank":12,"class":"art_gallery","name:latin":"Galerie Artacasa","name_en":"Galerie Artacasa"},"geometry":{"type":"Point","coordinates":[4.899934530258179,52.36319872732689]}},{"type":"Feature","properties":{"mvt_id":27378051781,"name_int":"Collectie Six","name_de":"Collectie Six","name":"Collectie Six","subclass":"museum","rank":13,"class":"museum","name:latin":"Collectie Six","name_en":"Collectie Six","name:nl":"Collectie Six","name:de":"Six Collection","name:fr":"collection Six","name:en":"Six Collection","name:sv":"Six konstsamling","name:pt":"Six Collection"},"geometry":{"type":"Point","coordinates":[4.900680184364319,52.36505279288928]}},{"type":"Feature","properties":{"mvt_id":27378075431,"name_int":"Tai Chi","name_de":"Tai Chi","name":"Tai Chi","subclass":"sports_centre","rank":14,"class":"sports_centre","name:latin":"Tai Chi","name_en":"Tai Chi"},"geometry":{"type":"Point","coordinates":[4.900755286216736,52.363362517170444]}},{"type":"Feature","properties":{"mvt_id":27428067921,"name_int":"Hotel Adolesce","name_de":"Hotel Adolesce","name":"Hotel Adolesce","subclass":"hotel","rank":15,"class":"lodging","name:latin":"Hotel Adolesce","name_en":"Hotel Adolesce"},"geometry":{"type":"Point","coordinates":[4.90389883518219,52.364617127232925]}},{"type":"Feature","properties":{"mvt_id":27428124551,"name_int":"Skinny Bridge","name_de":"Skinny Bridge","name":"Skinny Bridge","subclass":"guest_house","rank":16,"class":"lodging","name:latin":"Skinny Bridge","name_en":"Skinny Bridge"},"geometry":{"type":"Point","coordinates":[4.903115630149841,52.36391284659723]}},{"type":"Feature","properties":{"mvt_id":45722795651,"name_int":"Katja","name_de":"Katja","name":"Katja","subclass":"artwork","rank":17,"class":"art_gallery","name:latin":"Katja","name_en":"Katja"},"geometry":{"type":"Point","coordinates":[4.903737902641296,52.36548845424946]}},{"type":"Feature","properties":{"mvt_id":49977769311,"name_int":"Ponte Magro","name_de":"Ponte Magro","name":"Ponte Magro","subclass":"restaurant","rank":18,"class":"restaurant","name:latin":"Ponte Magro","name_en":"Ponte Magro"},"geometry":{"type":"Point","coordinates":[4.903496503829956,52.36372612845292]}},{"type":"Feature","properties":{"mvt_id":54941171511,"name_int":"Garage Kerkstraat BV","name_de":"Garage Kerkstraat BV","name":"Garage Kerkstraat BV","subclass":"car_repair","rank":19,"class":"car","name:latin":"Garage Kerkstraat BV","name_en":"Garage Kerkstraat BV"},"geometry":{"type":"Point","coordinates":[4.90039587020874,52.3632937255101]}},{"type":"Feature","properties":{"mvt_id":109115463081,"name_int":"Equans AMS-3961","name_de":"Equans AMS-3961","name":"Equans AMS-3961","subclass":"charging_station","rank":20,"class":"fuel","name:latin":"Equans AMS-3961","name_en":"Equans AMS-3961"},"geometry":{"type":"Point","coordinates":[4.90090012550354,52.36483332275729]}},{"type":"Feature","properties":{"mvt_id":109115463091,"name_int":"Equans AMS-3960","name_de":"Equans AMS-3960","name":"Equans AMS-3960","subclass":"charging_station","rank":21,"class":"fuel","name:latin":"Equans AMS-3960","name_en":"Equans AMS-3960"},"geometry":{"type":"Point","coordinates":[4.900674819946289,52.36528208887755]}},{"type":"Feature","properties":{"mvt_id":109249501411,"name_int":"Equans AMS-3962","name_de":"Equans AMS-3962","name":"Equans AMS-3962","subclass":"charging_station","rank":22,"class":"fuel","name:latin":"Equans AMS-3962","name_en":"Equans AMS-3962"},"geometry":{"type":"Point","coordinates":[4.900830388069153,52.364450066330384]}},{"type":"Feature","properties":{"mvt_id":119903992941,"name_int":"Oscar Circulair","name_de":"Oscar Circulair","name":"Oscar Circulair","subclass":"company","rank":23,"class":"office","name:latin":"Oscar Circulair","name_en":"Oscar Circulair"},"geometry":{"type":"Point","coordinates":[4.905052185058594,52.36346406656851]}},{"type":"Feature","properties":{"mvt_id":2671078372,"name_int":"Houseboat-Amsterdam","name_de":"Houseboat-Amsterdam","name":"Houseboat-Amsterdam","subclass":"hotel","rank":5,"class":"lodging","name:latin":"Houseboat-Amsterdam","name_en":"Houseboat-Amsterdam"},"geometry":{"type":"Point","coordinates":[4.907364249229431,52.37335582451152]}},{"type":"Feature","properties":{"mvt_id":27257938171,"name_int":"The Hendrick's","name_de":"The Hendrick's","name":"The Hendrick's","subclass":"hotel","rank":6,"class":"lodging","name:latin":"The Hendrick's","name_en":"The Hendrick's"},"geometry":{"type":"Point","coordinates":[4.906033873558044,52.37349665142908]}},{"type":"Feature","properties":{"mvt_id":27257939151,"name_int":"Hotel Library","name_de":"Hotel Library","name":"Hotel Library","subclass":"hotel","rank":7,"class":"lodging","name:latin":"Hotel Library","name_en":"Hotel Library"},"geometry":{"type":"Point","coordinates":[4.906436204910278,52.373273948190224]}},{"type":"Feature","properties":{"mvt_id":121156394531,"name_int":"Bitcoin ATM","name_de":"Bitcoin ATM","name":"Bitcoin ATM","subclass":"atm","rank":8,"class":"atm","name:latin":"Bitcoin ATM","name_en":"Bitcoin ATM","indoor":1},"geometry":{"type":"Point","coordinates":[4.9071550369262695,52.37287438956465]}},{"type":"Feature","properties":{"mvt_id":4416749291,"name_int":"ibis Amsterdam Centre Stopera","name_de":"ibis Amsterdam Centre Stopera","name":"ibis Amsterdam Centre Stopera","subclass":"hotel","rank":7,"class":"lodging","name:latin":"ibis Amsterdam Centre Stopera","name_en":"ibis Amsterdam Centre Stopera"},"geometry":{"type":"Point","coordinates":[4.907568097114563,52.37033612535689]}},{"type":"Feature","properties":{"mvt_id":10555738941,"name_int":"R21","name_de":"R21","name":"R21","subclass":"restaurant","rank":8,"class":"restaurant","name:latin":"R21","name_en":"R21"},"geometry":{"type":"Point","coordinates":[4.907718300819397,52.371580711840124]}},{"type":"Feature","properties":{"mvt_id":11393609751,"name_int":"Kazerne Nico","name_de":"Kazerne Nico","name":"Kazerne Nico","subclass":"fire_station","rank":9,"class":"fire_station","name:latin":"Kazerne Nico","name_en":"Kazerne Nico"},"geometry":{"type":"Point","coordinates":[4.909590482711792,52.370280445668364]}},{"type":"Feature","properties":{"mvt_id":17490387911,"name_int":"Gebr. Hartering","name_de":"Gebr. Hartering","name":"Gebr. Hartering","subclass":"restaurant","rank":10,"class":"restaurant","name:latin":"Gebr. Hartering","name_en":"Gebr. Hartering"},"geometry":{"type":"Point","coordinates":[4.907476902008057,52.371642940243724]}},{"type":"Feature","properties":{"mvt_id":27410651401,"name_int":"Ecomama","name_de":"Ecomama","name":"Ecomama","subclass":"hostel","rank":11,"class":"lodging","name:latin":"Ecomama","name_en":"Ecomama","level":0},"geometry":{"type":"Point","coordinates":[4.906736612319946,52.36972364492289]}},{"type":"Feature","properties":{"mvt_id":27410653281,"name_int":"Holiday Inn Express Amsterdam - City Hall","name_de":"Holiday Inn Express Amsterdam - City Hall","name":"Holiday Inn Express Amsterdam - City Hall","subclass":"hotel","rank":12,"class":"lodging","name:latin":"Holiday Inn Express Amsterdam - City Hall","name_en":"Holiday Inn Express Amsterdam - City Hall"},"geometry":{"type":"Point","coordinates":[4.9083781242370605,52.3703394006305]}},{"type":"Feature","properties":{"mvt_id":27410660141,"name_int":"Oxococo","name_de":"Oxococo","name":"Oxococo","subclass":"hairdresser","rank":13,"class":"hairdresser","name:latin":"Oxococo","name_en":"Oxococo","level":0},"geometry":{"type":"Point","coordinates":[4.905663728713989,52.369304402082655]}},{"type":"Feature","properties":{"mvt_id":27410663861,"name_int":"Rode Kruis Amsterdam Amstelland","name_de":"Rode Kruis Amsterdam Amstelland","name":"Rode Kruis Amsterdam Amstelland","subclass":"ngo","rank":14,"class":"office","name:latin":"Rode Kruis Amsterdam Amstelland","name_en":"Rode Kruis Amsterdam Amstelland"},"geometry":{"type":"Point","coordinates":[4.908276200294495,52.37030337260744]}},{"type":"Feature","properties":{"mvt_id":27410667751,"name_int":"De Specialist","name_de":"De Specialist","name":"De Specialist","subclass":"bicycle","rank":15,"class":"bicycle","name:latin":"De Specialist","name_en":"De Specialist"},"geometry":{"type":"Point","coordinates":[4.906210899353027,52.37112545927325]}},{"type":"Feature","properties":{"mvt_id":27410823261,"name_int":"Vereenigde Laboratoria Drs. W.H. Nagel B.V.","name_de":"Vereenigde Laboratoria Drs. W.H. Nagel B.V.","name":"Vereenigde Laboratoria Drs. W.H. Nagel B.V.","subclass":"company","rank":16,"class":"office","name:latin":"Vereenigde Laboratoria Drs. W.H. Nagel B.V.","name_en":"Vereenigde Laboratoria Drs. W.H. Nagel B.V."},"geometry":{"type":"Point","coordinates":[4.9105507135391235,52.37032957480894]}},{"type":"Feature","properties":{"mvt_id":27410836561,"name_int":"Kilimanjaro","name_de":"Kilimanjaro","name":"Kilimanjaro","subclass":"restaurant","rank":17,"class":"restaurant","name:latin":"Kilimanjaro","name_en":"Kilimanjaro"},"geometry":{"type":"Point","coordinates":[4.910813570022583,52.37033285008304]}},{"type":"Feature","properties":{"mvt_id":27410838141,"name_int":"De Druif","name_de":"De Druif","name":"De Druif","subclass":"pub","rank":18,"class":"beer","name:latin":"De Druif","name_en":"De Druif"},"geometry":{"type":"Point","coordinates":[4.910609722137451,52.370054450917934]}},{"type":"Feature","properties":{"mvt_id":48423741321,"name_int":"NUON","name_de":"NUON","name":"NUON","subclass":"charging_station","rank":19,"class":"fuel","name:latin":"NUON","name_en":"NUON"},"geometry":{"type":"Point","coordinates":[4.910432696342468,52.37136127413827]}},{"type":"Feature","properties":{"mvt_id":54140467711,"name_int":"Motel One Waterlooplein","name_de":"Motel One Waterlooplein","name":"Motel One Waterlooplein","subclass":"hotel","rank":20,"class":"lodging","name:latin":"Motel One Waterlooplein","name_en":"Motel One Waterlooplein"},"geometry":{"type":"Point","coordinates":[4.906999468803406,52.36985465749445]}},{"type":"Feature","properties":{"mvt_id":54440312081,"name_int":"Monet Garden Hotel","name_de":"Monet Garden Hotel","name":"Monet Garden Hotel","subclass":"hotel","rank":21,"class":"lodging","name:latin":"Monet Garden Hotel","name_en":"Monet Garden Hotel"},"geometry":{"type":"Point","coordinates":[4.907122850418091,52.37005772621243]}},{"type":"Feature","properties":{"mvt_id":76237894141,"name_int":"Sirene","name_de":"Sirene","name":"Sirene","subclass":"artwork","rank":22,"class":"art_gallery","name:latin":"Sirene","name_en":"Sirene","name:nl":"Sirene","name:en":"Sirene"},"geometry":{"type":"Point","coordinates":[4.909016489982605,52.37011995676169]}},{"type":"Feature","properties":{"mvt_id":120737732691,"name_int":"Meet You","name_de":"Meet You","name":"Meet You","subclass":"restaurant","rank":23,"class":"restaurant","name:latin":"Meet You","name_en":"Meet You"},"geometry":{"type":"Point","coordinates":[4.908775091171265,52.37051626504476]}},{"type":"Feature","properties":{"mvt_id":120737732731,"name_int":"Sushieye2 & Bar","name_de":"Sushieye2 & Bar","name":"Sushieye2 & Bar","subclass":"restaurant","rank":24,"class":"restaurant","name:latin":"Sushieye2 & Bar","name_en":"Sushieye2 & Bar"},"geometry":{"type":"Point","coordinates":[4.908699989318848,52.37047696190279]}},{"type":"Feature","properties":{"mvt_id":123968389651,"name_int":"Vlieg","name_de":"Vlieg","name":"Vlieg","subclass":"estate_agent","rank":25,"class":"office","name:latin":"Vlieg","name_en":"Vlieg"},"geometry":{"type":"Point","coordinates":[4.905663728713989,52.36890808292662]}},{"type":"Feature","properties":{"mvt_id":232902862,"name_int":"Swift","name_de":"Swift","name":"Swift","subclass":"korfball","rank":12,"class":"korfball","name:latin":"Swift","name_en":"Swift"},"geometry":{"type":"Point","coordinates":[4.909654855728149,52.368469179877216]}},{"type":"Feature","properties":{"mvt_id":315270792,"name_int":"Hortus Botanicus","name_de":"Hortus Botanicus","name":"Hortus Botanicus","subclass":"garden","rank":13,"class":"garden","name:latin":"Hortus Botanicus","name_en":"Hortus Botanicus","name:nl":"Hortus Botanicus Amsterdam","name:de":"Hortus Botanicus Amsterdam","name:fr":"jardin botanique d'Amsterdam","name:en":"Hortus Botanicus Amsterdam","name:es":"Hortus Botanicus de \u00c1msterdam","name:uk":"\u0410\u043c\u0441\u0442\u0435\u0440\u0434\u0430\u043c\u0441\u044c\u043a\u0438\u0439 \u0431\u043e\u0442\u0430\u043d\u0456\u0447\u043d\u0438\u0439 \u0441\u0430\u0434","name:id":"Hortus Botanicus, Amsterdam","name:ca":"Hortus Botanicus Amsterdam","name:ko":"\ud638\ub974\ud22c\uc2a4 \ubcf4\ud0c0\ub2c8\ucfe0\uc2a4(\uc2dd\ubb3c\uc6d0)","name:it":"Orto botanico di Amsterdam","name:zh":"\u963f\u59c6\u65af\u7279\u4e39\u690d\u7269\u5712","name:ja":"\u30a2\u30e0\u30b9\u30c6\u30eb\u30c0\u30e0\u690d\u7269\u5712","name:pl":"Hortus Botanicus Amsterdam","name:da":"Hortus Botanicus Amsterdam","name:he":"\u05d4\u05d5\u05e8\u05d8\u05d5\u05e1 \u05d1\u05d5\u05d8\u05e0\u05d9\u05e7\u05d5\u05e1","name:ru":"\u0411\u043e\u0442\u0430\u043d\u0438\u0447\u0435\u0441\u043a\u0438\u0439 \u0441\u0430\u0434","name:pt":"Hortus Botanicus Amsterdam"},"geometry":{"type":"Point","coordinates":[4.907777309417725,52.366805239160804]}},{"type":"Feature","properties":{"mvt_id":317630662,"name_int":"Halfrond","name_de":"Halfrond","name":"Halfrond","subclass":"garden","rank":14,"class":"garden","name:latin":"Halfrond","name_en":"Halfrond"},"geometry":{"type":"Point","coordinates":[4.90838348865509,52.366936260388094]}},{"type":"Feature","properties":{"mvt_id":463603331,"name_int":"Afscheid","name_de":"Afscheid","name":"Afscheid","subclass":"artwork","rank":15,"class":"art_gallery","name:latin":"Afscheid","name_en":"Afscheid"},"geometry":{"type":"Point","coordinates":[4.90889310836792,52.366055135154056]}},{"type":"Feature","properties":{"mvt_id":2529702992,"name_int":"Snippendaaltuin","name_de":"Snippendaalgarten","name":"Snippendaaltuin","subclass":"garden","rank":16,"class":"garden","name:latin":"Snippendaaltuin","name_en":"Snippendaaltuin","name:nl":"Snippendaaltuin","name:de":"Snippendaalgarten","name:en":"Snippendaaltuin"},"geometry":{"type":"Point","coordinates":[4.908077716827393,52.36681506576633]}},{"type":"Feature","properties":{"mvt_id":2867596962,"name_int":"Swift/PST","name_de":"Swift/PST","name":"Swift/PST","subclass":"korfball;tennis","rank":17,"class":"pitch","name:latin":"Swift/PST","name_en":"Swift/PST"},"geometry":{"type":"Point","coordinates":[4.909654855728149,52.36853141266447]}},{"type":"Feature","properties":{"mvt_id":4391707321,"name_int":"Hotel Rembrandt","name_de":"Hotel Rembrandt","name":"Hotel Rembrandt","subclass":"hotel","rank":18,"class":"lodging","name:latin":"Hotel Rembrandt","name_en":"Hotel Rembrandt"},"geometry":{"type":"Point","coordinates":[4.910330772399902,52.367103311889316]}},{"type":"Feature","properties":{"mvt_id":4400859271,"name_int":"Auschwitz Memorial","name_de":"Auschwitzmonument","name":"Auschwitzmonument","subclass":"artwork","rank":19,"class":"art_gallery","name:latin":"Auschwitzmonument","name_en":"Auschwitz Memorial","name:nl":"Auschwitzmonument","name:en":"Auschwitz Memorial"},"geometry":{"type":"Point","coordinates":[4.9092042446136475,52.3679418353713]}},{"type":"Feature","properties":{"mvt_id":12997242301,"name_int":"Coffee Company","name_de":"Coffee Company","name":"Coffee Company","subclass":"cafe","rank":20,"class":"cafe","name:latin":"Coffee Company","name_en":"Coffee Company"},"geometry":{"type":"Point","coordinates":[4.910802841186523,52.365662062466555]}},{"type":"Feature","properties":{"mvt_id":18437759171,"name_int":"The world remained deaf","name_de":"De Wereld bleef doof","name":"De Wereld bleef doof","subclass":"artwork","rank":21,"class":"art_gallery","name:latin":"De Wereld bleef doof","name_en":"The world remained deaf","name:en":"The world remained deaf"},"geometry":{"type":"Point","coordinates":[4.906194806098938,52.36637286635369]}},{"type":"Feature","properties":{"mvt_id":27085396851,"name_int":"Cafe Smit & Voogt","name_de":"Cafe Smit & Voogt","name":"Cafe Smit & Voogt","subclass":"pub","rank":22,"class":"beer","name:latin":"Cafe Smit & Voogt","name_en":"Cafe Smit & Voogt"},"geometry":{"type":"Point","coordinates":[4.909542202949524,52.367352250209244]}},{"type":"Feature","properties":{"mvt_id":27410663211,"name_int":"Olijfje","name_de":"Olijfje","name":"Olijfje","subclass":"restaurant","rank":23,"class":"restaurant","name:latin":"Olijfje","name_en":"Olijfje"},"geometry":{"type":"Point","coordinates":[4.905524253845215,52.36883602451623]}},{"type":"Feature","properties":{"mvt_id":27410821911,"name_int":"Levi9","name_de":"Levi9","name":"Levi9","subclass":"it","rank":24,"class":"office","name:latin":"Levi9","name_en":"Levi9"},"geometry":{"type":"Point","coordinates":[4.905872941017151,52.3680204461317]}},{"type":"Feature","properties":{"mvt_id":27428835021,"name_int":"The Elephant Hostel","name_de":"The Elephant Hostel","name":"The Elephant Hostel","subclass":"hostel","rank":25,"class":"lodging","name:latin":"The Elephant Hostel","name_en":"The Elephant Hostel"},"geometry":{"type":"Point","coordinates":[4.91037905216217,52.36709020983361]}},{"type":"Feature","properties":{"mvt_id":27428862801,"name_int":"Budget Hotel Hortus","name_de":"Budget Hotel Hortus","name":"Budget Hotel Hortus","subclass":"hotel","rank":26,"class":"lodging","name:latin":"Budget Hotel Hortus","name_en":"Budget Hotel Hortus"},"geometry":{"type":"Point","coordinates":[4.909118413925171,52.36675938163945]}},{"type":"Feature","properties":{"mvt_id":28418557011,"name_int":"Artsen Zonder Grenzen","name_de":"Artsen Zonder Grenzen","name":"Artsen Zonder Grenzen","subclass":"ngo","rank":27,"class":"office","name:latin":"Artsen Zonder Grenzen","name_en":"Artsen Zonder Grenzen","name:nl":"Artsen Zonder Grenzen","name:fr":"Medecins Sans Frontieres"},"geometry":{"type":"Point","coordinates":[4.910330772399902,52.36672990177915]}},{"type":"Feature","properties":{"mvt_id":82720725281,"name_int":"Sfinx","name_de":"Sfinx","name":"Sfinx","subclass":"artwork","rank":28,"class":"art_gallery","name:latin":"Sfinx","name_en":"Sfinx"},"geometry":{"type":"Point","coordinates":[4.909225702285767,52.367532402065834]}},{"type":"Feature","properties":{"mvt_id":82720725291,"name_int":"Sfinx","name_de":"Sfinx","name":"Sfinx","subclass":"artwork","rank":29,"class":"art_gallery","name:latin":"Sfinx","name_en":"Sfinx"},"geometry":{"type":"Point","coordinates":[4.9091774225234985,52.36751602465469]}},{"type":"Feature","properties":{"mvt_id":98744404991,"name_int":"Hortus Caf\u00e9","name_de":"Hortus Caf\u00e9","name":"Hortus Caf\u00e9","subclass":"cafe","rank":30,"class":"cafe","name:latin":"Hortus Caf\u00e9","name_en":"Hortus Caf\u00e9"},"geometry":{"type":"Point","coordinates":[4.907342791557312,52.36700504637687]}},{"type":"Feature","properties":{"mvt_id":119834011871,"name_int":"Vink Veldman & Swier","name_de":"Vink Veldman & Swier","name":"Vink Veldman & Swier","subclass":"lawyer","rank":31,"class":"office","name:latin":"Vink Veldman & Swier","name_en":"Vink Veldman & Swier"},"geometry":{"type":"Point","coordinates":[4.910041093826294,52.36686092322988]}},{"type":"Feature","properties":{"mvt_id":2531304811,"name_int":"Kriterion","name_de":"Kriterion","name":"Kriterion","subclass":"cinema","rank":8,"class":"cinema","name:latin":"Kriterion","name_en":"Kriterion","name:nl":"Filmtheater Kriterion","name:de":"Filmtheater Kriterion","name:fr":"Filmtheater Kriterion","name:en":"Filmtheater Kriterion","name:es":"Filmtheater Kriterion"},"geometry":{"type":"Point","coordinates":[4.910663366317749,52.362494424080616]}},{"type":"Feature","properties":{"mvt_id":2674251871,"name_int":"N\u014dbo","name_de":"N\u014dbo","name":"N\u014dbo","subclass":"cafe","rank":9,"class":"cafe","name:latin":"N\u014dbo","name_en":"N\u014dbo"},"geometry":{"type":"Point","coordinates":[4.905754923820496,52.36413232130184]}},{"type":"Feature","properties":{"mvt_id":6797228731,"name_int":"The Breakfast Club","name_de":"The Breakfast Club","name":"The Breakfast Club","subclass":"restaurant","rank":10,"class":"restaurant","name:latin":"The Breakfast Club","name_en":"The Breakfast Club"},"geometry":{"type":"Point","coordinates":[4.910566806793213,52.36369664656851]}},{"type":"Feature","properties":{"mvt_id":6797498621,"name_int":"Jen's Bing","name_de":"Jen's Bing","name":"Jen's Bing","subclass":"restaurant","rank":11,"class":"restaurant","name:latin":"Jen's Bing","name_en":"Jen's Bing"},"geometry":{"type":"Point","coordinates":[4.91064190864563,52.36389974359531]}},{"type":"Feature","properties":{"mvt_id":6797498631,"name_int":"Aguada","name_de":"Aguada","name":"Aguada","subclass":"restaurant","rank":12,"class":"restaurant","name:latin":"Aguada","name_en":"Aguada"},"geometry":{"type":"Point","coordinates":[4.910598993301392,52.36375888607916]}},{"type":"Feature","properties":{"mvt_id":27428029141,"name_int":"DataLab Amsterdam","name_de":"DataLab Amsterdam","name":"DataLab Amsterdam","subclass":"government","rank":13,"class":"office","name:latin":"DataLab Amsterdam","name_en":"DataLab Amsterdam"},"geometry":{"type":"Point","coordinates":[4.907203316688538,52.363067695014855]}},{"type":"Feature","properties":{"mvt_id":27428040531,"name_int":"Iyengar Yoga Centrum Amsterdam","name_de":"Iyengar Yoga Centrum Amsterdam","name":"Iyengar Yoga Centrum Amsterdam","subclass":"yoga","rank":14,"class":"yoga","name:latin":"Iyengar Yoga Centrum Amsterdam","name_en":"Iyengar Yoga Centrum Amsterdam"},"geometry":{"type":"Point","coordinates":[4.910073280334473,52.36273356086028]}},{"type":"Feature","properties":{"mvt_id":27428058621,"name_int":"Cantina Caliente","name_de":"Cantina Caliente","name":"Cantina Caliente","subclass":"restaurant","rank":15,"class":"restaurant","name:latin":"Cantina Caliente","name_en":"Cantina Caliente"},"geometry":{"type":"Point","coordinates":[4.910840392112732,52.362353562084124]}},{"type":"Feature","properties":{"mvt_id":27428072421,"name_int":"Bagels & Beans","name_de":"Bagels & Beans","name":"Bagels & Beans","subclass":"cafe","rank":16,"class":"cafe","name:latin":"Bagels & Beans","name_en":"Bagels & Beans"},"geometry":{"type":"Point","coordinates":[4.910658001899719,52.36401439473041]}},{"type":"Feature","properties":{"mvt_id":27428087121,"name_int":"Addikt","name_de":"Addikt","name":"Addikt","subclass":"company","rank":17,"class":"office","name:latin":"Addikt","name_en":"Addikt"},"geometry":{"type":"Point","coordinates":[4.905926585197449,52.36396198281985]}},{"type":"Feature","properties":{"mvt_id":27428099821,"name_int":"Projectmanagementbureau","name_de":"Projectmanagementbureau","name":"Projectmanagementbureau","subclass":"government","rank":18,"class":"office","name:latin":"Projectmanagementbureau","name_en":"Projectmanagementbureau"},"geometry":{"type":"Point","coordinates":[4.906672239303589,52.36281873255142]}},{"type":"Feature","properties":{"mvt_id":44571503271,"name_int":"Luther Museum Amsterdam","name_de":"Luther Museum Amsterdam","name":"Luther Museum Amsterdam","subclass":"museum","rank":19,"class":"museum","name:latin":"Luther Museum Amsterdam","name_en":"Luther Museum Amsterdam"},"geometry":{"type":"Point","coordinates":[4.908850193023682,52.36552448619968]}},{"type":"Feature","properties":{"mvt_id":47218877041,"name_int":"NUON","name_de":"NUON","name":"NUON","subclass":"charging_station","rank":20,"class":"fuel","name:latin":"NUON","name_en":"NUON"},"geometry":{"type":"Point","coordinates":[4.910754561424255,52.36484970116299]}},{"type":"Feature","properties":{"mvt_id":54845571531,"name_int":"Skonk","name_de":"Skonk","name":"Skonk","subclass":"company","rank":21,"class":"office","name:latin":"Skonk","name_en":"Skonk"},"geometry":{"type":"Point","coordinates":[4.910824298858643,52.36240597590272]}},{"type":"Feature","properties":{"mvt_id":54845771321,"name_int":"Alive Cosmetica","name_de":"Alive Cosmetica","name":"Alive Cosmetica","subclass":"company","rank":22,"class":"office","name:latin":"Alive Cosmetica","name_en":"Alive Cosmetica"},"geometry":{"type":"Point","coordinates":[4.907970428466797,52.36276631922246]}},{"type":"Feature","properties":{"mvt_id":54845948081,"name_int":"Tandartspraktijk Plantage Weesperbuurt","name_de":"Tandartspraktijk Plantage Weesperbuurt","name":"Tandartspraktijk Plantage Weesperbuurt","subclass":"dentist","rank":23,"class":"dentist","name:latin":"Tandartspraktijk Plantage Weesperbuurt","name_en":"Tandartspraktijk Plantage Weesperbuurt"},"geometry":{"type":"Point","coordinates":[4.910116195678711,52.36393905258943]}},{"type":"Feature","properties":{"mvt_id":68159491851,"name_int":"Zoku","name_de":"Zoku","name":"Zoku","subclass":"hotel","rank":24,"class":"lodging","name:latin":"Zoku","name_en":"Zoku"},"geometry":{"type":"Point","coordinates":[4.906763434410095,52.363942328337366]}},{"type":"Feature","properties":{"mvt_id":73955436741,"name_int":"Fete galante","name_de":"Fete galante","name":"Fete galante","subclass":"artwork","rank":25,"class":"art_gallery","name:latin":"Fete galante","name_en":"Fete galante","name:nl":"F\u00eate galante","name:en":"F\u00eate galante"},"geometry":{"type":"Point","coordinates":[4.905851483345032,52.36431576200951]}},{"type":"Feature","properties":{"mvt_id":85692890321,"name_int":"Nationaal Comit\u00e9 4 en 5 mei","name_de":"Nationaal Comit\u00e9 4 en 5 mei","name":"Nationaal Comit\u00e9 4 en 5 mei","subclass":"foundation","rank":26,"class":"office","name:latin":"Nationaal Comit\u00e9 4 en 5 mei","name_en":"Nationaal Comit\u00e9 4 en 5 mei"},"geometry":{"type":"Point","coordinates":[4.90815281867981,52.36415525143194]}},{"type":"Feature","properties":{"mvt_id":106476018051,"name_int":"Petit Lou","name_de":"Petit Lou","name":"Petit Lou","subclass":"cafe","rank":27,"class":"cafe","name:latin":"Petit Lou","name_en":"Petit Lou"},"geometry":{"type":"Point","coordinates":[4.906715154647827,52.36402422195672]}},{"type":"Feature","properties":{"mvt_id":127329456771,"name_int":"Wework","name_de":"Wework","name":"Wework","subclass":"coworking","rank":28,"class":"office","name:latin":"Wework","name_en":"Wework"},"geometry":{"type":"Point","coordinates":[4.906114339828491,52.36501020921757]}},{"type":"Feature","properties":{"mvt_id":138144863411,"name_int":"Nederlands Letterenfonds","name_de":"Nederlands Letterenfonds","name":"Nederlands Letterenfonds","subclass":"foundation","rank":29,"class":"office","name:latin":"Nederlands Letterenfonds","name_en":"Nederlands Letterenfonds","name:nl":"Nederlands Letterenfonds","name:de":"Niederl\u00e4ndische Stiftung f\u00fcr Literatur","name:fr":"Fondation n\u00e9erlandaise pour la litt\u00e9rature","name:en":"Dutch Foundation for Literature","name:ca":"Dutch Foundation for Literature","name:fa":"\u0628\u0646\u06cc\u0627\u062f \u0627\u062f\u0628\u06cc\u0627\u062a \u0647\u0644\u0646\u062f","name:ro":"Nederlands Letterenfonds"},"geometry":{"type":"Point","coordinates":[4.908045530319214,52.364070082317255]}},{"type":"Feature","properties":{"mvt_id":1129516562,"name_int":"Museumhaven","name_de":"Museumhaven","name":"Museumhaven","subclass":"museum","rank":4,"class":"museum","name:latin":"Museumhaven","name_en":"Museumhaven"},"geometry":{"type":"Point","coordinates":[4.912852048873901,52.37302176816696]}},{"type":"Feature","properties":{"mvt_id":8726905872,"name_int":"Buitenzwembad Marineterrein","name_de":"Buitenzwembad Marineterrein","name":"Buitenzwembad Marineterrein","subclass":"swimming_area","rank":5,"class":"swimming","name:latin":"Buitenzwembad Marineterrein","name_en":"Buitenzwembad Marineterrein"},"geometry":{"type":"Point","coordinates":[4.914799332618713,52.37302504324143]}},{"type":"Feature","properties":{"mvt_id":9682588022,"name_int":"Facade 027E","name_de":"Facade 027E","name":"Facade 027E","subclass":"artwork","rank":6,"class":"art_gallery","name:latin":"Facade 027E","name_en":"Facade 027E","name:nl":"Facade 027E","name:en":"Facade 027E"},"geometry":{"type":"Point","coordinates":[4.914418458938599,52.373991179605774]}},{"type":"Feature","properties":{"mvt_id":27410831611,"name_int":"Nemo","name_de":"Nemo","name":"Nemo","subclass":"museum","rank":7,"class":"museum","name:latin":"Nemo","name_en":"Nemo","name:nl":"Nemo","name:de":"NEMO","name:fr":"NEMO","name:en":"NEMO Science Center","name:es":"Nemo","name:sk":"NEMO Museum of Science and Technology","name:uk":"\u041d\u0435\u043c\u043e","name:id":"NEMO Science Museum","name:ca":"NEMO","name:ko":"\uacfc\ud559\uae30\uc220 \ubc15\ubb3c\uad00(\ub2c8\ubaa8)","name:it":"NEMO","name:cs":"NEMO","name:zh":"NEMO\u535a\u7269\u9928","name:ar":"\u0646\u064a\u0645\u0648","name:ja":"NEMO\u79d1\u5b66\u30df\u30e5\u30fc\u30b8\u30a2\u30e0","name:pl":"Muzeum Nauki Nemo w Amsterdamie","name:da":"NEMO (museum)","name:he":"\u05e0\u05de\u05d5","name:tr":"NEMO","name:ru":"\u041c\u0443\u0437\u0435\u0439 NEMO","name:pt":"NEMO","level":0,"name:hy":"NEMO \u0569\u0561\u0576\u0563\u0561\u0580\u0561\u0576","name:kk":"NEMO","name:bg":"NEMO"},"geometry":{"type":"Point","coordinates":[4.912111759185791,52.37385362927809]}},{"type":"Feature","properties":{"mvt_id":40974334661,"name_int":"IJsfontein","name_de":"IJsfontein","name":"IJsfontein","subclass":"company","rank":8,"class":"office","name:latin":"IJsfontein","name_en":"IJsfontein"},"geometry":{"type":"Point","coordinates":[4.913785457611084,52.37492127057947]}},{"type":"Feature","properties":{"mvt_id":44700325781,"name_int":"Scheepskameel","name_de":"Scheepskameel","name":"Scheepskameel","subclass":"restaurant","rank":9,"class":"restaurant","name:latin":"Scheepskameel","name_en":"Scheepskameel"},"geometry":{"type":"Point","coordinates":[4.914273619651794,52.37550093004595]}},{"type":"Feature","properties":{"mvt_id":45855989511,"name_int":"Makerversity","name_de":"Makerversity","name":"Makerversity","subclass":"coworking","rank":10,"class":"office","name:latin":"Makerversity","name_en":"Makerversity"},"geometry":{"type":"Point","coordinates":[4.91439163684845,52.3740665046037]}},{"type":"Feature","properties":{"mvt_id":59096857091,"name_int":"DAK restaurant Nemo","name_de":"DAK restaurant Nemo","name":"DAK restaurant Nemo","subclass":"restaurant","rank":11,"class":"restaurant","name:latin":"DAK restaurant Nemo","name_en":"DAK restaurant Nemo"},"geometry":{"type":"Point","coordinates":[4.912369251251221,52.37426627897599]}},{"type":"Feature","properties":{"mvt_id":70884458441,"name_int":"Amsterdam Inst. for Adv. Metropolitan Studies","name_de":"Amsterdam Inst. for Adv. Metropolitan Studies","name":"Amsterdam Inst. for Adv. Metropolitan Studies","subclass":"company","rank":12,"class":"office","name:latin":"Amsterdam Inst. for Adv. Metropolitan Studies","name_en":"Amsterdam Inst. for Adv. Metropolitan Studies"},"geometry":{"type":"Point","coordinates":[4.9147456884384155,52.37370952847532]}},{"type":"Feature","properties":{"mvt_id":78799705291,"name_int":"Kanteen25","name_de":"Kanteen25","name":"Kanteen25","subclass":"restaurant","rank":13,"class":"restaurant","name:latin":"Kanteen25","name_en":"Kanteen25"},"geometry":{"type":"Point","coordinates":[4.914257526397705,52.374430027787554]}},{"type":"Feature","properties":{"mvt_id":111719942631,"name_int":"Bar of NEMO Science Center","name_de":"Bar of NEMO Science Center","name":"Bar of NEMO Science Center","subclass":"cafe","rank":14,"class":"cafe","name:latin":"Bar of NEMO Science Center","name_en":"Bar of NEMO Science Center"},"geometry":{"type":"Point","coordinates":[4.912320971488953,52.37411562953313]}},{"type":"Feature","properties":{"mvt_id":125639136101,"name_int":"Kometen Brood Loket","name_de":"Kometen Brood Loket","name":"Kometen Brood Loket","subclass":"bakery","rank":15,"class":"bakery","name:latin":"Kometen Brood Loket","name_en":"Kometen Brood Loket"},"geometry":{"type":"Point","coordinates":[4.913667440414429,52.375147240428895]}},{"type":"Feature","properties":{"mvt_id":129657815191,"name_int":"Buurtboerderij Centraal","name_de":"Buurtboerderij Centraal","name":"Buurtboerderij Centraal","subclass":"restaurant","rank":16,"class":"restaurant","name:latin":"Buurtboerderij Centraal","name_en":"Buurtboerderij Centraal"},"geometry":{"type":"Point","coordinates":[4.914590120315552,52.37413527948959]}},{"type":"Feature","properties":{"mvt_id":135870235741,"name_int":"Gemeente Amsterdam afdeling Innovatie","name_de":"Gemeente Amsterdam afdeling Innovatie","name":"Gemeente Amsterdam afdeling Innovatie","subclass":"government","rank":17,"class":"office","name:latin":"Gemeente Amsterdam afdeling Innovatie","name_en":"Gemeente Amsterdam afdeling Innovatie"},"geometry":{"type":"Point","coordinates":[4.915528893470764,52.373673503201154]}},{"type":"Feature","properties":{"mvt_id":2521113301,"name_int":"Caf\u00e9 Scharrebier","name_de":"Caf\u00e9 Scharrebier","name":"Caf\u00e9 Scharrebier","subclass":"pub","rank":7,"class":"beer","name:latin":"Caf\u00e9 Scharrebier","name_en":"Caf\u00e9 Scharrebier"},"geometry":{"type":"Point","coordinates":[4.911108613014221,52.37044093399194]}},{"type":"Feature","properties":{"mvt_id":2521439181,"name_int":"de Kluis","name_de":"de Kluis","name":"de Kluis","subclass":"restaurant","rank":8,"class":"restaurant","name:latin":"de Kluis","name_en":"de Kluis"},"geometry":{"type":"Point","coordinates":[4.911704063415527,52.37113528491776]}},{"type":"Feature","properties":{"mvt_id":5391281351,"name_int":"Eenvistweevis","name_de":"Eenvistweevis","name":"Eenvistweevis","subclass":"restaurant","rank":9,"class":"restaurant","name:latin":"Eenvistweevis","name_en":"Eenvistweevis"},"geometry":{"type":"Point","coordinates":[4.911709427833557,52.37081758797135]}},{"type":"Feature","properties":{"mvt_id":12874926832,"name_int":"The National Maritime Museum","name_de":"Das Schifffahrtmuseum","name":"Het Scheepvaartmuseum","subclass":"museum","rank":10,"class":"museum","name:latin":"Het Scheepvaartmuseum","name_en":"The National Maritime Museum","name:nl":"Het Scheepvaartmuseum","name:de":"Das Schifffahrtmuseum","name:fr":"Nederlands Scheepvaartmuseum","name:en":"The National Maritime Museum","name:es":"Museo Mar\u00edtimo","name:uk":"\u041c\u0443\u0437\u0435\u0439 \u0441\u0443\u0434\u043d\u043e\u043f\u043b\u0430\u0432\u0441\u0442\u0432\u0430","name:id":"Het Scheepvaartmuseum","name:sl":"Nizozemski pomorski muzej","name:ca":"Scheepvaartmuseum","name:sv":"Scheepvaartmuseum","name:it":"Nederlands Scheepvaartmuseum","name:eo":"Nederlanda \u015cipvoja\u011dmuzeo","name:cs":"N\u00e1mo\u0159n\u00ed muzeum","name:zh":"\u570b\u7acb\u8377\u862d\u6d77\u6d0b\u535a\u7269\u9928","name:ar":"\u0645\u062a\u062d\u0641 \u0627\u0644\u0628\u062d\u0631\u064a\u0629 \u0627\u0644\u0647\u0648\u0644\u0646\u062f\u064a","name:ja":"\u30aa\u30e9\u30f3\u30c0\u6d77\u6d0b\u535a\u7269\u9928","name:fa":"\u0645\u0648\u0632\u0647 \u0645\u0644\u06cc \u062f\u0631\u06cc\u0627\u0646\u0648\u0631\u062f\u06cc \u0647\u0644\u0646\u062f","name:pl":"Scheepvaartmuseum","name:he":"\u05d4\u05de\u05d5\u05d6\u05d9\u05d0\u05d5\u05df \u05d4\u05d9\u05de\u05d9 \u05e9\u05dc \u05d4\u05d5\u05dc\u05e0\u05d3","name:be":"\u041c\u0443\u0437\u0435\u0439 \u0441\u0443\u0434\u043d\u0430\u0445\u043e\u0434\u0441\u0442\u0432\u0430","name:ru":"\u041c\u0443\u0437\u0435\u0439 \u0441\u0443\u0434\u043e\u0445\u043e\u0434\u0441\u0442\u0432\u0430 (\u0410\u043c\u0441\u0442\u0435\u0440\u0434\u0430\u043c)","name:pt":"Nederlands Historisch Scheepvaartsmuseum","level":0},"geometry":{"type":"Point","coordinates":[4.914954900741577,52.37200648337572]}},{"type":"Feature","properties":{"mvt_id":18949940171,"name_int":"Entrepotdok","name_de":"Entrepotdok","name":"Entrepotdok","subclass":"guidepost","rank":11,"class":"information","name:latin":"Entrepotdok","name_en":"Entrepotdok","name:nl":"Entrepotdok","name:de":"Entrepotdok","name:fr":"Entrepotdok","name:en":"Entrepotdok","name:sl":"Entrepotdok","name:it":"Entrepotdok","name:ga":"Entrepotdok"},"geometry":{"type":"Point","coordinates":[4.9113768339157104,52.37038197916533]}},{"type":"Feature","properties":{"mvt_id":27085428991,"name_int":"Cafe Kadijk","name_de":"Cafe Kadijk","name":"Cafe Kadijk","subclass":"restaurant","rank":12,"class":"restaurant","name:latin":"Cafe Kadijk","name_en":"Cafe Kadijk"},"geometry":{"type":"Point","coordinates":[4.912106394767761,52.370113406181694]}},{"type":"Feature","properties":{"mvt_id":27410836681,"name_int":"Arcam","name_de":"Arcam","name":"Arcam","subclass":"museum","rank":13,"class":"museum","name:latin":"Arcam","name_en":"Arcam","name:nl":"ARCAM","name:de":"ARCAM","name:fr":"ARCAM","name:en":"ARCAM","name:es":"ARCAM","name:ca":"ARCAM","name:sv":"ARCAM","name:it":"ARCAM","name:eo":"ARCAM","name:cs":"ARCAM","name:zh":"ARCAM","name:fa":"ARCAM","name:pl":"ARCAM","name:da":"ARCAM","name:fi":"ARCAM","name:hu":"ARCAM","name:ro":"ARCAM","name:hr":"ARCAM","name:is":"ARCAM"},"geometry":{"type":"Point","coordinates":[4.912476539611816,52.37150865778958]}},{"type":"Feature","properties":{"mvt_id":27434827711,"name_int":"Bar Guzzo","name_de":"Bar Guzzo","name":"Bar Guzzo","subclass":"pub","rank":14,"class":"beer","name:latin":"Bar Guzzo","name_en":"Bar Guzzo"},"geometry":{"type":"Point","coordinates":[4.916355013847351,52.37088636791644]}},{"type":"Feature","properties":{"mvt_id":27435367551,"name_int":"Fixjefiets!","name_de":"Fixjefiets!","name":"Fixjefiets!","subclass":"bicycle","rank":15,"class":"bicycle","name:latin":"Fixjefiets!","name_en":"Fixjefiets!"},"geometry":{"type":"Point","coordinates":[4.913554787635803,52.37005772621243]}},{"type":"Feature","properties":{"mvt_id":27435399661,"name_int":"Huisartspraktijk van Urk","name_de":"Huisartspraktijk van Urk","name":"Huisartspraktijk van Urk","subclass":"doctors","rank":16,"class":"doctors","name:latin":"Huisartspraktijk van Urk","name_en":"Huisartspraktijk van Urk"},"geometry":{"type":"Point","coordinates":[4.91463303565979,52.36897686584507]}},{"type":"Feature","properties":{"mvt_id":27435446981,"name_int":"Sotto","name_de":"Sotto Pizzeria","name":"Sotto Pizzeria","subclass":"restaurant","rank":17,"class":"restaurant","name:latin":"Sotto Pizzeria","name_en":"Sotto","name:nl":"Sotto","name:en":"Sotto"},"geometry":{"type":"Point","coordinates":[4.911918640136719,52.37003152384966]}},{"type":"Feature","properties":{"mvt_id":27435460391,"name_int":"Oracle","name_de":"Oracle","name":"Oracle","subclass":"company","rank":18,"class":"office","name:latin":"Oracle","name_en":"Oracle"},"geometry":{"type":"Point","coordinates":[4.914177060127258,52.37036560281063]}},{"type":"Feature","properties":{"mvt_id":27435469841,"name_int":"De Bakker van Oost","name_de":"De Bakker van Oost","name":"De Bakker van Oost","subclass":"bakery","rank":19,"class":"bakery","name:latin":"De Bakker van Oost","name_en":"De Bakker van Oost"},"geometry":{"type":"Point","coordinates":[4.912160038948059,52.37014615907201]}},{"type":"Feature","properties":{"mvt_id":38082111301,"name_int":"Glimworm IT","name_de":"Glimworm IT","name":"Glimworm IT","subclass":"company","rank":20,"class":"office","name:latin":"Glimworm IT","name_en":"Glimworm IT"},"geometry":{"type":"Point","coordinates":[4.916049242019653,52.37175102094688]}},{"type":"Feature","properties":{"mvt_id":44892850941,"name_int":"cafe Orloff","name_de":"cafe Orloff","name":"cafe Orloff","subclass":"cafe","rank":21,"class":"cafe","name:latin":"cafe Orloff","name_en":"cafe Orloff"},"geometry":{"type":"Point","coordinates":[4.912326335906982,52.370280445668364]}},{"type":"Feature","properties":{"mvt_id":45722927891,"name_int":"The sailing man","name_de":"The sailing man","name":"The sailing man","subclass":"artwork","rank":22,"class":"art_gallery","name:latin":"The sailing man","name_en":"The sailing man","name:nl":"The sailing man","name:en":"The sailing man"},"geometry":{"type":"Point","coordinates":[4.915722012519836,52.3711123584105]}},{"type":"Feature","properties":{"mvt_id":47186130051,"name_int":"NUON","name_de":"NUON","name":"NUON","subclass":"charging_station","rank":23,"class":"fuel","name:latin":"NUON","name_en":"NUON"},"geometry":{"type":"Point","coordinates":[4.91288423538208,52.370755358404935]}},{"type":"Feature","properties":{"mvt_id":47186130061,"name_int":"NUON","name_de":"NUON","name":"NUON","subclass":"charging_station","rank":24,"class":"fuel","name:latin":"NUON","name_en":"NUON"},"geometry":{"type":"Point","coordinates":[4.91239607334137,52.369612283931545]}},{"type":"Feature","properties":{"mvt_id":52116791211,"name_int":"Restaurant Stalpaert","name_de":"Restaurant Stalpaert","name":"Restaurant Stalpaert","subclass":"restaurant","rank":25,"class":"restaurant","name:latin":"Restaurant Stalpaert","name_en":"Restaurant Stalpaert"},"geometry":{"type":"Point","coordinates":[4.914541840553284,52.37145625476991]}},{"type":"Feature","properties":{"mvt_id":61744614871,"name_int":"Bakers and Roasters","name_de":"Bakers and Roasters","name":"Bakers and Roasters","subclass":"cafe","rank":26,"class":"cafe","name:latin":"Bakers and Roasters","name_en":"Bakers and Roasters","name:en":"Bakers and Roasters"},"geometry":{"type":"Point","coordinates":[4.912616014480591,52.3702018389298]}},{"type":"Feature","properties":{"mvt_id":68958832851,"name_int":"Zeeman","name_de":"Zeeman","name":"Zeeman","subclass":"artwork","rank":27,"class":"art_gallery","name:latin":"Zeeman","name_en":"Zeeman"},"geometry":{"type":"Point","coordinates":[4.912712574005127,52.370522815565025]}},{"type":"Feature","properties":{"mvt_id":75999131371,"name_int":"Timpaan oude poort","name_de":"Timpaan oude poort","name":"Timpaan oude poort","subclass":"gate","rank":28,"class":"gate","name:latin":"Timpaan oude poort","name_en":"Timpaan oude poort","name:nl":"Timpaan oude poort","name:en":"Marineterrein old gate"},"geometry":{"type":"Point","coordinates":[4.916355013847351,52.37185910138556]}},{"type":"Feature","properties":{"mvt_id":77750806311,"name_int":"A Tavola","name_de":"A Tavola","name":"A Tavola","subclass":"restaurant","rank":29,"class":"restaurant","name:latin":"A Tavola","name_en":"A Tavola"},"geometry":{"type":"Point","coordinates":[4.912272691726685,52.37022804119153]}},{"type":"Feature","properties":{"mvt_id":77751169961,"name_int":"Verena","name_de":"Verena","name":"Verena","subclass":"restaurant","rank":30,"class":"restaurant","name:latin":"Verena","name_en":"Verena","level":0},"geometry":{"type":"Point","coordinates":[4.911012053489685,52.3704081813202]}},{"type":"Feature","properties":{"mvt_id":91767897171,"name_int":"Restaurant Entrepot","name_de":"Restaurant Entrepot","name":"Restaurant Entrepot","subclass":"restaurant","rank":31,"class":"restaurant","name:latin":"Restaurant Entrepot","name_en":"Restaurant Entrepot"},"geometry":{"type":"Point","coordinates":[4.911966919898987,52.369631935891604]}},{"type":"Feature","properties":{"mvt_id":130395451631,"name_int":"FMO Solutions","name_de":"FMO Solutions","name":"FMO Solutions","subclass":"it","rank":32,"class":"office","name:latin":"FMO Solutions","name_en":"FMO Solutions"},"geometry":{"type":"Point","coordinates":[4.915909767150879,52.37171171890361]}},{"type":"Feature","properties":{"mvt_id":43667242,"name_int":"P. Artis","name_de":"P. Artis","name":"P. Artis","subclass":"parking","rank":28,"class":"parking","name:latin":"P. Artis","name_en":"P. Artis"},"geometry":{"type":"Point","coordinates":[4.915518164634705,52.36754222850961]}},{"type":"Feature","properties":{"mvt_id":265258972,"name_int":"Hollandse Tuin","name_de":"Hollandse Tuin","name":"Hollandse Tuin","subclass":"garden","rank":29,"class":"garden","name:latin":"Hollandse Tuin","name_en":"Hollandse Tuin","name:nl":"Hollandse Tuin (Artis)","name:en":"Hollandse Tuin"},"geometry":{"type":"Point","coordinates":[4.916247725486755,52.36653009331863]}},{"type":"Feature","properties":{"mvt_id":2645887201,"name_int":"Cafe Eik en Linde","name_de":"Cafe Eik en Linde","name":"Cafe Eik en Linde","subclass":"pub","rank":30,"class":"beer","name:latin":"Cafe Eik en Linde","name_en":"Cafe Eik en Linde"},"geometry":{"type":"Point","coordinates":[4.910974502563477,52.36653991998536]}},{"type":"Feature","properties":{"mvt_id":2997277611,"name_int":"Planetariumcaf\u00e9","name_de":"Planetariumcaf\u00e9","name":"Planetariumcaf\u00e9","subclass":"cafe","rank":31,"class":"cafe","name:latin":"Planetariumcaf\u00e9","name_en":"Planetariumcaf\u00e9"},"geometry":{"type":"Point","coordinates":[4.913190007209778,52.367309668753975]}},{"type":"Feature","properties":{"mvt_id":4160306431,"name_int":"Lancaster Hotel Amsterdam","name_de":"Lancaster Hotel Amsterdam","name":"Lancaster Hotel Amsterdam","subclass":"hotel","rank":32,"class":"lodging","name:latin":"Lancaster Hotel Amsterdam","name_en":"Lancaster Hotel Amsterdam"},"geometry":{"type":"Point","coordinates":[4.912905693054199,52.365848772429196]}},{"type":"Feature","properties":{"mvt_id":4306868271,"name_int":"Happy Corner","name_de":"Happy Corner","name":"Happy Corner","subclass":"restaurant","rank":33,"class":"restaurant","name:latin":"Happy Corner","name_en":"Happy Corner"},"geometry":{"type":"Point","coordinates":[4.911816716194153,52.36623856787802]}},{"type":"Feature","properties":{"mvt_id":4325068721,"name_int":"Hotel Park Plantage","name_de":"Hotel Park Plantage","name":"Hotel Park Plantage","subclass":"hotel","rank":34,"class":"lodging","name:latin":"Hotel Park Plantage","name_en":"Hotel Park Plantage"},"geometry":{"type":"Point","coordinates":[4.911280274391174,52.36640234645223]}},{"type":"Feature","properties":{"mvt_id":4325068731,"name_int":"Hollandsche Schouwburg","name_de":"Hollandsche Schouwburg","name":"Hollandsche Schouwburg","subclass":"museum","rank":35,"class":"museum","name:latin":"Hollandsche Schouwburg","name_en":"Hollandsche Schouwburg","name:nl":"Hollandsche Schouwburg","name:de":"Hollandsche Schouwburg","name:fr":"Hollandsche Schouwburg","name:en":"Hollandsche Schouwburg","name:es":"Hollandsche Schouwburg","name:uk":"\u0413\u043e\u043b\u043b\u0430\u043d\u0434\u0441\u044c\u043a\u0438\u0439 \u0442\u0435\u0430\u0442\u0440","name:ca":"Memorial del Teatre Holand\u00e8s","name:it":"Hollandsche Schouwburg","name:zh":"\u8377\u5170\u5267\u9662","name:he":"\u05d4\u05d5\u05dc\u05e0\u05d3\u05e1\u05d4 \u05e1\u05db\u05d0\u05d5\u05d1\u05d5\u05e8\u05da"},"geometry":{"type":"Point","coordinates":[4.9111515283584595,52.36643837765708]}},{"type":"Feature","properties":{"mvt_id":4400098101,"name_int":"Cafe Koosje","name_de":"Cafe Koosje","name":"Cafe Koosje","subclass":"pub","rank":36,"class":"beer","name:latin":"Cafe Koosje","name_en":"Cafe Koosje"},"geometry":{"type":"Point","coordinates":[4.911661148071289,52.366644737627794]}},{"type":"Feature","properties":{"mvt_id":4400098121,"name_int":"Vatten Ramen","name_de":"Vatten Ramen","name":"Vatten Ramen","subclass":"restaurant","rank":37,"class":"restaurant","name:latin":"Vatten Ramen","name_en":"Vatten Ramen"},"geometry":{"type":"Point","coordinates":[4.911618232727051,52.366025654823815]}},{"type":"Feature","properties":{"mvt_id":4401084591,"name_int":"Coffee & Bites","name_de":"Coffee & Bites","name":"Coffee & Bites","subclass":"cafe","rank":38,"class":"cafe","name:latin":"Coffee & Bites","name_en":"Coffee & Bites"},"geometry":{"type":"Point","coordinates":[4.912460446357727,52.3658880796892]}},{"type":"Feature","properties":{"mvt_id":4404192421,"name_int":"Dutch Resistance Museum","name_de":"Verzetsmuseum","name":"Verzetsmuseum","subclass":"museum","rank":39,"class":"museum","name:latin":"Verzetsmuseum","name_en":"Dutch Resistance Museum","name:nl":"Verzetsmuseum","name:de":"Verzetsmuseum Amsterdam","name:fr":"mus\u00e9e de la r\u00e9sistance d'Amsterdam","name:en":"Dutch Resistance Museum","name:es":"Verzetsmuseum","name:sl":"Muzej odporni\u0161tva","name:ca":"Museu de la Resist\u00e8ncia Holandesa","name:ko":"\ub124\ub35c\ub780\ub4dc \ub808\uc9c0\uc2a4\ud0d5\uc2a4 \ubc15\ubb3c\uad00","name:it":"Museo della Resistenza","name:zh":"\u963f\u59c6\u65af\u7279\u4e39\u62b5\u6297\u535a\u7269\u9928","name:pl":"Verzetsmuseum Amsterdam","name:he":"\u05de\u05d5\u05d6\u05d9\u05d0\u05d5\u05df \u05d4\u05de\u05d7\u05ea\u05e8\u05ea \u05d4\u05d4\u05d5\u05dc\u05e0\u05d3\u05d9\u05ea","name:ru":"\u041c\u0443\u0437\u0435\u0439 \u0441\u043e\u043f\u0440\u043e\u0442\u0438\u0432\u043b\u0435\u043d\u0438\u044f","name:hu":"Ellen\u00e1ll\u00f3k M\u00fazeuma","name:ga":"M\u00fasaem Frithbhearta\u00edochta na h\u00cdsilt\u00edre"},"geometry":{"type":"Point","coordinates":[4.912760853767395,52.36777151157718]}},{"type":"Feature","properties":{"mvt_id":4871068621,"name_int":"Kunstenaarsverzet","name_de":"Kunstenaarsverzet","name":"Kunstenaarsverzet","subclass":"artwork","rank":40,"class":"art_gallery","name:latin":"Kunstenaarsverzet","name_en":"Kunstenaarsverzet","name:nl":"Monument voor het kunstenaarsverzet 1940-1945","name:en":"Kunstenaarsverzet 1940-'45"},"geometry":{"type":"Point","coordinates":[4.91362988948822,52.36556379374822]}},{"type":"Feature","properties":{"mvt_id":6244246702,"name_int":"P. Artis - Touringcars","name_de":"P. Artis - Touringcars","name":"P. Artis - Touringcars","subclass":"parking","rank":41,"class":"parking","name:latin":"P. Artis - Touringcars","name_en":"P. Artis - Touringcars"},"geometry":{"type":"Point","coordinates":[4.914118051528931,52.36806957778592]}},{"type":"Feature","properties":{"mvt_id":9766150261,"name_int":"De Deli","name_de":"De Deli","name":"De Deli","subclass":"restaurant","rank":42,"class":"restaurant","name:latin":"De Deli","name_en":"De Deli"},"geometry":{"type":"Point","coordinates":[4.912004470825195,52.36701159741783]}},{"type":"Feature","properties":{"mvt_id":10835360321,"name_int":"Plancius","name_de":"Plancius","name":"Plancius","subclass":"restaurant","rank":43,"class":"restaurant","name:latin":"Plancius","name_en":"Plancius"},"geometry":{"type":"Point","coordinates":[4.912793040275574,52.36783702080649]}},{"type":"Feature","properties":{"mvt_id":10835360341,"name_int":"Bloem","name_de":"Bloem","name":"Bloem","subclass":"restaurant","rank":44,"class":"restaurant","name:latin":"Bloem","name_en":"Bloem"},"geometry":{"type":"Point","coordinates":[4.914241433143616,52.36884912605413]}},{"type":"Feature","properties":{"mvt_id":12108139752,"name_int":"Mahatma Gandhi Plantsoen","name_de":"Mahatma Gandhi Plantsoen","name":"Mahatma Gandhi Plantsoen","subclass":"garden","rank":45,"class":"garden","name:latin":"Mahatma Gandhi Plantsoen","name_en":"Mahatma Gandhi Plantsoen","name:nl":"Mahatma Gandhi Plantsoen"},"geometry":{"type":"Point","coordinates":[4.913688898086548,52.36823334957197]}},{"type":"Feature","properties":{"mvt_id":27428625871,"name_int":"Het Rijwielherstellingsoord","name_de":"Het Rijwielherstellingsoord","name":"Het Rijwielherstellingsoord","subclass":"bicycle","rank":46,"class":"bicycle","name:latin":"Het Rijwielherstellingsoord","name_en":"Het Rijwielherstellingsoord"},"geometry":{"type":"Point","coordinates":[4.911419749259949,52.365789811473604]}},{"type":"Feature","properties":{"mvt_id":27428628821,"name_int":"Sagra","name_de":"Sagra","name":"Sagra","subclass":"cafe","rank":47,"class":"cafe","name:latin":"Sagra","name_en":"Sagra"},"geometry":{"type":"Point","coordinates":[4.911580681800842,52.365933938115006]}},{"type":"Feature","properties":{"mvt_id":27428629661,"name_int":"Box Sociaal","name_de":"Box Sociaal","name":"Box Sociaal","subclass":"restaurant","rank":48,"class":"restaurant","name:latin":"Box Sociaal","name_en":"Box Sociaal"},"geometry":{"type":"Point","coordinates":[4.911929368972778,52.3662123632498]}},{"type":"Feature","properties":{"mvt_id":27428842791,"name_int":"National Holocaust Museum","name_de":"Nationaal Holocaustmuseum","name":"Nationaal Holocaustmuseum","subclass":"museum","rank":49,"class":"museum","name:latin":"Nationaal Holocaustmuseum","name_en":"National Holocaust Museum","name:nl":"Nationaal Holocaustmuseum","name:de":"National Holocaust Museum","name:fr":"National Holocaust Museum","name:en":"National Holocaust Museum","name:fy":"Nasjonaal Holokaust Museum","name:uk":"\u041d\u0430\u0446\u0456\u043e\u043d\u0430\u043b\u044c\u043d\u0438\u0439 \u043c\u0443\u0437\u0435\u0439 \u0413\u043e\u043b\u043e\u043a\u043e\u0441\u0442\u0443 \u0432 \u0410\u043c\u0441\u0442\u0435\u0440\u0434\u0430\u043c\u0456","name:ca":"Museu Nacional de l'Holocaust","name:eo":"Nederlanda Nacia Holoka\u016dsta Muzeo","name:he":"\u05de\u05d5\u05d6\u05d9\u05d0\u05d5\u05df \u05d4\u05e9\u05d5\u05d0\u05d4 \u05d4\u05dc\u05d0\u05d5\u05de\u05d9 \u05e9\u05dc \u05d4\u05d5\u05dc\u05e0\u05d3","name:ru":"\u041d\u0430\u0446\u0438\u043e\u043d\u0430\u043b\u044c\u043d\u044b\u0439 \u043c\u0443\u0437\u0435\u0439 \u0425\u043e\u043b\u043e\u043a\u043e\u0441\u0442\u0430"},"geometry":{"type":"Point","coordinates":[4.911012053489685,52.36687074982302]}},{"type":"Feature","properties":{"mvt_id":27428847981,"name_int":"IJscuypje","name_de":"IJscuypje","name":"IJscuypje","subclass":"ice_cream","rank":50,"class":"ice_cream","name:latin":"IJscuypje","name_en":"IJscuypje"},"geometry":{"type":"Point","coordinates":[4.911934733390808,52.36684127003704]}},{"type":"Feature","properties":{"mvt_id":27429960451,"name_int":"Groote Museum","name_de":"Groote Museum","name":"Groote Museum","subclass":"museum","rank":51,"class":"museum","name:latin":"Groote Museum","name_en":"Groote Museum","name:nl":"Groote Museum","name:en":"Groote Museum"},"geometry":{"type":"Point","coordinates":[4.91313099861145,52.36615012719548]}},{"type":"Feature","properties":{"mvt_id":27435450861,"name_int":"Gallerie Weerdruk","name_de":"Gallerie Weerdruk","name":"Gallerie Weerdruk","subclass":"gallery","rank":52,"class":"art_gallery","name:latin":"Gallerie Weerdruk","name_en":"Gallerie Weerdruk"},"geometry":{"type":"Point","coordinates":[4.9147456884384155,52.368652602577534]}},{"type":"Feature","properties":{"mvt_id":30850364591,"name_int":"de Plantage","name_de":"de Plantage","name":"de Plantage","subclass":"restaurant","rank":53,"class":"restaurant","name:latin":"de Plantage","name_en":"de Plantage"},"geometry":{"type":"Point","coordinates":[4.912557005882263,52.36658577773452]}},{"type":"Feature","properties":{"mvt_id":43836815971,"name_int":"Micropia","name_de":"Micropia","name":"Micropia","subclass":"museum","rank":54,"class":"museum","name:latin":"Micropia","name_en":"Micropia","name:nl":"Micropia","name:de":"Micropia","name:fr":"Micropia","name:en":"Micropia","name:es":"Micropia","name:ca":"Micropia","name:eu":"Micropia","name:ar":"\u0645\u064a\u0643\u0631\u0648\u0628\u064a\u0627","name:fa":"\u0645\u06cc\u06a9\u0631\u0648\u067e\u06cc\u0627 (\u0645\u0648\u0632\u0647)","name:pl":"Micropia","name:ru":"Micropia","name:hu":"Mikropia","name:hy":"Micropia"},"geometry":{"type":"Point","coordinates":[4.912567734718323,52.36691333170137]}},{"type":"Feature","properties":{"mvt_id":44538720101,"name_int":"Tempura","name_de":"Tempura","name":"Tempura","subclass":"restaurant","rank":55,"class":"restaurant","name:latin":"Tempura","name_en":"Tempura"},"geometry":{"type":"Point","coordinates":[4.911596775054932,52.365976520896346]}},{"type":"Feature","properties":{"mvt_id":47218877031,"name_int":"NUON","name_de":"NUON","name":"NUON","subclass":"charging_station","rank":56,"class":"fuel","name:latin":"NUON","name_en":"NUON"},"geometry":{"type":"Point","coordinates":[4.912068843841553,52.36659887993983]}},{"type":"Feature","properties":{"mvt_id":55479816731,"name_int":"Artis","name_de":"Artis","name":"Artis","subclass":"gate","rank":57,"class":"gate","name:latin":"Artis","name_en":"Artis"},"geometry":{"type":"Point","coordinates":[4.912680387496948,52.36721140370055]}},{"type":"Feature","properties":{"mvt_id":83230141041,"name_int":"The Bee Hostel","name_de":"The Bee Hostel","name":"The Bee Hostel","subclass":"hostel","rank":58,"class":"lodging","name:latin":"The Bee Hostel","name_en":"The Bee Hostel"},"geometry":{"type":"Point","coordinates":[4.911269545555115,52.36617305627833]}},{"type":"Feature","properties":{"mvt_id":108244983941,"name_int":"Het Kleine Lokaal","name_de":"Het Kleine Lokaal","name":"Het Kleine Lokaal","subclass":"cafe","rank":59,"class":"cafe","name:latin":"Het Kleine Lokaal","name_en":"Het Kleine Lokaal"},"geometry":{"type":"Point","coordinates":[4.913495779037476,52.36607478869663]}},{"type":"Feature","properties":{"mvt_id":110157970401,"name_int":"Stichting Weerdruk","name_de":"Stichting Weerdruk","name":"Stichting Weerdruk","subclass":"foundation","rank":60,"class":"office","name:latin":"Stichting Weerdruk","name_en":"Stichting Weerdruk"},"geometry":{"type":"Point","coordinates":[4.914718866348267,52.36866242877213]}},{"type":"Feature","properties":{"mvt_id":121188914131,"name_int":"La Roma","name_de":"La Roma","name":"La Roma","subclass":"restaurant","rank":61,"class":"restaurant","name:latin":"La Roma","name_en":"La Roma"},"geometry":{"type":"Point","coordinates":[4.911698698997498,52.36609771781857]}},{"type":"Feature","properties":{"mvt_id":121188914141,"name_int":"Zirve","name_de":"Zirve","name":"Zirve","subclass":"restaurant","rank":62,"class":"restaurant","name:latin":"Zirve","name_en":"Zirve"},"geometry":{"type":"Point","coordinates":[4.912004470825195,52.366169780695785]}},{"type":"Feature","properties":{"mvt_id":129521114471,"name_int":"Duivenhuis","name_de":"Duivenhuis","name":"Duivenhuis","subclass":"cafe","rank":63,"class":"cafe","name:latin":"Duivenhuis","name_en":"Duivenhuis"},"geometry":{"type":"Point","coordinates":[4.916097521781921,52.36563585749637]}},{"type":"Feature","properties":{"mvt_id":136344298271,"name_int":"Hotel Plantage","name_de":"Hotel Plantage","name":"Hotel Plantage","subclass":"hotel","rank":64,"class":"lodging","name:latin":"Hotel Plantage","name_en":"Hotel Plantage"},"geometry":{"type":"Point","coordinates":[4.911779165267944,52.36670042189918]}},{"type":"Feature","properties":{"mvt_id":4328558911,"name_int":"Krater","name_de":"Krater","name":"Krater","subclass":"pub","rank":16,"class":"beer","name:latin":"Krater","name_en":"Krater"},"geometry":{"type":"Point","coordinates":[4.911087155342102,52.36370974963067]}},{"type":"Feature","properties":{"mvt_id":4328558931,"name_int":"Agora","name_de":"Agora","name":"Agora","subclass":"restaurant","rank":17,"class":"restaurant","name:latin":"Agora","name_en":"Agora"},"geometry":{"type":"Point","coordinates":[4.911178350448608,52.36355906418122]}},{"type":"Feature","properties":{"mvt_id":4400096551,"name_int":"Kolommen","name_de":"Kolommen","name":"Kolommen","subclass":"artwork","rank":18,"class":"art_gallery","name:latin":"Kolommen","name_en":"Kolommen"},"geometry":{"type":"Point","coordinates":[4.911205172538757,52.36483659843891]}},{"type":"Feature","properties":{"mvt_id":4835534381,"name_int":"Gall & Gall","name_de":"Gall & Gall","name":"Gall & Gall","subclass":"alcohol","rank":19,"class":"alcohol_shop","name:latin":"Gall & Gall","name_en":"Gall & Gall"},"geometry":{"type":"Point","coordinates":[4.912540912628174,52.36229132059378]}},{"type":"Feature","properties":{"mvt_id":15247541321,"name_int":"Crea Caf\u00e9","name_de":"Crea Caf\u00e9","name":"Crea Caf\u00e9","subclass":"cafe","rank":20,"class":"cafe","name:latin":"Crea Caf\u00e9","name_en":"Crea Caf\u00e9"},"geometry":{"type":"Point","coordinates":[4.913114905357361,52.363310104486565]}},{"type":"Feature","properties":{"mvt_id":15247690371,"name_int":"CREA","name_de":"CREA","name":"CREA","subclass":"theatre","rank":21,"class":"theatre","name:latin":"CREA","name_en":"CREA"},"geometry":{"type":"Point","coordinates":[4.912680387496948,52.36320200312971]}},{"type":"Feature","properties":{"mvt_id":27428625781,"name_int":"BikePoint Sarphati","name_de":"BikePoint Sarphati","name":"BikePoint Sarphati","subclass":"bicycle","rank":22,"class":"bicycle","name:latin":"BikePoint Sarphati","name_en":"BikePoint Sarphati"},"geometry":{"type":"Point","coordinates":[4.91313099861145,52.3623994241788]}},{"type":"Feature","properties":{"mvt_id":27428631651,"name_int":"Practical | Excellence in Finance","name_de":"Practical | Excellence in Finance","name":"Practical | Excellence in Finance","subclass":"accountant","rank":23,"class":"office","name:latin":"Practical | Excellence in Finance","name_en":"Practical | Excellence in Finance"},"geometry":{"type":"Point","coordinates":[4.915475249290466,52.362533734325076]}},{"type":"Feature","properties":{"mvt_id":27428638501,"name_int":"Coffee-star","name_de":"Coffee-star","name":"Coffee-star","subclass":"cafe","rank":24,"class":"cafe","name:latin":"Coffee-star","name_en":"Coffee-star"},"geometry":{"type":"Point","coordinates":[4.914364814758301,52.3630382126911]}},{"type":"Feature","properties":{"mvt_id":27428645141,"name_int":"Hotel Barbacan","name_de":"Hotel Barbacan","name":"Hotel Barbacan","subclass":"hotel","rank":25,"class":"lodging","name:latin":"Hotel Barbacan","name_en":"Hotel Barbacan"},"geometry":{"type":"Point","coordinates":[4.9119991064071655,52.36525915933227]}},{"type":"Feature","properties":{"mvt_id":49420009241,"name_int":"Geldmaat","name_de":"Geldmaat","name":"Geldmaat","subclass":"atm","rank":26,"class":"atm","name:latin":"Geldmaat","name_en":"Geldmaat","indoor":1},"geometry":{"type":"Point","coordinates":[4.912229776382446,52.362350286218394]}},{"type":"Feature","properties":{"mvt_id":54845521921,"name_int":"Kledingreparatie & Stomerij","name_de":"Kledingreparatie & Stomerij","name":"Kledingreparatie & Stomerij","subclass":"dry_cleaning","rank":27,"class":"laundry","name:latin":"Kledingreparatie & Stomerij","name_en":"Kledingreparatie & Stomerij"},"geometry":{"type":"Point","coordinates":[4.912734031677246,52.362347010352416]}},{"type":"Feature","properties":{"mvt_id":68075262291,"name_int":"Join The Pipe","name_de":"Join The Pipe","name":"Join The Pipe","subclass":"drinking_water","rank":28,"class":"drinking_water","name:latin":"Join The Pipe","name_en":"Join The Pipe"},"geometry":{"type":"Point","coordinates":[4.913978576660156,52.363903019346154]}},{"type":"Feature","properties":{"mvt_id":83954303481,"name_int":"Vogel op pylon","name_de":"Vogel op pylon","name":"Vogel op pylon","subclass":"artwork","rank":29,"class":"art_gallery","name:latin":"Vogel op pylon","name_en":"Vogel op pylon","name:nl":"Vogel op pyloon","name:en":"Vogel op pyloon"},"geometry":{"type":"Point","coordinates":[4.915759563446045,52.363274070730334]}},{"type":"Feature","properties":{"mvt_id":90391799921,"name_int":"Swapfiets","name_de":"Swapfiets","name":"Swapfiets","subclass":"bicycle_rental","rank":30,"class":"bicycle_rental","name:latin":"Swapfiets","name_en":"Swapfiets"},"geometry":{"type":"Point","coordinates":[4.911183714866638,52.36270407831356]}},{"type":"Feature","properties":{"mvt_id":117587358321,"name_int":"De Brug","name_de":"De Brug","name":"De Brug","subclass":"cafe","rank":31,"class":"cafe","name:latin":"De Brug","name_en":"De Brug"},"geometry":{"type":"Point","coordinates":[4.912031292915344,52.363375620331695]}},{"type":"Feature","properties":{"mvt_id":123441225111,"name_int":"Medicijnman Apotheek De Castro","name_de":"Medicijnman Apotheek De Castro","name":"Medicijnman Apotheek De Castro","subclass":"pharmacy","rank":32,"class":"pharmacy","name:latin":"Medicijnman Apotheek De Castro","name_en":"Medicijnman Apotheek De Castro"},"geometry":{"type":"Point","coordinates":[4.911194443702698,52.36266804406308]}},{"type":"Feature","properties":{"mvt_id":136343691581,"name_int":"De Roeter","name_de":"De Roeter","name":"De Roeter","subclass":"bakery","rank":33,"class":"bakery","name:latin":"De Roeter","name_en":"De Roeter"},"geometry":{"type":"Point","coordinates":[4.911253452301025,52.36255994113529]}},{"type":"Feature","properties":{"mvt_id":136344724741,"name_int":"Lebkov & Sons","name_de":"Lebkov & Sons","name":"Lebkov & Sons","subclass":"restaurant","rank":34,"class":"restaurant","name:latin":"Lebkov & Sons","name_en":"Lebkov & Sons"},"geometry":{"type":"Point","coordinates":[4.911167621612549,52.362894076602856]}},{"type":"Feature","properties":{"mvt_id":39155028201,"name_int":"Pension Homeland","name_de":"Pension Homeland","name":"Pension Homeland","subclass":"restaurant","rank":3,"class":"restaurant","name:latin":"Pension Homeland","name_en":"Pension Homeland"},"geometry":{"type":"Point","coordinates":[4.9166178703308105,52.372949716467275]}},{"type":"Feature","properties":{"mvt_id":39155028211,"name_int":"Pension Homeland","name_de":"Pension Homeland","name":"Pension Homeland","subclass":"cafe","rank":4,"class":"cafe","name:latin":"Pension Homeland","name_en":"Pension Homeland"},"geometry":{"type":"Point","coordinates":[4.916515946388245,52.3728809397352]}},{"type":"Feature","properties":{"mvt_id":120703185481,"name_int":"Kombuis","name_de":"Kombuis","name":"Kombuis","subclass":"restaurant","rank":5,"class":"restaurant","name:latin":"Kombuis","name_en":"Kombuis"},"geometry":{"type":"Point","coordinates":[4.916832447052002,52.37303486846337]}},{"type":"Feature","properties":{"mvt_id":3040763301,"name_int":"Il Forno","name_de":"Il Forno","name":"Il Forno","subclass":"restaurant","rank":9,"class":"restaurant","name:latin":"Il Forno","name_en":"Il Forno"},"geometry":{"type":"Point","coordinates":[4.921789169311523,52.36898996734121]}},{"type":"Feature","properties":{"mvt_id":5656772991,"name_int":"Tom Yum Kung","name_de":"Tom Yum Kung","name":"Tom Yum Kung","subclass":"restaurant","rank":10,"class":"restaurant","name:latin":"Tom Yum Kung","name_en":"Tom Yum Kung"},"geometry":{"type":"Point","coordinates":[4.921708703041077,52.369016170321814]}},{"type":"Feature","properties":{"mvt_id":5656911041,"name_int":"Washpool","name_de":"Washpool","name":"Washpool","subclass":"laundry","rank":11,"class":"laundry","name:latin":"Washpool","name_en":"Washpool"},"geometry":{"type":"Point","coordinates":[4.920855760574341,52.369301126732296]}},{"type":"Feature","properties":{"mvt_id":5657048201,"name_int":"De Vogel","name_de":"De Vogel","name":"De Vogel","subclass":"pharmacy","rank":12,"class":"pharmacy","name:latin":"De Vogel","name_en":"De Vogel"},"geometry":{"type":"Point","coordinates":[4.916446208953857,52.37083723939516]}},{"type":"Feature","properties":{"mvt_id":11857989372,"name_int":"Yland","name_de":"Yland","name":"Yland","subclass":"artwork","rank":13,"class":"art_gallery","name:latin":"Yland","name_en":"Yland"},"geometry":{"type":"Point","coordinates":[4.91887092590332,52.36899979346075]}},{"type":"Feature","properties":{"mvt_id":27434789641,"name_int":"'t Poortje","name_de":"'t Poortje","name":"'t Poortje","subclass":"bicycle","rank":14,"class":"bicycle","name:latin":"'t Poortje","name_en":"'t Poortje"},"geometry":{"type":"Point","coordinates":[4.918795824050903,52.37001187206739]}},{"type":"Feature","properties":{"mvt_id":38727071061,"name_int":"Amsterdam Smart City Showcase","name_de":"Amsterdam Smart City Showcase","name":"Amsterdam Smart City Showcase","subclass":"company","rank":15,"class":"office","name:latin":"Amsterdam Smart City Showcase","name_en":"Amsterdam Smart City Showcase"},"geometry":{"type":"Point","coordinates":[4.916703701019287,52.37202940941888]}},{"type":"Feature","properties":{"mvt_id":42783320241,"name_int":"Geldmaat","name_de":"Geldmaat","name":"Geldmaat","subclass":"atm","rank":16,"class":"atm","name:latin":"Geldmaat","name_en":"Geldmaat","indoor":1},"geometry":{"type":"Point","coordinates":[4.919772148132324,52.369920163634504]}},{"type":"Feature","properties":{"mvt_id":47186130041,"name_int":"NUON","name_de":"NUON","name":"NUON","subclass":"charging_station","rank":17,"class":"fuel","name:latin":"NUON","name_en":"NUON"},"geometry":{"type":"Point","coordinates":[4.91688072681427,52.37174447060877]}},{"type":"Feature","properties":{"mvt_id":81086136871,"name_int":"Vattenfall Incharge","name_de":"Vattenfall Incharge","name":"Vattenfall Incharge","subclass":"charging_station","rank":18,"class":"fuel","name:latin":"Vattenfall Incharge","name_en":"Vattenfall Incharge"},"geometry":{"type":"Point","coordinates":[4.9202388525009155,52.36936008300152]}},{"type":"Feature","properties":{"mvt_id":82033408931,"name_int":"Playground at De Witte Boei","name_de":"Playground at De Witte Boei","name":"Playground at De Witte Boei","subclass":"playground","rank":19,"class":"playground","name:latin":"Playground at De Witte Boei","name_en":"Playground at De Witte Boei"},"geometry":{"type":"Point","coordinates":[4.921531677246094,52.37134817334547]}},{"type":"Feature","properties":{"mvt_id":87349257961,"name_int":"Caf\u00e9 de Oude Werf","name_de":"Caf\u00e9 de Oude Werf","name":"Caf\u00e9 de Oude Werf","subclass":"pub","rank":20,"class":"beer","name:latin":"Caf\u00e9 de Oude Werf","name_en":"Caf\u00e9 de Oude Werf"},"geometry":{"type":"Point","coordinates":[4.920909404754639,52.36927819927302]}},{"type":"Feature","properties":{"mvt_id":88157966281,"name_int":"Vegan Sushi Bar","name_de":"Vegan Sushi Bar","name":"Vegan Sushi Bar","subclass":"restaurant","rank":21,"class":"restaurant","name:latin":"Vegan Sushi Bar","name_en":"Vegan Sushi Bar"},"geometry":{"type":"Point","coordinates":[4.918709993362427,52.37003479914585]}},{"type":"Feature","properties":{"mvt_id":108689563651,"name_int":"De hongerwinter","name_de":"De hongerwinter","name":"De hongerwinter","subclass":"artwork","rank":22,"class":"art_gallery","name:latin":"De hongerwinter","name_en":"De hongerwinter","name:nl":"Hongerwinter","name:en":"De hongerwinter"},"geometry":{"type":"Point","coordinates":[4.919262528419495,52.36982517969972]}},{"type":"Feature","properties":{"mvt_id":120703185551,"name_int":"Ayo Makan!","name_de":"Ayo Makan!","name":"Ayo Makan!","subclass":"restaurant","rank":23,"class":"restaurant","name:latin":"Ayo Makan!","name_en":"Ayo Makan!"},"geometry":{"type":"Point","coordinates":[4.919525384902954,52.369759673418805]}},{"type":"Feature","properties":{"mvt_id":127257982871,"name_int":"Gebitscentrum","name_de":"Gebitscentrum","name":"Gebitscentrum","subclass":"dentist","rank":24,"class":"dentist","name:latin":"Gebitscentrum","name_en":"Gebitscentrum"},"geometry":{"type":"Point","coordinates":[4.920957684516907,52.36926182250911]}},{"type":"Feature","properties":{"mvt_id":127258061121,"name_int":"Fantastic Frank","name_de":"Fantastic Frank","name":"Fantastic Frank","subclass":"estate_agent","rank":25,"class":"office","name:latin":"Fantastic Frank","name_en":"Fantastic Frank"},"geometry":{"type":"Point","coordinates":[4.91963803768158,52.36971381896436]}},{"type":"Feature","properties":{"mvt_id":127258129281,"name_int":"Smushy","name_de":"Smushy","name":"Smushy","subclass":"cafe","rank":26,"class":"cafe","name:latin":"Smushy","name_en":"Smushy"},"geometry":{"type":"Point","coordinates":[4.91862416267395,52.37006755209445]}},{"type":"Feature","properties":{"mvt_id":578639982,"name_int":"De Waterkant","name_de":"De Waterkant","name":"De Waterkant","subclass":"restaurant","rank":12,"class":"restaurant","name:latin":"De Waterkant","name_en":"De Waterkant"},"geometry":{"type":"Point","coordinates":[4.9189406633377075,52.366615257690995]}},{"type":"Feature","properties":{"mvt_id":1991990432,"name_int":"Werf 't Kromhout","name_de":"Werf 't Kromhout","name":"Werf 't Kromhout","subclass":"museum","rank":13,"class":"museum","name:latin":"Werf 't Kromhout","name_en":"Werf 't Kromhout"},"geometry":{"type":"Point","coordinates":[4.920195937156677,52.368131811136145]}},{"type":"Feature","properties":{"mvt_id":2907357401,"name_int":"Westerman Monument","name_de":"Westerman Monument","name":"Westerman Monument","subclass":"artwork","rank":14,"class":"art_gallery","name:latin":"Westerman Monument","name_en":"Westerman Monument","name:nl":"Westerman-monument","name:de":"Westerman Monument","name:en":"Westerman Monument"},"geometry":{"type":"Point","coordinates":[4.916424751281738,52.36645475546775]}},{"type":"Feature","properties":{"mvt_id":18949940191,"name_int":"Hoogtekadijk","name_de":"Hoogtekadijk","name":"Hoogtekadijk","subclass":"guidepost","rank":15,"class":"information","name:latin":"Hoogtekadijk","name_en":"Hoogtekadijk"},"geometry":{"type":"Point","coordinates":[4.918988943099976,52.368017170686144]}},{"type":"Feature","properties":{"mvt_id":19047224441,"name_int":"Hoogtekadijk","name_de":"Hoogtekadijk","name":"Hoogtekadijk","subclass":"guidepost","rank":16,"class":"information","name:latin":"Hoogtekadijk","name_en":"Hoogtekadijk"},"geometry":{"type":"Point","coordinates":[4.919428825378418,52.367938559919914]}},{"type":"Feature","properties":{"mvt_id":29713608701,"name_int":"Gollem","name_de":"Gollem","name":"Gollem","subclass":"cafe","rank":17,"class":"cafe","name:latin":"Gollem","name_en":"Gollem"},"geometry":{"type":"Point","coordinates":[4.916397929191589,52.36808267955115]}},{"type":"Feature","properties":{"mvt_id":192919293,"name_int":"Japanse Stenentuin","name_de":"Japanse Stenentuin","name":"Japanse Stenentuin","subclass":"garden","rank":20,"class":"garden","name:latin":"Japanse Stenentuin","name_en":"Japanse Stenentuin"},"geometry":{"type":"Point","coordinates":[4.917653203010559,52.36508882519482]}},{"type":"Feature","properties":{"mvt_id":2511564121,"name_int":"De Groene Olifant","name_de":"De Groene Olifant","name":"De Groene Olifant","subclass":"pub","rank":21,"class":"beer","name:latin":"De Groene Olifant","name_en":"De Groene Olifant"},"geometry":{"type":"Point","coordinates":[4.920002818107605,52.36401111898782]}},{"type":"Feature","properties":{"mvt_id":4324422071,"name_int":"Hairways","name_de":"Hairways","name":"Hairways","subclass":"hairdresser","rank":22,"class":"hairdresser","name:latin":"Hairways","name_en":"Hairways"},"geometry":{"type":"Point","coordinates":[4.916762709617615,52.364456617750236]}},{"type":"Feature","properties":{"mvt_id":13774918222,"name_int":"De Tropentuin","name_de":"De Tropentuin","name":"De Tropentuin","subclass":"garden","rank":23,"class":"garden","name:latin":"De Tropentuin","name_en":"De Tropentuin"},"geometry":{"type":"Point","coordinates":[4.921220541000366,52.36250097579046]}},{"type":"Feature","properties":{"mvt_id":27428632751,"name_int":"Stichting Stadgenoot","name_de":"Stichting Stadgenoot","name":"Stichting Stadgenoot","subclass":"estate_agent","rank":24,"class":"office","name:latin":"Stichting Stadgenoot","name_en":"Stichting Stadgenoot"},"geometry":{"type":"Point","coordinates":[4.916473031044006,52.36273356086028]}},{"type":"Feature","properties":{"mvt_id":27428633491,"name_int":"Rijksakademie van beeldende kunsten","name_de":"Rijksakademie van beeldende kunsten","name":"Rijksakademie van beeldende kunsten","subclass":"gallery","rank":25,"class":"art_gallery","name:latin":"Rijksakademie van beeldende kunsten","name_en":"Rijksakademie van beeldende kunsten","name:nl":"Koninklijke Academie van Beeldende Kunsten","name:de":"Koninklijke Academie van Beeldende Kunsten","name:fr":"Koninklijke Academie van Beeldende Kunsten","name:en":"Royal Academy of Visual Arts (Amsterdam)","name:es":"Koninklijke Academie van Beeldende Kunsten","name:sv":"Koninklijke Academie van Beeldende Kunsten"},"geometry":{"type":"Point","coordinates":[4.9177926778793335,52.36293666231423]}},{"type":"Feature","properties":{"mvt_id":27428637311,"name_int":"Bertus","name_de":"Bertus","name":"Bertus","subclass":"restaurant","rank":26,"class":"restaurant","name:latin":"Bertus","name_en":"Bertus"},"geometry":{"type":"Point","coordinates":[4.919208884239197,52.36325441594182]}},{"type":"Feature","properties":{"mvt_id":28261465191,"name_int":"KIT","name_de":"KIT","name":"KIT","subclass":"company","rank":27,"class":"office","name:latin":"KIT","name_en":"KIT"},"geometry":{"type":"Point","coordinates":[4.92063045501709,52.36270735415306]}},{"type":"Feature","properties":{"mvt_id":67190821321,"name_int":"Twee silhouetten","name_de":"Twee silhouetten","name":"Twee silhouetten","subclass":"artwork","rank":28,"class":"art_gallery","name:latin":"Twee silhouetten","name_en":"Twee silhouetten"},"geometry":{"type":"Point","coordinates":[4.920394420623779,52.364531959008595]}},{"type":"Feature","properties":{"mvt_id":103008985321,"name_int":"De Serre","name_de":"De Serre","name":"De Serre","subclass":"restaurant","rank":29,"class":"restaurant","name:latin":"De Serre","name_en":"De Serre"},"geometry":{"type":"Point","coordinates":[4.918221831321716,52.36503969022544]}},{"type":"Feature","properties":{"mvt_id":132064665711,"name_int":"B Lab Benelux","name_de":"B Lab Benelux","name":"B Lab Benelux","subclass":"company","rank":30,"class":"office","name:latin":"B Lab Benelux","name_en":"B Lab Benelux"},"geometry":{"type":"Point","coordinates":[4.920678734779358,52.362697526633845]}},{"type":"Feature","properties":{"mvt_id":51065884361,"subclass":"viewpoint","rank":77,"class":"attraction"},"geometry":{"type":"Point","coordinates":[4.904016852378845,52.371073055798945]}},{"type":"Feature","properties":{"mvt_id":14915882212,"subclass":"school","rank":27,"class":"school"},"geometry":{"type":"Point","coordinates":[4.921236634254456,52.370689853503464]}},{"type":"Feature","properties":{"mvt_id":4441344962,"subclass":"park","rank":78,"class":"park"},"geometry":{"type":"Point","coordinates":[4.901168346405029,52.37199338277429]}},{"type":"Feature","properties":{"mvt_id":7302785832,"subclass":"park","rank":35,"class":"park"},"geometry":{"type":"Point","coordinates":[4.91588830947876,52.36305459176229]}},{"type":"Feature","properties":{"mvt_id":4421223601,"subclass":"post_box","rank":79,"class":"post"},"geometry":{"type":"Point","coordinates":[4.900229573249817,52.3720719863246]}},{"type":"Feature","properties":{"mvt_id":78358156561,"subclass":"post_box","rank":80,"class":"post"},"geometry":{"type":"Point","coordinates":[4.902477264404297,52.368947387464566]}},{"type":"Feature","properties":{"mvt_id":80446554781,"subclass":"post_box","rank":81,"class":"post"},"geometry":{"type":"Point","coordinates":[4.904757142066956,52.371053404480044]}},{"type":"Feature","properties":{"mvt_id":2645752811,"subclass":"post_box","rank":24,"class":"post"},"geometry":{"type":"Point","coordinates":[4.902820587158203,52.36443041206503]}},{"type":"Feature","properties":{"mvt_id":8552768361,"subclass":"post_box","rank":25,"class":"post"},"geometry":{"type":"Point","coordinates":[4.901517033576965,52.36348372126376]}},{"type":"Feature","properties":{"mvt_id":133225398151,"subclass":"post_box","rank":30,"class":"post"},"geometry":{"type":"Point","coordinates":[4.910690188407898,52.364469720587]}},{"type":"Feature","properties":{"mvt_id":2521438541,"subclass":"post_box","rank":33,"class":"post"},"geometry":{"type":"Point","coordinates":[4.911940097808838,52.3710959823266]}},{"type":"Feature","properties":{"mvt_id":71602803761,"subclass":"post_box","rank":36,"class":"post"},"geometry":{"type":"Point","coordinates":[4.913329482078552,52.36248787236981]}},{"type":"Feature","properties":{"mvt_id":120988891011,"subclass":"post_box","rank":6,"class":"post"},"geometry":{"type":"Point","coordinates":[4.919160604476929,52.37294644138722]}},{"type":"Feature","properties":{"mvt_id":81120294681,"subclass":"post_box","rank":28,"class":"post"},"geometry":{"type":"Point","coordinates":[4.919847249984741,52.36948782131487]}},{"type":"Feature","properties":{"mvt_id":5656910971,"subclass":"post_box","rank":18,"class":"post"},"geometry":{"type":"Point","coordinates":[4.918173551559448,52.36828575641527]}},{"type":"Feature","properties":{"mvt_id":27256609341,"subclass":"antiques","rank":151,"class":"shop"},"geometry":{"type":"Point","coordinates":[4.900572896003723,52.37355560209846]}},{"type":"Feature","properties":{"mvt_id":27257533791,"subclass":"florist","rank":82,"class":"shop"},"geometry":{"type":"Point","coordinates":[4.900830388069153,52.37031974898521]}},{"type":"Feature","properties":{"mvt_id":43949081221,"subclass":"ticket","rank":26,"class":"shop"},"geometry":{"type":"Point","coordinates":[4.903265833854675,52.36548190298263]}},{"type":"Feature","properties":{"mvt_id":2997234951,"subclass":"confectionery","rank":65,"class":"shop"},"geometry":{"type":"Point","coordinates":[4.91389274597168,52.36649733774708]}},{"type":"Feature","properties":{"mvt_id":55317505361,"subclass":"clothes","rank":152,"class":"clothing_store"},"geometry":{"type":"Point","coordinates":[4.901034235954285,52.374859046794725]}},{"type":"Feature","properties":{"mvt_id":4523886141,"subclass":"cycle_barrier","rank":153,"class":"cycle_barrier"},"geometry":{"type":"Point","coordinates":[4.901914000511169,52.37299884263891]}},{"type":"Feature","properties":{"mvt_id":4523886161,"subclass":"cycle_barrier","rank":154,"class":"cycle_barrier"},"geometry":{"type":"Point","coordinates":[4.901999831199646,52.373057793972734]}},{"type":"Feature","properties":{"mvt_id":7309504971,"subclass":"gate","rank":155,"class":"gate"},"geometry":{"type":"Point","coordinates":[4.901602864265442,52.375494380263966]}},{"type":"Feature","properties":{"mvt_id":10286409831,"subclass":"gate","rank":156,"class":"gate"},"geometry":{"type":"Point","coordinates":[4.902493357658386,52.3744038280185]}},{"type":"Feature","properties":{"mvt_id":13435902142,"subclass":"parking","rank":157,"class":"parking"},"geometry":{"type":"Point","coordinates":[4.900352954864502,52.37300211771507]}},{"type":"Feature","properties":{"mvt_id":13435902152,"subclass":"parking","rank":158,"class":"parking"},"geometry":{"type":"Point","coordinates":[4.900497794151306,52.3731298454961]}},{"type":"Feature","properties":{"mvt_id":13545058662,"subclass":"soccer","rank":159,"class":"pitch"},"geometry":{"type":"Point","coordinates":[4.9041348695755005,52.37233072202299]}},{"type":"Feature","properties":{"mvt_id":16075110141,"subclass":"gate","rank":160,"class":"gate"},"geometry":{"type":"Point","coordinates":[4.900299310684204,52.375294611446904]}},{"type":"Feature","properties":{"mvt_id":19047569981,"subclass":"gate","rank":161,"class":"gate"},"geometry":{"type":"Point","coordinates":[4.900980591773987,52.37513414075905]}},{"type":"Feature","properties":{"mvt_id":21725143881,"subclass":"gate","rank":162,"class":"gate"},"geometry":{"type":"Point","coordinates":[4.900546073913574,52.37450862700145]}},{"type":"Feature","properties":{"mvt_id":28457143801,"subclass":"gate","rank":163,"class":"gate"},"geometry":{"type":"Point","coordinates":[4.90165114402771,52.37556642781233]}},{"type":"Feature","properties":{"mvt_id":28457143811,"subclass":"gate","rank":164,"class":"gate"},"geometry":{"type":"Point","coordinates":[4.900980591773987,52.37559590177552]}},{"type":"Feature","properties":{"mvt_id":31886735661,"subclass":"gate","rank":165,"class":"gate"},"geometry":{"type":"Point","coordinates":[4.901082515716553,52.375094841726195]}},{"type":"Feature","properties":{"mvt_id":31886735671,"subclass":"gate","rank":166,"class":"gate"},"geometry":{"type":"Point","coordinates":[4.901329278945923,52.374996593991085]}},{"type":"Feature","properties":{"mvt_id":31886735701,"subclass":"gate","rank":167,"class":"gate"},"geometry":{"type":"Point","coordinates":[4.900594353675842,52.37513414075905]}},{"type":"Feature","properties":{"mvt_id":46684263231,"subclass":"gate","rank":168,"class":"gate"},"geometry":{"type":"Point","coordinates":[4.90015983581543,52.37375210376143]}},{"type":"Feature","properties":{"mvt_id":47958549781,"subclass":"gate","rank":169,"class":"gate"},"geometry":{"type":"Point","coordinates":[4.901919364929199,52.374564301359996]}},{"type":"Feature","properties":{"mvt_id":49468337221,"subclass":"bicycle_parking","rank":170,"class":"bicycle_parking"},"geometry":{"type":"Point","coordinates":[4.900782108306885,52.37374227869905]}},{"type":"Feature","properties":{"mvt_id":56744958561,"subclass":"toilets","rank":171,"class":"toilets"},"geometry":{"type":"Point","coordinates":[4.9005889892578125,52.37321827220505]}},{"type":"Feature","properties":{"mvt_id":56745416971,"subclass":"waste_basket","rank":172,"class":"waste_basket"},"geometry":{"type":"Point","coordinates":[4.899950623512268,52.37548783048101]}},{"type":"Feature","properties":{"mvt_id":61798771991,"subclass":"drinking_water","rank":173,"class":"drinking_water"},"geometry":{"type":"Point","coordinates":[4.900385141372681,52.37298574233181]}},{"type":"Feature","properties":{"mvt_id":62499145241,"subclass":"waste_basket","rank":174,"class":"waste_basket"},"geometry":{"type":"Point","coordinates":[4.899961352348328,52.375078467118854]}},{"type":"Feature","properties":{"mvt_id":62499145251,"subclass":"waste_basket","rank":175,"class":"waste_basket"},"geometry":{"type":"Point","coordinates":[4.9001383781433105,52.37528806163433]}},{"type":"Feature","properties":{"mvt_id":83968870521,"subclass":"playground","rank":176,"class":"playground"},"geometry":{"type":"Point","coordinates":[4.902589917182922,52.373175696404324]}},{"type":"Feature","properties":{"mvt_id":88898153981,"subclass":"bollard","rank":177,"class":"bollard"},"geometry":{"type":"Point","coordinates":[4.904671311378479,52.3742728289401]}},{"type":"Feature","properties":{"mvt_id":109514881861,"subclass":"playground","rank":178,"class":"playground"},"geometry":{"type":"Point","coordinates":[4.901779890060425,52.372920240738075]}},{"type":"Feature","properties":{"mvt_id":124313489931,"subclass":"bicycle_parking","rank":179,"class":"bicycle_parking"},"geometry":{"type":"Point","coordinates":[4.900825023651123,52.373041418610114]}},{"type":"Feature","properties":{"mvt_id":124313489941,"subclass":"bicycle_parking","rank":180,"class":"bicycle_parking"},"geometry":{"type":"Point","coordinates":[4.900841116905212,52.373077444399854]}},{"type":"Feature","properties":{"mvt_id":124313489951,"subclass":"bicycle_parking","rank":181,"class":"bicycle_parking"},"geometry":{"type":"Point","coordinates":[4.900857210159302,52.37311674522787]}},{"type":"Feature","properties":{"mvt_id":124313489961,"subclass":"bicycle_parking","rank":182,"class":"bicycle_parking"},"geometry":{"type":"Point","coordinates":[4.900680184364319,52.373064344116074]}},{"type":"Feature","properties":{"mvt_id":124313489971,"subclass":"bicycle_parking","rank":183,"class":"bicycle_parking"},"geometry":{"type":"Point","coordinates":[4.900690913200378,52.37310036988712]}},{"type":"Feature","properties":{"mvt_id":124313489981,"subclass":"bicycle_parking","rank":184,"class":"bicycle_parking"},"geometry":{"type":"Point","coordinates":[4.900707006454468,52.37313967069473]}},{"type":"Feature","properties":{"mvt_id":124313489991,"subclass":"bicycle_parking","rank":185,"class":"bicycle_parking"},"geometry":{"type":"Point","coordinates":[4.900723099708557,52.373178971467375]}},{"type":"Feature","properties":{"mvt_id":128883104821,"subclass":"bicycle_parking","rank":186,"class":"bicycle_parking"},"geometry":{"type":"Point","coordinates":[4.903228282928467,52.37538958362016]}},{"type":"Feature","properties":{"mvt_id":128883104831,"subclass":"bicycle_parking","rank":187,"class":"bicycle_parking"},"geometry":{"type":"Point","coordinates":[4.9031370878219604,52.375166889926376]}},{"type":"Feature","properties":{"mvt_id":130965270451,"subclass":"gate","rank":188,"class":"gate"},"geometry":{"type":"Point","coordinates":[4.902359247207642,52.37544198197315]}},{"type":"Feature","properties":{"mvt_id":131800730211,"subclass":"waste_basket","rank":189,"class":"waste_basket"},"geometry":{"type":"Point","coordinates":[4.903045892715454,52.375232388188174]}},{"type":"Feature","properties":{"mvt_id":131800859311,"subclass":"waste_basket","rank":190,"class":"waste_basket"},"geometry":{"type":"Point","coordinates":[4.904381632804871,52.37482302245822]}},{"type":"Feature","properties":{"mvt_id":131800859321,"subclass":"waste_basket","rank":191,"class":"waste_basket"},"geometry":{"type":"Point","coordinates":[4.904628396034241,52.374678924818355]}},{"type":"Feature","properties":{"mvt_id":131800859331,"subclass":"waste_basket","rank":192,"class":"waste_basket"},"geometry":{"type":"Point","coordinates":[4.9051433801651,52.37439072812815]}},{"type":"Feature","properties":{"mvt_id":131891935911,"subclass":"waste_basket","rank":193,"class":"waste_basket"},"geometry":{"type":"Point","coordinates":[4.900605082511902,52.37247155220915]}},{"type":"Feature","properties":{"mvt_id":131891935921,"subclass":"waste_basket","rank":194,"class":"waste_basket"},"geometry":{"type":"Point","coordinates":[4.900696277618408,52.372615657051085]}},{"type":"Feature","properties":{"mvt_id":131891935931,"subclass":"waste_basket","rank":195,"class":"waste_basket"},"geometry":{"type":"Point","coordinates":[4.901050329208374,52.372651683188096]}},{"type":"Feature","properties":{"mvt_id":131891935941,"subclass":"waste_basket","rank":196,"class":"waste_basket"},"geometry":{"type":"Point","coordinates":[4.900782108306885,52.37275648632872]}},{"type":"Feature","properties":{"mvt_id":132342016871,"subclass":"bollard","rank":197,"class":"bollard"},"geometry":{"type":"Point","coordinates":[4.900272488594055,52.373175696404324]}},{"type":"Feature","properties":{"mvt_id":132342016881,"subclass":"bicycle_parking","rank":198,"class":"bicycle_parking"},"geometry":{"type":"Point","coordinates":[4.9016618728637695,52.37326084796474]}},{"type":"Feature","properties":{"mvt_id":132342016901,"subclass":"bollard","rank":199,"class":"bollard"},"geometry":{"type":"Point","coordinates":[4.900272488594055,52.37316259614969]}},{"type":"Feature","properties":{"mvt_id":132342016911,"subclass":"bollard","rank":200,"class":"bollard"},"geometry":{"type":"Point","coordinates":[4.900272488594055,52.37315277095616]}},{"type":"Feature","properties":{"mvt_id":132342016921,"subclass":"bollard","rank":201,"class":"bollard"},"geometry":{"type":"Point","coordinates":[4.900272488594055,52.37313967069473]}},{"type":"Feature","properties":{"mvt_id":4421223631,"subclass":"bollard","rank":83,"class":"bollard"},"geometry":{"type":"Point","coordinates":[4.901211261749268,52.371642940243724]}},{"type":"Feature","properties":{"mvt_id":8463139562,"subclass":"playground","rank":84,"class":"playground"},"geometry":{"type":"Point","coordinates":[4.904199242591858,52.37050316400133]}},{"type":"Feature","properties":{"mvt_id":8635866352,"subclass":"basketball","rank":85,"class":"pitch"},"geometry":{"type":"Point","coordinates":[4.901211261749268,52.37195735610031]}},{"type":"Feature","properties":{"mvt_id":9140696112,"subclass":"parking","rank":86,"class":"parking"},"geometry":{"type":"Point","coordinates":[4.904236793518066,52.36992671424317]}},{"type":"Feature","properties":{"mvt_id":9140696122,"subclass":"parking","rank":87,"class":"parking"},"geometry":{"type":"Point","coordinates":[4.9036359786987305,52.369520574669046]}},{"type":"Feature","properties":{"mvt_id":12311935732,"subclass":"motorcycle_parking","rank":88,"class":"motorcycle_parking"},"geometry":{"type":"Point","coordinates":[4.9009644985198975,52.37216696542792]}},{"type":"Feature","properties":{"mvt_id":21725256491,"subclass":"gate","rank":89,"class":"gate"},"geometry":{"type":"Point","coordinates":[4.900454878807068,52.371059954920646]}},{"type":"Feature","properties":{"mvt_id":27257520241,"subclass":"laundry","rank":90,"class":"laundry"},"geometry":{"type":"Point","coordinates":[4.900605082511902,52.371665866475595]}},{"type":"Feature","properties":{"mvt_id":56689853461,"subclass":"waste_basket","rank":91,"class":"waste_basket"},"geometry":{"type":"Point","coordinates":[4.901441931724548,52.369736746197525]}},{"type":"Feature","properties":{"mvt_id":61798771981,"subclass":"drinking_water","rank":92,"class":"drinking_water"},"geometry":{"type":"Point","coordinates":[4.900825023651123,52.37223901840456]}},{"type":"Feature","properties":{"mvt_id":62991788501,"subclass":"playground","rank":93,"class":"playground"},"geometry":{"type":"Point","coordinates":[4.900422692298889,52.36986448342165]}},{"type":"Feature","properties":{"mvt_id":62991788511,"subclass":"garden","rank":94,"class":"garden"},"geometry":{"type":"Point","coordinates":[4.900347590446472,52.36972036960363]}},{"type":"Feature","properties":{"mvt_id":62991809281,"subclass":"waste_basket","rank":95,"class":"waste_basket"},"geometry":{"type":"Point","coordinates":[4.900497794151306,52.36981862907601]}},{"type":"Feature","properties":{"mvt_id":63011587151,"subclass":"waste_basket","rank":96,"class":"waste_basket"},"geometry":{"type":"Point","coordinates":[4.90041196346283,52.3693633583475]}},{"type":"Feature","properties":{"mvt_id":63030244491,"subclass":"playground","rank":97,"class":"playground"},"geometry":{"type":"Point","coordinates":[4.901216626167297,52.37139402610329]}},{"type":"Feature","properties":{"mvt_id":67240011201,"subclass":"drinking_water","rank":98,"class":"drinking_water"},"geometry":{"type":"Point","coordinates":[4.901425838470459,52.37200320822573]}},{"type":"Feature","properties":{"mvt_id":67240011211,"subclass":"drinking_water","rank":99,"class":"drinking_water"},"geometry":{"type":"Point","coordinates":[4.904376268386841,52.37220626706611]}},{"type":"Feature","properties":{"mvt_id":75947000101,"subclass":"recycling","rank":100,"class":"recycling"},"geometry":{"type":"Point","coordinates":[4.9049073457717896,52.37048678769157]}},{"type":"Feature","properties":{"mvt_id":77830705111,"subclass":"gate","rank":101,"class":"gate"},"geometry":{"type":"Point","coordinates":[4.903995394706726,52.369979119077506]}},{"type":"Feature","properties":{"mvt_id":77830705121,"subclass":"gate","rank":102,"class":"gate"},"geometry":{"type":"Point","coordinates":[4.903475046157837,52.369756398102204]}},{"type":"Feature","properties":{"mvt_id":77838067941,"subclass":"gate","rank":103,"class":"gate"},"geometry":{"type":"Point","coordinates":[4.905019998550415,52.3704081813202]}},{"type":"Feature","properties":{"mvt_id":77838067951,"subclass":"gate","rank":104,"class":"gate"},"geometry":{"type":"Point","coordinates":[4.904960989952087,52.37038525443553]}},{"type":"Feature","properties":{"mvt_id":80446600531,"subclass":"gate","rank":105,"class":"gate"},"geometry":{"type":"Point","coordinates":[4.902718663215637,52.371331797349]}},{"type":"Feature","properties":{"mvt_id":80446600541,"subclass":"bollard","rank":106,"class":"bollard"},"geometry":{"type":"Point","coordinates":[4.903212189674377,52.3715708862947]}},{"type":"Feature","properties":{"mvt_id":80446600551,"subclass":"bollard","rank":107,"class":"bollard"},"geometry":{"type":"Point","coordinates":[4.903303384780884,52.37161673882132]}},{"type":"Feature","properties":{"mvt_id":80446774291,"subclass":"gate","rank":108,"class":"gate"},"geometry":{"type":"Point","coordinates":[4.902745485305786,52.372114563189285]}},{"type":"Feature","properties":{"mvt_id":110970188421,"subclass":"waste_basket","rank":109,"class":"waste_basket"},"geometry":{"type":"Point","coordinates":[4.903968572616577,52.36960573327626]}},{"type":"Feature","properties":{"mvt_id":110970261621,"subclass":"waste_basket","rank":110,"class":"waste_basket"},"geometry":{"type":"Point","coordinates":[4.904108047485352,52.369664689138915]}},{"type":"Feature","properties":{"mvt_id":110970424771,"subclass":"charging_station","rank":111,"class":"fuel"},"geometry":{"type":"Point","coordinates":[4.903920292854309,52.369582805975085]}},{"type":"Feature","properties":{"mvt_id":116308510871,"subclass":"bicycle_rental","rank":112,"class":"bicycle_rental","level":0},"geometry":{"type":"Point","coordinates":[4.9050092697143555,52.36908167770534]}},{"type":"Feature","properties":{"mvt_id":118895976801,"subclass":"waste_basket","rank":113,"class":"waste_basket"},"geometry":{"type":"Point","coordinates":[4.900020360946655,52.372222642738365]}},{"type":"Feature","properties":{"mvt_id":118895976831,"subclass":"waste_basket","rank":114,"class":"waste_basket"},"geometry":{"type":"Point","coordinates":[4.9000149965286255,52.372127663754775]}},{"type":"Feature","properties":{"mvt_id":125349037591,"subclass":"gate","rank":115,"class":"gate"},"geometry":{"type":"Point","coordinates":[4.9046391248703,52.37203595971474]}},{"type":"Feature","properties":{"mvt_id":608686001,"subclass":"subway_entrance","rank":80,"class":"entrance"},"geometry":{"type":"Point","coordinates":[4.90215539932251,52.36783702080649]}},{"type":"Feature","properties":{"mvt_id":2520985841,"subclass":"bollard","rank":81,"class":"bollard"},"geometry":{"type":"Point","coordinates":[4.90213930606842,52.365786535862654]}},{"type":"Feature","properties":{"mvt_id":9761102082,"subclass":"garden","rank":82,"class":"garden"},"geometry":{"type":"Point","coordinates":[4.903217554092407,52.366743003941714]}},{"type":"Feature","properties":{"mvt_id":13601860611,"subclass":"bollard","rank":83,"class":"bollard"},"geometry":{"type":"Point","coordinates":[4.9043869972229,52.3662123632498]}},{"type":"Feature","properties":{"mvt_id":27410825021,"subclass":"alcohol","rank":84,"class":"alcohol_shop"},"geometry":{"type":"Point","coordinates":[4.902482628822327,52.36665128872219]}},{"type":"Feature","properties":{"mvt_id":30850624391,"subclass":"gate","rank":85,"class":"gate"},"geometry":{"type":"Point","coordinates":[4.903732538223267,52.36555396686437]}},{"type":"Feature","properties":{"mvt_id":30850624401,"subclass":"gate","rank":86,"class":"gate"},"geometry":{"type":"Point","coordinates":[4.904188513755798,52.36594376491434]}},{"type":"Feature","properties":{"mvt_id":30850624411,"subclass":"gate","rank":87,"class":"gate"},"geometry":{"type":"Point","coordinates":[4.904440641403198,52.366035481602744]}},{"type":"Feature","properties":{"mvt_id":31309093291,"subclass":"recycling","rank":88,"class":"recycling"},"geometry":{"type":"Point","coordinates":[4.900444149971008,52.365976520896346]}},{"type":"Feature","properties":{"mvt_id":31882250841,"subclass":"bollard","rank":89,"class":"bollard"},"geometry":{"type":"Point","coordinates":[4.90139901638031,52.366657839815616]}},{"type":"Feature","properties":{"mvt_id":36086917491,"subclass":"bicycle_parking","rank":90,"class":"bicycle_parking"},"geometry":{"type":"Point","coordinates":[4.901093244552612,52.36674955502153]}},{"type":"Feature","properties":{"mvt_id":36086917501,"subclass":"bicycle_parking","rank":91,"class":"bicycle_parking"},"geometry":{"type":"Point","coordinates":[4.900610446929932,52.36694281143926]}},{"type":"Feature","properties":{"mvt_id":36086917511,"subclass":"bicycle_parking","rank":92,"class":"bicycle_parking"},"geometry":{"type":"Point","coordinates":[4.900449514389038,52.36700177085602]}},{"type":"Feature","properties":{"mvt_id":36086917521,"subclass":"bicycle_parking","rank":93,"class":"bicycle_parking"},"geometry":{"type":"Point","coordinates":[4.9002885818481445,52.367067281226795]}},{"type":"Feature","properties":{"mvt_id":36086917531,"subclass":"bicycle_parking","rank":94,"class":"bicycle_parking"},"geometry":{"type":"Point","coordinates":[4.900133013725281,52.36712624047743]}},{"type":"Feature","properties":{"mvt_id":36086917541,"subclass":"bicycle_parking","rank":95,"class":"bicycle_parking"},"geometry":{"type":"Point","coordinates":[4.899993538856506,52.367181924141896]}},{"type":"Feature","properties":{"mvt_id":36087392421,"subclass":"bicycle_parking","rank":96,"class":"bicycle_parking"},"geometry":{"type":"Point","coordinates":[4.901795983314514,52.36606168633588]}},{"type":"Feature","properties":{"mvt_id":43948966901,"subclass":"toilets","rank":97,"class":"toilets"},"geometry":{"type":"Point","coordinates":[4.903206825256348,52.36560310126178]}},{"type":"Feature","properties":{"mvt_id":44010815181,"subclass":"gate","rank":98,"class":"gate"},"geometry":{"type":"Point","coordinates":[4.904682040214539,52.36573412605441]}},{"type":"Feature","properties":{"mvt_id":44759160481,"subclass":"subway_entrance","rank":99,"class":"entrance"},"geometry":{"type":"Point","coordinates":[4.901790618896484,52.367240883239525]}},{"type":"Feature","properties":{"mvt_id":44759160491,"subclass":"subway_entrance","rank":100,"class":"entrance","layer":-1},"geometry":{"type":"Point","coordinates":[4.901930093765259,52.36736862768111]}},{"type":"Feature","properties":{"mvt_id":44759160531,"subclass":"bicycle_parking","rank":101,"class":"bicycle_parking"},"geometry":{"type":"Point","coordinates":[4.901608228683472,52.36689695406071]}},{"type":"Feature","properties":{"mvt_id":45559451171,"subclass":"bollard","rank":102,"class":"bollard"},"geometry":{"type":"Point","coordinates":[4.900320768356323,52.36615995394672]}},{"type":"Feature","properties":{"mvt_id":55667548471,"subclass":"bollard","rank":103,"class":"bollard"},"geometry":{"type":"Point","coordinates":[4.901356101036072,52.3666316354361]}},{"type":"Feature","properties":{"mvt_id":55808264871,"subclass":"drinking_water","rank":104,"class":"drinking_water"},"geometry":{"type":"Point","coordinates":[4.900004267692566,52.367280189260896]}},{"type":"Feature","properties":{"mvt_id":59246669891,"subclass":"lift_gate","rank":105,"class":"lift_gate"},"geometry":{"type":"Point","coordinates":[4.902010560035706,52.365776709028346]}},{"type":"Feature","properties":{"mvt_id":81121159511,"subclass":"recycling","rank":106,"class":"recycling"},"geometry":{"type":"Point","coordinates":[4.903571605682373,52.36855106510539]}},{"type":"Feature","properties":{"mvt_id":82721762661,"subclass":"artwork","rank":107,"class":"art_gallery"},"geometry":{"type":"Point","coordinates":[4.9035608768463135,52.36575050412617]}},{"type":"Feature","properties":{"mvt_id":97104087661,"subclass":"bicycle_parking","rank":108,"class":"bicycle_parking"},"geometry":{"type":"Point","coordinates":[4.900084733963013,52.3662483946096]}},{"type":"Feature","properties":{"mvt_id":107824041821,"subclass":"recycling","rank":109,"class":"recycling"},"geometry":{"type":"Point","coordinates":[4.901608228683472,52.36639907088671]}},{"type":"Feature","properties":{"mvt_id":109719741491,"subclass":"bollard","rank":110,"class":"bollard"},"geometry":{"type":"Point","coordinates":[4.902005195617676,52.36578326025147]}},{"type":"Feature","properties":{"mvt_id":109719741501,"subclass":"lift_gate","rank":111,"class":"lift_gate"},"geometry":{"type":"Point","coordinates":[4.90189254283905,52.36600600125938]}},{"type":"Feature","properties":{"mvt_id":109719741511,"subclass":"bollard","rank":112,"class":"bollard"},"geometry":{"type":"Point","coordinates":[4.90189790725708,52.36600272566446]}},{"type":"Feature","properties":{"mvt_id":121101500531,"subclass":"drinking_water","rank":113,"class":"drinking_water"},"geometry":{"type":"Point","coordinates":[4.902858138084412,52.368112158508694]}},{"type":"Feature","properties":{"mvt_id":122657369251,"subclass":"bicycle_parking","rank":114,"class":"bicycle_parking"},"geometry":{"type":"Point","coordinates":[4.902418255805969,52.36794511082245]}},{"type":"Feature","properties":{"mvt_id":122657369261,"subclass":"bicycle_parking","rank":115,"class":"bicycle_parking"},"geometry":{"type":"Point","coordinates":[4.902477264404297,52.36783046988793]}},{"type":"Feature","properties":{"mvt_id":130726400681,"subclass":"bicycle_parking","rank":116,"class":"bicycle_parking"},"geometry":{"type":"Point","coordinates":[4.90165650844574,52.366343386235464]}},{"type":"Feature","properties":{"mvt_id":130814337451,"subclass":"recycling","rank":117,"class":"recycling"},"geometry":{"type":"Point","coordinates":[4.903555512428284,52.36856416672782]}},{"type":"Feature","properties":{"mvt_id":130814337461,"subclass":"recycling","rank":118,"class":"recycling"},"geometry":{"type":"Point","coordinates":[4.903442859649658,52.36860674697385]}},{"type":"Feature","properties":{"mvt_id":130814337471,"subclass":"recycling","rank":119,"class":"recycling"},"geometry":{"type":"Point","coordinates":[4.903421401977539,52.36861657317865]}},{"type":"Feature","properties":{"mvt_id":130814337481,"subclass":"recycling","rank":120,"class":"recycling"},"geometry":{"type":"Point","coordinates":[4.90339994430542,52.36862639938126]}},{"type":"Feature","properties":{"mvt_id":2674209111,"subclass":"recycling","rank":27,"class":"recycling"},"geometry":{"type":"Point","coordinates":[4.902954697608948,52.36379164368113]}},{"type":"Feature","properties":{"mvt_id":11150692462,"subclass":"garden","rank":28,"class":"garden"},"geometry":{"type":"Point","coordinates":[4.903995394706726,52.36520019758978]}},{"type":"Feature","properties":{"mvt_id":11150692502,"subclass":"garden","rank":29,"class":"garden"},"geometry":{"type":"Point","coordinates":[4.903941750526428,52.365193646280204]}},{"type":"Feature","properties":{"mvt_id":12211825411,"subclass":"bollard","rank":30,"class":"bollard"},"geometry":{"type":"Point","coordinates":[4.90263819694519,52.36482022002835]}},{"type":"Feature","properties":{"mvt_id":12211825431,"subclass":"bollard","rank":31,"class":"bollard"},"geometry":{"type":"Point","coordinates":[4.9051433801651,52.365301742764025]}},{"type":"Feature","properties":{"mvt_id":12211825571,"subclass":"bollard","rank":32,"class":"bollard"},"geometry":{"type":"Point","coordinates":[4.901785254478455,52.36347389391723]}},{"type":"Feature","properties":{"mvt_id":12211825631,"subclass":"bollard","rank":33,"class":"bollard"},"geometry":{"type":"Point","coordinates":[4.902927875518799,52.36368681926934]}},{"type":"Feature","properties":{"mvt_id":30850579781,"subclass":"gate","rank":34,"class":"gate"},"geometry":{"type":"Point","coordinates":[4.903780817985535,52.36508227386873]}},{"type":"Feature","properties":{"mvt_id":33732376371,"subclass":"waste_basket","rank":35,"class":"waste_basket"},"geometry":{"type":"Point","coordinates":[4.901790618896484,52.363382171910864]}},{"type":"Feature","properties":{"mvt_id":33732376391,"subclass":"waste_basket","rank":36,"class":"waste_basket"},"geometry":{"type":"Point","coordinates":[4.901720881462097,52.36349354860811]}},{"type":"Feature","properties":{"mvt_id":36087392411,"subclass":"bicycle_parking","rank":37,"class":"bicycle_parking"},"geometry":{"type":"Point","coordinates":[4.90239679813385,52.36487918227795]}},{"type":"Feature","properties":{"mvt_id":43949081101,"subclass":"gate","rank":38,"class":"gate"},"geometry":{"type":"Point","coordinates":[4.90239679813385,52.365301742764025]}},{"type":"Feature","properties":{"mvt_id":50709034341,"subclass":"toilets","rank":39,"class":"toilets"},"geometry":{"type":"Point","coordinates":[4.905046820640564,52.36523950542685]}},{"type":"Feature","properties":{"mvt_id":54074401831,"subclass":"bollard","rank":40,"class":"bollard"},"geometry":{"type":"Point","coordinates":[4.90264356136322,52.36453851041631]}},{"type":"Feature","properties":{"mvt_id":59246935881,"subclass":"bollard","rank":41,"class":"bollard"},"geometry":{"type":"Point","coordinates":[4.902600646018982,52.36354596107437]}},{"type":"Feature","properties":{"mvt_id":59246935921,"subclass":"bollard","rank":42,"class":"bollard"},"geometry":{"type":"Point","coordinates":[4.902257323265076,52.3636376827407]}},{"type":"Feature","properties":{"mvt_id":59246935931,"subclass":"bollard","rank":43,"class":"bollard"},"geometry":{"type":"Point","coordinates":[4.9024128913879395,52.36367044043254]}},{"type":"Feature","properties":{"mvt_id":59246935941,"subclass":"bollard","rank":44,"class":"bollard"},"geometry":{"type":"Point","coordinates":[4.9024879932403564,52.36352303062803]}},{"type":"Feature","properties":{"mvt_id":59246935951,"subclass":"bollard","rank":45,"class":"bollard"},"geometry":{"type":"Point","coordinates":[4.902332425117493,52.36349682438907]}},{"type":"Feature","properties":{"mvt_id":85463831111,"subclass":"gate","rank":46,"class":"gate"},"geometry":{"type":"Point","coordinates":[4.904011487960815,52.36512813313099]}},{"type":"Feature","properties":{"mvt_id":107823117451,"subclass":"waste_basket","rank":47,"class":"waste_basket"},"geometry":{"type":"Point","coordinates":[4.903024435043335,52.36365406158966]}},{"type":"Feature","properties":{"mvt_id":107823117471,"subclass":"recycling","rank":48,"class":"recycling"},"geometry":{"type":"Point","coordinates":[4.903324842453003,52.36306114338907]}},{"type":"Feature","properties":{"mvt_id":107823117501,"subclass":"waste_basket","rank":49,"class":"waste_basket"},"geometry":{"type":"Point","coordinates":[4.903469681739807,52.36278925006152]}},{"type":"Feature","properties":{"mvt_id":107823117531,"subclass":"bicycle_parking","rank":50,"class":"bicycle_parking"},"geometry":{"type":"Point","coordinates":[4.903630614280701,52.362504251645014]}},{"type":"Feature","properties":{"mvt_id":107845938811,"subclass":"waste_basket","rank":51,"class":"waste_basket"},"geometry":{"type":"Point","coordinates":[4.901173710823059,52.364525407599935]}},{"type":"Feature","properties":{"mvt_id":121102564351,"subclass":"drinking_water","rank":52,"class":"drinking_water"},"geometry":{"type":"Point","coordinates":[4.902166128158569,52.365242781078365]}},{"type":"Feature","properties":{"mvt_id":1187292552,"subclass":"bicycle_parking","rank":9,"class":"bicycle_parking","layer":-1},"geometry":{"type":"Point","coordinates":[4.908839464187622,52.37555005337985]}},{"type":"Feature","properties":{"mvt_id":1397057172,"subclass":"parking","rank":10,"class":"parking"},"geometry":{"type":"Point","coordinates":[4.909939169883728,52.37236019814562]}},{"type":"Feature","properties":{"mvt_id":12884146572,"subclass":"bicycle_parking","rank":11,"class":"bicycle_parking"},"geometry":{"type":"Point","coordinates":[4.908185005187988,52.37552385427524]}},{"type":"Feature","properties":{"mvt_id":24678720191,"subclass":"bicycle_parking","rank":12,"class":"bicycle_parking"},"geometry":{"type":"Point","coordinates":[4.910743832588196,52.37559262689169]}},{"type":"Feature","properties":{"mvt_id":60307549051,"subclass":"lift_gate","rank":13,"class":"lift_gate"},"geometry":{"type":"Point","coordinates":[4.910722374916077,52.374701849474334]}},{"type":"Feature","properties":{"mvt_id":60307549061,"subclass":"lift_gate","rank":14,"class":"lift_gate"},"geometry":{"type":"Point","coordinates":[4.910534620285034,52.3748066477501]}},{"type":"Feature","properties":{"mvt_id":82377482631,"subclass":"waste_basket","rank":15,"class":"waste_basket"},"geometry":{"type":"Point","coordinates":[4.909434914588928,52.37251412868865]}},{"type":"Feature","properties":{"mvt_id":99135106041,"subclass":"bollard","rank":16,"class":"bollard"},"geometry":{"type":"Point","coordinates":[4.905926585197449,52.37359817753296]}},{"type":"Feature","properties":{"mvt_id":135567750031,"subclass":"waste_basket","rank":17,"class":"waste_basket"},"geometry":{"type":"Point","coordinates":[4.908775091171265,52.37530116125852]}},{"type":"Feature","properties":{"mvt_id":1480034372,"subclass":"parking","rank":26,"class":"parking"},"geometry":{"type":"Point","coordinates":[4.909740686416626,52.36994636606333]}},{"type":"Feature","properties":{"mvt_id":8472766462,"subclass":"bicycle_parking","rank":27,"class":"bicycle_parking"},"geometry":{"type":"Point","coordinates":[4.909037947654724,52.37107960623663]}},{"type":"Feature","properties":{"mvt_id":8472766472,"subclass":"bicycle_parking","rank":28,"class":"bicycle_parking"},"geometry":{"type":"Point","coordinates":[4.90964949131012,52.37085034033951]}},{"type":"Feature","properties":{"mvt_id":8498189712,"subclass":"playground","rank":29,"class":"playground"},"geometry":{"type":"Point","coordinates":[4.908549785614014,52.37089291838181]}},{"type":"Feature","properties":{"mvt_id":9761102032,"subclass":"garden","rank":30,"class":"garden"},"geometry":{"type":"Point","coordinates":[4.90713894367218,52.36920286610874]}},{"type":"Feature","properties":{"mvt_id":9761102062,"subclass":"garden","rank":31,"class":"garden"},"geometry":{"type":"Point","coordinates":[4.9089038372039795,52.36913735890495]}},{"type":"Feature","properties":{"mvt_id":9761102072,"subclass":"garden","rank":32,"class":"garden"},"geometry":{"type":"Point","coordinates":[4.908281564712524,52.369658138491396]}},{"type":"Feature","properties":{"mvt_id":13635831352,"subclass":"boules","rank":33,"class":"pitch"},"geometry":{"type":"Point","coordinates":[4.909971356391907,52.36890480754688]}},{"type":"Feature","properties":{"mvt_id":75946244761,"subclass":"basketball","rank":34,"class":"pitch"},"geometry":{"type":"Point","coordinates":[4.906017780303955,52.37073243170047]}},{"type":"Feature","properties":{"mvt_id":77838092671,"subclass":"gate","rank":35,"class":"gate"},"geometry":{"type":"Point","coordinates":[4.905948042869568,52.37070622973795]}},{"type":"Feature","properties":{"mvt_id":77838092701,"subclass":"gate","rank":36,"class":"gate"},"geometry":{"type":"Point","coordinates":[4.905610084533691,52.37065055051596]}},{"type":"Feature","properties":{"mvt_id":77838092711,"subclass":"gate","rank":37,"class":"gate"},"geometry":{"type":"Point","coordinates":[4.9055564403533936,52.37062107325237]}},{"type":"Feature","properties":{"mvt_id":79062333541,"subclass":"bicycle_parking","rank":38,"class":"bicycle_parking"},"geometry":{"type":"Point","coordinates":[4.908340573310852,52.37138420051633]}},{"type":"Feature","properties":{"mvt_id":79062333551,"subclass":"bicycle_parking","rank":39,"class":"bicycle_parking"},"geometry":{"type":"Point","coordinates":[4.908699989318848,52.371197513948914]}},{"type":"Feature","properties":{"mvt_id":79062333601,"subclass":"bicycle_parking","rank":40,"class":"bicycle_parking"},"geometry":{"type":"Point","coordinates":[4.909172058105469,52.37095514775442]}},{"type":"Feature","properties":{"mvt_id":79118657951,"subclass":"bicycle_parking","rank":41,"class":"bicycle_parking"},"geometry":{"type":"Point","coordinates":[4.9103844165802,52.37149228185262]}},{"type":"Feature","properties":{"mvt_id":79118657961,"subclass":"bicycle_parking","rank":42,"class":"bicycle_parking"},"geometry":{"type":"Point","coordinates":[4.908077716827393,52.37152175853479]}},{"type":"Feature","properties":{"mvt_id":79118657971,"subclass":"bicycle_parking","rank":43,"class":"bicycle_parking"},"geometry":{"type":"Point","coordinates":[4.909043312072754,52.37102392748531]}},{"type":"Feature","properties":{"mvt_id":79118657981,"subclass":"bicycle_parking","rank":44,"class":"bicycle_parking"},"geometry":{"type":"Point","coordinates":[4.909365177154541,52.370794661299186]}},{"type":"Feature","properties":{"mvt_id":79118657991,"subclass":"bicycle_parking","rank":45,"class":"bicycle_parking"},"geometry":{"type":"Point","coordinates":[4.909531474113464,52.37089291838181]}},{"type":"Feature","properties":{"mvt_id":80158024161,"subclass":"gate","rank":46,"class":"gate"},"geometry":{"type":"Point","coordinates":[4.909515380859375,52.369664689138915]}},{"type":"Feature","properties":{"mvt_id":80665607991,"subclass":"gate","rank":47,"class":"gate"},"geometry":{"type":"Point","coordinates":[4.9070799350738525,52.37210473776261]}},{"type":"Feature","properties":{"mvt_id":81121124211,"subclass":"recycling","rank":48,"class":"recycling"},"geometry":{"type":"Point","coordinates":[4.910100102424622,52.3705326413436]}},{"type":"Feature","properties":{"mvt_id":81121124221,"subclass":"recycling","rank":49,"class":"recycling"},"geometry":{"type":"Point","coordinates":[4.9099767208099365,52.3704638608477]}},{"type":"Feature","properties":{"mvt_id":81121244421,"subclass":"gate","rank":50,"class":"gate"},"geometry":{"type":"Point","coordinates":[4.910089373588562,52.37033612535689]}},{"type":"Feature","properties":{"mvt_id":81949497601,"subclass":"gate","rank":51,"class":"gate"},"geometry":{"type":"Point","coordinates":[4.908463954925537,52.37080448701729]}},{"type":"Feature","properties":{"mvt_id":81949497611,"subclass":"gate","rank":52,"class":"gate"},"geometry":{"type":"Point","coordinates":[4.909059405326843,52.37069312875085]}},{"type":"Feature","properties":{"mvt_id":82584107771,"subclass":"bollard","rank":53,"class":"bollard"},"geometry":{"type":"Point","coordinates":[4.908045530319214,52.36928802532846]}},{"type":"Feature","properties":{"mvt_id":82584107781,"subclass":"bollard","rank":54,"class":"bollard"},"geometry":{"type":"Point","coordinates":[4.907793402671814,52.36918648931691]}},{"type":"Feature","properties":{"mvt_id":82619913651,"subclass":"gate","rank":55,"class":"gate"},"geometry":{"type":"Point","coordinates":[4.909048676490784,52.37068330300797]}},{"type":"Feature","properties":{"mvt_id":128882819681,"subclass":"bicycle_parking","rank":56,"class":"bicycle_parking"},"geometry":{"type":"Point","coordinates":[4.910561442375183,52.3702509681578]}},{"type":"Feature","properties":{"mvt_id":128882819691,"subclass":"bicycle_parking","rank":57,"class":"bicycle_parking"},"geometry":{"type":"Point","coordinates":[4.9105507135391235,52.370175636652526]}},{"type":"Feature","properties":{"mvt_id":132328728121,"subclass":"gate","rank":58,"class":"gate"},"geometry":{"type":"Point","coordinates":[4.908512234687805,52.371276118915574]}},{"type":"Feature","properties":{"mvt_id":266994251,"subclass":"gate","rank":32,"class":"gate"},"geometry":{"type":"Point","coordinates":[4.909198880195618,52.36752257561988]}},{"type":"Feature","properties":{"mvt_id":9761102042,"subclass":"garden","rank":33,"class":"garden"},"geometry":{"type":"Point","coordinates":[4.906017780303955,52.36875086442512]}},{"type":"Feature","properties":{"mvt_id":9761102052,"subclass":"garden","rank":34,"class":"garden"},"geometry":{"type":"Point","coordinates":[4.90689754486084,52.368194044398685]}},{"type":"Feature","properties":{"mvt_id":13466375191,"subclass":"drinking_water","rank":35,"class":"drinking_water"},"geometry":{"type":"Point","coordinates":[4.909021854400635,52.367548779470916]}},{"type":"Feature","properties":{"mvt_id":13635831362,"subclass":"garden","rank":36,"class":"garden"},"geometry":{"type":"Point","coordinates":[4.909365177154541,52.368646051779926]}},{"type":"Feature","properties":{"mvt_id":13635842242,"subclass":"garden","rank":37,"class":"garden"},"geometry":{"type":"Point","coordinates":[4.907712936401367,52.36748326981417]}},{"type":"Feature","properties":{"mvt_id":14370301911,"subclass":"gate","rank":38,"class":"gate"},"geometry":{"type":"Point","coordinates":[4.9072301387786865,52.36628442594001]}},{"type":"Feature","properties":{"mvt_id":14370301931,"subclass":"gate","rank":39,"class":"gate"},"geometry":{"type":"Point","coordinates":[4.907578825950623,52.36697556668051]}},{"type":"Feature","properties":{"mvt_id":14745608252,"subclass":"playground","rank":40,"class":"playground"},"geometry":{"type":"Point","coordinates":[4.905454516410828,52.36697556668051]}},{"type":"Feature","properties":{"mvt_id":14745608262,"subclass":"parking","rank":41,"class":"parking"},"geometry":{"type":"Point","coordinates":[4.905840754508972,52.36698211772584]}},{"type":"Feature","properties":{"mvt_id":17515973581,"subclass":"drinking_water","rank":42,"class":"drinking_water"},"geometry":{"type":"Point","coordinates":[4.905695915222168,52.36706400571057]}},{"type":"Feature","properties":{"mvt_id":27428114571,"subclass":"guest_house","rank":43,"class":"lodging"},"geometry":{"type":"Point","coordinates":[4.907219409942627,52.36576360657919]}},{"type":"Feature","properties":{"mvt_id":45861739541,"subclass":"gate","rank":44,"class":"gate"},"geometry":{"type":"Point","coordinates":[4.910293221473694,52.36869190734279]}},{"type":"Feature","properties":{"mvt_id":67242278961,"subclass":"drinking_water","rank":45,"class":"drinking_water"},"geometry":{"type":"Point","coordinates":[4.909231066703796,52.367463616898206]}},{"type":"Feature","properties":{"mvt_id":82584107791,"subclass":"bollard","rank":46,"class":"bollard"},"geometry":{"type":"Point","coordinates":[4.90690290927887,52.368826198360246]}},{"type":"Feature","properties":{"mvt_id":82584107801,"subclass":"bollard","rank":47,"class":"bollard"},"geometry":{"type":"Point","coordinates":[4.9066561460494995,52.36872793668024]}},{"type":"Feature","properties":{"mvt_id":82671331051,"subclass":"gate","rank":48,"class":"gate"},"geometry":{"type":"Point","coordinates":[4.907739758491516,52.36745051494937]}},{"type":"Feature","properties":{"mvt_id":98744694441,"subclass":"toilets","rank":49,"class":"toilets"},"geometry":{"type":"Point","coordinates":[4.908415675163269,52.366474408832545]}},{"type":"Feature","properties":{"mvt_id":98744694451,"subclass":"toilets","rank":50,"class":"toilets"},"geometry":{"type":"Point","coordinates":[4.907246232032776,52.367057454677365]}},{"type":"Feature","properties":{"mvt_id":131802529221,"subclass":"waste_basket","rank":51,"class":"waste_basket"},"geometry":{"type":"Point","coordinates":[4.908040165901184,52.36761756450594]}},{"type":"Feature","properties":{"mvt_id":135197994571,"subclass":"cycle_barrier","rank":52,"class":"cycle_barrier"},"geometry":{"type":"Point","coordinates":[4.908957481384277,52.36613374927187]}},{"type":"Feature","properties":{"mvt_id":135197994621,"subclass":"cycle_barrier","rank":53,"class":"cycle_barrier"},"geometry":{"type":"Point","coordinates":[4.908356666564941,52.365956867310054]}},{"type":"Feature","properties":{"mvt_id":135197994671,"subclass":"cycle_barrier","rank":54,"class":"cycle_barrier"},"geometry":{"type":"Point","coordinates":[4.909316897392273,52.366022379230344]}},{"type":"Feature","properties":{"mvt_id":3646844281,"subclass":"gate","rank":31,"class":"gate"},"geometry":{"type":"Point","coordinates":[4.910223484039307,52.363552512628274]}},{"type":"Feature","properties":{"mvt_id":5108069212,"subclass":"basketball","rank":32,"class":"pitch"},"geometry":{"type":"Point","coordinates":[4.906039237976074,52.3628809732988]}},{"type":"Feature","properties":{"mvt_id":9231204712,"subclass":"garden","rank":33,"class":"garden"},"geometry":{"type":"Point","coordinates":[4.908844828605652,52.36438782779342]}},{"type":"Feature","properties":{"mvt_id":9231204722,"subclass":"garden","rank":34,"class":"garden"},"geometry":{"type":"Point","coordinates":[4.909510016441345,52.36454833752603]}},{"type":"Feature","properties":{"mvt_id":11150225802,"subclass":"playground","rank":35,"class":"playground"},"geometry":{"type":"Point","coordinates":[4.906345009803772,52.36282528421316]}},{"type":"Feature","properties":{"mvt_id":13521255512,"subclass":"garden","rank":36,"class":"garden"},"geometry":{"type":"Point","coordinates":[4.906286001205444,52.36271062999231]}},{"type":"Feature","properties":{"mvt_id":13556861162,"subclass":"garden","rank":37,"class":"garden"},"geometry":{"type":"Point","coordinates":[4.90664005279541,52.365036414558865]}},{"type":"Feature","properties":{"mvt_id":13556861172,"subclass":"garden","rank":38,"class":"garden"},"geometry":{"type":"Point","coordinates":[4.907085299491882,52.36484314980143]}},{"type":"Feature","properties":{"mvt_id":13556861182,"subclass":"garden","rank":39,"class":"garden"},"geometry":{"type":"Point","coordinates":[4.906983375549316,52.36504951722368]}},{"type":"Feature","properties":{"mvt_id":13556861192,"subclass":"garden","rank":40,"class":"garden"},"geometry":{"type":"Point","coordinates":[4.906951189041138,52.36482022002835]}},{"type":"Feature","properties":{"mvt_id":13556861222,"subclass":"garden","rank":41,"class":"garden"},"geometry":{"type":"Point","coordinates":[4.90689754486084,52.36481366866242]}},{"type":"Feature","properties":{"mvt_id":13556861242,"subclass":"garden","rank":42,"class":"garden"},"geometry":{"type":"Point","coordinates":[4.906994104385376,52.36483987412029]}},{"type":"Feature","properties":{"mvt_id":13570655102,"subclass":"garden","rank":43,"class":"garden"},"geometry":{"type":"Point","coordinates":[4.910507798194885,52.363585270383254]}},{"type":"Feature","properties":{"mvt_id":14464784332,"subclass":"parking","rank":44,"class":"parking"},"geometry":{"type":"Point","coordinates":[4.908040165901184,52.36308734988644]}},{"type":"Feature","properties":{"mvt_id":14464784342,"subclass":"parking","rank":45,"class":"parking"},"geometry":{"type":"Point","coordinates":[4.907707571983337,52.36315286606188]}},{"type":"Feature","properties":{"mvt_id":14575364302,"subclass":"garden","rank":46,"class":"garden"},"geometry":{"type":"Point","coordinates":[4.9085283279418945,52.365210024552326]}},{"type":"Feature","properties":{"mvt_id":30294664381,"subclass":"gate","rank":47,"class":"gate"},"geometry":{"type":"Point","coordinates":[4.907857775688171,52.363903019346154]}},{"type":"Feature","properties":{"mvt_id":31308900901,"subclass":"bicycle_parking","rank":48,"class":"bicycle_parking"},"geometry":{"type":"Point","coordinates":[4.9060070514678955,52.362288044723435]}},{"type":"Feature","properties":{"mvt_id":31309009621,"subclass":"recycling","rank":49,"class":"recycling"},"geometry":{"type":"Point","coordinates":[4.906790256500244,52.36244856208455]}},{"type":"Feature","properties":{"mvt_id":55808307131,"subclass":"drinking_water","rank":50,"class":"drinking_water"},"geometry":{"type":"Point","coordinates":[4.910545349121094,52.363585270383254]}},{"type":"Feature","properties":{"mvt_id":125098313731,"subclass":"cycle_barrier","rank":51,"class":"cycle_barrier"},"geometry":{"type":"Point","coordinates":[4.906661510467529,52.36288752495131]}},{"type":"Feature","properties":{"mvt_id":130463186631,"subclass":"artwork","rank":52,"class":"art_gallery"},"geometry":{"type":"Point","coordinates":[4.90689754486084,52.36245183794299]}},{"type":"Feature","properties":{"mvt_id":130463186641,"subclass":"artwork","rank":53,"class":"art_gallery"},"geometry":{"type":"Point","coordinates":[4.907020926475525,52.36226511362424]}},{"type":"Feature","properties":{"mvt_id":132720034261,"subclass":"gate","rank":54,"class":"gate"},"geometry":{"type":"Point","coordinates":[4.907541275024414,52.363077522451746]}},{"type":"Feature","properties":{"mvt_id":132720034421,"subclass":"gate","rank":55,"class":"gate"},"geometry":{"type":"Point","coordinates":[4.907922148704529,52.363231485344166]}},{"type":"Feature","properties":{"mvt_id":133224738601,"subclass":"gate","rank":56,"class":"gate"},"geometry":{"type":"Point","coordinates":[4.908565878868103,52.3655310374602]}},{"type":"Feature","properties":{"mvt_id":133224738631,"subclass":"gate","rank":57,"class":"gate"},"geometry":{"type":"Point","coordinates":[4.909670948982239,52.36526571063214]}},{"type":"Feature","properties":{"mvt_id":133224738681,"subclass":"gate","rank":58,"class":"gate"},"geometry":{"type":"Point","coordinates":[4.909971356391907,52.36503969022544]}},{"type":"Feature","properties":{"mvt_id":133224738691,"subclass":"gate","rank":59,"class":"gate"},"geometry":{"type":"Point","coordinates":[4.909526109695435,52.36495779848836]}},{"type":"Feature","properties":{"mvt_id":133224738701,"subclass":"gate","rank":60,"class":"gate"},"geometry":{"type":"Point","coordinates":[4.906666874885559,52.3644631691691]}},{"type":"Feature","properties":{"mvt_id":133224738751,"subclass":"gate","rank":61,"class":"gate"},"geometry":{"type":"Point","coordinates":[4.906269907951355,52.36506917121363]}},{"type":"Feature","properties":{"mvt_id":133224738781,"subclass":"gate","rank":62,"class":"gate"},"geometry":{"type":"Point","coordinates":[4.9067312479019165,52.36434196776272]}},{"type":"Feature","properties":{"mvt_id":133225327911,"subclass":"gate","rank":63,"class":"gate"},"geometry":{"type":"Point","coordinates":[4.908962845802307,52.364751430637675]}},{"type":"Feature","properties":{"mvt_id":133225328001,"subclass":"gate","rank":64,"class":"gate"},"geometry":{"type":"Point","coordinates":[4.910432696342468,52.3649709011765]}},{"type":"Feature","properties":{"mvt_id":133225398011,"subclass":"gate","rank":65,"class":"gate"},"geometry":{"type":"Point","coordinates":[4.9097031354904175,52.36488573363416]}},{"type":"Feature","properties":{"mvt_id":133225398041,"subclass":"gate","rank":66,"class":"gate"},"geometry":{"type":"Point","coordinates":[4.910325407981873,52.364997106541104]}},{"type":"Feature","properties":{"mvt_id":133225398141,"subclass":"gate","rank":67,"class":"gate"},"geometry":{"type":"Point","coordinates":[4.910690188407898,52.364453342040434]}},{"type":"Feature","properties":{"mvt_id":7627350962,"subclass":"parking","rank":18,"class":"parking"},"geometry":{"type":"Point","coordinates":[4.915679097175598,52.37554677849262]}},{"type":"Feature","properties":{"mvt_id":9405508022,"subclass":"garden","rank":19,"class":"garden"},"geometry":{"type":"Point","coordinates":[4.914273619651794,52.37393877953146]}},{"type":"Feature","properties":{"mvt_id":9405508032,"subclass":"garden","rank":20,"class":"garden"},"geometry":{"type":"Point","coordinates":[4.914311170578003,52.37384052922453]}},{"type":"Feature","properties":{"mvt_id":9405508042,"subclass":"garden","rank":21,"class":"garden"},"geometry":{"type":"Point","coordinates":[4.91463840007782,52.37383070418182]}},{"type":"Feature","properties":{"mvt_id":9405508052,"subclass":"garden","rank":22,"class":"garden"},"geometry":{"type":"Point","coordinates":[4.914498925209045,52.373781578935464]}},{"type":"Feature","properties":{"mvt_id":9405508132,"subclass":"garden","rank":23,"class":"garden"},"geometry":{"type":"Point","coordinates":[4.9142467975616455,52.37415820442777]}},{"type":"Feature","properties":{"mvt_id":11631018372,"subclass":"parking","rank":24,"class":"parking"},"geometry":{"type":"Point","coordinates":[4.914509654045105,52.3747051244242]}},{"type":"Feature","properties":{"mvt_id":11631018392,"subclass":"parking","rank":25,"class":"parking"},"geometry":{"type":"Point","coordinates":[4.914289712905884,52.37479682292231]}},{"type":"Feature","properties":{"mvt_id":11631018402,"subclass":"parking","rank":26,"class":"parking"},"geometry":{"type":"Point","coordinates":[4.914461374282837,52.37453482670833]}},{"type":"Feature","properties":{"mvt_id":11631018412,"subclass":"parking","rank":27,"class":"parking"},"geometry":{"type":"Point","coordinates":[4.914160966873169,52.374996593991085]}},{"type":"Feature","properties":{"mvt_id":11631018462,"subclass":"garden","rank":28,"class":"garden"},"geometry":{"type":"Point","coordinates":[4.9161189794540405,52.37236019814562]}},{"type":"Feature","properties":{"mvt_id":13844241142,"subclass":"parking","rank":29,"class":"parking"},"geometry":{"type":"Point","coordinates":[4.914295077323914,52.37503916803646]}},{"type":"Feature","properties":{"mvt_id":13844241152,"subclass":"parking","rank":30,"class":"parking"},"geometry":{"type":"Point","coordinates":[4.914252161979675,52.375104666487694]}},{"type":"Feature","properties":{"mvt_id":24678720141,"subclass":"bicycle_parking","rank":31,"class":"bicycle_parking"},"geometry":{"type":"Point","coordinates":[4.9124979972839355,52.37304469368313]}},{"type":"Feature","properties":{"mvt_id":24678720151,"subclass":"bicycle_parking","rank":32,"class":"bicycle_parking"},"geometry":{"type":"Point","coordinates":[4.911768436431885,52.37320844702392]}},{"type":"Feature","properties":{"mvt_id":45722928061,"subclass":"picnic_site","rank":33,"class":"picnic_site"},"geometry":{"type":"Point","coordinates":[4.916188716888428,52.37265823339168]}},{"type":"Feature","properties":{"mvt_id":45723104431,"subclass":"picnic_site","rank":34,"class":"picnic_site"},"geometry":{"type":"Point","coordinates":[4.916011691093445,52.37224884380136]}},{"type":"Feature","properties":{"mvt_id":45723104631,"subclass":"picnic_site","rank":35,"class":"picnic_site"},"geometry":{"type":"Point","coordinates":[4.91412878036499,52.37549765515509]}},{"type":"Feature","properties":{"mvt_id":64210298721,"subclass":"drinking_water","rank":36,"class":"drinking_water"},"geometry":{"type":"Point","coordinates":[4.914187788963318,52.37494419510965]}},{"type":"Feature","properties":{"mvt_id":71269587251,"subclass":"gate","rank":37,"class":"gate"},"geometry":{"type":"Point","coordinates":[4.914858341217041,52.375091566805224]}},{"type":"Feature","properties":{"mvt_id":78046299321,"subclass":"bicycle_parking","rank":38,"class":"bicycle_parking"},"geometry":{"type":"Point","coordinates":[4.915475249290466,52.374380903207836]}},{"type":"Feature","properties":{"mvt_id":81319788431,"subclass":"waste_basket","rank":39,"class":"waste_basket"},"geometry":{"type":"Point","coordinates":[4.911907911300659,52.37463307547071]}},{"type":"Feature","properties":{"mvt_id":87107123181,"subclass":"gate","rank":40,"class":"gate"},"geometry":{"type":"Point","coordinates":[4.915813207626343,52.373863454315696]}},{"type":"Feature","properties":{"mvt_id":87107123611,"subclass":"gate","rank":41,"class":"gate"},"geometry":{"type":"Point","coordinates":[4.914981722831726,52.37443985269694]}},{"type":"Feature","properties":{"mvt_id":90627179061,"subclass":"artwork","rank":42,"class":"art_gallery"},"geometry":{"type":"Point","coordinates":[4.914692044258118,52.37443985269694]}},{"type":"Feature","properties":{"mvt_id":99749784551,"subclass":"drinking_water","rank":43,"class":"drinking_water"},"geometry":{"type":"Point","coordinates":[4.912460446357727,52.37421387922806]}},{"type":"Feature","properties":{"mvt_id":108169203551,"subclass":"playground","rank":44,"class":"playground"},"geometry":{"type":"Point","coordinates":[4.915110468864441,52.375121041085315]}},{"type":"Feature","properties":{"mvt_id":111627664051,"subclass":"dog_park","rank":45,"class":"dog_park"},"geometry":{"type":"Point","coordinates":[4.916011691093445,52.37487869642043]}},{"type":"Feature","properties":{"mvt_id":118495902371,"subclass":"toilets","rank":46,"class":"toilets"},"geometry":{"type":"Point","coordinates":[4.91563618183136,52.37247482732441]}},{"type":"Feature","properties":{"mvt_id":120029102461,"subclass":"bicycle_parking","rank":47,"class":"bicycle_parking"},"geometry":{"type":"Point","coordinates":[4.915260672569275,52.372255394064666]}},{"type":"Feature","properties":{"mvt_id":120029102471,"subclass":"waste_basket","rank":48,"class":"waste_basket"},"geometry":{"type":"Point","coordinates":[4.916328191757202,52.3728973151573]}},{"type":"Feature","properties":{"mvt_id":120029102481,"subclass":"waste_basket","rank":49,"class":"waste_basket"},"geometry":{"type":"Point","coordinates":[4.915850758552551,52.372651683188096]}},{"type":"Feature","properties":{"mvt_id":120029102491,"subclass":"waste_basket","rank":50,"class":"waste_basket"},"geometry":{"type":"Point","coordinates":[4.916167259216309,52.372805612715275]}},{"type":"Feature","properties":{"mvt_id":121515530861,"subclass":"waste_basket","rank":51,"class":"waste_basket"},"geometry":{"type":"Point","coordinates":[4.916006326675415,52.37250430335087]}},{"type":"Feature","properties":{"mvt_id":135251293701,"subclass":"waste_basket","rank":52,"class":"waste_basket"},"geometry":{"type":"Point","coordinates":[4.915829300880432,52.37441037796222]}},{"type":"Feature","properties":{"mvt_id":136678243471,"subclass":"bollard","rank":53,"class":"bollard"},"geometry":{"type":"Point","coordinates":[4.9151694774627686,52.374672374914475]}},{"type":"Feature","properties":{"mvt_id":137207218961,"subclass":"waste_basket","rank":54,"class":"waste_basket"},"geometry":{"type":"Point","coordinates":[4.912192225456238,52.373889654405325]}},{"type":"Feature","properties":{"mvt_id":137207988911,"subclass":"waste_basket","rank":55,"class":"waste_basket"},"geometry":{"type":"Point","coordinates":[4.912481904029846,52.373889654405325]}},{"type":"Feature","properties":{"mvt_id":137207988921,"subclass":"waste_basket","rank":56,"class":"waste_basket"},"geometry":{"type":"Point","coordinates":[4.9124979972839355,52.3737586538018]}},{"type":"Feature","properties":{"mvt_id":137207988931,"subclass":"waste_basket","rank":57,"class":"waste_basket"},"geometry":{"type":"Point","coordinates":[4.912503361701965,52.37400100461279]}},{"type":"Feature","properties":{"mvt_id":137207988941,"subclass":"waste_basket","rank":58,"class":"waste_basket"},"geometry":{"type":"Point","coordinates":[4.912170767784119,52.373987904602956]}},{"type":"Feature","properties":{"mvt_id":7367256722,"subclass":"parking","rank":34,"class":"parking"},"geometry":{"type":"Point","coordinates":[4.914515018463135,52.370460585583324]}},{"type":"Feature","properties":{"mvt_id":8704382772,"subclass":"playground","rank":35,"class":"playground"},"geometry":{"type":"Point","coordinates":[4.916274547576904,52.36945834327535]}},{"type":"Feature","properties":{"mvt_id":8821201372,"subclass":"playground","rank":36,"class":"playground"},"geometry":{"type":"Point","coordinates":[4.913667440414429,52.36960900860402]}},{"type":"Feature","properties":{"mvt_id":10662653062,"subclass":"bicycle_parking","rank":37,"class":"bicycle_parking"},"geometry":{"type":"Point","coordinates":[4.915491342544556,52.37209818747695]}},{"type":"Feature","properties":{"mvt_id":10662653072,"subclass":"bicycle_parking","rank":38,"class":"bicycle_parking"},"geometry":{"type":"Point","coordinates":[4.915738105773926,52.37217351570338]}},{"type":"Feature","properties":{"mvt_id":11891718242,"subclass":"bicycle_parking","rank":39,"class":"bicycle_parking"},"geometry":{"type":"Point","coordinates":[4.912621378898621,52.36983500563348]}},{"type":"Feature","properties":{"mvt_id":11891718252,"subclass":"bicycle_parking","rank":40,"class":"bicycle_parking"},"geometry":{"type":"Point","coordinates":[4.912594556808472,52.369815353763784]}},{"type":"Feature","properties":{"mvt_id":13602123141,"subclass":"bollard","rank":41,"class":"bollard"},"geometry":{"type":"Point","coordinates":[4.914493560791016,52.36909477917038]}},{"type":"Feature","properties":{"mvt_id":24678720031,"subclass":"bicycle_parking","rank":42,"class":"bicycle_parking"},"geometry":{"type":"Point","coordinates":[4.911532402038574,52.36962538523922]}},{"type":"Feature","properties":{"mvt_id":24678720051,"subclass":"bicycle_parking","rank":43,"class":"bicycle_parking"},"geometry":{"type":"Point","coordinates":[4.911736249923706,52.3701887377931]}},{"type":"Feature","properties":{"mvt_id":24678720071,"subclass":"bicycle_parking","rank":44,"class":"bicycle_parking"},"geometry":{"type":"Point","coordinates":[4.9119508266448975,52.37028372094611]}},{"type":"Feature","properties":{"mvt_id":24678720091,"subclass":"bicycle_parking","rank":45,"class":"bicycle_parking"},"geometry":{"type":"Point","coordinates":[4.916102886199951,52.370794661299186]}},{"type":"Feature","properties":{"mvt_id":24678720101,"subclass":"bicycle_parking","rank":46,"class":"bicycle_parking"},"geometry":{"type":"Point","coordinates":[4.914826154708862,52.37130232054005]}},{"type":"Feature","properties":{"mvt_id":24678720111,"subclass":"bicycle_parking","rank":47,"class":"bicycle_parking"},"geometry":{"type":"Point","coordinates":[4.9127501249313354,52.37130232054005]}},{"type":"Feature","properties":{"mvt_id":24678720121,"subclass":"bicycle_parking","rank":48,"class":"bicycle_parking"},"geometry":{"type":"Point","coordinates":[4.915325045585632,52.37145297957912]}},{"type":"Feature","properties":{"mvt_id":45722928011,"subclass":"picnic_site","rank":49,"class":"picnic_site"},"geometry":{"type":"Point","coordinates":[4.9159204959869385,52.371914779084086]}},{"type":"Feature","properties":{"mvt_id":45722928121,"subclass":"artwork","rank":50,"class":"art_gallery"},"geometry":{"type":"Point","coordinates":[4.916033148765564,52.37199665792501]}},{"type":"Feature","properties":{"mvt_id":48353702831,"subclass":"gate","rank":51,"class":"gate"},"geometry":{"type":"Point","coordinates":[4.91388738155365,52.37090274407806]}},{"type":"Feature","properties":{"mvt_id":51571060931,"subclass":"toilets","rank":52,"class":"toilets"},"geometry":{"type":"Point","coordinates":[4.911671876907349,52.370218215345204]}},{"type":"Feature","properties":{"mvt_id":67242278951,"subclass":"drinking_water","rank":53,"class":"drinking_water"},"geometry":{"type":"Point","coordinates":[4.915705919265747,52.37157416147676]}},{"type":"Feature","properties":{"mvt_id":72516669181,"subclass":"gate","rank":54,"class":"gate"},"geometry":{"type":"Point","coordinates":[4.91463303565979,52.37113200970317]}},{"type":"Feature","properties":{"mvt_id":72516881241,"subclass":"gate","rank":55,"class":"gate"},"geometry":{"type":"Point","coordinates":[4.914922714233398,52.3709616982096]}},{"type":"Feature","properties":{"mvt_id":82377482601,"subclass":"waste_basket","rank":56,"class":"waste_basket"},"geometry":{"type":"Point","coordinates":[4.912095665931702,52.371511932976254]}},{"type":"Feature","properties":{"mvt_id":108529109621,"subclass":"gate","rank":57,"class":"gate"},"geometry":{"type":"Point","coordinates":[4.911189079284668,52.37051626504476]}},{"type":"Feature","properties":{"mvt_id":120030175491,"subclass":"bicycle_parking","rank":58,"class":"bicycle_parking"},"geometry":{"type":"Point","coordinates":[4.915663003921509,52.37181979943846]}},{"type":"Feature","properties":{"mvt_id":120030175501,"subclass":"bicycle_parking","rank":59,"class":"bicycle_parking"},"geometry":{"type":"Point","coordinates":[4.915866851806641,52.37174774577795]}},{"type":"Feature","properties":{"mvt_id":120030175511,"subclass":"bicycle_parking","rank":60,"class":"bicycle_parking"},"geometry":{"type":"Point","coordinates":[4.915700554847717,52.37176084645224]}},{"type":"Feature","properties":{"mvt_id":128788238591,"subclass":"bicycle_parking","rank":61,"class":"bicycle_parking"},"geometry":{"type":"Point","coordinates":[4.912744760513306,52.37023131647315]}},{"type":"Feature","properties":{"mvt_id":128788516881,"subclass":"bicycle_parking","rank":62,"class":"bicycle_parking"},"geometry":{"type":"Point","coordinates":[4.913367033004761,52.369415763850185]}},{"type":"Feature","properties":{"mvt_id":128788567151,"subclass":"bicycle_parking","rank":63,"class":"bicycle_parking"},"geometry":{"type":"Point","coordinates":[4.914439916610718,52.36917338787906]}},{"type":"Feature","properties":{"mvt_id":128788574561,"subclass":"bicycle_parking","rank":64,"class":"bicycle_parking"},"geometry":{"type":"Point","coordinates":[4.912793040275574,52.37027389511216]}},{"type":"Feature","properties":{"mvt_id":128788700841,"subclass":"bicycle_parking","rank":65,"class":"bicycle_parking"},"geometry":{"type":"Point","coordinates":[4.914552569389343,52.369582805975085]}},{"type":"Feature","properties":{"mvt_id":128788805401,"subclass":"bicycle_parking","rank":66,"class":"bicycle_parking"},"geometry":{"type":"Point","coordinates":[4.913527965545654,52.369533676003925]}},{"type":"Feature","properties":{"mvt_id":128788857091,"subclass":"bicycle_parking","rank":67,"class":"bicycle_parking"},"geometry":{"type":"Point","coordinates":[4.913721084594727,52.36946161861404]}},{"type":"Feature","properties":{"mvt_id":128788950821,"subclass":"waste_basket","rank":68,"class":"waste_basket"},"geometry":{"type":"Point","coordinates":[4.911087155342102,52.370159260221335]}},{"type":"Feature","properties":{"mvt_id":131801019141,"subclass":"waste_basket","rank":69,"class":"waste_basket"},"geometry":{"type":"Point","coordinates":[4.915984869003296,52.371181137896585]}},{"type":"Feature","properties":{"mvt_id":131801019161,"subclass":"waste_basket","rank":70,"class":"waste_basket"},"geometry":{"type":"Point","coordinates":[4.916108250617981,52.37103375315241]}},{"type":"Feature","properties":{"mvt_id":131801019211,"subclass":"waste_basket","rank":71,"class":"waste_basket"},"geometry":{"type":"Point","coordinates":[4.915582537651062,52.37109270710909]}},{"type":"Feature","properties":{"mvt_id":131801019221,"subclass":"waste_basket","rank":72,"class":"waste_basket"},"geometry":{"type":"Point","coordinates":[4.915748834609985,52.371223715620005]}},{"type":"Feature","properties":{"mvt_id":131801019231,"subclass":"waste_basket","rank":73,"class":"waste_basket"},"geometry":{"type":"Point","coordinates":[4.915936589241028,52.37094859729828]}},{"type":"Feature","properties":{"mvt_id":132788153901,"subclass":"artwork","rank":74,"class":"art_gallery"},"geometry":{"type":"Point","coordinates":[4.911156892776489,52.37128921972975]}},{"type":"Feature","properties":{"mvt_id":132817990811,"subclass":"lift_gate","rank":75,"class":"lift_gate"},"geometry":{"type":"Point","coordinates":[4.914568662643433,52.3704081813202]}},{"type":"Feature","properties":{"mvt_id":132817990891,"subclass":"gate","rank":76,"class":"gate"},"geometry":{"type":"Point","coordinates":[4.9146705865859985,52.37032957480894]}},{"type":"Feature","properties":{"mvt_id":132817990901,"subclass":"gate","rank":77,"class":"gate"},"geometry":{"type":"Point","coordinates":[4.91489052772522,52.37025751871741]}},{"type":"Feature","properties":{"mvt_id":132817990961,"subclass":"bollard","rank":78,"class":"bollard"},"geometry":{"type":"Point","coordinates":[4.915330410003662,52.37006100150668]}},{"type":"Feature","properties":{"mvt_id":132817990971,"subclass":"gate","rank":79,"class":"gate"},"geometry":{"type":"Point","coordinates":[4.9140214920043945,52.370627623757095]}},{"type":"Feature","properties":{"mvt_id":132818105051,"subclass":"cycle_barrier","rank":80,"class":"cycle_barrier"},"geometry":{"type":"Point","coordinates":[4.915223121643066,52.36945834327535]}},{"type":"Feature","properties":{"mvt_id":132818105071,"subclass":"bollard","rank":81,"class":"bollard"},"geometry":{"type":"Point","coordinates":[4.9154216051101685,52.369343706267955]}},{"type":"Feature","properties":{"mvt_id":134307805171,"subclass":"waste_basket","rank":82,"class":"waste_basket"},"geometry":{"type":"Point","coordinates":[4.911543130874634,52.36994309076057]}},{"type":"Feature","properties":{"mvt_id":134307805181,"subclass":"waste_basket","rank":83,"class":"waste_basket"},"geometry":{"type":"Point","coordinates":[4.9113929271698,52.36983828094426]}},{"type":"Feature","properties":{"mvt_id":192711783,"subclass":"playground","rank":66,"class":"playground"},"geometry":{"type":"Point","coordinates":[4.915856122970581,52.365891355292625]}},{"type":"Feature","properties":{"mvt_id":265252622,"subclass":"playground","rank":67,"class":"playground"},"geometry":{"type":"Point","coordinates":[4.91387665271759,52.367440688485196]}},{"type":"Feature","properties":{"mvt_id":2907266791,"subclass":"gate","rank":68,"class":"gate"},"geometry":{"type":"Point","coordinates":[4.912964701652527,52.367113138428536]}},{"type":"Feature","properties":{"mvt_id":4568546551,"subclass":"bollard","rank":69,"class":"bollard"},"geometry":{"type":"Point","coordinates":[4.914219975471497,52.36880327065446]}},{"type":"Feature","properties":{"mvt_id":8901732532,"subclass":"bicycle_parking","rank":70,"class":"bicycle_parking"},"geometry":{"type":"Point","coordinates":[4.913667440414429,52.368004068901485]}},{"type":"Feature","properties":{"mvt_id":10246890401,"subclass":"gate","rank":71,"class":"gate"},"geometry":{"type":"Point","coordinates":[4.912862777709961,52.36823990043078]}},{"type":"Feature","properties":{"mvt_id":10246890461,"subclass":"gate","rank":72,"class":"gate"},"geometry":{"type":"Point","coordinates":[4.911194443702698,52.36885567682164]}},{"type":"Feature","properties":{"mvt_id":10246890551,"subclass":"gate","rank":73,"class":"gate"},"geometry":{"type":"Point","coordinates":[4.912342429161072,52.36843642574345]}},{"type":"Feature","properties":{"mvt_id":10246890621,"subclass":"gate","rank":74,"class":"gate"},"geometry":{"type":"Point","coordinates":[4.9117255210876465,52.368659153374175]}},{"type":"Feature","properties":{"mvt_id":11891773812,"subclass":"bicycle_parking","rank":75,"class":"bicycle_parking"},"geometry":{"type":"Point","coordinates":[4.915314316749573,52.368321786083975]}},{"type":"Feature","properties":{"mvt_id":13570625702,"subclass":"garden","rank":76,"class":"garden"},"geometry":{"type":"Point","coordinates":[4.913254380226135,52.36555396686437]}},{"type":"Feature","properties":{"mvt_id":13602174481,"subclass":"bollard","rank":77,"class":"bollard"},"geometry":{"type":"Point","coordinates":[4.913978576660156,52.36878361832575]}},{"type":"Feature","properties":{"mvt_id":42964315921,"subclass":"toilets","rank":78,"class":"toilets"},"geometry":{"type":"Point","coordinates":[4.913163185119629,52.36768307396353]}},{"type":"Feature","properties":{"mvt_id":45525727531,"subclass":"artwork","rank":79,"class":"art_gallery"},"geometry":{"type":"Point","coordinates":[4.913667440414429,52.368220247851426]}},{"type":"Feature","properties":{"mvt_id":55808264891,"subclass":"drinking_water","rank":80,"class":"drinking_water"},"geometry":{"type":"Point","coordinates":[4.912578463554382,52.36707383225853]}},{"type":"Feature","properties":{"mvt_id":58965077461,"subclass":"lift_gate","rank":81,"class":"lift_gate"},"geometry":{"type":"Point","coordinates":[4.9140483140945435,52.367905805392695]}},{"type":"Feature","properties":{"mvt_id":58965077491,"subclass":"lift_gate","rank":82,"class":"lift_gate"},"geometry":{"type":"Point","coordinates":[4.91413950920105,52.367846847182506]}},{"type":"Feature","properties":{"mvt_id":58965077531,"subclass":"lift_gate","rank":83,"class":"lift_gate"},"geometry":{"type":"Point","coordinates":[4.91412878036499,52.367807541665314]}},{"type":"Feature","properties":{"mvt_id":58965110861,"subclass":"lift_gate","rank":84,"class":"lift_gate"},"geometry":{"type":"Point","coordinates":[4.91413950920105,52.36776823611317]}},{"type":"Feature","properties":{"mvt_id":80171436911,"subclass":"gate","rank":85,"class":"gate"},"geometry":{"type":"Point","coordinates":[4.912953972816467,52.36702469949684]}},{"type":"Feature","properties":{"mvt_id":96801308341,"subclass":"toilets","rank":86,"class":"toilets"},"geometry":{"type":"Point","coordinates":[4.913157820701599,52.36725726075268]}},{"type":"Feature","properties":{"mvt_id":103009295371,"subclass":"toilets","rank":87,"class":"toilets"},"geometry":{"type":"Point","coordinates":[4.915850758552551,52.36638596862214]}},{"type":"Feature","properties":{"mvt_id":108244976131,"subclass":"gate","rank":88,"class":"gate"},"geometry":{"type":"Point","coordinates":[4.9124979972839355,52.366304079380576]}},{"type":"Feature","properties":{"mvt_id":108245039511,"subclass":"gate","rank":89,"class":"gate"},"geometry":{"type":"Point","coordinates":[4.913549423217773,52.36592738691424]}},{"type":"Feature","properties":{"mvt_id":108245173411,"subclass":"toilets","rank":90,"class":"toilets"},"geometry":{"type":"Point","coordinates":[4.913554787635803,52.36600600125938]}},{"type":"Feature","properties":{"mvt_id":122160596791,"subclass":"atm","rank":91,"class":"atm"},"geometry":{"type":"Point","coordinates":[4.911478757858276,52.366379417488396]}},{"type":"Feature","properties":{"mvt_id":122784283901,"subclass":"drinking_water","rank":92,"class":"drinking_water"},"geometry":{"type":"Point","coordinates":[4.913763999938965,52.36738172965423]}},{"type":"Feature","properties":{"mvt_id":128788028371,"subclass":"bicycle_parking","rank":93,"class":"bicycle_parking"},"geometry":{"type":"Point","coordinates":[4.911317825317383,52.36770927771937]}},{"type":"Feature","properties":{"mvt_id":128788516891,"subclass":"bicycle_parking","rank":94,"class":"bicycle_parking"},"geometry":{"type":"Point","coordinates":[4.911661148071289,52.367597911649725]}},{"type":"Feature","properties":{"mvt_id":128788651721,"subclass":"bicycle_parking","rank":95,"class":"bicycle_parking"},"geometry":{"type":"Point","coordinates":[4.912245869636536,52.36734242372321]}},{"type":"Feature","properties":{"mvt_id":128788810021,"subclass":"bicycle_parking","rank":96,"class":"bicycle_parking"},"geometry":{"type":"Point","coordinates":[4.911972284317017,52.36749964723746]}},{"type":"Feature","properties":{"mvt_id":129773184421,"subclass":"waste_basket","rank":97,"class":"waste_basket"},"geometry":{"type":"Point","coordinates":[4.91339385509491,52.368580543750376]}},{"type":"Feature","properties":{"mvt_id":7664472872,"subclass":"bicycle_parking","rank":37,"class":"bicycle_parking"},"geometry":{"type":"Point","coordinates":[4.913581609725952,52.36324458854429]}},{"type":"Feature","properties":{"mvt_id":13570625812,"subclass":"playground","rank":38,"class":"playground"},"geometry":{"type":"Point","coordinates":[4.91289496421814,52.36502003622238]}},{"type":"Feature","properties":{"mvt_id":13570655092,"subclass":"garden","rank":39,"class":"garden"},"geometry":{"type":"Point","coordinates":[4.9112266302108765,52.3639521555797]}},{"type":"Feature","properties":{"mvt_id":16946888421,"subclass":"lift_gate","rank":40,"class":"lift_gate"},"geometry":{"type":"Point","coordinates":[4.911113977432251,52.36417818155015]}},{"type":"Feature","properties":{"mvt_id":17043379291,"subclass":"recycling","rank":41,"class":"recycling"},"geometry":{"type":"Point","coordinates":[4.912465810775757,52.36228149298202]}},{"type":"Feature","properties":{"mvt_id":45736645591,"subclass":"bicycle_parking","rank":42,"class":"bicycle_parking"},"geometry":{"type":"Point","coordinates":[4.913442134857178,52.3633919992778]}},{"type":"Feature","properties":{"mvt_id":45736645601,"subclass":"bicycle_parking","rank":43,"class":"bicycle_parking"},"geometry":{"type":"Point","coordinates":[4.911339282989502,52.36401439473041]}},{"type":"Feature","properties":{"mvt_id":51610283161,"subclass":"toilets","rank":44,"class":"toilets"},"geometry":{"type":"Point","coordinates":[4.910931587219238,52.36323476114457]}},{"type":"Feature","properties":{"mvt_id":55808264801,"subclass":"drinking_water","rank":45,"class":"drinking_water"},"geometry":{"type":"Point","coordinates":[4.912991523742676,52.36489556066666]}},{"type":"Feature","properties":{"mvt_id":71592227211,"subclass":"bollard","rank":46,"class":"bollard"},"geometry":{"type":"Point","coordinates":[4.9131739139556885,52.36273356086028]}},{"type":"Feature","properties":{"mvt_id":71592227221,"subclass":"bollard","rank":47,"class":"bollard"},"geometry":{"type":"Point","coordinates":[4.913211464881897,52.36266804406308]}},{"type":"Feature","properties":{"mvt_id":88973498031,"subclass":"bollard","rank":48,"class":"bollard"},"geometry":{"type":"Point","coordinates":[4.913806915283203,52.3631102805589]}},{"type":"Feature","properties":{"mvt_id":100792467991,"subclass":"bicycle_parking","rank":49,"class":"bicycle_parking"},"geometry":{"type":"Point","coordinates":[4.914064407348633,52.36234373448621]}},{"type":"Feature","properties":{"mvt_id":100792468031,"subclass":"bicycle_parking","rank":50,"class":"bicycle_parking"},"geometry":{"type":"Point","coordinates":[4.915571808815002,52.36263528562804]}},{"type":"Feature","properties":{"mvt_id":100792468041,"subclass":"bicycle_parking","rank":51,"class":"bicycle_parking"},"geometry":{"type":"Point","coordinates":[4.91387665271759,52.36230114820335]}},{"type":"Feature","properties":{"mvt_id":100792468071,"subclass":"bicycle_parking","rank":52,"class":"bicycle_parking"},"geometry":{"type":"Point","coordinates":[4.914273619651794,52.362383044864735]}},{"type":"Feature","properties":{"mvt_id":116493309021,"subclass":"basketball","rank":53,"class":"pitch"},"geometry":{"type":"Point","coordinates":[4.913120269775391,52.36498400386074]}},{"type":"Feature","properties":{"mvt_id":119142544821,"subclass":"charging_station","rank":54,"class":"fuel"},"geometry":{"type":"Point","coordinates":[4.915115833282471,52.36274666420806]}},{"type":"Feature","properties":{"mvt_id":119142652341,"subclass":"charging_station","rank":55,"class":"fuel"},"geometry":{"type":"Point","coordinates":[4.915861487388611,52.36270735415306]}},{"type":"Feature","properties":{"mvt_id":125601006961,"subclass":"bollard","rank":56,"class":"bollard"},"geometry":{"type":"Point","coordinates":[4.913452863693237,52.36473177650639]}},{"type":"Feature","properties":{"mvt_id":2690785412,"subclass":"parking","rank":7,"class":"parking"},"geometry":{"type":"Point","coordinates":[4.920018911361694,52.37409597956791]}},{"type":"Feature","properties":{"mvt_id":2974766611,"subclass":"gate","rank":8,"class":"gate"},"geometry":{"type":"Point","coordinates":[4.916832447052002,52.37328704841183]}},{"type":"Feature","properties":{"mvt_id":3040722161,"subclass":"gate","rank":9,"class":"gate"},"geometry":{"type":"Point","coordinates":[4.920673370361328,52.3744038280185]}},{"type":"Feature","properties":{"mvt_id":4386549402,"subclass":"soccer","rank":10,"class":"pitch"},"geometry":{"type":"Point","coordinates":[4.921853542327881,52.37420077928136]}},{"type":"Feature","properties":{"mvt_id":4386549422,"subclass":"recycling","rank":11,"class":"recycling"},"geometry":{"type":"Point","coordinates":[4.921740889549255,52.374678924818355]}},{"type":"Feature","properties":{"mvt_id":4386549442,"subclass":"playground","rank":12,"class":"playground"},"geometry":{"type":"Point","coordinates":[4.9213385581970215,52.37322154726495]}},{"type":"Feature","properties":{"mvt_id":4386549462,"subclass":"playground","rank":13,"class":"playground"},"geometry":{"type":"Point","coordinates":[4.920523166656494,52.372759761422856]}},{"type":"Feature","properties":{"mvt_id":4735741102,"subclass":"parking","rank":14,"class":"parking"},"geometry":{"type":"Point","coordinates":[4.916945099830627,52.3749998689191]}},{"type":"Feature","properties":{"mvt_id":7627350812,"subclass":"parking","rank":15,"class":"parking"},"geometry":{"type":"Point","coordinates":[4.918307662010193,52.374420202875974]}},{"type":"Feature","properties":{"mvt_id":8358766872,"subclass":"garden","rank":16,"class":"garden","layer":1},"geometry":{"type":"Point","coordinates":[4.920056462287903,52.37301849309225]}},{"type":"Feature","properties":{"mvt_id":8358766882,"subclass":"garden","rank":17,"class":"garden","layer":1},"geometry":{"type":"Point","coordinates":[4.921102523803711,52.3736374778976]}},{"type":"Feature","properties":{"mvt_id":11631018222,"subclass":"athletics","rank":18,"class":"athletics"},"geometry":{"type":"Point","coordinates":[4.9181681871414185,52.37367677822729]}},{"type":"Feature","properties":{"mvt_id":11631018242,"subclass":"parking","rank":19,"class":"parking"},"geometry":{"type":"Point","coordinates":[4.917749762535095,52.373120020295296]}},{"type":"Feature","properties":{"mvt_id":11631018292,"subclass":"parking","rank":20,"class":"parking"},"geometry":{"type":"Point","coordinates":[4.917036294937134,52.37469202462323]}},{"type":"Feature","properties":{"mvt_id":11631018442,"subclass":"boules","rank":21,"class":"pitch"},"geometry":{"type":"Point","coordinates":[4.916725158691406,52.37257308066945]}},{"type":"Feature","properties":{"mvt_id":11631018512,"subclass":"parking","rank":22,"class":"parking"},"geometry":{"type":"Point","coordinates":[4.9174439907073975,52.37287766465005]}},{"type":"Feature","properties":{"mvt_id":13295756282,"subclass":"soccer","rank":23,"class":"pitch"},"geometry":{"type":"Point","coordinates":[4.918731451034546,52.373991179605774]}},{"type":"Feature","properties":{"mvt_id":13841000442,"subclass":"bicycle_parking","rank":24,"class":"bicycle_parking"},"geometry":{"type":"Point","coordinates":[4.917213320732117,52.37307089425845]}},{"type":"Feature","properties":{"mvt_id":13841001532,"subclass":"parking","rank":25,"class":"parking"},"geometry":{"type":"Point","coordinates":[4.917272329330444,52.37392240449548]}},{"type":"Feature","properties":{"mvt_id":13841001542,"subclass":"parking","rank":26,"class":"parking"},"geometry":{"type":"Point","coordinates":[4.919562935829163,52.37494419510965]}},{"type":"Feature","properties":{"mvt_id":14196378372,"subclass":"bicycle_parking","rank":27,"class":"bicycle_parking"},"geometry":{"type":"Point","coordinates":[4.918398857116699,52.37283836360929]}},{"type":"Feature","properties":{"mvt_id":20418341501,"subclass":"gate","rank":28,"class":"gate"},"geometry":{"type":"Point","coordinates":[4.918280839920044,52.37281543798603]}},{"type":"Feature","properties":{"mvt_id":20418341611,"subclass":"gate","rank":29,"class":"gate"},"geometry":{"type":"Point","coordinates":[4.9186670780181885,52.373061069044525]}},{"type":"Feature","properties":{"mvt_id":20418341631,"subclass":"gate","rank":30,"class":"gate"},"geometry":{"type":"Point","coordinates":[4.918178915977478,52.37274993613972]}},{"type":"Feature","properties":{"mvt_id":35190948091,"subclass":"gate","rank":31,"class":"gate"},"geometry":{"type":"Point","coordinates":[4.917733669281006,52.37280888780577]}},{"type":"Feature","properties":{"mvt_id":39398683971,"subclass":"gate","rank":32,"class":"gate"},"geometry":{"type":"Point","coordinates":[4.916650056838989,52.37485577185626]}},{"type":"Feature","properties":{"mvt_id":39503478581,"subclass":"bollard","rank":33,"class":"bollard"},"geometry":{"type":"Point","coordinates":[4.917481541633606,52.37259600641851]}},{"type":"Feature","properties":{"mvt_id":45722928091,"subclass":"picnic_site","rank":34,"class":"picnic_site"},"geometry":{"type":"Point","coordinates":[4.91662859916687,52.37225211893313]}},{"type":"Feature","properties":{"mvt_id":71269587221,"subclass":"gate","rank":35,"class":"gate"},"geometry":{"type":"Point","coordinates":[4.916666150093079,52.37542233259806]}},{"type":"Feature","properties":{"mvt_id":81301440501,"subclass":"bollard","rank":36,"class":"bollard"},"geometry":{"type":"Point","coordinates":[4.916676878929138,52.37325757290776]}},{"type":"Feature","properties":{"mvt_id":87107123451,"subclass":"gate","rank":37,"class":"gate"},"geometry":{"type":"Point","coordinates":[4.916687607765198,52.37458722607548]}},{"type":"Feature","properties":{"mvt_id":99232312691,"subclass":"lift_gate","rank":38,"class":"lift_gate"},"geometry":{"type":"Point","coordinates":[4.917347431182861,52.3728809397352]}},{"type":"Feature","properties":{"mvt_id":120030175521,"subclass":"bicycle_parking","rank":39,"class":"bicycle_parking"},"geometry":{"type":"Point","coordinates":[4.916982650756836,52.37289404007337]}},{"type":"Feature","properties":{"mvt_id":120030175541,"subclass":"bicycle_parking","rank":40,"class":"bicycle_parking"},"geometry":{"type":"Point","coordinates":[4.916923642158508,52.372920240738075]}},{"type":"Feature","properties":{"mvt_id":121515612111,"subclass":"waste_basket","rank":41,"class":"waste_basket"},"geometry":{"type":"Point","coordinates":[4.916971921920776,52.3723765737608]}},{"type":"Feature","properties":{"mvt_id":128148133891,"subclass":"bollard","rank":42,"class":"bollard"},"geometry":{"type":"Point","coordinates":[4.917658567428589,52.3739289545106]}},{"type":"Feature","properties":{"mvt_id":128148133901,"subclass":"bollard","rank":43,"class":"bollard"},"geometry":{"type":"Point","coordinates":[4.91763710975647,52.37394205453793]}},{"type":"Feature","properties":{"mvt_id":128148133911,"subclass":"bollard","rank":44,"class":"bollard"},"geometry":{"type":"Point","coordinates":[4.917615652084351,52.37395187955586]}},{"type":"Feature","properties":{"mvt_id":128148133921,"subclass":"bollard","rank":45,"class":"bollard"},"geometry":{"type":"Point","coordinates":[4.9175941944122314,52.37396497957639]}},{"type":"Feature","properties":{"mvt_id":128148133931,"subclass":"bollard","rank":46,"class":"bollard"},"geometry":{"type":"Point","coordinates":[4.917556643486023,52.373987904602956]}},{"type":"Feature","properties":{"mvt_id":128148133941,"subclass":"bollard","rank":47,"class":"bollard"},"geometry":{"type":"Point","coordinates":[4.917578101158142,52.37397807959302]}},{"type":"Feature","properties":{"mvt_id":128148133951,"subclass":"bollard","rank":48,"class":"bollard"},"geometry":{"type":"Point","coordinates":[4.917535185813904,52.37400100461279]}},{"type":"Feature","properties":{"mvt_id":128148133961,"subclass":"bollard","rank":49,"class":"bollard"},"geometry":{"type":"Point","coordinates":[4.917513728141785,52.374010829617625]}},{"type":"Feature","properties":{"mvt_id":128148133971,"subclass":"bollard","rank":50,"class":"bollard"},"geometry":{"type":"Point","coordinates":[4.917497634887695,52.37402392962066]}},{"type":"Feature","properties":{"mvt_id":128148133981,"subclass":"bollard","rank":51,"class":"bollard"},"geometry":{"type":"Point","coordinates":[4.917476177215576,52.374037029619814]}},{"type":"Feature","properties":{"mvt_id":128148133991,"subclass":"bollard","rank":52,"class":"bollard"},"geometry":{"type":"Point","coordinates":[4.917454719543457,52.37404685461662]}},{"type":"Feature","properties":{"mvt_id":128148134001,"subclass":"bollard","rank":53,"class":"bollard"},"geometry":{"type":"Point","coordinates":[4.917433261871338,52.37405995460898]}},{"type":"Feature","properties":{"mvt_id":128148134011,"subclass":"bollard","rank":54,"class":"bollard"},"geometry":{"type":"Point","coordinates":[4.9174171686172485,52.374073054597446]}},{"type":"Feature","properties":{"mvt_id":128148134021,"subclass":"bollard","rank":55,"class":"bollard"},"geometry":{"type":"Point","coordinates":[4.91737425327301,52.37409597956791]}},{"type":"Feature","properties":{"mvt_id":128148134031,"subclass":"bollard","rank":56,"class":"bollard"},"geometry":{"type":"Point","coordinates":[4.917395710945129,52.37408287958625]}},{"type":"Feature","properties":{"mvt_id":128148134041,"subclass":"bollard","rank":57,"class":"bollard"},"geometry":{"type":"Point","coordinates":[4.917352795600891,52.3741090795457]}},{"type":"Feature","properties":{"mvt_id":128148134051,"subclass":"bollard","rank":58,"class":"bollard"},"geometry":{"type":"Point","coordinates":[4.917331337928772,52.37412217951959]}},{"type":"Feature","properties":{"mvt_id":128148134061,"subclass":"bollard","rank":59,"class":"bollard"},"geometry":{"type":"Point","coordinates":[4.917315244674683,52.37413200449746]}},{"type":"Feature","properties":{"mvt_id":128148134071,"subclass":"bollard","rank":60,"class":"bollard"},"geometry":{"type":"Point","coordinates":[4.9172937870025635,52.37414510446456]}},{"type":"Feature","properties":{"mvt_id":128148134081,"subclass":"bollard","rank":61,"class":"bollard"},"geometry":{"type":"Point","coordinates":[4.917272329330444,52.37415492943733]}},{"type":"Feature","properties":{"mvt_id":128148134091,"subclass":"bollard","rank":62,"class":"bollard"},"geometry":{"type":"Point","coordinates":[4.917250871658325,52.37416802939763]}},{"type":"Feature","properties":{"mvt_id":128148134101,"subclass":"bollard","rank":63,"class":"bollard"},"geometry":{"type":"Point","coordinates":[4.917229413986206,52.374181129354035]}},{"type":"Feature","properties":{"mvt_id":128148134111,"subclass":"bollard","rank":64,"class":"bollard"},"geometry":{"type":"Point","coordinates":[4.917674660682678,52.373919129487554]}},{"type":"Feature","properties":{"mvt_id":132048510971,"subclass":"waste_basket","rank":65,"class":"waste_basket"},"geometry":{"type":"Point","coordinates":[4.921440482139587,52.37237329863826]}},{"type":"Feature","properties":{"mvt_id":132346979751,"subclass":"waste_basket","rank":66,"class":"waste_basket"},"geometry":{"type":"Point","coordinates":[4.920587539672852,52.372795787442335]}},{"type":"Feature","properties":{"mvt_id":132346979761,"subclass":"waste_basket","rank":67,"class":"waste_basket"},"geometry":{"type":"Point","coordinates":[4.920346140861511,52.37269753459273]}},{"type":"Feature","properties":{"mvt_id":132347035531,"subclass":"waste_basket","rank":68,"class":"waste_basket"},"geometry":{"type":"Point","coordinates":[4.921719431877136,52.37409925456272]}},{"type":"Feature","properties":{"mvt_id":5656910961,"subclass":"recycling","rank":29,"class":"recycling"},"geometry":{"type":"Point","coordinates":[4.9198150634765625,52.370159260221335]}},{"type":"Feature","properties":{"mvt_id":8358766812,"subclass":"garden","rank":30,"class":"garden"},"geometry":{"type":"Point","coordinates":[4.920501708984375,52.37138420051633]}},{"type":"Feature","properties":{"mvt_id":8358766822,"subclass":"garden","rank":31,"class":"garden"},"geometry":{"type":"Point","coordinates":[4.920029640197754,52.37108288145511]}},{"type":"Feature","properties":{"mvt_id":8358766862,"subclass":"garden","rank":32,"class":"garden","layer":1},"geometry":{"type":"Point","coordinates":[4.918608069419861,52.372114563189285]}},{"type":"Feature","properties":{"mvt_id":8358767302,"subclass":"garden","rank":33,"class":"garden"},"geometry":{"type":"Point","coordinates":[4.919182062149048,52.37055229289418]}},{"type":"Feature","properties":{"mvt_id":10827566442,"subclass":"basketball","rank":34,"class":"pitch"},"geometry":{"type":"Point","coordinates":[4.9171435832977295,52.37152830890593]}},{"type":"Feature","properties":{"mvt_id":13065528741,"subclass":"bollard","rank":35,"class":"bollard"},"geometry":{"type":"Point","coordinates":[4.91912841796875,52.369517299334724]}},{"type":"Feature","properties":{"mvt_id":13602123131,"subclass":"bollard","rank":36,"class":"bollard"},"geometry":{"type":"Point","coordinates":[4.918232560157776,52.36909805453603]}},{"type":"Feature","properties":{"mvt_id":14196378362,"subclass":"bicycle_parking","rank":37,"class":"bicycle_parking"},"geometry":{"type":"Point","coordinates":[4.916757345199585,52.37191805424064]}},{"type":"Feature","properties":{"mvt_id":24678720011,"subclass":"bicycle_parking","rank":38,"class":"bicycle_parking"},"geometry":{"type":"Point","coordinates":[4.9186670780181885,52.368937561333354]}},{"type":"Feature","properties":{"mvt_id":24678720021,"subclass":"bicycle_parking","rank":39,"class":"bicycle_parking"},"geometry":{"type":"Point","coordinates":[4.918313026428223,52.36900961957812]}},{"type":"Feature","properties":{"mvt_id":24678720041,"subclass":"bicycle_parking","rank":40,"class":"bicycle_parking"},"geometry":{"type":"Point","coordinates":[4.919729232788086,52.37011995676169]}},{"type":"Feature","properties":{"mvt_id":24678720061,"subclass":"bicycle_parking","rank":41,"class":"bicycle_parking"},"geometry":{"type":"Point","coordinates":[4.9194395542144775,52.370244417597235]}},{"type":"Feature","properties":{"mvt_id":24678720081,"subclass":"bicycle_parking","rank":42,"class":"bicycle_parking"},"geometry":{"type":"Point","coordinates":[4.919562935829163,52.37031647371014]}},{"type":"Feature","properties":{"mvt_id":39503359651,"subclass":"bollard","rank":43,"class":"bollard"},"geometry":{"type":"Point","coordinates":[4.917197227478027,52.37127939411949]}},{"type":"Feature","properties":{"mvt_id":67245031661,"subclass":"drinking_water","rank":44,"class":"drinking_water"},"geometry":{"type":"Point","coordinates":[4.920153021812439,52.37058504545906]}},{"type":"Feature","properties":{"mvt_id":78019834131,"subclass":"cycle_barrier","rank":45,"class":"cycle_barrier"},"geometry":{"type":"Point","coordinates":[4.919418096542358,52.37174447060877]}},{"type":"Feature","properties":{"mvt_id":78019835561,"subclass":"cycle_barrier","rank":46,"class":"cycle_barrier"},"geometry":{"type":"Point","coordinates":[4.918726086616516,52.37188857782293]}},{"type":"Feature","properties":{"mvt_id":81086874171,"subclass":"waste_basket","rank":47,"class":"waste_basket"},"geometry":{"type":"Point","coordinates":[4.920549988746643,52.36906530086856]}},{"type":"Feature","properties":{"mvt_id":81120294671,"subclass":"recycling","rank":48,"class":"recycling"},"geometry":{"type":"Point","coordinates":[4.919954538345337,52.36945179259722]}},{"type":"Feature","properties":{"mvt_id":81128034261,"subclass":"waste_basket","rank":49,"class":"waste_basket"},"geometry":{"type":"Point","coordinates":[4.917299151420593,52.37016253550806]}},{"type":"Feature","properties":{"mvt_id":81301680331,"subclass":"recycling","rank":50,"class":"recycling"},"geometry":{"type":"Point","coordinates":[4.919788241386414,52.37142022765781]}},{"type":"Feature","properties":{"mvt_id":82033408921,"subclass":"playground","rank":51,"class":"playground"},"geometry":{"type":"Point","coordinates":[4.916730523109436,52.37119423873894]}},{"type":"Feature","properties":{"mvt_id":89741062301,"subclass":"waste_basket","rank":52,"class":"waste_basket"},"geometry":{"type":"Point","coordinates":[4.918554425239563,52.36971709428411]}},{"type":"Feature","properties":{"mvt_id":128198061191,"subclass":"artwork","rank":53,"class":"art_gallery"},"geometry":{"type":"Point","coordinates":[4.91662323474884,52.3689342859558]}},{"type":"Feature","properties":{"mvt_id":131673725201,"subclass":"waste_basket","rank":54,"class":"waste_basket"},"geometry":{"type":"Point","coordinates":[4.9196165800094604,52.37190822877026]}},{"type":"Feature","properties":{"mvt_id":131673725231,"subclass":"waste_basket","rank":55,"class":"waste_basket"},"geometry":{"type":"Point","coordinates":[4.9198901653289795,52.37167896717417]}},{"type":"Feature","properties":{"mvt_id":131673725261,"subclass":"waste_basket","rank":56,"class":"waste_basket"},"geometry":{"type":"Point","coordinates":[4.919557571411133,52.371538134460835]}},{"type":"Feature","properties":{"mvt_id":131673725391,"subclass":"waste_basket","rank":57,"class":"waste_basket"},"geometry":{"type":"Point","coordinates":[4.919841885566711,52.3703885297055]}},{"type":"Feature","properties":{"mvt_id":131673725401,"subclass":"waste_basket","rank":58,"class":"waste_basket"},"geometry":{"type":"Point","coordinates":[4.919949173927307,52.37030664788348]}},{"type":"Feature","properties":{"mvt_id":131800730401,"subclass":"waste_basket","rank":59,"class":"waste_basket"},"geometry":{"type":"Point","coordinates":[4.917025566101074,52.37162328917838]}},{"type":"Feature","properties":{"mvt_id":131800730471,"subclass":"waste_basket","rank":60,"class":"waste_basket"},"geometry":{"type":"Point","coordinates":[4.917277693748474,52.37159708774432]}},{"type":"Feature","properties":{"mvt_id":1084083222,"subclass":"playground","rank":19,"class":"playground"},"geometry":{"type":"Point","coordinates":[4.921011328697205,52.36709676086196]}},{"type":"Feature","properties":{"mvt_id":8821211892,"subclass":"garden","rank":20,"class":"garden"},"geometry":{"type":"Point","coordinates":[4.918275475502014,52.36795493717441]}},{"type":"Feature","properties":{"mvt_id":8821216632,"subclass":"garden","rank":21,"class":"garden"},"geometry":{"type":"Point","coordinates":[4.91662323474884,52.368547789699186]}},{"type":"Feature","properties":{"mvt_id":8821386772,"subclass":"playground","rank":22,"class":"playground"},"geometry":{"type":"Point","coordinates":[4.918076992034912,52.368017170686144]}},{"type":"Feature","properties":{"mvt_id":8821386782,"subclass":"garden","rank":23,"class":"garden"},"geometry":{"type":"Point","coordinates":[4.918264746665955,52.36783374534733]}},{"type":"Feature","properties":{"mvt_id":13103721291,"subclass":"architect","rank":24,"class":"office"},"geometry":{"type":"Point","coordinates":[4.9208664894104,52.36793528446829]}},{"type":"Feature","properties":{"mvt_id":13601442012,"subclass":"playground","rank":25,"class":"playground"},"geometry":{"type":"Point","coordinates":[4.9188923835754395,52.366333559525025]}},{"type":"Feature","properties":{"mvt_id":13602123151,"subclass":"bollard","rank":26,"class":"bollard"},"geometry":{"type":"Point","coordinates":[4.917798042297363,52.3685150356237]}},{"type":"Feature","properties":{"mvt_id":42137059051,"subclass":"gate","rank":27,"class":"gate"},"geometry":{"type":"Point","coordinates":[4.92013156414032,52.36619270976843]}},{"type":"Feature","properties":{"mvt_id":49778390301,"subclass":"bollard","rank":28,"class":"bollard"},"geometry":{"type":"Point","coordinates":[4.9203890562057495,52.36659232883767]}},{"type":"Feature","properties":{"mvt_id":76314260481,"subclass":"waste_basket","rank":29,"class":"waste_basket"},"geometry":{"type":"Point","coordinates":[4.920904040336609,52.366946086964475]}},{"type":"Feature","properties":{"mvt_id":76314260501,"subclass":"waste_basket","rank":30,"class":"waste_basket"},"geometry":{"type":"Point","coordinates":[4.920855760574341,52.36689695406071]}},{"type":"Feature","properties":{"mvt_id":96801303971,"subclass":"toilets","rank":31,"class":"toilets"},"geometry":{"type":"Point","coordinates":[4.919176697731018,52.3665464710953]}},{"type":"Feature","properties":{"mvt_id":110020032901,"subclass":"artwork","rank":32,"class":"art_gallery"},"geometry":{"type":"Point","coordinates":[4.917395710945129,52.36850520939632]}},{"type":"Feature","properties":{"mvt_id":110020870651,"subclass":"artwork","rank":33,"class":"art_gallery"},"geometry":{"type":"Point","coordinates":[4.92087721824646,52.36726708725765]}},{"type":"Feature","properties":{"mvt_id":129566474011,"subclass":"gate","rank":34,"class":"gate"},"geometry":{"type":"Point","coordinates":[4.920008182525635,52.36583239439387]}},{"type":"Feature","properties":{"mvt_id":129621436411,"subclass":"gate","rank":35,"class":"gate"},"geometry":{"type":"Point","coordinates":[4.918109178543091,52.3681023321917]}},{"type":"Feature","properties":{"mvt_id":130070738121,"subclass":"waste_basket","rank":36,"class":"waste_basket"},"geometry":{"type":"Point","coordinates":[4.91911768913269,52.3675029227214]}},{"type":"Feature","properties":{"mvt_id":130070849311,"subclass":"waste_basket","rank":37,"class":"waste_basket"},"geometry":{"type":"Point","coordinates":[4.9193161725997925,52.36774203239231]}},{"type":"Feature","properties":{"mvt_id":130906492611,"subclass":"gate","rank":38,"class":"gate"},"geometry":{"type":"Point","coordinates":[4.921290278434753,52.36579636269478]}},{"type":"Feature","properties":{"mvt_id":4935436722,"subclass":"playground","rank":31,"class":"playground"},"geometry":{"type":"Point","coordinates":[4.920549988746643,52.36392267384613]}},{"type":"Feature","properties":{"mvt_id":8806708622,"subclass":"dog_park","rank":32,"class":"dog_park"},"geometry":{"type":"Point","coordinates":[4.921649694442749,52.36529519146949]}},{"type":"Feature","properties":{"mvt_id":12914794051,"subclass":"gate","rank":33,"class":"gate"},"geometry":{"type":"Point","coordinates":[4.918565154075623,52.364210938841246]}},{"type":"Feature","properties":{"mvt_id":13586412322,"subclass":"garden","rank":34,"class":"garden"},"geometry":{"type":"Point","coordinates":[4.917401075363159,52.362998902895484]}},{"type":"Feature","properties":{"mvt_id":14095205042,"subclass":"playground","rank":35,"class":"playground"},"geometry":{"type":"Point","coordinates":[4.918538331985474,52.365331223577336]}},{"type":"Feature","properties":{"mvt_id":24678719971,"subclass":"bicycle_parking","rank":36,"class":"bicycle_parking"},"geometry":{"type":"Point","coordinates":[4.920217394828796,52.3643550706335]}},{"type":"Feature","properties":{"mvt_id":24678719981,"subclass":"bicycle_parking","rank":37,"class":"bicycle_parking"},"geometry":{"type":"Point","coordinates":[4.920673370361328,52.3643550706335]}},{"type":"Feature","properties":{"mvt_id":37981738691,"subclass":"gate","rank":38,"class":"gate"},"geometry":{"type":"Point","coordinates":[4.921697974205017,52.362183216744256]}},{"type":"Feature","properties":{"mvt_id":47439583151,"subclass":"artwork","rank":39,"class":"art_gallery"},"geometry":{"type":"Point","coordinates":[4.921542406082153,52.36229132059378]}},{"type":"Feature","properties":{"mvt_id":47439591271,"subclass":"artwork","rank":40,"class":"art_gallery"},"geometry":{"type":"Point","coordinates":[4.9216389656066895,52.36222252726559]}},{"type":"Feature","properties":{"mvt_id":47439591451,"subclass":"artwork","rank":41,"class":"art_gallery"},"geometry":{"type":"Point","coordinates":[4.921708703041077,52.362209423762366]}},{"type":"Feature","properties":{"mvt_id":47439591531,"subclass":"artwork","rank":42,"class":"art_gallery"},"geometry":{"type":"Point","coordinates":[4.921574592590332,52.362347010352416]}},{"type":"Feature","properties":{"mvt_id":100792467931,"subclass":"bicycle_parking","rank":43,"class":"bicycle_parking"},"geometry":{"type":"Point","coordinates":[4.919477105140686,52.36332648345695]}},{"type":"Feature","properties":{"mvt_id":100792467941,"subclass":"bicycle_parking","rank":44,"class":"bicycle_parking"},"geometry":{"type":"Point","coordinates":[4.920496344566345,52.36272045750861]}},{"type":"Feature","properties":{"mvt_id":100792467961,"subclass":"waste_basket","rank":45,"class":"waste_basket"},"geometry":{"type":"Point","coordinates":[4.921832084655762,52.36298252380366]}},{"type":"Feature","properties":{"mvt_id":100792468011,"subclass":"bicycle_parking","rank":46,"class":"bicycle_parking"},"geometry":{"type":"Point","coordinates":[4.920673370361328,52.36277287089198]}},{"type":"Feature","properties":{"mvt_id":100792468101,"subclass":"waste_basket","rank":47,"class":"waste_basket"},"geometry":{"type":"Point","coordinates":[4.920753836631775,52.36281218088869]}},{"type":"Feature","properties":{"mvt_id":103008993691,"subclass":"toilets","rank":48,"class":"toilets"},"geometry":{"type":"Point","coordinates":[4.920453429222107,52.36531484535015]}},{"type":"Feature","properties":{"mvt_id":129693152251,"subclass":"gate","rank":49,"class":"gate"},"geometry":{"type":"Point","coordinates":[4.921311736106873,52.365056068554644]}},{"type":"Feature","properties":{"mvt_id":129707141211,"subclass":"toilets","rank":50,"class":"toilets"},"geometry":{"type":"Point","coordinates":[4.918286204338074,52.36543931972454]}},{"type":"Feature","properties":{"mvt_id":131803309941,"subclass":"artwork","rank":51,"class":"art_gallery"},"geometry":{"type":"Point","coordinates":[4.921467304229736,52.362379769001194]}}],"crs":{"type":"name","properties":{"name":"urn:ogc:def:crs:OGC:1.3:CRS84"}}}