{"type":"FeatureCollection","name":"transportation_name","features":[{"type":"Feature","properties":{"mvt_id":463818151,"subclass":"junction","class":"primary"},"geometry":{"type":"Point","coordinates":[4.909225702285767,52.37036560281063]}},{"type":"Feature","properties":{"mvt_id":463941181,"subclass":"junction","class":"trunk"},"geometry":{"type":"Point","coordinates":[4.91212785243988,52.37348682630987]}},{"type":"Feature","properties":{"mvt_id":8358767262,"subclass":"footway","class":"path","name_int":"Wittenburgerkade","name_de":"Wittenburgerkade","name":"Wittenburgerkade","layer":-1,"name:latin":"Wittenburgerkade","name_en":"Wittenburgerkade"},"geometry":{"type":"LineString","coordinates":[[4.9208396673202515,52.372068711179466],[4.920716285705566,52.37199010762332]]}},{"type":"Feature","properties":{"mvt_id":14719699232,"subclass":"footway","class":"path","name_int":"Metrostation Waterlooplein","name_de":"Metrostation Waterlooplein","name":"Metrostation Waterlooplein","layer":-1,"name:latin":"Metrostation Waterlooplein","name_en":"Metrostation Waterlooplein"},"geometry":{"type":"LineString","coordinates":[[4.902353882789612,52.3673456992188],[4.902777671813965,52.367106587402624]]}},{"type":"Feature","properties":{"mvt_id":14938849992,"class":"service","name_int":"Nieuwe Achtergracht","name_de":"Nieuwe Achtergracht","name":"Nieuwe Achtergracht","name:latin":"Nieuwe Achtergracht","name_en":"Nieuwe Achtergracht"},"geometry":{"type":"MultiLineString","coordinates":[[[4.91064190864563,52.363215106338565],[4.9121010303497314,52.36348372126376],[4.913157820701599,52.363690095035984],[4.913190007209778,52.36370319810008]],[[4.913603067398071,52.36348372126376],[4.910749197006226,52.362923559022796]]]}},{"type":"Feature","properties":{"mvt_id":8358766972,"class":"minor","name_int":"Kattenburgerkruisstraat","name_de":"Kattenburgerkruisstraat","name":"Kattenburgerkruisstraat","name:latin":"Kattenburgerkruisstraat","name_en":"Kattenburgerkruisstraat"},"geometry":{"type":"LineString","coordinates":[[4.9187904596328735,52.37291041549063],[4.919568300247192,52.37242897568859],[4.919675588607788,52.37250430335087],[4.919251799583435,52.37274666104485],[4.91888165473938,52.37296936694248]]}},{"type":"Feature","properties":{"mvt_id":73710112,"class":"trunk","name_int":"IJ-tunnel","name_de":"IJ-tunnel","name":"IJ-tunnel","name:latin":"IJ-tunnel","name_en":"IJ-tunnel"},"geometry":{"type":"MultiLineString","coordinates":[[[4.909944534301758,52.37076190888974],[4.910872578620911,52.37143005323675],[4.911092519760132,52.37161346364243],[4.911264181137085,52.37178049745638],[4.91163969039917,52.37218661625139],[4.911838173866272,52.37244207616083],[4.911966919898987,52.37264513298356],[4.912068843841553,52.37282853834363],[4.912267327308655,52.37325757290776],[4.912353157997131,52.37348355126965]],[[4.91212785243988,52.37348682630987],[4.912047386169434,52.37317242134103],[4.911977648735046,52.37299556756249],[4.911859631538391,52.37275648632872],[4.911709427833557,52.372523954024246],[4.911553859710693,52.37230452100858],[4.91113543510437,52.37182962492851],[4.910754561424255,52.371479181098664],[4.910432696342468,52.37124664206947],[4.9101322889328,52.37103702837428],[4.909767508506775,52.37081758797135],[4.909569025039673,52.370709504984106]]]}},{"type":"Feature","properties":{"mvt_id":73710222,"class":"trunk","name_int":"IJ-tunnel","name_de":"IJ-tunnel","name":"IJ-tunnel","name:latin":"IJ-tunnel","name_en":"IJ-tunnel","route_1_ref":"S116","ref":"S116","route_1_name":"S116","ref_length":4,"route_1_network":"NL:S:Amsterdam","network":"road"},"geometry":{"type":"MultiLineString","coordinates":[[[4.912353157997131,52.37348355126965],[4.91239070892334,52.373673503201154],[4.912433624267578,52.37409597956791],[4.912433624267578,52.374259729010895],[4.912186861038208,52.37545508155168],[4.912152553713582,52.3755991766591]],[[4.9119396101344535,52.3755991766591],[4.911977648735046,52.37544198197315],[4.912186861038208,52.37444967760414],[4.912219047546387,52.374253179044835],[4.912219047546387,52.37410580455162],[4.912165403366089,52.37364730298331],[4.91212785243988,52.37348682630987]]]}},{"type":"Feature","properties":{"mvt_id":385720072,"subclass":"cycleway","class":"path","name_int":"Binnenkadijk","name_de":"Binnenkadijk","name":"Binnenkadijk","name:latin":"Binnenkadijk","name_en":"Binnenkadijk"},"geometry":{"type":"LineString","coordinates":[[4.914187788963318,52.368763965988286],[4.914515018463135,52.369120982088816]]}},{"type":"Feature","properties":{"mvt_id":2671031772,"subclass":"pedestrian","class":"path","name_int":"Zakslootje","name_de":"Zakslootje","name":"Zakslootje","name:latin":"Zakslootje","name_en":"Zakslootje"},"geometry":{"type":"LineString","coordinates":[[4.902520179748535,52.37224884380136],[4.902182221412659,52.372419150331865],[4.901983737945557,52.37253050424677],[4.901790618896484,52.37240932497296]]}},{"type":"Feature","properties":{"mvt_id":2671031812,"subclass":"footway","class":"path","name_int":"Zuiderkerkhof","name_de":"Zuiderkerkhof","name":"Zuiderkerkhof","name:latin":"Zuiderkerkhof","name_en":"Zuiderkerkhof"},"geometry":{"type":"LineString","coordinates":[[4.900234937667847,52.370352501722515],[4.900224208831787,52.37037870389487],[4.900342226028442,52.370578494948035]]}},{"type":"Feature","properties":{"mvt_id":2690746172,"subclass":"footway","class":"path","name_int":"Nieuwe-Hoofdhof","name_de":"Nieuwe-Hoofdhof","name":"Nieuwe-Hoofdhof","name:latin":"Nieuwe-Hoofdhof","name_en":"Nieuwe-Hoofdhof"},"geometry":{"type":"LineString","coordinates":[[4.917588829994202,52.370712780230036],[4.917047023773193,52.3709944504709],[4.9167948961257935,52.37111890884237],[4.916226267814636,52.37091256977211]]}},{"type":"Feature","properties":{"mvt_id":2690746192,"subclass":"pedestrian","class":"path","name_int":"Olifantswerf","name_de":"Olifantswerf","name":"Olifantswerf","name:latin":"Olifantswerf","name_en":"Olifantswerf"},"geometry":{"type":"LineString","coordinates":[[4.919809699058533,52.37242897568859],[4.919933080673218,52.37248465266875],[4.9208879470825195,52.37309054467975]]}},{"type":"Feature","properties":{"mvt_id":2690777442,"subclass":"path","class":"path","name_int":"Laagte Kadijk","name_de":"Laagte Kadijk","name":"Laagte Kadijk","name:latin":"Laagte Kadijk","name_en":"Laagte Kadijk","route_1_ref":"LAW 8","route_1_name":"Zuiderzeepad - 06","route_1_network":"nwn","route_1_colour":"blue"},"geometry":{"type":"LineString","coordinates":[[4.911907911300659,52.370175636652526],[4.911811351776123,52.370090479144025],[4.91163432598114,52.36998566967742]]}},{"type":"Feature","properties":{"mvt_id":2737318512,"subclass":"footway","class":"path","name_int":"Pentagon","name_de":"Pentagon","name":"Pentagon","name:latin":"Pentagon","name_en":"Pentagon"},"geometry":{"type":"MultiLineString","coordinates":[[[4.900127649307251,52.36993654015434],[4.90041196346283,52.36981862907601]],[[4.90041196346283,52.36976949936714],[4.900470972061157,52.3696515878429]],[[4.900181293487549,52.36949764732367],[4.900358319282532,52.36962538523922],[4.900626540184021,52.369684341075654],[4.900878667831421,52.369753122785376]]]}},{"type":"Feature","properties":{"mvt_id":4441344982,"subclass":"footway","class":"path","name_int":"J.W. Siebbeleshof","name_de":"J.W. Siebbeleshof","name":"J.W. Siebbeleshof","name:latin":"J.W. Siebbeleshof","name_en":"J.W. Siebbeleshof"},"geometry":{"type":"LineString","coordinates":[[4.901291728019714,52.37153485927611],[4.901243448257446,52.37150210741553],[4.901007413864136,52.37145625476991],[4.900723099708557,52.37144970438808],[4.900492429733276,52.3714366036215]]}},{"type":"Feature","properties":{"mvt_id":14719699212,"subclass":"steps","class":"path","name_int":"Metrostation Waterlooplein","name_de":"Metrostation Waterlooplein","name":"Metrostation Waterlooplein","layer":-1,"name:latin":"Metrostation Waterlooplein","name_en":"Metrostation Waterlooplein"},"geometry":{"type":"LineString","coordinates":[[4.901790618896484,52.367240883239525],[4.901930093765259,52.36736862768111],[4.9019622802734375,52.36735880119872]]}},{"type":"Feature","properties":{"mvt_id":14719699222,"subclass":"footway","class":"path","name_int":"Metrostation Waterlooplein","name_de":"Metrostation Waterlooplein","name":"Metrostation Waterlooplein","name:latin":"Metrostation Waterlooplein","name_en":"Metrostation Waterlooplein"},"geometry":{"type":"MultiLineString","coordinates":[[[4.901790618896484,52.367240883239525],[4.901747703552246,52.36720485268921],[4.901844263076782,52.367168822109505]],[[4.9019622802734375,52.36735880119872],[4.902353882789612,52.3673456992188]]]}},{"type":"Feature","properties":{"mvt_id":2669527312,"class":"minor","name_int":"Korte Niezel","name_de":"Korte Niezel","name":"Korte Niezel","name:latin":"Korte Niezel","name_en":"Korte Niezel"},"geometry":{"type":"LineString","coordinates":[[4.89990234375,52.37459160495236],[4.900074005126953,52.374531551745825]]}},{"type":"Feature","properties":{"mvt_id":2690003152,"class":"minor","name_int":"Nieuwe Kerkstraat","name_de":"Nieuwe Kerkstraat","name":"Nieuwe Kerkstraat","name:latin":"Nieuwe Kerkstraat","name_en":"Nieuwe Kerkstraat"},"geometry":{"type":"MultiLineString","coordinates":[[[4.903051257133484,52.36371302539562],[4.906076788902283,52.3642731776274]],[[4.906774163246155,52.364400930650596],[4.90665078163147,52.36441403350388],[4.906425476074219,52.36436817350038]],[[4.906661510467529,52.36436817350038],[4.906774163246155,52.364400930650596],[4.910459518432617,52.36507244687777],[4.9105775356292725,52.36506917121363]]]}},{"type":"Feature","properties":{"mvt_id":2690525902,"class":"minor","name_int":"Kruithuisstraat","name_de":"Kruithuisstraat","name":"Kruithuisstraat","name:latin":"Kruithuisstraat","name_en":"Kruithuisstraat"},"geometry":{"type":"LineString","coordinates":[[4.921166896820068,52.36729656675948],[4.9216872453689575,52.36783046988793],[4.921875,52.36776802307485]]}},{"type":"Feature","properties":{"mvt_id":2690779542,"class":"minor","name_int":"Laagte Kadijk","name_de":"Laagte Kadijk","name":"Laagte Kadijk","name:latin":"Laagte Kadijk","name_en":"Laagte Kadijk","route_1_name":"Traject 1 - Amsterdam CS-Zeeburg","route_1_network":"rwn"},"geometry":{"type":"LineString","coordinates":[[4.911907911300659,52.370175636652526],[4.911934733390808,52.370113406181694],[4.912235140800476,52.36999549557547],[4.912535548210144,52.36978915125725],[4.912213683128357,52.36945179259722]]}},{"type":"Feature","properties":{"mvt_id":43619392,"subclass":"footway","class":"path","name_int":"Dr. D.M. Sluyspad","name_de":"Dr. D.M. Sluyspad","name":"Dr. D.M. Sluyspad","name:latin":"Dr. D.M. Sluyspad","name_en":"Dr. D.M. Sluyspad"},"geometry":{"type":"MultiLineString","coordinates":[[[4.90639865398407,52.366687319723994],[4.906972646713257,52.36701159741783],[4.907176494598389,52.367162271091864]],[[4.905572533607483,52.36644492878208],[4.9061518907547,52.36655957331226],[4.906200170516968,52.36658577773452]]]}},{"type":"Feature","properties":{"mvt_id":43621052,"class":"service","name_int":"Lepelkruisstraat","name_de":"Lepelkruisstraat","name":"Lepelkruisstraat","name:latin":"Lepelkruisstraat","name_en":"Lepelkruisstraat"},"geometry":{"type":"MultiLineString","coordinates":[[[4.908034801483154,52.36316924509056],[4.907922148704529,52.363231485344166],[4.907841682434082,52.36325114014289],[4.907777309417725,52.36324786434371],[4.907503724098206,52.363195451523815]],[[4.908565878868103,52.363113556368276],[4.907696843147278,52.3629595930649],[4.907664656639099,52.362966144705766],[4.9076056480407715,52.3630709708274],[4.907616376876831,52.36309062569752],[4.908034801483154,52.36316924509056],[4.908496141433716,52.36324786434371]]]}},{"type":"Feature","properties":{"mvt_id":43636372,"subclass":"cycleway","class":"path","name_int":"Kattenburgerplein","name_de":"Kattenburgerplein","name":"Kattenburgerplein","name:latin":"Kattenburgerplein","name_en":"Kattenburgerplein"},"geometry":{"type":"LineString","coordinates":[[4.91639256477356,52.37071933072115],[4.915711283683777,52.37094204684116],[4.915587902069092,52.37099117524586],[4.915453791618347,52.37106978057974],[4.91537868976593,52.371154936200234],[4.915609359741211,52.371253192481426],[4.9158453941345215,52.371331797349]]}},{"type":"Feature","properties":{"mvt_id":43645682,"subclass":"pedestrian","class":"path","name_int":"Bruno van Moerkerkenpassage","name_de":"Bruno van Moerkerkenpassage","name":"Bruno van Moerkerkenpassage","name:latin":"Bruno van Moerkerkenpassage","name_en":"Bruno van Moerkerkenpassage"},"geometry":{"type":"LineString","coordinates":[[4.911983013153076,52.37445622754106],[4.911966919898987,52.374682199769936],[4.912487268447876,52.3747051244242],[4.912508726119995,52.374600325907544]]}},{"type":"Feature","properties":{"mvt_id":43646122,"subclass":"cycleway","class":"path","name_int":"Marinierskade","name_de":"Marinierskade","name":"Marinierskade","name:latin":"Marinierskade","name_en":"Marinierskade"},"geometry":{"type":"LineString","coordinates":[[4.921875,52.37469228068934],[4.921258091926575,52.374783723148525]]}},{"type":"Feature","properties":{"mvt_id":70460032,"subclass":"footway","class":"path","name_int":"Louise Wentstraat","name_de":"Louise Wentstraat","name":"Louise Wentstraat","name:latin":"Louise Wentstraat","name_en":"Louise Wentstraat"},"geometry":{"type":"LineString","coordinates":[[4.921875,52.36440878196394],[4.921671152114868,52.36453523471258],[4.921515583992004,52.36462367862799],[4.921875,52.36483977333011]]}},{"type":"Feature","properties":{"mvt_id":70460342,"subclass":"cycleway","class":"path","name_int":"Overhaalsgang","name_de":"Overhaalsgang","name":"Overhaalsgang","name:latin":"Overhaalsgang","name_en":"Overhaalsgang"},"geometry":{"type":"LineString","coordinates":[[4.918677806854248,52.3690390979171],[4.91862952709198,52.36899324271464],[4.918602705001831,52.368980141219474],[4.918565154075623,52.36897686584507],[4.918538331985474,52.368980141219474],[4.918313026428223,52.369062025500476],[4.917771220207214,52.368488832345825]]}},{"type":"Feature","properties":{"mvt_id":70460472,"class":"service","name_int":"Dijksgrachtkade","name_de":"Dijksgrachtkade","name":"Dijksgrachtkade","name:latin":"Dijksgrachtkade","name_en":"Dijksgrachtkade"},"geometry":{"type":"LineString","coordinates":[[4.915528127125327,52.3755991766591],[4.916666150093079,52.37542233259806],[4.920056462287903,52.37491144577719],[4.920094013214111,52.37490162097271],[4.92012083530426,52.3748819713572]]}},{"type":"Feature","properties":{"mvt_id":70460722,"subclass":"cycleway","class":"path","name_int":"Entrepotdok","name_de":"Entrepotdok","name":"Entrepotdok","name:latin":"Entrepotdok","name_en":"Entrepotdok","route_1_ref":"LAW 8","route_1_name":"Zuiderzeepad - 06","route_1_network":"nwn","route_1_colour":"blue","name:sl":"Entrepotdok","name:ga":"Entrepotdok","name:nl":"Entrepotdok","name:de":"Entrepotdok","name:it":"Entrepotdok","name:fr":"Entrepotdok","name:en":"Entrepotdok"},"geometry":{"type":"LineString","coordinates":[[4.921799898147583,52.36599289887823],[4.921596050262451,52.36615995394672],[4.920458793640137,52.36656939997243],[4.920319318771362,52.366615257690995]]}},{"type":"Feature","properties":{"mvt_id":70461222,"class":"service","name_int":"Kruithuisstraat","name_de":"Kruithuisstraat","name":"Kruithuisstraat","name:latin":"Kruithuisstraat","name_en":"Kruithuisstraat"},"geometry":{"type":"LineString","coordinates":[[4.9216872453689575,52.36783046988793],[4.920957684516907,52.368066302344]]}},{"type":"Feature","properties":{"mvt_id":70461572,"subclass":"pedestrian","class":"path","name_int":"Bijltjespad","name_de":"Bijltjespad","name":"Bijltjespad","name:latin":"Bijltjespad","name_en":"Bijltjespad"},"geometry":{"type":"LineString","coordinates":[[4.917937517166138,52.370866716514485],[4.917170405387878,52.37129577013539]]}},{"type":"Feature","properties":{"mvt_id":70461992,"subclass":"cycleway","class":"path","name_int":"Nieuwevaart","name_de":"Nieuwevaart","name":"Nieuwevaart","name:latin":"Nieuwevaart","name_en":"Nieuwevaart"},"geometry":{"type":"MultiLineString","coordinates":[[[4.918313026428223,52.369062025500476],[4.918232560157776,52.36909805453603]],[[4.91713285446167,52.36950747333029],[4.917036294937134,52.369615559258825],[4.916231632232666,52.36988085996212],[4.916113615036011,52.36976294873516]],[[4.915791749954224,52.369890685883504],[4.915716648101807,52.369939815457585],[4.915260672569275,52.37008065326709]]]}},{"type":"Feature","properties":{"mvt_id":70464102,"subclass":"cycleway","class":"path","name_int":"Alexanderplein","name_de":"Alexanderplein","name":"Alexanderplein","name:latin":"Alexanderplein","name_en":"Alexanderplein"},"geometry":{"type":"MultiLineString","coordinates":[[[4.918699264526367,52.363588546157416],[4.918972849845886,52.363431308723676]],[[4.919021129608154,52.363447687649135],[4.919149875640869,52.36343458450924]],[[4.919182062149048,52.36367699196799],[4.918946027755737,52.36377526488319]],[[4.9203139543533325,52.363113556368276],[4.920212030410767,52.363156141868096],[4.919981360435486,52.36336579296112],[4.919863343238831,52.363460790785126],[4.919766783714294,52.363503375950266],[4.919407367706299,52.363572167284175],[4.919187426567078,52.363640958510985]],[[4.920485615730286,52.3628809732988],[4.9203890562057495,52.36311683217741]]]}},{"type":"Feature","properties":{"mvt_id":70464362,"subclass":"cycleway","class":"path","name_int":"Alexanderkade","name_de":"Alexanderkade","name":"Alexanderkade","name:latin":"Alexanderkade","name_en":"Alexanderkade"},"geometry":{"type":"LineString","coordinates":[[4.919906258583069,52.363431308723676],[4.919943809509277,52.363450963433486],[4.9202388525009155,52.36350992751049]]}},{"type":"Feature","properties":{"mvt_id":70465312,"subclass":"footway","class":"path","name_int":"Alexanderstraat","name_de":"Alexanderstraat","name":"Alexanderstraat","name:latin":"Alexanderstraat","name_en":"Alexanderstraat"},"geometry":{"type":"LineString","coordinates":[[4.920185208320618,52.36420111165646],[4.920925498008728,52.363614752341974]]}},{"type":"Feature","properties":{"mvt_id":73704262,"subclass":"pedestrian","class":"path","name_int":"Manegestraat","name_de":"Manegestraat","name":"Manegestraat","name:latin":"Manegestraat","name_en":"Manegestraat"},"geometry":{"type":"LineString","coordinates":[[4.907788038253784,52.363896467844214],[4.907476902008057,52.364528683304385]]}},{"type":"Feature","properties":{"mvt_id":73704292,"subclass":"cycleway","class":"path","name_int":"Amstel","name_de":"Amstel","name":"Amstel","name:latin":"Amstel","name_en":"Amstel","route_1_ref":"LAW 1-3","route_1_name":"Floris V-pad - 01","route_1_network":"nwn"},"geometry":{"type":"LineString","coordinates":[[4.902675747871399,52.364456617750236],[4.90264356136322,52.36453851041631],[4.902514815330505,52.36479729024336]]}},{"type":"Feature","properties":{"mvt_id":73706362,"subclass":"cycleway","class":"path","name_int":"Plantage Kerklaan","name_de":"Plantage Kerklaan","name":"Plantage Kerklaan","name:latin":"Plantage Kerklaan","name_en":"Plantage Kerklaan"},"geometry":{"type":"MultiLineString","coordinates":[[[4.913308024406433,52.367990967112945],[4.913356304168701,52.36802372157702],[4.913415312767029,52.36809578131248],[4.913404583930969,52.36817766723283],[4.9136728048324585,52.36847573070106]],[[4.913404583930969,52.36817766723283],[4.913291931152344,52.368141637446584],[4.913259744644165,52.368118709385485],[4.9131739139556885,52.368017170686144]]]}},{"type":"Feature","properties":{"mvt_id":73706432,"subclass":"pedestrian","class":"path","name_int":"Nieuwe Amstelstraat","name_de":"Nieuwe Amstelstraat","name":"Nieuwe Amstelstraat","name:latin":"Nieuwe Amstelstraat","name_en":"Nieuwe Amstelstraat"},"geometry":{"type":"LineString","coordinates":[[4.903882741928101,52.36744396397349],[4.903383851051331,52.3672179547109],[4.9032604694366455,52.367208128195]]}},{"type":"Feature","properties":{"mvt_id":73706462,"subclass":"cycleway","class":"path","name_int":"Plantage Middenlaan","name_de":"Plantage Middenlaan","name":"Plantage Middenlaan","name:latin":"Plantage Middenlaan","name_en":"Plantage Middenlaan"},"geometry":{"type":"MultiLineString","coordinates":[[[4.906940460205078,52.36730639325572],[4.907176494598389,52.367224505720294],[4.907337427139282,52.36719175066363],[4.907444715499878,52.36718519964938],[4.90763247013092,52.367195026170386],[4.908168911933899,52.36731621974976],[4.9083030223846436,52.36733914822738],[4.908522963523865,52.367355525704106],[4.908758997917175,52.367352250209244],[4.90888237953186,52.36733914822738],[4.909107685089111,52.36729001576077],[4.909214973449707,52.367253985250535],[4.909268617630005,52.36720485268921],[4.9093276262283325,52.367172097617974],[4.909434914588928,52.36712624047743],[4.911451935768127,52.36643182653112]],[[4.911591410636902,52.36658577773452],[4.910362958908081,52.36702142397744],[4.909434914588928,52.36732932173843],[4.9091774225234985,52.36742103555028],[4.908533692359924,52.367447239461555],[4.90839958190918,52.367437412996644],[4.908211827278137,52.36741120907955],[4.9076539278030396,52.36729984225846],[4.907573461532593,52.36729656675948],[4.9074554443359375,52.367309668753975],[4.907117486000061,52.36742431104004]],[[4.917106032371521,52.36458109454267],[4.917020201683044,52.36470229529306],[4.916923642158508,52.36474160357313],[4.915700554847717,52.36516088971774],[4.913200736045837,52.366038757195234],[4.911709427833557,52.36654319554045]],[[4.918645620346069,52.36370974963067],[4.918704628944397,52.363608200797295]],[[4.918946027755737,52.36377526488319],[4.918849468231201,52.363824401258825],[4.918769001960754,52.36383750428309]]]}},{"type":"Feature","properties":{"mvt_id":73706502,"class":"service","name_int":"Waterlooplein","name_de":"Waterlooplein","name":"Waterlooplein","name:latin":"Waterlooplein","name_en":"Waterlooplein"},"geometry":{"type":"LineString","coordinates":[[4.901795983314514,52.368262828428975],[4.902718663215637,52.36787960175343],[4.903008341789246,52.36777151157718]]}},{"type":"Feature","properties":{"mvt_id":73706832,"subclass":"steps","class":"path","name_int":"Uilenburgerwerf","name_de":"Uilenburgerwerf","name":"Uilenburgerwerf","name:latin":"Uilenburgerwerf","name_en":"Uilenburgerwerf"},"geometry":{"type":"LineString","coordinates":[[4.9049824476242065,52.369844831565054],[4.904928803443909,52.369890685883504]]}},{"type":"Feature","properties":{"mvt_id":73706942,"subclass":"pedestrian","class":"path","name_int":"Korte Keizersdwarsstraat","name_de":"Korte Keizersdwarsstraat","name":"Korte Keizersdwarsstraat","name:latin":"Korte Keizersdwarsstraat","name_en":"Korte Keizersdwarsstraat"},"geometry":{"type":"LineString","coordinates":[[4.902681112289429,52.37131542134645],[4.903265833854675,52.37159708774432]]}},{"type":"Feature","properties":{"mvt_id":73707102,"subclass":"cycleway","class":"path","name_int":"Nieuwe Batavierstraat","name_de":"Nieuwe Batavierstraat","name":"Nieuwe Batavierstraat","name:latin":"Nieuwe Batavierstraat","name_en":"Nieuwe Batavierstraat"},"geometry":{"type":"LineString","coordinates":[[4.904505014419556,52.37028372094611],[4.903968572616577,52.370738982188676]]}},{"type":"Feature","properties":{"mvt_id":73707562,"subclass":"pedestrian","class":"path","name_int":"Korte Koningsdwarsstraat","name_de":"Korte Koningsdwarsstraat","name":"Korte Koningsdwarsstraat","name:latin":"Korte Koningsdwarsstraat","name_en":"Korte Koningsdwarsstraat"},"geometry":{"type":"LineString","coordinates":[[4.903265833854675,52.37159708774432],[4.903603792190552,52.3717641216202],[4.903829097747803,52.37189185298142]]}},{"type":"Feature","properties":{"mvt_id":73707842,"subclass":"pedestrian","class":"path","name_int":"Schippersstraat","name_de":"Schippersstraat","name":"Schippersstraat","name:latin":"Schippersstraat","name_en":"Schippersstraat"},"geometry":{"type":"LineString","coordinates":[[4.905191659927368,52.37310036988712],[4.906001687049866,52.37364402795499]]}},{"type":"Feature","properties":{"mvt_id":73707862,"subclass":"pedestrian","class":"path","name_int":"Buiten Bantammerstraat","name_de":"Buiten Bantammerstraat","name":"Buiten Bantammerstraat","name:latin":"Buiten Bantammerstraat","name_en":"Buiten Bantammerstraat"},"geometry":{"type":"LineString","coordinates":[[4.903957843780518,52.37380777907366],[4.904741048812866,52.37432522861809]]}},{"type":"Feature","properties":{"mvt_id":73707972,"subclass":"cycleway","class":"path","name_int":"Plantage Middenlaan","name_de":"Plantage Middenlaan","name":"Plantage Middenlaan","name:latin":"Plantage Middenlaan","name_en":"Plantage Middenlaan","route_1_ref":"LAW15","route_1_name":"Westerborkpad - 01","route_1_network":"nwn"},"geometry":{"type":"MultiLineString","coordinates":[[[4.911709427833557,52.36654319554045],[4.911591410636902,52.36658577773452]],[[4.911451935768127,52.36643182653112],[4.918275475502014,52.364070082317255],[4.918425679206848,52.36399146452719],[4.918473958969116,52.363948879832506],[4.918543696403503,52.36386698607349],[4.918645620346069,52.36370974963067]]]}},{"type":"Feature","properties":{"mvt_id":73708052,"subclass":"cycleway","class":"path","name_int":"Hortusplantsoen","name_de":"Hortusplantsoen","name":"Hortusplantsoen","name:latin":"Hortusplantsoen","name_en":"Hortusplantsoen"},"geometry":{"type":"LineString","coordinates":[[4.905127286911011,52.366333559525025],[4.9054330587387085,52.36638596862214],[4.905545711517334,52.3663826930554],[4.905835390090942,52.36635648851266],[4.906296730041504,52.366327008383514],[4.9063825607299805,52.366313906097574],[4.906677603721619,52.366300803807746],[4.906827807426453,52.36627787479121],[4.906978011131287,52.36626804806618],[4.9071550369262695,52.366205812090314]]}},{"type":"Feature","properties":{"mvt_id":73708182,"subclass":"pedestrian","class":"path","name_int":"A.S. Onderwijzerhof","name_de":"A.S. Onderwijzerhof","name":"A.S. Onderwijzerhof","name:latin":"A.S. Onderwijzerhof","name_en":"A.S. Onderwijzerhof"},"geometry":{"type":"LineString","coordinates":[[4.9042099714279175,52.36696574011068],[4.903727173805237,52.36686419876117],[4.903458952903748,52.36695591353867],[4.903169274330139,52.367149169053654]]}},{"type":"Feature","properties":{"mvt_id":73708572,"class":"service","name_int":"Kade West","name_de":"Kade West","name":"Kade West","name:latin":"Kade West","name_en":"Kade West"},"geometry":{"type":"LineString","coordinates":[[4.915115833282471,52.373509751584635],[4.915909767150879,52.37369970340345],[4.916676878929138,52.37325757290776],[4.916709065437317,52.373241197619215],[4.916859269142151,52.37319207171715],[4.9171435832977295,52.37302504324143],[4.917347431182861,52.3728809397352],[4.91762638092041,52.3727106349853]]}},{"type":"Feature","properties":{"mvt_id":73708642,"subclass":"pedestrian","class":"path","name_int":"Nieuwe Jonkerstraat","name_de":"Nieuwe Jonkerstraat","name":"Nieuwe Jonkerstraat","name:latin":"Nieuwe Jonkerstraat","name_en":"Nieuwe Jonkerstraat"},"geometry":{"type":"MultiLineString","coordinates":[[[4.902697205543518,52.37332634905334],[4.901506304740906,52.37398462959989]],[[4.903920292854309,52.3726615084931],[4.9036091566085815,52.37281871307579],[4.903673529624939,52.37287438956465],[4.9027615785598755,52.37336892470885]]]}},{"type":"Feature","properties":{"mvt_id":73708742,"subclass":"pedestrian","class":"path","name_int":"Lastageweg","name_de":"Lastageweg","name":"Lastageweg","name:latin":"Lastageweg","name_en":"Lastageweg","route_1_ref":"LAW 8","route_1_name":"Zuiderzeepad - 06","route_1_network":"nwn","route_1_colour":"blue"},"geometry":{"type":"LineString","coordinates":[[4.9021875858306885,52.37299884263891],[4.902697205543518,52.37332634905334],[4.902949333190918,52.373499926468334]]}},{"type":"Feature","properties":{"mvt_id":73708812,"subclass":"footway","class":"path","name_int":"Geldersesteeg","name_de":"Geldersesteeg","name":"Geldersesteeg","name:latin":"Geldersesteeg","name_en":"Geldersesteeg"},"geometry":{"type":"LineString","coordinates":[[4.902493357658386,52.3744038280185],[4.901919364929199,52.374564301359996]]}},{"type":"Feature","properties":{"mvt_id":73708842,"subclass":"footway","class":"path","name_int":"Waalsteeg","name_de":"Waalsteeg","name":"Waalsteeg","name:latin":"Waalsteeg","name_en":"Waalsteeg"},"geometry":{"type":"LineString","coordinates":[[4.902756214141846,52.374014104618745],[4.902681112289429,52.374014104618745],[4.902423620223999,52.374079604590214],[4.901769161224365,52.37426627897599],[4.90165114402771,52.37429247882664]]}},{"type":"Feature","properties":{"mvt_id":73708962,"subclass":"pedestrian","class":"path","name_int":"Sleperssteeg","name_de":"Sleperssteeg","name":"Sleperssteeg","name:latin":"Sleperssteeg","name_en":"Sleperssteeg"},"geometry":{"type":"LineString","coordinates":[[4.903190732002258,52.37186565170667],[4.902713298797607,52.372127663754775]]}},{"type":"Feature","properties":{"mvt_id":73711362,"subclass":"pedestrian","class":"path","name_int":"Vredenburgersteeg","name_de":"Vredenburgersteeg","name":"Vredenburgersteeg","name:latin":"Vredenburgersteeg","name_en":"Vredenburgersteeg"},"geometry":{"type":"LineString","coordinates":[[4.90065336227417,52.375166889926376],[4.900610446929932,52.37517343975692],[4.900299310684204,52.375294611446904],[4.900202751159668,52.375291336540734]]}},{"type":"Feature","properties":{"mvt_id":73711652,"subclass":"pedestrian","class":"path","name_int":"Waterpoortsteeg","name_de":"Waterpoortsteeg","name":"Waterpoortsteeg","name:latin":"Waterpoortsteeg","name_en":"Waterpoortsteeg"},"geometry":{"type":"LineString","coordinates":[[4.901372194290161,52.374980219347314],[4.901023507118225,52.37511776616628]]}},{"type":"Feature","properties":{"mvt_id":73711692,"subclass":"pedestrian","class":"path","name_int":"Oudezijds Achterburgwal","name_de":"Oudezijds Achterburgwal","name":"Oudezijds Achterburgwal","name:latin":"Oudezijds Achterburgwal","name_en":"Oudezijds Achterburgwal"},"geometry":{"type":"LineString","coordinates":[[4.900610446929932,52.37517343975692],[4.900519251823425,52.37495401990465],[4.900449514389038,52.37487869642043],[4.900074005126953,52.374531551745825]]}},{"type":"Feature","properties":{"mvt_id":73711702,"subclass":"pedestrian","class":"path","name_int":"Spooksteeg","name_de":"Spooksteeg","name":"Spooksteeg","name:latin":"Spooksteeg","name_en":"Spooksteeg"},"geometry":{"type":"LineString","coordinates":[[4.901023507118225,52.37511776616628],[4.900980591773987,52.37513414075905],[4.900755286216736,52.37515706517872]]}},{"type":"Feature","properties":{"mvt_id":73712062,"subclass":"pedestrian","class":"path","name_int":"Zeedijk","name_de":"Zeedijk","name":"Zeedijk","name:latin":"Zeedijk","name_en":"Zeedijk","route_1_ref":"LAW 8","route_1_name":"Zuiderzeepad - 06","route_1_network":"nwn","route_1_colour":"blue","name:nl":"Zeedijk","route_2_network":"rwn","route_2_name":"Traject 1 - Amsterdam CS-Zeeburg","name:zh":"\u5584\u5fb7\u8857"},"geometry":{"type":"LineString","coordinates":[[4.900256395339966,52.37301849309225],[4.900218844413757,52.37366040309418],[4.900234937667847,52.373801229040566],[4.900272488594055,52.37394205453793],[4.900331497192383,52.37409270457285],[4.900449514389038,52.37430557874613],[4.900524616241455,52.37441037796222],[4.9009108543396,52.37485577185626],[4.900953769683838,52.37492782044645],[4.901077151298523,52.3752618623743],[4.9010878801345825,52.37531753578329],[4.901082515716553,52.3753764840222],[4.901066422462463,52.375415782804424],[4.901023507118225,52.37546818112633],[4.900873511740315,52.3755991766591]]}},{"type":"Feature","properties":{"mvt_id":73712312,"subclass":"pedestrian","class":"path","name_int":"Krom Boomssloot","name_de":"Krom Boomssloot","name":"Krom Boomssloot","name:latin":"Krom Boomssloot","name_en":"Krom Boomssloot"},"geometry":{"type":"LineString","coordinates":[[4.901205897331238,52.37089291838181],[4.90140974521637,52.37094204684116],[4.901500940322876,52.3709944504709],[4.901592135429382,52.371056679700466]]}},{"type":"Feature","properties":{"mvt_id":73712712,"subclass":"pedestrian","class":"path","name_int":"Korte Dijkstraat","name_de":"Korte Dijkstraat","name":"Korte Dijkstraat","name:latin":"Korte Dijkstraat","name_en":"Korte Dijkstraat"},"geometry":{"type":"LineString","coordinates":[[4.902101755142212,52.37056211866619],[4.901704788208008,52.37089619361414],[4.901683330535889,52.37093222115366]]}},{"type":"Feature","properties":{"mvt_id":73714172,"subclass":"pedestrian","class":"path","name_int":"Nieuwe Ridderstraat","name_de":"Nieuwe Ridderstraat","name":"Nieuwe Ridderstraat","name:latin":"Nieuwe Ridderstraat","name_en":"Nieuwe Ridderstraat"},"geometry":{"type":"LineString","coordinates":[[4.9021607637405396,52.373378749854275],[4.901420474052429,52.373788128971476]]}},{"type":"Feature","properties":{"mvt_id":73714272,"subclass":"pedestrian","class":"path","name_int":"Boomsteeg","name_de":"Boomsteeg","name":"Boomsteeg","name:latin":"Boomsteeg","name_en":"Boomsteeg"},"geometry":{"type":"MultiLineString","coordinates":[[[4.900251030921936,52.37411562953313],[4.899977445602417,52.374204054268404]],[[4.900331497192383,52.37409270457285],[4.900277853012085,52.3741090795457]]]}},{"type":"Feature","properties":{"mvt_id":73714422,"subclass":"pedestrian","class":"path","name_int":"Molensteeg","name_de":"Molensteeg","name":"Molensteeg","name:latin":"Molensteeg","name_en":"Molensteeg"},"geometry":{"type":"LineString","coordinates":[[4.900224208831787,52.37348027622918],[4.90015983581543,52.37348027622918],[4.89990234375,52.37354494081302]]}},{"type":"Feature","properties":{"mvt_id":73715072,"subclass":"cycleway","class":"path","name_int":"Amstel","name_de":"Amstel","name":"Amstel","name:latin":"Amstel","name_en":"Amstel"},"geometry":{"type":"LineString","coordinates":[[4.900428056716919,52.365806189524726],[4.900352954864502,52.36599289887823],[4.900304675102234,52.3662221899872]]}},{"type":"Feature","properties":{"mvt_id":73715492,"subclass":"cycleway","class":"path","name_int":"Amstel","name_de":"Amstel","name":"Amstel","name:latin":"Amstel","name_en":"Amstel","route_1_ref":"LAW15","route_1_name":"Westerborkpad - 00","route_1_network":"nwn","route_2_network":"nwn","route_2_name":"Floris V-pad - 01","route_2_ref":"LAW 1-3"},"geometry":{"type":"LineString","coordinates":[[4.901474118232727,52.36660543104102],[4.901452660560608,52.366628359887564],[4.901318550109863,52.36669387081208],[4.89990234375,52.367251979840944]]}},{"type":"Feature","properties":{"mvt_id":73715892,"subclass":"pedestrian","class":"path","name_int":"Brandewijnsteeg","name_de":"Brandewijnsteeg","name":"Brandewijnsteeg","name:latin":"Brandewijnsteeg","name_en":"Brandewijnsteeg","route_1_ref":"LAW 8","route_1_name":"Zuiderzeepad - 06","route_1_network":"nwn","route_1_colour":"blue"},"geometry":{"type":"LineString","coordinates":[[4.90139365196228,52.37263858277804],[4.9018871784210205,52.37296936694248]]}},{"type":"Feature","properties":{"mvt_id":232642022,"subclass":"cycleway","class":"path","name_int":"Weesperstraat","name_de":"Weesperstraat","name":"Weesperstraat","name:latin":"Weesperstraat","name_en":"Weesperstraat"},"geometry":{"type":"MultiLineString","coordinates":[[[4.904671311378479,52.3663826930554],[4.904719591140747,52.36628770151404],[4.904842972755432,52.36618615860604],[4.90489661693573,52.36611082016862],[4.905422329902649,52.365242781078365],[4.905502796173096,52.365105203505806],[4.905545711517334,52.365003657879825],[4.907042384147644,52.362474768945276],[4.90713357925415,52.36229459646387],[4.90713894367218,52.36224218251314]],[[4.907541275024414,52.36232080341592],[4.907503724098206,52.36236338967985],[4.907348155975342,52.36258287208146],[4.9072569608688354,52.362687699112435],[4.906817078590393,52.363450963433486],[4.906302094459534,52.36431576200951],[4.906162619590759,52.364528683304385],[4.90614116191864,52.36462367862799],[4.905878305435181,52.36505934421975],[4.905712008476257,52.36529846711688],[4.9056315422058105,52.3653934607853],[4.90513801574707,52.366127198100735],[4.905079007148743,52.36623856787802]]]}},{"type":"Feature","properties":{"mvt_id":232890132,"subclass":"cycleway","class":"path","name_int":"Nieuwe Herengracht","name_de":"Nieuwe Herengracht","name":"Nieuwe Herengracht","name:latin":"Nieuwe Herengracht","name_en":"Nieuwe Herengracht","route_1_ref":"LAW15","route_1_name":"Westerborkpad - 00","route_1_network":"nwn"},"geometry":{"type":"LineString","coordinates":[[4.904338717460632,52.36620253651021],[4.904446005821228,52.3662221899872],[4.904660582542419,52.36623856787802]]}},{"type":"Feature","properties":{"mvt_id":232893742,"subclass":"pedestrian","class":"path","name_int":"Jonas Dani\u00ebl Meijerplein","name_de":"Jonas Dani\u00ebl Meijerplein","name":"Jonas Dani\u00ebl Meijerplein","name:latin":"Jonas Dani\u00ebl Meijerplein","name_en":"Jonas Dani\u00ebl Meijerplein"},"geometry":{"type":"MultiLineString","coordinates":[[[4.904279708862305,52.36761756450594],[4.9044352769851685,52.36755533043126],[4.906119704246521,52.36701487293795]],[[4.90490198135376,52.36667421754492],[4.905524253845215,52.36678558594319],[4.905830025672913,52.36686419876117],[4.905953407287598,52.366910056173715],[4.905953407287598,52.36694936248946]]]}},{"type":"Feature","properties":{"mvt_id":232915522,"subclass":"pedestrian","class":"path","name_int":"Matrozenhof","name_de":"Matrozenhof","name":"Matrozenhof","name:latin":"Matrozenhof","name_en":"Matrozenhof"},"geometry":{"type":"MultiLineString","coordinates":[[[4.915582537651062,52.36960900860402],[4.915571808815002,52.36950747333029],[4.915400147438049,52.36932405417968]],[[4.915791749954224,52.369890685883504],[4.915582537651062,52.36967451510838],[4.915582537651062,52.36966141381528]]]}},{"type":"Feature","properties":{"mvt_id":232915532,"subclass":"steps","class":"path","name_int":"Matrozenhof","name_de":"Matrozenhof","name":"Matrozenhof","name:latin":"Matrozenhof","name_en":"Matrozenhof"},"geometry":{"type":"LineString","coordinates":[[4.915582537651062,52.36966141381528],[4.915582537651062,52.36960900860402]]}},{"type":"Feature","properties":{"mvt_id":232915552,"subclass":"cycleway","class":"path","name_int":"Matrozenhof","name_de":"Matrozenhof","name":"Matrozenhof","name:latin":"Matrozenhof","name_en":"Matrozenhof"},"geometry":{"type":"LineString","coordinates":[[4.916113615036011,52.36976294873516],[4.91587221622467,52.36984155625478],[4.915791749954224,52.369890685883504]]}},{"type":"Feature","properties":{"mvt_id":232925192,"subclass":"cycleway","class":"path","name_int":"Kattenburgergracht","name_de":"Kattenburgergracht","name":"Kattenburgergracht","name:latin":"Kattenburgergracht","name_en":"Kattenburgergracht"},"geometry":{"type":"LineString","coordinates":[[4.9172937870025635,52.37041473185649],[4.91639256477356,52.37071933072115]]}},{"type":"Feature","properties":{"mvt_id":232925212,"subclass":"pedestrian","class":"path","name_int":"Kattenburgerplein","name_de":"Kattenburgerplein","name":"Kattenburgerplein","name:latin":"Kattenburgerplein","name_en":"Kattenburgerplein"},"geometry":{"type":"LineString","coordinates":[[4.91639256477356,52.37071933072115],[4.916226267814636,52.37091256977211],[4.9158453941345215,52.371331797349]]}},{"type":"Feature","properties":{"mvt_id":232941652,"subclass":"cycleway","class":"path","name_int":"Prins Hendrikkade","name_de":"Prins Hendrikkade","name":"Prins Hendrikkade","name:latin":"Prins Hendrikkade","name_en":"Prins Hendrikkade"},"geometry":{"type":"MultiLineString","coordinates":[[[4.904741048812866,52.37432522861809],[4.905062913894653,52.37416475440791],[4.90714967250824,52.37301194294211],[4.907358884811401,52.37286783939314]],[[4.908056259155273,52.372465001977886],[4.908163547515869,52.37239949961186],[4.908281564712524,52.372356923021854],[4.908608794212341,52.37228814536668],[4.908941388130188,52.37220299193093],[4.909708499908447,52.37193115486442],[4.910057187080383,52.37179032295518],[4.910572171211243,52.371610188463286],[4.911012053489685,52.37146608034084],[4.911441206932068,52.371338347748306],[4.91214394569397,52.37110580797767]]]}},{"type":"Feature","properties":{"mvt_id":262186362,"subclass":"footway","class":"path","name_int":"Plantagekade","name_de":"Plantagekade","name":"Plantagekade","name:latin":"Plantagekade","name_en":"Plantagekade"},"geometry":{"type":"LineString","coordinates":[[4.91364061832428,52.36843642574345],[4.9113768339157104,52.36921596753785],[4.911092519760132,52.36891463368537],[4.911012053489685,52.368813096815536]]}},{"type":"Feature","properties":{"mvt_id":263122262,"subclass":"footway","class":"path","name_int":"Moddermolenstraat","name_de":"Moddermolenstraat","name":"Moddermolenstraat","name:latin":"Moddermolenstraat","name_en":"Moddermolenstraat"},"geometry":{"type":"LineString","coordinates":[[4.89990234375,52.369744471003884],[4.900127649307251,52.36993654015434]]}},{"type":"Feature","properties":{"mvt_id":264693172,"subclass":"cycleway","class":"path","name_int":"Nieuwe Hoogstraat","name_de":"Nieuwe Hoogstraat","name":"Nieuwe Hoogstraat","name:latin":"Nieuwe Hoogstraat","name_en":"Nieuwe Hoogstraat"},"geometry":{"type":"LineString","coordinates":[[4.900637269020081,52.37051298978427],[4.900487065315247,52.370539191861425],[4.89990234375,52.37069133220169]]}},{"type":"Feature","properties":{"mvt_id":266506642,"subclass":"pedestrian","class":"path","name_int":"Oosterdok","name_de":"Oosterdok","name":"Oosterdok","name:latin":"Oosterdok","name_en":"Oosterdok"},"geometry":{"type":"MultiLineString","coordinates":[[[4.912508726119995,52.374600325907544],[4.912514090538025,52.374561026399675],[4.912583827972412,52.37447260237911],[4.91263747215271,52.37413200449746],[4.91264283657074,52.37369970340345]],[[4.911940097808838,52.374462777477014],[4.911983013153076,52.37445622754106],[4.911988377571106,52.37422370418553],[4.911972284317017,52.37404357961793],[4.911902546882629,52.37374555372008]]]}},{"type":"Feature","properties":{"mvt_id":273123702,"subclass":"footway","class":"path","name_int":"Waterlooplein","name_de":"Waterlooplein","name":"Waterlooplein","name:latin":"Waterlooplein","name_en":"Waterlooplein"},"geometry":{"type":"LineString","coordinates":[[4.901205897331238,52.36954677733491],[4.90114688873291,52.36949109665138]]}},{"type":"Feature","properties":{"mvt_id":283659882,"subclass":"footway","class":"path","name_int":"Pancrasstraat","name_de":"Pancrasstraat","name":"Pancrasstraat","name:latin":"Pancrasstraat","name_en":"Pancrasstraat"},"geometry":{"type":"LineString","coordinates":[[4.913758635520935,52.36319872732689],[4.913007616996765,52.36305459176229],[4.913452863693237,52.362183216744256]]}},{"type":"Feature","properties":{"mvt_id":301334312,"subclass":"footway","class":"path","name_int":"Wittenburgerkade","name_de":"Wittenburgerkade","name":"Wittenburgerkade","name:latin":"Wittenburgerkade","name_en":"Wittenburgerkade"},"geometry":{"type":"MultiLineString","coordinates":[[[4.9208396673202515,52.372068711179466],[4.921740889549255,52.37262875746795],[4.92186963558197,52.37272046027718],[4.921875,52.37272393848077]],[[4.920716285705566,52.37199010762332],[4.92063581943512,52.37193443001975],[4.92062509059906,52.37187547718653]],[[4.919922351837158,52.37144315400527],[4.919595122337341,52.37163311471215]]]}},{"type":"Feature","properties":{"mvt_id":301334412,"subclass":"cycleway","class":"path","name_int":"Kattenburgerkade","name_de":"Kattenburgerkade","name":"Kattenburgerkade","name:latin":"Kattenburgerkade","name_en":"Kattenburgerkade"},"geometry":{"type":"LineString","coordinates":[[4.921875,52.373133286579744],[4.921397566795349,52.37283508852098],[4.920260310173035,52.372081811758555]]}},{"type":"Feature","properties":{"mvt_id":314854792,"subclass":"cycleway","class":"path","name_int":"Nijlpaardenbrug","name_de":"Nijlpaardenbrug","name":"Nijlpaardenbrug","name:latin":"Nijlpaardenbrug","name_en":"Nijlpaardenbrug"},"geometry":{"type":"LineString","coordinates":[[4.9136728048324585,52.36847573070106],[4.913941025733948,52.368754139816275],[4.9140214920043945,52.36882292297444]]}},{"type":"Feature","properties":{"mvt_id":314860022,"subclass":"footway","class":"path","name_int":"Doklaantje","name_de":"Doklaantje","name":"Doklaantje","name:latin":"Doklaantje","name_en":"Doklaantje"},"geometry":{"type":"LineString","coordinates":[[4.91364061832428,52.36843642574345],[4.91439163684845,52.368197319831125]]}},{"type":"Feature","properties":{"mvt_id":314865492,"subclass":"footway","class":"path","name_int":"Binnenkadijk","name_de":"Binnenkadijk","name":"Binnenkadijk","name:latin":"Binnenkadijk","name_en":"Binnenkadijk"},"geometry":{"type":"LineString","coordinates":[[4.912610650062561,52.36955005266705],[4.914101958274841,52.36902599643553],[4.914359450340271,52.368953938217494],[4.914466738700867,52.368898256786665],[4.914756417274475,52.36880327065446],[4.916650056838989,52.36814818831899],[4.918087720870972,52.36764049282716]]}},{"type":"Feature","properties":{"mvt_id":319872872,"subclass":"cycleway","class":"path","name_int":"Weesperstraat","name_de":"Weesperstraat","name":"Weesperstraat","name:latin":"Weesperstraat","name_en":"Weesperstraat","route_1_ref":"LAW15","route_1_name":"Westerborkpad - 00","route_1_network":"nwn"},"geometry":{"type":"LineString","coordinates":[[4.905079007148743,52.36623856787802],[4.904971718788147,52.36643837765708]]}},{"type":"Feature","properties":{"mvt_id":324313382,"class":"service","name_int":"Nieuwe Prinsengracht","name_de":"Nieuwe Prinsengracht","name":"Nieuwe Prinsengracht","name:latin":"Nieuwe Prinsengracht","name_en":"Nieuwe Prinsengracht"},"geometry":{"type":"MultiLineString","coordinates":[[[4.907788038253784,52.363896467844214],[4.907857775688171,52.363903019346154],[4.908345937728882,52.36399474027123]],[[4.913232922554016,52.364089736742905],[4.913206100463867,52.36410939115982],[4.912401437759399,52.36438782779342],[4.912347793579102,52.36439765493667],[4.911113977432251,52.36417818155015],[4.910931587219238,52.36413887276879]]]}},{"type":"Feature","properties":{"mvt_id":342859552,"subclass":"cycleway","class":"path","name_int":"Weesperplein","name_de":"Weesperplein","name":"Weesperplein","name:latin":"Weesperplein","name_en":"Weesperplein"},"geometry":{"type":"MultiLineString","coordinates":[[[4.90713894367218,52.36224218251314],[4.907160747435768,52.362183216744256]],[[4.90761946930607,52.362183216744256],[4.907541275024414,52.36232080341592]]]}},{"type":"Feature","properties":{"mvt_id":346297912,"class":"service","name_int":"Plantage Doklaan","name_de":"Plantage Doklaan","name":"Plantage Doklaan","name:latin":"Plantage Doklaan","name_en":"Plantage Doklaan"},"geometry":{"type":"LineString","coordinates":[[4.913828372955322,52.367843571724066],[4.913452863693237,52.367968038973636],[4.9131739139556885,52.368017170686144]]}},{"type":"Feature","properties":{"mvt_id":374174852,"subclass":"cycleway","class":"path","name_int":"Wittenburgergracht","name_de":"Wittenburgergracht","name":"Wittenburgergracht","name:latin":"Wittenburgergracht","name_en":"Wittenburgergracht"},"geometry":{"type":"MultiLineString","coordinates":[[[4.920571446418762,52.36925854715559],[4.919509291648865,52.36964503719344],[4.919305443763733,52.36971381896436]],[[4.918752908706665,52.3699037871086],[4.918586611747742,52.36996929317579],[4.918050169944763,52.37016253550806],[4.917551279067993,52.37032957480894]]]}},{"type":"Feature","properties":{"mvt_id":385946322,"subclass":"pedestrian","class":"path","name_int":"Annie M.G. Schmidtstraat","name_de":"Annie M.G. Schmidtstraat","name":"Annie M.G. Schmidtstraat","name:latin":"Annie M.G. Schmidtstraat","name_en":"Annie M.G. Schmidtstraat"},"geometry":{"type":"LineString","coordinates":[[4.90872593153091,52.3755991766591],[4.9087536334991455,52.37539940831608]]}},{"type":"Feature","properties":{"mvt_id":881817332,"subclass":"footway","class":"path","name_int":"Plantage Westermanlaan","name_de":"Plantage Westermanlaan","name":"Plantage Westermanlaan","name:latin":"Plantage Westermanlaan","name_en":"Plantage Westermanlaan"},"geometry":{"type":"LineString","coordinates":[[4.914284348487854,52.36565878684613],[4.913404583930969,52.3646826411399]]}},{"type":"Feature","properties":{"mvt_id":881826582,"class":"service","name_int":"Plantagekade","name_de":"Plantagekade","name":"Plantagekade","name:latin":"Plantagekade","name_en":"Plantagekade"},"geometry":{"type":"LineString","coordinates":[[4.912830591201782,52.368194044398685],[4.912991523742676,52.368406947002285],[4.911859631538391,52.368799995266954],[4.911355376243591,52.36896703972043],[4.911296367645264,52.368953938217494],[4.91113007068634,52.36878361832575]]}},{"type":"Feature","properties":{"mvt_id":885429332,"subclass":"pedestrian","class":"path","name_int":"Sint Antoniesluis","name_de":"Sint Antoniesluis","name":"Sint Antoniesluis","name:latin":"Sint Antoniesluis","name_en":"Sint Antoniesluis"},"geometry":{"type":"MultiLineString","coordinates":[[[4.901243448257446,52.369857932803754],[4.901522397994995,52.37003479914585]],[[4.900953769683838,52.369681065753475],[4.901195168495178,52.36982517969972]]]}},{"type":"Feature","properties":{"mvt_id":934802192,"subclass":"footway","class":"path","name_int":"Lange Houtgang","name_de":"Lange Houtgang","name":"Lange Houtgang","name:latin":"Lange Houtgang","name_en":"Lange Houtgang"},"geometry":{"type":"LineString","coordinates":[[4.900100827217102,52.36857399294209],[4.901441931724548,52.3680204461317],[4.902364611625671,52.36762739093078]]}},{"type":"Feature","properties":{"mvt_id":1076817662,"subclass":"pedestrian","class":"path","name_int":"Februariplein","name_de":"Februariplein","name":"Februariplein","name:latin":"Februariplein","name_en":"Februariplein"},"geometry":{"type":"MultiLineString","coordinates":[[[4.906516671180725,52.36886550297104],[4.906758069992065,52.36896048896945]],[[4.906983375549316,52.36875086442512],[4.906661510467529,52.369055474763584],[4.906414747238159,52.368963764345054],[4.906736612319946,52.368652602577534]]]}},{"type":"Feature","properties":{"mvt_id":1076817672,"subclass":"footway","class":"path","name_int":"Februariplein","name_de":"Februariplein","name":"Februariplein","name:latin":"Februariplein","name_en":"Februariplein"},"geometry":{"type":"MultiLineString","coordinates":[[[4.906548857688904,52.36917338787906],[4.906661510467529,52.369055474763584]],[[4.906302094459534,52.369071851604005],[4.906414747238159,52.368963764345054]]]}},{"type":"Feature","properties":{"mvt_id":1076817682,"subclass":"pedestrian","class":"path","name_int":"Koerierstersplein","name_de":"Koerierstersplein","name":"Koerierstersplein","name:latin":"Koerierstersplein","name_en":"Koerierstersplein"},"geometry":{"type":"MultiLineString","coordinates":[[[4.907873868942261,52.36911115599622],[4.907557368278503,52.36940921316575],[4.907809495925903,52.36950747333029],[4.908125996589661,52.369212692180945]],[[4.90789532661438,52.36942886521614],[4.90763783454895,52.369337155572836]]]}},{"type":"Feature","properties":{"mvt_id":1076817692,"subclass":"footway","class":"path","name_int":"Koerierstersplein","name_de":"Koerierstersplein","name":"Koerierstersplein","name:latin":"Koerierstersplein","name_en":"Koerierstersplein"},"geometry":{"type":"MultiLineString","coordinates":[[[4.907734394073486,52.369582805975085],[4.907809495925903,52.36950747333029]],[[4.907492995262146,52.369477995303875],[4.907557368278503,52.36940921316575]]]}},{"type":"Feature","properties":{"mvt_id":1122603372,"subclass":"footway","class":"path","name_int":"Entrepotdoksluis","name_de":"Entrepotdoksluis","name":"Entrepotdoksluis","name:latin":"Entrepotdoksluis","name_en":"Entrepotdoksluis"},"geometry":{"type":"MultiLineString","coordinates":[[[4.918828010559082,52.3680335479115],[4.918929934501648,52.367997518007705],[4.918452501296997,52.3674963717533]],[[4.918822646141052,52.368112158508694],[4.918769001960754,52.368056476016804]]]}},{"type":"Feature","properties":{"mvt_id":1139529772,"subclass":"footway","class":"path","name_int":"Meester Visserplein","name_de":"Meester Visserplein","name":"Meester Visserplein","name:latin":"Meester Visserplein","name_en":"Meester Visserplein","route_1_ref":"LAW15","route_1_name":"Westerborkpad - 00","route_1_network":"nwn"},"geometry":{"type":"LineString","coordinates":[[4.904279708862305,52.36761756450594],[4.904628396034241,52.367745307858264],[4.905014634132385,52.367909080846516],[4.905036091804504,52.36790252993864]]}},{"type":"Feature","properties":{"mvt_id":1139537912,"class":"service","name_int":"Plantage Muidergracht","name_de":"Plantage Muidergracht","name":"Plantage Muidergracht","name:latin":"Plantage Muidergracht","name_en":"Plantage Muidergracht"},"geometry":{"type":"MultiLineString","coordinates":[[[4.915367960929871,52.3640012917586],[4.915212392807007,52.363824401258825]],[[4.918565154075623,52.364210938841246],[4.919520020484924,52.36461385153502]]]}},{"type":"Feature","properties":{"mvt_id":1139690582,"subclass":"pedestrian","class":"path","name_int":"Oudeschans","name_de":"Oudeschans","name":"Oudeschans","name:latin":"Oudeschans","name_en":"Oudeschans"},"geometry":{"type":"LineString","coordinates":[[4.904810786247253,52.37217024056578],[4.904161691665649,52.37253050424677]]}},{"type":"Feature","properties":{"mvt_id":1145316742,"subclass":"footway","class":"path","name_int":"Kleersloot","name_de":"Kleersloot","name":"Kleersloot","name:latin":"Kleersloot","name_en":"Kleersloot"},"geometry":{"type":"LineString","coordinates":[[4.901860356330872,52.37120406436815],[4.901576042175293,52.37160691328391]]}},{"type":"Feature","properties":{"mvt_id":1158428432,"subclass":"cycleway","class":"path","name_int":"Jodenbreestraat","name_de":"Jodenbreestraat","name":"Jodenbreestraat","name:latin":"Jodenbreestraat","name_en":"Jodenbreestraat","route_1_name":"Traject 1 - Amsterdam CS-Zeeburg","route_1_network":"rwn"},"geometry":{"type":"LineString","coordinates":[[4.902380704879761,52.36902272106454],[4.9036359786987305,52.3685019339867]]}},{"type":"Feature","properties":{"mvt_id":1186036912,"subclass":"cycleway","class":"path","name_int":"Alexanderplein","name_de":"Alexanderplein","name":"Alexanderplein","name:latin":"Alexanderplein","name_en":"Alexanderplein","route_1_ref":"LAW15","route_1_name":"Westerborkpad - 01","route_1_network":"nwn"},"geometry":{"type":"LineString","coordinates":[[4.919149875640869,52.36343458450924],[4.919734597206116,52.363336310836274],[4.919820427894592,52.36330027710142],[4.920002818107605,52.36314303864176],[4.920035004615784,52.3631004531293],[4.920067191123962,52.36301528198125],[4.92038369178772,52.36285804250733]]}},{"type":"Feature","properties":{"mvt_id":1186036932,"subclass":"cycleway","class":"path","name_int":"Mauritskade","name_de":"Mauritskade","name":"Mauritskade","name:latin":"Mauritskade","name_en":"Mauritskade"},"geometry":{"type":"MultiLineString","coordinates":[[[4.921875,52.3632755362186],[4.921719431877136,52.363238036944715],[4.921526312828064,52.36321183053672],[4.920469522476196,52.363120107986305],[4.9203139543533325,52.363113556368276],[4.920222759246826,52.36309062569752],[4.920099377632141,52.36304148850583],[4.920018911361694,52.362966144705766],[4.919219613075256,52.362353562084124],[4.919031858444214,52.36223563076493],[4.918911695480347,52.362183216744256]],[[4.919196646660566,52.362183216744256],[4.919482469558716,52.36236338967985],[4.919707775115967,52.36251407920722],[4.919831156730652,52.362609078862526],[4.920029640197754,52.362730285022735],[4.920195937156677,52.36279907756035],[4.92038369178772,52.36285804250733]]]}},{"type":"Feature","properties":{"mvt_id":1186043802,"subclass":"cycleway","class":"path","name_int":"Sarphatistraat","name_de":"Sarphatistraat","name":"Sarphatistraat","name:latin":"Sarphatistraat","name_en":"Sarphatistraat"},"geometry":{"type":"MultiLineString","coordinates":[[[4.918511509895325,52.36330355289671],[4.91862952709198,52.36330027710142],[4.919021129608154,52.363447687649135],[4.919187426567078,52.363640958510985],[4.919182062149048,52.36367699196799],[4.919224977493286,52.36372612845292],[4.91938054561615,52.36383095277144],[4.919756054878235,52.36399474027123],[4.920206665992737,52.36418145728036],[4.920582175254822,52.36435179491616],[4.920973777770996,52.36457454314129],[4.921875,52.3651291736347]],[[4.918699264526367,52.363588546157416],[4.918645620346069,52.36355578840487],[4.918436408042908,52.363450963433486],[4.91838812828064,52.363421481365485],[4.918345212936401,52.363378896121404]],[[4.919643402099609,52.364086461005904],[4.91913914680481,52.3638866405895],[4.918946027755737,52.36377526488319],[4.918833374977112,52.36368681926934],[4.918704628944397,52.363608200797295]]]}},{"type":"Feature","properties":{"mvt_id":1193165342,"subclass":"cycleway","class":"path","name_int":"Kattenburgerstraat","name_de":"Kattenburgerstraat","name":"Kattenburgerstraat","name:latin":"Kattenburgerstraat","name_en":"Kattenburgerstraat"},"geometry":{"type":"MultiLineString","coordinates":[[[4.9158453941345215,52.371331797349],[4.916671514511108,52.371600362924426],[4.917358160018921,52.37185255106346],[4.917465448379517,52.37190167845545],[4.918178915977478,52.372343822524364],[4.919021129608154,52.37288748990476],[4.921005964279175,52.37410252955729],[4.921081066131592,52.374177854365286],[4.92112934589386,52.374256454027986],[4.921258091926575,52.374783723148525],[4.921075701713562,52.37482302245822]],[[4.9208664894104,52.374315403683205],[4.920786023139954,52.3742728289401],[4.919900894165039,52.37369315335434],[4.918044805526733,52.372523954024246],[4.917170405387878,52.37199338277429],[4.917100667953491,52.371963906406855],[4.916462302207947,52.37174119543934],[4.915818572044373,52.371538134460835],[4.915512800216675,52.37147590590957],[4.9151962995529175,52.371374374927186]]]}},{"type":"Feature","properties":{"mvt_id":1371054522,"subclass":"pedestrian","class":"path","name_int":"Klovenierssteeg","name_de":"Klovenierssteeg","name":"Klovenierssteeg","name:latin":"Klovenierssteeg","name_en":"Klovenierssteeg"},"geometry":{"type":"LineString","coordinates":[[4.89990234375,52.37155735836627],[4.900261759757996,52.37143332842925],[4.900320768356323,52.37142677804402]]}},{"type":"Feature","properties":{"mvt_id":1452461802,"class":"service","name_int":"Prins Hendrikkade","name_de":"Prins Hendrikkade","name":"Prins Hendrikkade","name:latin":"Prins Hendrikkade","name_en":"Prins Hendrikkade"},"geometry":{"type":"LineString","coordinates":[[4.912455081939697,52.371207339577396],[4.9125248193740845,52.371285944526576]]}},{"type":"Feature","properties":{"mvt_id":1694146262,"subclass":"pedestrian","class":"path","name_int":"Kattenburgerkade","name_de":"Kattenburgerkade","name":"Kattenburgerkade","name:latin":"Kattenburgerkade","name_en":"Kattenburgerkade"},"geometry":{"type":"LineString","coordinates":[[4.917937517166138,52.370866716514485],[4.918323755264282,52.37112218405793],[4.91936981678009,52.37177722228963],[4.919525384902954,52.37185910138556],[4.919584393501282,52.371878752345985],[4.919654130935669,52.3718853026642],[4.919927716255188,52.37188857782293],[4.919970631599426,52.371895128139684],[4.920002818107605,52.37190822877026],[4.920260310173035,52.372081811758555]]}},{"type":"Feature","properties":{"mvt_id":1694194352,"subclass":"pedestrian","class":"path","name_int":"Ravenwerf","name_de":"Ravenwerf","name":"Ravenwerf","name:latin":"Ravenwerf","name_en":"Ravenwerf"},"geometry":{"type":"LineString","coordinates":[[4.921875,52.37397454258892],[4.921665787696838,52.3741090795457],[4.921875,52.374609332039824]]}},{"type":"Feature","properties":{"mvt_id":1753860102,"subclass":"pedestrian","class":"path","name_int":"Salamandersteeg","name_de":"Salamandersteeg","name":"Salamandersteeg","name:latin":"Salamandersteeg","name_en":"Salamandersteeg"},"geometry":{"type":"LineString","coordinates":[[4.900556802749634,52.371059954920646],[4.900454878807068,52.371059954920646],[4.900272488594055,52.37110580797767]]}},{"type":"Feature","properties":{"mvt_id":1847465152,"subclass":"footway","class":"path","name_int":"Markenplein","name_de":"Markenplein","name":"Markenplein","name:latin":"Markenplein","name_en":"Markenplein"},"geometry":{"type":"MultiLineString","coordinates":[[[4.9050575494766235,52.3687574152072],[4.90513801574707,52.36871483510639]],[[4.905803203582764,52.36834143861816],[4.9058836698532104,52.36830868438967]]]}},{"type":"Feature","properties":{"mvt_id":1847468062,"subclass":"footway","class":"path","name_int":"Meester Visserplein","name_de":"Meester Visserplein","name":"Meester Visserplein","name:latin":"Meester Visserplein","name_en":"Meester Visserplein"},"geometry":{"type":"MultiLineString","coordinates":[[[4.904204607009888,52.36768634943387],[4.904231429100037,52.36766669660825]],[[4.904628396034241,52.367745307858264],[4.904601573944092,52.36776823611317],[4.904612302780151,52.367810817126426]],[[4.905036091804504,52.36790252993864],[4.905095100402832,52.36796148807451]]]}},{"type":"Feature","properties":{"mvt_id":2071146392,"subclass":"footway","class":"path","name_int":"St. Thomassteeg","name_de":"St. Thomassteeg","name":"St. Thomassteeg","name:latin":"St. Thomassteeg","name_en":"St. Thomassteeg"},"geometry":{"type":"LineString","coordinates":[[4.900599718093872,52.374488977211094],[4.900374412536621,52.374567576320075]]}},{"type":"Feature","properties":{"mvt_id":2293744822,"subclass":"footway","class":"path","name_int":"Zwanenburgwal","name_de":"Zwanenburgwal","name":"Zwanenburgwal","name:latin":"Zwanenburgwal","name_en":"Zwanenburgwal"},"geometry":{"type":"LineString","coordinates":[[4.901120066642761,52.36947144462868],[4.900717735290527,52.3691340835422],[4.900299310684204,52.368754139816275],[4.89990234375,52.368383959525815]]}},{"type":"Feature","properties":{"mvt_id":2804567272,"subclass":"footway","class":"path","name_int":"Elleboogsteeg","name_de":"Elleboogsteeg","name":"Elleboogsteeg","name:latin":"Elleboogsteeg","name_en":"Elleboogsteeg"},"geometry":{"type":"MultiLineString","coordinates":[[[4.90090548992157,52.37557297758364],[4.900975555789728,52.3755991766591]],[[4.901589932186283,52.3755991766591],[4.901683330535889,52.37555005337985]]]}},{"type":"Feature","properties":{"mvt_id":2968626922,"subclass":"footway","class":"path","name_int":"Korte Lepelstraat","name_de":"Korte Lepelstraat","name":"Korte Lepelstraat","name:latin":"Korte Lepelstraat","name_en":"Korte Lepelstraat"},"geometry":{"type":"LineString","coordinates":[[4.9107760190963745,52.363647510050804],[4.910706281661987,52.36365406158966],[4.910223484039307,52.363552512628274],[4.910084009170532,52.36353940951948]]}},{"type":"Feature","properties":{"mvt_id":2978913832,"class":"service","name_int":"Montefiorepark","name_de":"Montefiorepark","name":"Montefiorepark","name:latin":"Montefiorepark","name_en":"Montefiorepark"},"geometry":{"type":"LineString","coordinates":[[4.909933805465698,52.365855323641625],[4.9102020263671875,52.36615012719548],[4.9103522300720215,52.36619598534926],[4.910405874252319,52.36625822133898],[4.9104005098342896,52.36629097708783],[4.910330772399902,52.366313906097574],[4.910320043563843,52.36635321294373],[4.910368323326111,52.36641217314738]]}},{"type":"Feature","properties":{"mvt_id":3112560912,"subclass":"pedestrian","class":"path","name_int":"Leeuwenwerf","name_de":"Leeuwenwerf","name":"Leeuwenwerf","name:latin":"Leeuwenwerf","name_en":"Leeuwenwerf"},"geometry":{"type":"LineString","coordinates":[[4.9208879470825195,52.37309054467975],[4.921875,52.37371826187069]]}},{"type":"Feature","properties":{"mvt_id":3183371412,"class":"service","name_int":"Oosterdok","name_de":"Oosterdok","name":"Oosterdok","name:latin":"Oosterdok","name_en":"Oosterdok"},"geometry":{"type":"LineString","coordinates":[[4.909182786941528,52.37236347326914],[4.909070134162903,52.37240277473247],[4.908936023712158,52.372465001977886],[4.908791184425354,52.37255015490849],[4.908769726753235,52.37256980556147],[4.908758997917175,52.372609106841196],[4.908775091171265,52.372651683188096],[4.908812642097473,52.37267460889637],[4.90889310836792,52.372694259493976],[4.908984303474426,52.372694259493976],[4.90938127040863,52.37259600641851],[4.910545349121094,52.372199716795514],[4.91064190864563,52.37218661625139],[4.910743832588196,52.37219316652394],[4.910845756530762,52.3722193676044]]}},{"type":"Feature","properties":{"mvt_id":3183371462,"class":"service","name_int":"Oosterdok","name_de":"Oosterdok","name":"Oosterdok","name:latin":"Oosterdok","name_en":"Oosterdok","route_1_ref":"LAW 8","route_1_name":"Zuiderzeepad - 06","route_1_network":"nwn","route_1_colour":"blue"},"geometry":{"type":"MultiLineString","coordinates":[[[4.911902546882629,52.37374555372008],[4.911843538284302,52.37353595188407],[4.911763072013855,52.37333289915686],[4.911682605743408,52.373178971467375],[4.911586046218872,52.37302504324143],[4.911237359046936,52.37256980556147],[4.911119341850281,52.37244535127827],[4.910920858383179,52.372261944327015],[4.910845756530762,52.3722193676044]],[[4.91264283657074,52.37369970340345],[4.912594556808472,52.37317242134103],[4.912514090538025,52.37292679090182],[4.91238534450531,52.372609106841196],[4.912004470825195,52.37189840329769]]]}},{"type":"Feature","properties":{"mvt_id":3238549662,"subclass":"cycleway","class":"path","name_int":"Plantage Lepellaan","name_de":"Plantage Lepellaan","name":"Plantage Lepellaan","name:latin":"Plantage Lepellaan","name_en":"Plantage Lepellaan"},"geometry":{"type":"LineString","coordinates":[[4.915791749954224,52.36513140879075],[4.915727376937866,52.36505279288928]]}},{"type":"Feature","properties":{"mvt_id":3701924572,"class":"service","name_int":"Oosterdokskade","name_de":"Oosterdokskade","name":"Oosterdokskade","name:latin":"Oosterdokskade","name_en":"Oosterdokskade"},"geometry":{"type":"LineString","coordinates":[[4.9107277393341064,52.37558935200762],[4.910700702667242,52.3755991766591]]}},{"type":"Feature","properties":{"mvt_id":3863602502,"subclass":"pedestrian","class":"path","name_int":"Oosterdokskade","name_de":"Oosterdokskade","name":"Oosterdokskade","name:latin":"Oosterdokskade","name_en":"Oosterdokskade"},"geometry":{"type":"LineString","coordinates":[[4.90835020939511,52.3755991766591],[4.9084049463272095,52.375504204936576]]}},{"type":"Feature","properties":{"mvt_id":3917834742,"class":"service","name_int":"Kattenburgerhof","name_de":"Kattenburgerhof","name":"Kattenburgerhof","name:latin":"Kattenburgerhof","name_en":"Kattenburgerhof"},"geometry":{"type":"LineString","coordinates":[[4.9186402559280396,52.3718853026642],[4.917857050895691,52.37139730129845],[4.917583465576172,52.37155778556407],[4.917170405387878,52.37129577013539]]}},{"type":"Feature","properties":{"mvt_id":3995051872,"subclass":"footway","class":"path","name_int":"Neerlandiaplein","name_de":"Neerlandiaplein","name":"Neerlandiaplein","name:latin":"Neerlandiaplein","name_en":"Neerlandiaplein"},"geometry":{"type":"LineString","coordinates":[[4.903732538223267,52.36555396686437],[4.903571605682373,52.36551793493819]]}},{"type":"Feature","properties":{"mvt_id":3995051892,"subclass":"pedestrian","class":"path","name_int":"Neerlandiaplein","name_de":"Neerlandiaplein","name":"Neerlandiaplein","name:latin":"Neerlandiaplein","name_en":"Neerlandiaplein"},"geometry":{"type":"LineString","coordinates":[[4.903448224067688,52.36577015780426],[4.903802275657654,52.36503969022544]]}},{"type":"Feature","properties":{"mvt_id":4441344932,"subclass":"pedestrian","class":"path","name_int":"Dijkstraat","name_de":"Dijkstraat","name":"Dijkstraat","name:latin":"Dijkstraat","name_en":"Dijkstraat"},"geometry":{"type":"LineString","coordinates":[[4.900454878807068,52.37202285912205],[4.9009376764297485,52.372081811758555],[4.901211261749268,52.371642940243724]]}},{"type":"Feature","properties":{"mvt_id":4441344952,"subclass":"pedestrian","class":"path","name_int":"Keizersstraat","name_de":"Keizersstraat","name":"Keizersstraat","name:latin":"Keizersstraat","name_en":"Keizersstraat"},"geometry":{"type":"LineString","coordinates":[[4.902198314666748,52.37157416147676],[4.9006640911102295,52.372406049852835]]}},{"type":"Feature","properties":{"mvt_id":4441345022,"subclass":"pedestrian","class":"path","name_int":"Dijkdwarsstraat","name_de":"Dijkdwarsstraat","name":"Dijkdwarsstraat","name:latin":"Dijkdwarsstraat","name_en":"Dijkdwarsstraat"},"geometry":{"type":"LineString","coordinates":[[4.901098608970642,52.3718263497654],[4.901275634765625,52.37190167845545],[4.90139901638031,52.37196718155977],[4.901425838470459,52.37199010762332]]}},{"type":"Feature","properties":{"mvt_id":4514436712,"subclass":"footway","class":"path","name_int":"Muiderstraat","name_de":"Muiderstraat","name":"Muiderstraat","name:latin":"Muiderstraat","name_en":"Muiderstraat","route_1_ref":"LAW15","route_1_name":"Westerborkpad - 00","route_1_network":"nwn"},"geometry":{"type":"LineString","coordinates":[[4.905036091804504,52.36790252993864],[4.906661510467529,52.36734242372321]]}},{"type":"Feature","properties":{"mvt_id":4934618932,"subclass":"cycleway","class":"path","name_int":"Mauritskade","name_de":"Mauritskade","name":"Mauritskade","name:latin":"Mauritskade","name_en":"Mauritskade","route_1_ref":"LAW15","route_1_name":"Westerborkpad - 01","route_1_network":"nwn"},"geometry":{"type":"LineString","coordinates":[[4.92038369178772,52.36285804250733],[4.920845031738281,52.362943213958495],[4.921504855155945,52.36300217871313],[4.921875,52.363013652387195]]}},{"type":"Feature","properties":{"mvt_id":5048631292,"class":"service","name_int":"Wittenburgergracht","name_de":"Wittenburgergracht","name":"Wittenburgergracht","name:latin":"Wittenburgergracht","name_en":"Wittenburgergracht"},"geometry":{"type":"LineString","coordinates":[[4.918752908706665,52.3699037871086],[4.919305443763733,52.36971381896436]]}},{"type":"Feature","properties":{"mvt_id":5552672672,"subclass":"cycleway","class":"path","name_int":"Korte 's-Gravesandestraat","name_de":"Korte 's-Gravesandestraat","name":"Korte 's-Gravesandestraat","name:latin":"Korte 's-Gravesandestraat","name_en":"Korte 's-Gravesandestraat"},"geometry":{"type":"LineString","coordinates":[[4.914606213569641,52.36260252716871],[4.914579391479492,52.36252718262009],[4.9145954847335815,52.36243545864837],[4.914742574459183,52.362183216744256]]}},{"type":"Feature","properties":{"mvt_id":5597870962,"subclass":"pedestrian","class":"path","name_int":"Entrepotdok","name_de":"Entrepotdok","name":"Entrepotdok","name:latin":"Entrepotdok","name_en":"Entrepotdok","route_1_ref":"LAW 8","route_1_name":"Zuiderzeepad - 06","route_1_network":"nwn","route_1_colour":"blue","name:sl":"Entrepotdok","name:ga":"Entrepotdok","name:nl":"Entrepotdok","name:de":"Entrepotdok","name:it":"Entrepotdok","name:fr":"Entrepotdok","name:en":"Entrepotdok"},"geometry":{"type":"LineString","coordinates":[[4.91163432598114,52.36998566967742],[4.91139829158783,52.36981207845131],[4.911489486694336,52.36970399300365]]}},{"type":"Feature","properties":{"mvt_id":5819219282,"subclass":"cycleway","class":"path","name_int":"Blauwbrug","name_de":"Blauwbrug","name":"Blauwbrug","name:latin":"Blauwbrug","name_en":"Blauwbrug","name:nl":"Blauwbrug","name:de":"Blauwbrug","name:it":"Blauwbrug","name:fr":"Blauwbrug","name:en":"Blauwbrug","name:zh":"\u85cd\u6a4b","name:hy":"\u053f\u0561\u057a\u0578\u0582\u0575\u057f \u056f\u0561\u0574\u0578\u0582\u0580\u057b","name:id":"Blauwbrug","name:da":"Blauwbrug","name:mk":"\u0421\u0438\u043d\u0438\u043e\u0442 \u043c\u043e\u0441\u0442","name:tr":"Blauwbrug","name:ru":"\u0421\u0438\u043d\u0438\u0439 \u043c\u043e\u0441\u0442 (\u0410\u043c\u0441\u0442\u0435\u0440\u0434\u0430\u043c)","name:sv":"Blauwbrug","name:br":"Blauwbrug","name:cs":"Blauwbrug"},"geometry":{"type":"LineString","coordinates":[[4.901318550109863,52.36669387081208],[4.901350736618042,52.366644737627794],[4.901356101036072,52.366615257690995],[4.901350736618042,52.36658905328621],[4.901323914527893,52.366556297758386],[4.901323914527893,52.36652354220627]]}},{"type":"Feature","properties":{"mvt_id":5978990722,"class":"service","name_int":"Toegang Taxistandplaats Stadhuis","name_de":"Toegang Taxistandplaats Stadhuis","name":"Toegang Taxistandplaats Stadhuis","name:latin":"Toegang Taxistandplaats Stadhuis","name_en":"Toegang Taxistandplaats Stadhuis"},"geometry":{"type":"LineString","coordinates":[[4.902718663215637,52.36787960175343],[4.902380704879761,52.36758480974071],[4.902418255805969,52.3675029227214],[4.902439713478088,52.36747671884315]]}},{"type":"Feature","properties":{"mvt_id":7442775752,"subclass":"cycleway","class":"path","name_int":"Jodenbreestraat","name_de":"Jodenbreestraat","name":"Jodenbreestraat","name:latin":"Jodenbreestraat","name_en":"Jodenbreestraat"},"geometry":{"type":"LineString","coordinates":[[4.9036359786987305,52.3685019339867],[4.903700351715088,52.36843642574345]]}},{"type":"Feature","properties":{"mvt_id":7501311442,"class":"busway","name_int":"Roetersstraat","name_de":"Roetersstraat","name":"Roetersstraat","name:latin":"Roetersstraat","name_en":"Roetersstraat"},"geometry":{"type":"LineString","coordinates":[[4.910792112350464,52.36283511170396],[4.910963773727417,52.36259925132144],[4.911184068211554,52.362183216744256]]}},{"type":"Feature","properties":{"mvt_id":7501311452,"class":"busway","name_int":"Sarphatistraat","name_de":"Sarphatistraat","name":"Sarphatistraat","name:latin":"Sarphatistraat","name_en":"Sarphatistraat"},"geometry":{"type":"LineString","coordinates":[[4.918929934501648,52.363608200797295],[4.91888701915741,52.36355906418122],[4.918758273124695,52.36346406656851],[4.918532967567444,52.363372344541744],[4.9184417724609375,52.363346138213416],[4.91637647151947,52.36291045572747],[4.912868418012351,52.362183216744256]]}},{"type":"Feature","properties":{"mvt_id":7664472912,"class":"service","name_int":"Pancrasstraat","name_de":"Pancrasstraat","name":"Pancrasstraat","name:latin":"Pancrasstraat","name_en":"Pancrasstraat"},"geometry":{"type":"LineString","coordinates":[[4.913334846496582,52.362340458619755],[4.913190007209778,52.36260252716871]]}},{"type":"Feature","properties":{"mvt_id":7665317242,"class":"service","name_int":"Valckenierstraat","name_de":"Valckenierstraat","name":"Valckenierstraat","name:latin":"Valckenierstraat","name_en":"Valckenierstraat"},"geometry":{"type":"LineString","coordinates":[[4.913190007209778,52.36270080247382],[4.9139463901519775,52.36285476667901]]}},{"type":"Feature","properties":{"mvt_id":7738341602,"class":"busway","name_int":"Korte 's-Gravesandestraat","name_de":"Korte 's-Gravesandestraat","name":"Korte 's-Gravesandestraat","name:latin":"Korte 's-Gravesandestraat","name_en":"Korte 's-Gravesandestraat"},"geometry":{"type":"MultiLineString","coordinates":[[[4.914364814758301,52.362494424080616],[4.914423823356628,52.362494424080616],[4.914493560791016,52.362484596514044],[4.914584755897522,52.36246166551686],[4.9146705865859985,52.36242563106867],[4.9147456884384155,52.36236338967985]],[[4.914848312087685,52.362183216744256],[4.9147456884384155,52.36236338967985]],[[4.9147456884384155,52.36236338967985],[4.914734959602356,52.36243873450777],[4.914751052856445,52.362484596514044],[4.914777874946594,52.36252390676724],[4.9148476123809814,52.36258287208146],[4.914922714233398,52.36261235470906]]]}},{"type":"Feature","properties":{"mvt_id":7738397442,"class":"service","name_int":"Plantage Middenlaan","name_de":"Plantage Middenlaan","name":"Plantage Middenlaan","name:latin":"Plantage Middenlaan","name_en":"Plantage Middenlaan"},"geometry":{"type":"LineString","coordinates":[[4.914906620979309,52.36533449922205],[4.915727376937866,52.36505279288928]]}},{"type":"Feature","properties":{"mvt_id":7738560082,"class":"busway","name_int":"Blauwbrug","name_de":"Blauwbrug","name":"Blauwbrug","name:latin":"Blauwbrug","name_en":"Blauwbrug","name:nl":"Blauwbrug","name:de":"Blauwbrug","name:it":"Blauwbrug","name:fr":"Blauwbrug","name:en":"Blauwbrug","name:zh":"\u85cd\u6a4b","name:hy":"\u053f\u0561\u057a\u0578\u0582\u0575\u057f \u056f\u0561\u0574\u0578\u0582\u0580\u057b","name:id":"Blauwbrug","name:da":"Blauwbrug","name:mk":"\u0421\u0438\u043d\u0438\u043e\u0442 \u043c\u043e\u0441\u0442","name:tr":"Blauwbrug","name:ru":"\u0421\u0438\u043d\u0438\u0439 \u043c\u043e\u0441\u0442 (\u0410\u043c\u0441\u0442\u0435\u0440\u0434\u0430\u043c)","name:sv":"Blauwbrug","name:br":"Blauwbrug","name:cs":"Blauwbrug"},"geometry":{"type":"LineString","coordinates":[[4.900304675102234,52.3662221899872],[4.901216626167297,52.36643837765708],[4.901382923126221,52.366490786629846],[4.901527762413025,52.36656612441927]]}},{"type":"Feature","properties":{"mvt_id":7738587622,"class":"busway","name_int":"Meester Visserplein","name_de":"Meester Visserplein","name":"Meester Visserplein","name:latin":"Meester Visserplein","name_en":"Meester Visserplein"},"geometry":{"type":"LineString","coordinates":[[4.903469681739807,52.36797786532051],[4.903673529624939,52.368004068901485]]}},{"type":"Feature","properties":{"mvt_id":7738587642,"class":"busway","name_int":"Waterlooplein","name_de":"Waterlooplein","name":"Waterlooplein","name:latin":"Waterlooplein","name_en":"Waterlooplein"},"geometry":{"type":"LineString","coordinates":[[4.901527762413025,52.36656612441927],[4.901592135429382,52.366615257690995],[4.902788400650024,52.36770927771937],[4.90290641784668,52.367807541665314],[4.902970790863037,52.36785012264068],[4.9031102657318115,52.36791235630009],[4.903271198272705,52.36795166172399],[4.903469681739807,52.36797786532051]]}},{"type":"Feature","properties":{"mvt_id":7738631502,"class":"busway","name_int":"Alexanderplein","name_de":"Alexanderplein","name":"Alexanderplein","name:latin":"Alexanderplein","name_en":"Alexanderplein"},"geometry":{"type":"MultiLineString","coordinates":[[[4.918929934501648,52.363608200797295],[4.919021129608154,52.36356233995731],[4.919101595878601,52.36353940951948],[4.919756054878235,52.36341820557893],[4.919798970222473,52.363405102430306],[4.91987943649292,52.36336579296112],[4.919916987419128,52.363339586628896]],[[4.920206665992737,52.36308407407512],[4.920260310173035,52.36305131594854],[4.920308589935303,52.36303166106092]]]}},{"type":"Feature","properties":{"mvt_id":7738688022,"class":"busway","name_int":"Mauritskade","name_de":"Mauritskade","name":"Mauritskade","name:latin":"Mauritskade","name_en":"Mauritskade"},"geometry":{"type":"MultiLineString","coordinates":[[[4.920276403427124,52.36291373155168],[4.920431971549988,52.363005454530516]],[[4.921440482139587,52.36308734988644],[4.921601414680481,52.36308407407512],[4.921875,52.36309247406008]],[[4.921875,52.36317136472912],[4.921810626983643,52.36315286606188],[4.921440482139587,52.36308734988644]],[[4.921440482139587,52.36308734988644],[4.920528531074524,52.36300217871313],[4.920431971549988,52.363005454530516]],[[4.920431971549988,52.363005454530516],[4.920308589935303,52.36303166106092]]]}},{"type":"Feature","properties":{"mvt_id":7738688252,"class":"busway","name_int":"Plantage Middenlaan","name_de":"Plantage Middenlaan","name":"Plantage Middenlaan","name:latin":"Plantage Middenlaan","name_en":"Plantage Middenlaan"},"geometry":{"type":"MultiLineString","coordinates":[[[4.912315607070923,52.36623201672242],[4.910781383514404,52.36676593271684],[4.910566806793213,52.36680196362515]],[[4.918929934501648,52.363608200797295],[4.918833374977112,52.36368681926934],[4.91863489151001,52.36389974359531]]]}},{"type":"Feature","properties":{"mvt_id":8191605322,"subclass":"steps","class":"path","name_int":"Entrepotdoksluis","name_de":"Entrepotdoksluis","name":"Entrepotdoksluis","name:latin":"Entrepotdoksluis","name_en":"Entrepotdoksluis"},"geometry":{"type":"LineString","coordinates":[[4.918769001960754,52.368056476016804],[4.918828010559082,52.3680335479115]]}},{"type":"Feature","properties":{"mvt_id":8198163012,"subclass":"cycleway","class":"path","name_int":"Oostenburgergracht","name_de":"Oostenburgergracht","name":"Oostenburgergracht","name:latin":"Oostenburgergracht","name_en":"Oostenburgergracht"},"geometry":{"type":"LineString","coordinates":[[4.921875,52.3687983428191],[4.920753836631775,52.36919304003437]]}},{"type":"Feature","properties":{"mvt_id":8358766702,"subclass":"pedestrian","class":"path","name_int":"Kattenburgerhof","name_de":"Kattenburgerhof","name":"Kattenburgerhof","name:latin":"Kattenburgerhof","name_en":"Kattenburgerhof"},"geometry":{"type":"MultiLineString","coordinates":[[[4.918323755264282,52.37112218405793],[4.917857050895691,52.37139730129845]],[[4.919670224189758,52.37236674839243],[4.9188172817230225,52.37184272557852]]]}},{"type":"Feature","properties":{"mvt_id":8358766852,"subclass":"footway","class":"path","name_int":"Kattenburgerhof","name_de":"Kattenburgerhof","name":"Kattenburgerhof","name:latin":"Kattenburgerhof","name_en":"Kattenburgerhof"},"geometry":{"type":"LineString","coordinates":[[4.917583465576172,52.37155778556407],[4.917599558830261,52.37162983953447],[4.91763174533844,52.37167569199988],[4.9177175760269165,52.37173792026968],[4.917798042297363,52.37174774577795],[4.917857050895691,52.37174119543934],[4.917926788330078,52.37171171890361],[4.9179911613464355,52.3716691416506],[4.918028712272644,52.37162001399997],[4.918055534362793,52.37152175853479]]}},{"type":"Feature","properties":{"mvt_id":8358767232,"subclass":"pedestrian","class":"path","name_int":"Marie Altelaarplein","name_de":"Marie Altelaarplein","name":"Marie Altelaarplein","name:latin":"Marie Altelaarplein","name_en":"Marie Altelaarplein"},"geometry":{"type":"MultiLineString","coordinates":[[[4.919584393501282,52.37016581079453],[4.920249581336975,52.37056211866619],[4.921472668647766,52.37131869654745]],[[4.9193912744522095,52.37028372094611],[4.919793605804443,52.37003479914585]],[[4.921268820762634,52.371439878813504],[4.921472668647766,52.37131869654745],[4.921585321426392,52.37120406436815],[4.9216228723526,52.371177862685386]]]}},{"type":"Feature","properties":{"mvt_id":8358767412,"subclass":"footway","class":"path","name_int":"Kattenburgerkade","name_de":"Kattenburgerkade","name":"Kattenburgerkade","name:latin":"Kattenburgerkade","name_en":"Kattenburgerkade"},"geometry":{"type":"LineString","coordinates":[[4.919970631599426,52.371895128139684],[4.920029640197754,52.37190167845545],[4.920099377632141,52.37193115486442],[4.9214619398117065,52.372795787442335],[4.921875,52.37306150039543]]}},{"type":"Feature","properties":{"mvt_id":8448105482,"subclass":"steps","class":"path","name_int":"Pentagon","name_de":"Pentagon","name":"Pentagon","name:latin":"Pentagon","name_en":"Pentagon"},"geometry":{"type":"LineString","coordinates":[[4.90041196346283,52.36981862907601],[4.90041196346283,52.36976949936714]]}},{"type":"Feature","properties":{"mvt_id":8505972122,"subclass":"pedestrian","class":"path","name_int":"Nieuwegrachtje","name_de":"Nieuwegrachtje","name":"Nieuwegrachtje","name:latin":"Nieuwegrachtje","name_en":"Nieuwegrachtje"},"geometry":{"type":"LineString","coordinates":[[4.908533692359924,52.37071605547571],[4.908308386802673,52.37083068892153]]}},{"type":"Feature","properties":{"mvt_id":8635859632,"subclass":"pedestrian","class":"path","name_int":"Uilenburgerwerf","name_de":"Uilenburgerwerf","name":"Uilenburgerwerf","name:latin":"Uilenburgerwerf","name_en":"Uilenburgerwerf"},"geometry":{"type":"LineString","coordinates":[[4.904928803443909,52.369890685883504],[4.904505014419556,52.37028372094611]]}},{"type":"Feature","properties":{"mvt_id":8810969882,"subclass":"path","class":"path","name_int":"Coentje Gansplantsoen","name_de":"Coentje Gansplantsoen","name":"Coentje Gansplantsoen","name:latin":"Coentje Gansplantsoen","name_en":"Coentje Gansplantsoen"},"geometry":{"type":"MultiLineString","coordinates":[[[4.908855557441711,52.37080448701729],[4.90865170955658,52.370909294541],[4.908415675163269,52.37077500985643]],[[4.908796548843384,52.37083068892153],[4.90865170955658,52.370738982188676],[4.908496141433716,52.37081758797135]]]}},{"type":"Feature","properties":{"mvt_id":8863053202,"subclass":"steps","class":"path","name_int":"Metrostation Nieuwmarkt","name_de":"Metrostation Nieuwmarkt","name":"Metrostation Nieuwmarkt","name:latin":"Metrostation Nieuwmarkt","name_en":"Metrostation Nieuwmarkt"},"geometry":{"type":"LineString","coordinates":[[4.900674819946289,52.372094912333765],[4.900819659233093,52.372117838331015]]}},{"type":"Feature","properties":{"mvt_id":8910926192,"subclass":"cycleway","class":"path","name_int":"Entrepotdok","name_de":"Entrepotdok","name":"Entrepotdok","name:latin":"Entrepotdok","name_en":"Entrepotdok","route_1_ref":"LAW 8","route_1_name":"Zuiderzeepad - 06","route_1_network":"nwn","route_1_colour":"blue"},"geometry":{"type":"LineString","coordinates":[[4.921875,52.3659341060945],[4.921799898147583,52.36599289887823]]}},{"type":"Feature","properties":{"mvt_id":10090241872,"subclass":"footway","class":"path","name_int":"Metrostation Nieuwmarkt","name_de":"Metrostation Nieuwmarkt","name":"Metrostation Nieuwmarkt","name:latin":"Metrostation Nieuwmarkt","name_en":"Metrostation Nieuwmarkt"},"geometry":{"type":"LineString","coordinates":[[4.900674819946289,52.372094912333765],[4.900481700897217,52.37208508690272]]}},{"type":"Feature","properties":{"mvt_id":10406770012,"subclass":"cycleway","class":"path","name_int":"Kattenburgerkruisstraat","name_de":"Kattenburgerkruisstraat","name":"Kattenburgerkruisstraat","name:latin":"Kattenburgerkruisstraat","name_en":"Kattenburgerkruisstraat"},"geometry":{"type":"MultiLineString","coordinates":[[[4.9187904596328735,52.37291041549063],[4.918774366378784,52.37297919217681],[4.91888165473938,52.37296936694248]],[[4.919568300247192,52.37242897568859],[4.920110106468201,52.37209163719032],[4.920153021812439,52.37207853661415],[4.920206665992737,52.37207526146949],[4.920260310173035,52.372081811758555]]]}},{"type":"Feature","properties":{"mvt_id":10406770022,"subclass":"footway","class":"path","name_int":"Kattenburgerkruisstraat","name_de":"Kattenburgerkruisstraat","name":"Kattenburgerkruisstraat","name:latin":"Kattenburgerkruisstraat","name_en":"Kattenburgerkruisstraat"},"geometry":{"type":"LineString","coordinates":[[4.919809699058533,52.37242897568859],[4.92037296295166,52.37210473776261]]}},{"type":"Feature","properties":{"mvt_id":10406770042,"subclass":"pedestrian","class":"path","name_int":"Kattenburgerkruisstraat","name_de":"Kattenburgerkruisstraat","name":"Kattenburgerkruisstraat","name:latin":"Kattenburgerkruisstraat","name_en":"Kattenburgerkruisstraat"},"geometry":{"type":"LineString","coordinates":[[4.919675588607788,52.37250430335087],[4.919809699058533,52.37242897568859]]}},{"type":"Feature","properties":{"mvt_id":10816425452,"subclass":"footway","class":"path","name_int":"Oosterdok","name_de":"Oosterdok","name":"Oosterdok","name:latin":"Oosterdok","name_en":"Oosterdok","route_1_ref":"LAW 8","route_1_name":"Zuiderzeepad - 06","route_1_network":"nwn","route_1_colour":"blue"},"geometry":{"type":"LineString","coordinates":[[4.910845756530762,52.3722193676044],[4.9107009172439575,52.3721112880473],[4.910658001899719,52.372094912333765]]}},{"type":"Feature","properties":{"mvt_id":10898036752,"subclass":"steps","class":"path","name_int":"Boomsteeg","name_de":"Boomsteeg","name":"Boomsteeg","name:latin":"Boomsteeg","name_en":"Boomsteeg"},"geometry":{"type":"LineString","coordinates":[[4.900277853012085,52.3741090795457],[4.900251030921936,52.37411562953313]]}},{"type":"Feature","properties":{"mvt_id":11381700292,"subclass":"pedestrian","class":"path","name_int":"Ton de Leeuwstraat","name_de":"Ton de Leeuwstraat","name":"Ton de Leeuwstraat","name:latin":"Ton de Leeuwstraat","name_en":"Ton de Leeuwstraat"},"geometry":{"type":"LineString","coordinates":[[4.909184543432389,52.3755991766591],[4.909231066703796,52.37527823691363]]}},{"type":"Feature","properties":{"mvt_id":11671311012,"subclass":"footway","class":"path","name_int":"Wijdegang","name_de":"Wijdegang","name":"Wijdegang","name:latin":"Wijdegang","name_en":"Wijdegang"},"geometry":{"type":"LineString","coordinates":[[4.911156892776489,52.37049333821621],[4.91139829158783,52.3706571010163]]}},{"type":"Feature","properties":{"mvt_id":12952991592,"subclass":"steps","class":"path","name_int":"Sint Antoniesluis","name_de":"Sint Antoniesluis","name":"Sint Antoniesluis","name:latin":"Sint Antoniesluis","name_en":"Sint Antoniesluis"},"geometry":{"type":"LineString","coordinates":[[4.901195168495178,52.36982517969972],[4.901243448257446,52.369857932803754]]}},{"type":"Feature","properties":{"mvt_id":13077060622,"subclass":"pedestrian","class":"path","name_int":"Waterlooplein","name_de":"Waterlooplein","name":"Waterlooplein","name:latin":"Waterlooplein","name_en":"Waterlooplein"},"geometry":{"type":"LineString","coordinates":[[4.901366829872131,52.36878689371448],[4.9006587266922,52.36907840233847]]}},{"type":"Feature","properties":{"mvt_id":13077060652,"subclass":"steps","class":"path","name_int":"Waterlooplein","name_de":"Waterlooplein","name":"Waterlooplein","name:latin":"Waterlooplein","name_en":"Waterlooplein"},"geometry":{"type":"LineString","coordinates":[[4.90114688873291,52.36949109665138],[4.901120066642761,52.36947144462868]]}},{"type":"Feature","properties":{"mvt_id":13521255412,"subclass":"pedestrian","class":"path","name_int":"Lepelstraat","name_de":"Lepelstraat","name":"Lepelstraat","name:latin":"Lepelstraat","name_en":"Lepelstraat"},"geometry":{"type":"LineString","coordinates":[[4.905980229377747,52.3627499400444],[4.905985593795776,52.362753215880495]]}},{"type":"Feature","properties":{"mvt_id":14248162802,"subclass":"footway","class":"path","name_int":"Wittepaardsteeg","name_de":"Wittepaardsteeg","name":"Wittepaardsteeg","name:latin":"Wittepaardsteeg","name_en":"Wittepaardsteeg"},"geometry":{"type":"LineString","coordinates":[[4.902359247207642,52.37544198197315],[4.902595281600952,52.375337185205005]]}},{"type":"Feature","properties":{"mvt_id":14421491072,"subclass":"footway","class":"path","name_int":"Nieuwegrachtje","name_de":"Nieuwegrachtje","name":"Nieuwegrachtje","name:latin":"Nieuwegrachtje","name_en":"Nieuwegrachtje"},"geometry":{"type":"LineString","coordinates":[[4.908587336540222,52.37069312875085],[4.908614158630371,52.370712780230036],[4.9086034297943115,52.37071605547571]]}},{"type":"Feature","properties":{"mvt_id":70459932,"class":"minor","name_int":"Plantage Lepellaan","name_de":"Plantage Lepellaan","name":"Plantage Lepellaan","name:latin":"Plantage Lepellaan","name_en":"Plantage Lepellaan"},"geometry":{"type":"LineString","coordinates":[[4.914928078651428,52.36415525143194],[4.915727376937866,52.36505279288928]]}},{"type":"Feature","properties":{"mvt_id":70460272,"class":"minor","name_int":"Entrepotdok","name_de":"Entrepotdok","name":"Entrepotdok","name:latin":"Entrepotdok","name_en":"Entrepotdok","route_1_ref":"LAW 8","route_1_name":"Zuiderzeepad - 06","route_1_network":"nwn","route_1_colour":"blue","name:sl":"Entrepotdok","name:ga":"Entrepotdok","name:nl":"Entrepotdok","name:de":"Entrepotdok","name:it":"Entrepotdok","name:fr":"Entrepotdok","name:en":"Entrepotdok","route_2_network":"rwn","route_2_name":"Traject 1 - Amsterdam CS-Zeeburg"},"geometry":{"type":"LineString","coordinates":[[4.912213683128357,52.36945179259722],[4.91313099861145,52.36913735890495],[4.914187788963318,52.368763965988286],[4.915603995323181,52.36827593013689],[4.917771220207214,52.36751602465469],[4.918157458305359,52.36747999432878],[4.91838276386261,52.36749964723746],[4.918452501296997,52.3674963717533],[4.918978214263916,52.36729656675948]]}},{"type":"Feature","properties":{"mvt_id":70460282,"class":"minor","name_int":"Jacob Burggraafstraat","name_de":"Jacob Burggraafstraat","name":"Jacob Burggraafstraat","name:latin":"Jacob Burggraafstraat","name_en":"Jacob Burggraafstraat"},"geometry":{"type":"LineString","coordinates":[[4.921875,52.37258298099439],[4.921858906745911,52.372592731312224]]}},{"type":"Feature","properties":{"mvt_id":70460332,"class":"minor","name_int":"Buiten Kadijken","name_de":"Buiten Kadijken","name":"Buiten Kadijken","name:latin":"Buiten Kadijken","name_en":"Buiten Kadijken"},"geometry":{"type":"LineString","coordinates":[[4.916553497314453,52.36892118444316],[4.91713285446167,52.36950747333029]]}},{"type":"Feature","properties":{"mvt_id":70460362,"class":"minor","name_int":"Waaigat","name_de":"Waaigat","name":"Waaigat","name:latin":"Waaigat","name_en":"Waaigat"},"geometry":{"type":"LineString","coordinates":[[4.921875,52.37038082190313],[4.921225905418396,52.369966017874745],[4.920802116394043,52.36971054364436]]}},{"type":"Feature","properties":{"mvt_id":70460392,"class":"minor","name_int":"Parelstraat","name_de":"Parelstraat","name":"Parelstraat","name:latin":"Parelstraat","name_en":"Parelstraat"},"geometry":{"type":"LineString","coordinates":[[4.921225905418396,52.369966017874745],[4.920045733451843,52.37068657825584]]}},{"type":"Feature","properties":{"mvt_id":70460482,"class":"minor","name_int":"Dijksgracht","name_de":"Dijksgracht","name":"Dijksgracht","name:latin":"Dijksgracht","name_en":"Dijksgracht"},"geometry":{"type":"LineString","coordinates":[[4.92138147354126,52.375448531762906],[4.921102523803711,52.37547145601939],[4.920946955680847,52.375494380263966],[4.920834302902222,52.37552057938607],[4.920568227767944,52.3755991766591]]}},{"type":"Feature","properties":{"mvt_id":70460832,"class":"minor","name_int":"Entrepotdok","name_de":"Entrepotdok","name":"Entrepotdok","name:latin":"Entrepotdok","name_en":"Entrepotdok","route_1_ref":"LAW 8","route_1_name":"Zuiderzeepad - 06","route_1_network":"nwn","route_1_colour":"blue","name:sl":"Entrepotdok","name:ga":"Entrepotdok","name:nl":"Entrepotdok","name:de":"Entrepotdok","name:it":"Entrepotdok","name:fr":"Entrepotdok","name:en":"Entrepotdok"},"geometry":{"type":"MultiLineString","coordinates":[[[4.918978214263916,52.36729656675948],[4.919198155403137,52.36710986291571],[4.919337630271912,52.3669788422033],[4.920319318771362,52.366615257690995]],[[4.911489486694336,52.36970399300365],[4.912213683128357,52.36945179259722]]]}},{"type":"Feature","properties":{"mvt_id":70461332,"class":"minor","name_int":"Hoogte Kadijk","name_de":"Hoogte Kadijk","name":"Hoogte Kadijk","name:latin":"Hoogte Kadijk","name_en":"Hoogte Kadijk"},"geometry":{"type":"LineString","coordinates":[[4.919536113739014,52.367863224471],[4.912658929824829,52.370296822054634]]}},{"type":"Feature","properties":{"mvt_id":70461452,"class":"minor","name_int":"Oostenburgervoorstraat","name_de":"Oostenburgervoorstraat","name":"Oostenburgervoorstraat","name:latin":"Oostenburgervoorstraat","name_en":"Oostenburgervoorstraat"},"geometry":{"type":"LineString","coordinates":[[4.92186963558197,52.36872793668024],[4.921875,52.368731237463734]]}},{"type":"Feature","properties":{"mvt_id":70461552,"class":"minor","name_int":"Wittenburgerkade","name_de":"Wittenburgerkade","name":"Wittenburgerkade","name:latin":"Wittenburgerkade","name_en":"Wittenburgerkade"},"geometry":{"type":"LineString","coordinates":[[4.92062509059906,52.37187547718653],[4.9192893505096436,52.37105012925938],[4.918393492698669,52.3704638608477]]}},{"type":"Feature","properties":{"mvt_id":70461612,"class":"minor","name_int":"Grote Wittenburgerstraat","name_de":"Grote Wittenburgerstraat","name":"Grote Wittenburgerstraat","name:latin":"Grote Wittenburgerstraat","name_en":"Grote Wittenburgerstraat"},"geometry":{"type":"LineString","coordinates":[[4.921875,52.37180882131322],[4.921311736106873,52.37146935553065],[4.9193912744522095,52.37028372094611],[4.918645620346069,52.369844831565054]]}},{"type":"Feature","properties":{"mvt_id":70461682,"class":"minor","name_int":"Tweede Wittenburgerdwarsstraat","name_de":"Tweede Wittenburgerdwarsstraat","name":"Tweede Wittenburgerdwarsstraat","name:latin":"Tweede Wittenburgerdwarsstraat","name_en":"Tweede Wittenburgerdwarsstraat"},"geometry":{"type":"LineString","coordinates":[[4.921875,52.371587214038115],[4.921719431877136,52.37167241682537],[4.921708703041077,52.37170844373176],[4.920957684516907,52.372144039456174]]}},{"type":"Feature","properties":{"mvt_id":70461852,"class":"minor","name_int":"Bootstraat","name_de":"Bootstraat","name":"Bootstraat","name:latin":"Bootstraat","name_en":"Bootstraat"},"geometry":{"type":"LineString","coordinates":[[4.921311736106873,52.37146935553065],[4.92062509059906,52.37187547718653]]}},{"type":"Feature","properties":{"mvt_id":70461902,"class":"minor","name_int":"Ravenstraat","name_de":"Ravenstraat","name":"Ravenstraat","name:latin":"Ravenstraat","name_en":"Ravenstraat"},"geometry":{"type":"LineString","coordinates":[[4.9192893505096436,52.37105012925938],[4.9199652671813965,52.37064072476362]]}},{"type":"Feature","properties":{"mvt_id":70461932,"class":"minor","name_int":"Poolstraat","name_de":"Poolstraat","name":"Poolstraat","name:latin":"Poolstraat","name_en":"Poolstraat"},"geometry":{"type":"LineString","coordinates":[[4.9212634563446045,52.3709616982096],[4.921875,52.37057787654308]]}},{"type":"Feature","properties":{"mvt_id":70462422,"class":"minor","name_int":"Valckenierstraat","name_de":"Valckenierstraat","name":"Valckenierstraat","name:latin":"Valckenierstraat","name_en":"Valckenierstraat"},"geometry":{"type":"MultiLineString","coordinates":[[[4.9139463901519775,52.36285476667901],[4.915797114372253,52.363218382140175],[4.915856122970581,52.363215106338565],[4.916231632232666,52.36308734988644],[4.916279911994934,52.36306114338907],[4.916408658027649,52.36285804250733]],[[4.91052281856534,52.362183216744256],[4.911044239997864,52.362288044723435]]]}},{"type":"Feature","properties":{"mvt_id":70463662,"class":"minor","name_int":"Louise Wentstraat","name_de":"Louise Wentstraat","name":"Louise Wentstraat","name:latin":"Louise Wentstraat","name_en":"Louise Wentstraat"},"geometry":{"type":"LineString","coordinates":[[4.9213385581970215,52.364319037729516],[4.921875,52.36466253202045]]}},{"type":"Feature","properties":{"mvt_id":70463672,"class":"minor","name_int":"Plantage Badlaan","name_de":"Plantage Badlaan","name":"Plantage Badlaan","name:latin":"Plantage Badlaan","name_en":"Plantage Badlaan"},"geometry":{"type":"LineString","coordinates":[[4.917106032371521,52.36458109454267],[4.916279911994934,52.36369664656851]]}},{"type":"Feature","properties":{"mvt_id":70463692,"class":"minor","name_int":"Kazernestraat","name_de":"Kazernestraat","name":"Kazernestraat","name:latin":"Kazernestraat","name_en":"Kazernestraat"},"geometry":{"type":"LineString","coordinates":[[4.921875,52.3639938211776],[4.9213385581970215,52.364319037729516],[4.920941591262817,52.36459092164292]]}},{"type":"Feature","properties":{"mvt_id":70465202,"class":"minor","name_int":"Alexanderkade","name_de":"Alexanderkade","name":"Alexanderkade","name:latin":"Alexanderkade","name_en":"Alexanderkade"},"geometry":{"type":"MultiLineString","coordinates":[[[4.9196648597717285,52.363378896121404],[4.919648766517639,52.363352689796955],[4.919455647468567,52.36324458854429],[4.9193644523620605,52.36318562411318],[4.919106960296631,52.36297269634564]],[[4.921875,52.36377488398084],[4.921853542327881,52.36376543760151],[4.920925498008728,52.363614752341974],[4.9202388525009155,52.36350992751049]]]}},{"type":"Feature","properties":{"mvt_id":70465242,"class":"minor","name_int":"Alexanderplein","name_de":"Alexanderplein","name":"Alexanderplein","name:latin":"Alexanderplein","name_en":"Alexanderplein"},"geometry":{"type":"LineString","coordinates":[[4.9202388525009155,52.36350992751049],[4.919729232788086,52.364017670472755]]}},{"type":"Feature","properties":{"mvt_id":70465292,"class":"minor","name_int":"Plantage Muidergracht","name_de":"Plantage Muidergracht","name":"Plantage Muidergracht","name:latin":"Plantage Muidergracht","name_en":"Plantage Muidergracht"},"geometry":{"type":"LineString","coordinates":[[4.908571243286133,52.366327008383514],[4.909933805465698,52.365855323641625],[4.910936951637268,52.3655310374602],[4.913404583930969,52.3646826411399],[4.914370179176331,52.364338692044406],[4.916279911994934,52.36369664656851],[4.916558861732483,52.363598373478446],[4.9166446924209595,52.363585270383254],[4.917234778404236,52.36373923150633],[4.9181413650512695,52.36411266689512],[4.9182432889938354,52.36418473301032]]}},{"type":"Feature","properties":{"mvt_id":73702082,"class":"minor","name_int":"Nieuwe Achtergracht","name_de":"Nieuwe Achtergracht","name":"Nieuwe Achtergracht","name:latin":"Nieuwe Achtergracht","name_en":"Nieuwe Achtergracht"},"geometry":{"type":"MultiLineString","coordinates":[[[4.9071067571640015,52.3625370101772],[4.90525175125228,52.362183216744256]],[[4.905213117599487,52.362183216744256],[4.905191659927368,52.362186492622364]],[[4.91064190864563,52.363215106338565],[4.910459518432617,52.36318562411318],[4.908699989318848,52.36285149085044],[4.9072569608688354,52.3625664928354]],[[4.906813364762513,52.362183216744256],[4.907766580581665,52.36236338967985],[4.9079543352127075,52.362389596591086],[4.910749197006226,52.362923559022796]]]}},{"type":"Feature","properties":{"mvt_id":73702472,"class":"minor","name_int":"Nieuwe Keizersgracht","name_de":"Nieuwe Keizersgracht","name":"Nieuwe Keizersgracht","name:latin":"Nieuwe Keizersgracht","name_en":"Nieuwe Keizersgracht"},"geometry":{"type":"MultiLineString","coordinates":[[[4.902675747871399,52.364456617750236],[4.905545711517334,52.365003657879825],[4.905744194984436,52.36504951722368],[4.905878305435181,52.36505934421975],[4.906237721443176,52.36513468445028],[4.908812642097473,52.365622755005454],[4.910411238670349,52.36506261988462]],[[4.907997250556946,52.36583894560873],[4.905545711517334,52.36537708258118],[4.90540623664856,52.365357428728224],[4.905223846435547,52.36532139664175]]]}},{"type":"Feature","properties":{"mvt_id":73702572,"class":"minor","name_int":"Nieuwe Prinsengracht","name_de":"Nieuwe Prinsengracht","name":"Nieuwe Prinsengracht","name:latin":"Nieuwe Prinsengracht","name_en":"Nieuwe Prinsengracht"},"geometry":{"type":"MultiLineString","coordinates":[[[4.903373122215271,52.36309062569752],[4.9063557386398315,52.36362785542842],[4.907788038253784,52.363896467844214]],[[4.903539419174194,52.36277942256053],[4.906629323959351,52.363339586628896]],[[4.906790256500244,52.363372344541744],[4.908286929130554,52.36365406158966],[4.910931587219238,52.36413887276879]]]}},{"type":"Feature","properties":{"mvt_id":73702632,"class":"minor","name_int":"Nieuwe Keizersgracht","name_de":"Nieuwe Keizersgracht","name":"Nieuwe Keizersgracht","name:latin":"Nieuwe Keizersgracht","name_en":"Nieuwe Keizersgracht","route_1_ref":"LAW15","route_1_name":"Westerborkpad - 00","route_1_network":"nwn"},"geometry":{"type":"LineString","coordinates":[[4.902514815330505,52.36479729024336],[4.903802275657654,52.36503969022544],[4.905223846435547,52.36532139664175]]}},{"type":"Feature","properties":{"mvt_id":73703482,"class":"minor","name_int":"Lepelstraat","name_de":"Lepelstraat","name":"Lepelstraat","name:latin":"Lepelstraat","name_en":"Lepelstraat"},"geometry":{"type":"LineString","coordinates":[[4.904998540878296,52.362563216985464],[4.905980229377747,52.3627499400444]]}},{"type":"Feature","properties":{"mvt_id":73703572,"class":"minor","name_int":"Amstel","name_de":"Amstel","name":"Amstel","name:latin":"Amstel","name_en":"Amstel","route_1_ref":"LAW 1-3","route_1_name":"Floris V-pad - 01","route_1_network":"nwn"},"geometry":{"type":"LineString","coordinates":[[4.903838615263652,52.362183216744256],[4.903539419174194,52.36277942256053],[4.90339994430542,52.36302183361384],[4.903373122215271,52.36309062569752],[4.902675747871399,52.364456617750236]]}},{"type":"Feature","properties":{"mvt_id":73703642,"class":"minor","name_int":"Korte 's-Gravesandestraat","name_de":"Korte 's-Gravesandestraat","name":"Korte 's-Gravesandestraat","name:latin":"Korte 's-Gravesandestraat","name_en":"Korte 's-Gravesandestraat"},"geometry":{"type":"LineString","coordinates":[[4.9149283141624664,52.362183216744256],[4.914783239364624,52.36243545864837],[4.914702773094177,52.362550113583275],[4.914675951004028,52.36257304453456],[4.914606213569641,52.36260252716871]]}},{"type":"Feature","properties":{"mvt_id":73703682,"class":"minor","name_int":"Onbekendegracht","name_de":"Onbekendegracht","name":"Onbekendegracht","name:latin":"Onbekendegracht","name_en":"Onbekendegracht"},"geometry":{"type":"LineString","coordinates":[[4.905191659927368,52.362186492622364],[4.905164837837219,52.362206147885956],[4.904998540878296,52.362563216985464],[4.904773235321045,52.36300217871313]]}},{"type":"Feature","properties":{"mvt_id":73704042,"class":"minor","name_int":"Weesperplein","name_de":"Weesperplein","name":"Weesperplein","name:latin":"Weesperplein","name_en":"Weesperplein"},"geometry":{"type":"LineString","coordinates":[[4.907766580581665,52.36236338967985],[4.907874601786233,52.362183216744256]]}},{"type":"Feature","properties":{"mvt_id":73704232,"class":"minor","name_int":"Lepelkruisstraat","name_de":"Lepelkruisstraat","name":"Lepelkruisstraat","name:latin":"Lepelkruisstraat","name_en":"Lepelkruisstraat"},"geometry":{"type":"LineString","coordinates":[[4.908286929130554,52.36365406158966],[4.908699989318848,52.36285149085044]]}},{"type":"Feature","properties":{"mvt_id":73704962,"class":"minor","name_int":"Amstel","name_de":"Amstel","name":"Amstel","name:latin":"Amstel","name_en":"Amstel","route_1_ref":"LAW15","route_1_name":"Westerborkpad - 00","route_1_network":"nwn","route_2_network":"nwn","route_2_name":"Floris V-pad - 01","route_2_ref":"LAW 1-3"},"geometry":{"type":"LineString","coordinates":[[4.902514815330505,52.36479729024336],[4.901667237281799,52.36644492878208],[4.901592135429382,52.36651699109292],[4.901474118232727,52.36660543104102]]}},{"type":"Feature","properties":{"mvt_id":73705552,"class":"minor","name_int":"Weesperstraat","name_de":"Weesperstraat","name":"Weesperstraat","name:latin":"Weesperstraat","name_en":"Weesperstraat"},"geometry":{"type":"MultiLineString","coordinates":[[[4.906629323959351,52.363339586628896],[4.906790256500244,52.363372344541744]],[[4.9072569608688354,52.3625664928354],[4.9071067571640015,52.3625370101772]]]}},{"type":"Feature","properties":{"mvt_id":73705992,"class":"minor","name_int":"Krom Boomssloot","name_de":"Krom Boomssloot","name":"Krom Boomssloot","name:latin":"Krom Boomssloot","name_en":"Krom Boomssloot"},"geometry":{"type":"MultiLineString","coordinates":[[[4.902670383453369,52.37253377935767],[4.90239143371582,52.37201958397327],[4.902225136756897,52.37162983953447],[4.90215003490448,52.37149228185262],[4.901919364929199,52.37124336686314],[4.901860356330872,52.37120406436815],[4.901629686355591,52.37109270710909],[4.901592135429382,52.371056679700466]],[[4.901297092437744,52.3707258812113],[4.901307821273804,52.370738982188676],[4.901415109634399,52.3707979365388],[4.901683330535889,52.37093222115366],[4.902257323265076,52.37124009165655],[4.902278780937195,52.37126301809751],[4.902847409248352,52.37239294936992],[4.902879595756531,52.37242242545102]]]}},{"type":"Feature","properties":{"mvt_id":73706022,"class":"minor","name_int":"Nieuwe Herengracht","name_de":"Nieuwe Herengracht","name":"Nieuwe Herengracht","name:latin":"Nieuwe Herengracht","name_en":"Nieuwe Herengracht"},"geometry":{"type":"MultiLineString","coordinates":[[[4.904623031616211,52.36664146208024],[4.904419183731079,52.366553022204265],[4.901865720748901,52.36606168633588]],[[4.902015924453735,52.36576360657919],[4.904338717460632,52.36620253651021]],[[4.905953407287598,52.36694936248946],[4.906119704246521,52.36701487293795],[4.906248450279236,52.36708693431908],[4.906575679779053,52.36729984225846],[4.906661510467529,52.36734242372321],[4.906876087188721,52.3675029227214],[4.90689218044281,52.36753567754734],[4.906940460205078,52.36754222850961],[4.906967282295227,52.36755533043126],[4.909590482711792,52.36927492392073],[4.909654855728149,52.36929457603085],[4.909772872924805,52.36939611179396],[4.9108511209487915,52.37009375443584]]]}},{"type":"Feature","properties":{"mvt_id":73706042,"class":"minor","name_int":"Nieuwe Amstelstraat","name_de":"Nieuwe Amstelstraat","name":"Nieuwe Amstelstraat","name:latin":"Nieuwe Amstelstraat","name_en":"Nieuwe Amstelstraat"},"geometry":{"type":"LineString","coordinates":[[4.9032604694366455,52.367208128195],[4.903249740600586,52.36718519964938],[4.903217554092407,52.367168822109505],[4.902568459510803,52.366883851943804],[4.902316331863403,52.36678558594319],[4.902268052101135,52.36677248379326]]}},{"type":"Feature","properties":{"mvt_id":73706072,"class":"minor","name_int":"Houtkopersdwarsstraat","name_de":"Houtkopersdwarsstraat","name":"Houtkopersdwarsstraat","name:latin":"Houtkopersdwarsstraat","name_en":"Houtkopersdwarsstraat"},"geometry":{"type":"LineString","coordinates":[[4.901876449584961,52.36858381915417],[4.902439713478088,52.36907840233847]]}},{"type":"Feature","properties":{"mvt_id":73706102,"class":"minor","name_int":"Oudeschans","name_de":"Oudeschans","name":"Oudeschans","name:latin":"Oudeschans","name_en":"Oudeschans"},"geometry":{"type":"MultiLineString","coordinates":[[[4.906371831893921,52.37174447060877],[4.904268980026245,52.37086999174875],[4.903968572616577,52.370738982188676],[4.902541637420654,52.37013960849588],[4.902455806732178,52.37009375443584]],[[4.904987812042236,52.3718263497654],[4.904703497886658,52.37199338277429],[4.904692769050598,52.37200648337572],[4.904703497886658,52.37202285912205],[4.904880523681641,52.372124388613756]],[[4.905218482017517,52.37193443001975],[4.904880523681641,52.372124388613756],[4.904810786247253,52.37217024056578]],[[4.9015867710113525,52.37036560281063],[4.901629686355591,52.37036232753896],[4.9016886949539185,52.37037870389487],[4.903764724731445,52.371299045337835],[4.904526472091675,52.37162656435655],[4.904590845108032,52.37165931612485],[4.904987812042236,52.3718263497654],[4.905502796173096,52.37206216088846],[4.905551075935364,52.3721014626199],[4.905690550804138,52.37216369028984]]]}},{"type":"Feature","properties":{"mvt_id":73706112,"class":"minor","name_int":"Houtkopersburgwal","name_de":"Houtkopersburgwal","name":"Houtkopersburgwal","name:latin":"Houtkopersburgwal","name_en":"Houtkopersburgwal"},"geometry":{"type":"LineString","coordinates":[[4.902455806732178,52.37009375443584],[4.902498722076416,52.37004790032822],[4.90290105342865,52.369743296833406],[4.903067350387573,52.36967451510838]]}},{"type":"Feature","properties":{"mvt_id":73706302,"class":"minor","name_int":"Plantage Doklaan","name_de":"Plantage Doklaan","name":"Plantage Doklaan","name:latin":"Plantage Doklaan","name_en":"Plantage Doklaan"},"geometry":{"type":"LineString","coordinates":[[4.9131739139556885,52.368017170686144],[4.9131470918655396,52.368063026901844],[4.913093447685242,52.368099056752214],[4.913018345832825,52.36812853569884],[4.91113007068634,52.36878361832575],[4.911012053489685,52.368813096815536],[4.910593628883362,52.368763965988286],[4.910454154014587,52.368698458133615]]}},{"type":"Feature","properties":{"mvt_id":73706442,"class":"minor","name_int":"Turfsteeg","name_de":"Turfsteeg","name":"Turfsteeg","name:latin":"Turfsteeg","name_en":"Turfsteeg"},"geometry":{"type":"LineString","coordinates":[[4.902697205543518,52.36749964723746],[4.9027615785598755,52.36747016787117],[4.902874231338501,52.367437412996644],[4.903228282928467,52.367253985250535],[4.903255105018616,52.36723105672872],[4.9032604694366455,52.367208128195]]}},{"type":"Feature","properties":{"mvt_id":73706562,"class":"minor","name_int":"Jodenbreestraat","name_de":"Jodenbreestraat","name":"Jodenbreestraat","name:latin":"Jodenbreestraat","name_en":"Jodenbreestraat"},"geometry":{"type":"MultiLineString","coordinates":[[[4.903941750526428,52.36826610385632],[4.904000759124756,52.368351264881966],[4.903995394706726,52.368397120750856],[4.903968572616577,52.36842987491377],[4.9037593603134155,52.3685281372568],[4.902439713478088,52.36907840233847],[4.901425838470459,52.369477995303875],[4.901136159896851,52.369572979985215]],[[4.9037593603134155,52.3685281372568],[4.903802275657654,52.36845607822662],[4.903813004493713,52.368406947002285],[4.903802275657654,52.368321786083975]]]}},{"type":"Feature","properties":{"mvt_id":73706612,"class":"minor","name_int":"Binnenkant","name_de":"Binnenkant","name":"Binnenkant","name:latin":"Binnenkant","name_en":"Binnenkant"},"geometry":{"type":"LineString","coordinates":[[4.903957843780518,52.37380777907366],[4.903587698936462,52.37435470340964],[4.903582334518433,52.37437435325974],[4.903587698936462,52.37441692790497],[4.903716444969177,52.374747698750575],[4.903737902641296,52.374783723148525],[4.903973937034607,52.374983494276556]]}},{"type":"Feature","properties":{"mvt_id":73706642,"class":"minor","name_int":"Kromme Waal","name_de":"Kromme Waal","name":"Kromme Waal","name:latin":"Kromme Waal","name_en":"Kromme Waal"},"geometry":{"type":"LineString","coordinates":[[4.903022215284153,52.3755991766591],[4.90289568901062,52.37522583836637],[4.902606010437012,52.374515176929634],[4.902563095092773,52.37439072812815],[4.902557730674744,52.37434815345766],[4.902579188346863,52.374282653884464],[4.903067350387573,52.37353595188407]]}},{"type":"Feature","properties":{"mvt_id":73706662,"class":"minor","name_int":"Nieuwegrachtje","name_de":"Nieuwegrachtje","name":"Nieuwegrachtje","name:latin":"Nieuwegrachtje","name_en":"Nieuwegrachtje"},"geometry":{"type":"LineString","coordinates":[[4.908946752548218,52.37050316400133],[4.908587336540222,52.37069312875085]]}},{"type":"Feature","properties":{"mvt_id":73706672,"class":"minor","name_int":"Sint Antoniesbreestraat","name_de":"Sint Antoniesbreestraat","name":"Sint Antoniesbreestraat","name:latin":"Sint Antoniesbreestraat","name_en":"Sint Antoniesbreestraat","route_1_name":"Traject 1 - Amsterdam CS-Zeeburg","route_1_network":"rwn"},"geometry":{"type":"LineString","coordinates":[[4.9010127782821655,52.369641761868344],[4.900932312011719,52.36969416704074],[4.900830388069153,52.369815353763784],[4.900723099708557,52.370074102681265],[4.900701642036438,52.370159260221335],[4.900637269020081,52.37051298978427],[4.900428056716919,52.371904953612976],[4.900433421134949,52.37195735610031],[4.900481700897217,52.37208508690272]]}},{"type":"Feature","properties":{"mvt_id":73706792,"class":"minor","name_int":"Uilenburgersteeg","name_de":"Uilenburgersteeg","name":"Uilenburgersteeg","name:latin":"Uilenburgersteeg","name_en":"Uilenburgersteeg"},"geometry":{"type":"LineString","coordinates":[[4.902439713478088,52.36907840233847],[4.9029117822647095,52.36954677733491],[4.903067350387573,52.36967451510838]]}},{"type":"Feature","properties":{"mvt_id":73706802,"class":"minor","name_int":"Tussen Kadijken","name_de":"Tussen Kadijken","name":"Tussen Kadijken","name:latin":"Tussen Kadijken","name_en":"Tussen Kadijken"},"geometry":{"type":"LineString","coordinates":[[4.914305806159973,52.36918976467576],[4.9146705865859985,52.36958608130455]]}},{"type":"Feature","properties":{"mvt_id":73706862,"class":"minor","name_int":"Rapenburgerplein","name_de":"Rapenburgerplein","name":"Rapenburgerplein","name:latin":"Rapenburgerplein","name_en":"Rapenburgerplein"},"geometry":{"type":"LineString","coordinates":[[4.9108511209487915,52.37009375443584],[4.911333918571472,52.37039835551394]]}},{"type":"Feature","properties":{"mvt_id":73706872,"class":"minor","name_int":"Kadijksplein","name_de":"Kadijksplein","name":"Kadijksplein","name:latin":"Kadijksplein","name_en":"Kadijksplein","route_1_ref":"LAW 8","route_1_name":"Zuiderzeepad - 06","route_1_network":"nwn","route_1_colour":"blue","route_2_network":"rwn","route_2_name":"Traject 1 - Amsterdam CS-Zeeburg"},"geometry":{"type":"MultiLineString","coordinates":[[[4.911510944366455,52.3704081813202],[4.911419749259949,52.370460585583324]],[[4.911907911300659,52.370175636652526],[4.911720156669617,52.37029354677787]]]}},{"type":"Feature","properties":{"mvt_id":73706882,"class":"minor","name_int":"Kadijksplein","name_de":"Kadijksplein","name":"Kadijksplein","name:latin":"Kadijksplein","name_en":"Kadijksplein"},"geometry":{"type":"MultiLineString","coordinates":[[[4.913109540939331,52.37071933072115],[4.913039803504944,52.370702954491534],[4.912658929824829,52.370296822054634],[4.912444353103638,52.37037542862418],[4.912310242652893,52.37043438345953]],[[4.913367033004761,52.37092567069412],[4.913152456283569,52.37096497343682],[4.913093447685242,52.3709616982096],[4.913055896759033,52.37094859729828],[4.912846684455872,52.37078156033832],[4.912310242652893,52.37043438345953],[4.911907911300659,52.370175636652526]],[[4.912846684455872,52.37078156033832],[4.91313099861145,52.370860166045226],[4.913200736045837,52.37086999174875],[4.913291931152344,52.37087326698278]]]}},{"type":"Feature","properties":{"mvt_id":73706922,"class":"minor","name_int":"Oostersekade","name_de":"Oostersekade","name":"Oostersekade","name:latin":"Oostersekade","name_en":"Oostersekade"},"geometry":{"type":"LineString","coordinates":[[4.907069206237793,52.371367824533216],[4.906908273696899,52.37150865778958],[4.906425476074219,52.37174119543934],[4.906371831893921,52.37174447060877]]}},{"type":"Feature","properties":{"mvt_id":73706962,"class":"minor","name_int":"Korte Koningsstraat","name_de":"Korte Koningsstraat","name":"Korte Koningsstraat","name:latin":"Korte Koningsstraat","name_en":"Korte Koningsstraat"},"geometry":{"type":"MultiLineString","coordinates":[[[4.904199242591858,52.37092567069412],[4.904268980026245,52.37086999174875]],[[4.902622103691101,52.37195408094667],[4.903265833854675,52.37159708774432],[4.9037110805511475,52.371335072548774],[4.903829097747803,52.37124664206947]]]}},{"type":"Feature","properties":{"mvt_id":73706972,"class":"minor","name_int":"Rapenburg","name_de":"Rapenburg","name":"Rapenburg","name:latin":"Rapenburg","name_en":"Rapenburg"},"geometry":{"type":"MultiLineString","coordinates":[[[4.909864068031311,52.370601421732395],[4.909923076629639,52.37057194443602],[4.910518527030945,52.37022149062756],[4.910690188407898,52.370185462508324],[4.9108511209487915,52.37009375443584]],[[4.909488558769226,52.370833964158464],[4.909349083900452,52.37088964314925],[4.907782673835754,52.371705168559664],[4.907219409942627,52.372013033674975],[4.907197952270508,52.37203268456693],[4.907203316688538,52.37204906030354]]]}},{"type":"Feature","properties":{"mvt_id":73707182,"class":"minor","name_int":"Schippersgracht","name_de":"Schippersgracht","name":"Schippersgracht","name:latin":"Schippersgracht","name_en":"Schippersgracht","route_1_ref":"LAW 8","route_1_name":"Zuiderzeepad - 06","route_1_network":"nwn","route_1_colour":"blue"},"geometry":{"type":"LineString","coordinates":[[4.911419749259949,52.370460585583324],[4.912106394767761,52.37090601930964],[4.91213858127594,52.37095514775442],[4.912202954292297,52.371001000920245],[4.912240505218506,52.371056679700466]]}},{"type":"Feature","properties":{"mvt_id":73707212,"class":"minor","name_int":"Schippersgracht","name_de":"Schippersgracht","name":"Schippersgracht","name:latin":"Schippersgracht","name_en":"Schippersgracht","route_1_name":"Traject 1 - Amsterdam CS-Zeeburg","route_1_network":"rwn"},"geometry":{"type":"LineString","coordinates":[[4.911333918571472,52.37039835551394],[4.911419749259949,52.370460585583324]]}},{"type":"Feature","properties":{"mvt_id":73707242,"class":"minor","name_int":"Foeliedwarsstraat","name_de":"Foeliedwarsstraat","name":"Foeliedwarsstraat","name:latin":"Foeliedwarsstraat","name_en":"Foeliedwarsstraat","route_1_name":"Traject 1 - Amsterdam CS-Zeeburg","route_1_network":"rwn"},"geometry":{"type":"LineString","coordinates":[[4.910438060760498,52.37089291838181],[4.911333918571472,52.37039835551394]]}},{"type":"Feature","properties":{"mvt_id":73707252,"class":"minor","name_int":"Nieuwe Foeliestraat","name_de":"Nieuwe Foeliestraat","name":"Nieuwe Foeliestraat","name:latin":"Nieuwe Foeliestraat","name_en":"Nieuwe Foeliestraat"},"geometry":{"type":"LineString","coordinates":[[4.9103844165802,52.37093222115366],[4.910438060760498,52.37089291838181]]}},{"type":"Feature","properties":{"mvt_id":73707342,"class":"minor","name_int":"Waterlooplein","name_de":"Waterlooplein","name":"Waterlooplein","name:latin":"Waterlooplein","name_en":"Waterlooplein"},"geometry":{"type":"MultiLineString","coordinates":[[[4.901366829872131,52.36878689371448],[4.901876449584961,52.36858381915417],[4.903019070625305,52.368105607630945],[4.903067350387573,52.36807612866902],[4.903088808059692,52.368036823355844],[4.903104901313782,52.3679647635242]],[[4.902268052101135,52.36677248379326],[4.902209043502808,52.36678231040607],[4.902123212814331,52.366821616835466],[4.902042746543884,52.366900229589326]]]}},{"type":"Feature","properties":{"mvt_id":73707372,"class":"minor","name_int":"Nieuwe Uilenburgerstraat","name_de":"Nieuwe Uilenburgerstraat","name":"Nieuwe Uilenburgerstraat","name:latin":"Nieuwe Uilenburgerstraat","name_en":"Nieuwe Uilenburgerstraat"},"geometry":{"type":"LineString","coordinates":[[4.903067350387573,52.36967451510838],[4.907069206237793,52.371367824533216]]}},{"type":"Feature","properties":{"mvt_id":73707462,"class":"minor","name_int":"Korte Keizersstraat","name_de":"Korte Keizersstraat","name":"Korte Keizersstraat","name:latin":"Korte Keizersstraat","name_en":"Korte Keizersstraat"},"geometry":{"type":"LineString","coordinates":[[4.9023860692977905,52.37146935553065],[4.902681112289429,52.37131542134645],[4.9031102657318115,52.371073055798945],[4.90315318107605,52.371027202707914]]}},{"type":"Feature","properties":{"mvt_id":73707482,"class":"minor","name_int":"Peperstraat","name_de":"Peperstraat","name":"Peperstraat","name:latin":"Peperstraat","name_en":"Peperstraat"},"geometry":{"type":"LineString","coordinates":[[4.907069206237793,52.371367824533216],[4.907723665237427,52.371665866475595],[4.908608794212341,52.37228814536668],[4.908721446990967,52.37233072202299]]}},{"type":"Feature","properties":{"mvt_id":73707542,"class":"minor","name_int":"Recht Boomssloot","name_de":"Recht Boomssloot","name":"Recht Boomssloot","name:latin":"Recht Boomssloot","name_en":"Recht Boomssloot"},"geometry":{"type":"MultiLineString","coordinates":[[[4.901195168495178,52.37332962410522],[4.901340007781982,52.373273948190224],[4.902670383453369,52.37253377935767],[4.902702569961548,52.37251085357631],[4.902879595756531,52.37242242545102],[4.9043333530426025,52.37160691328391],[4.9043869972229,52.37156761111241]],[[4.902026653289795,52.37308399454028],[4.90139901638031,52.37343770068102],[4.901275634765625,52.37349665142908]],[[4.904590845108032,52.37165931612485],[4.9021875858306885,52.37299884263891]]]}},{"type":"Feature","properties":{"mvt_id":73707812,"class":"minor","name_int":"'s-Gravenhekje","name_de":"'s-Gravenhekje","name":"'s-Gravenhekje","name:latin":"'s-Gravenhekje","name_en":"'s-Gravenhekje"},"geometry":{"type":"LineString","coordinates":[[4.907203316688538,52.37204906030354],[4.907224774360657,52.37208508690272],[4.907278418540955,52.372114563189285],[4.908056259155273,52.372465001977886]]}},{"type":"Feature","properties":{"mvt_id":73707832,"class":"minor","name_int":"Kalkmarkt","name_de":"Kalkmarkt","name":"Kalkmarkt","name:latin":"Kalkmarkt","name_en":"Kalkmarkt","route_1_ref":"LAW 8","route_1_name":"Zuiderzeepad - 06","route_1_network":"nwn","route_1_colour":"blue"},"geometry":{"type":"LineString","coordinates":[[4.907358884811401,52.37286783939314],[4.906736612319946,52.37259928152454],[4.906489849090576,52.37249775312447],[4.906345009803772,52.37244535127827]]}},{"type":"Feature","properties":{"mvt_id":73708062,"class":"minor","name_int":"Hortusplantsoen","name_de":"Hortusplantsoen","name":"Hortusplantsoen","name:latin":"Hortusplantsoen","name_en":"Hortusplantsoen"},"geometry":{"type":"LineString","coordinates":[[4.907997250556946,52.36583894560873],[4.9079543352127075,52.36590773330609],[4.907868504524231,52.36595031611268],[4.9071550369262695,52.366205812090314]]}},{"type":"Feature","properties":{"mvt_id":73708192,"class":"minor","name_int":"Plantage Parklaan","name_de":"Plantage Parklaan","name":"Plantage Parklaan","name:latin":"Plantage Parklaan","name_en":"Plantage Parklaan"},"geometry":{"type":"LineString","coordinates":[[4.908174276351929,52.36591428450977],[4.908571243286133,52.366327008383514],[4.909273982048035,52.367122964965574],[4.9093276262283325,52.367172097617974],[4.90939736366272,52.367253985250535],[4.909434914588928,52.36732932173843]]}},{"type":"Feature","properties":{"mvt_id":73708202,"class":"minor","name_int":"Plantage Kerklaan","name_de":"Plantage Kerklaan","name":"Plantage Kerklaan","name:latin":"Plantage Kerklaan","name_en":"Plantage Kerklaan"},"geometry":{"type":"MultiLineString","coordinates":[[[4.9131739139556885,52.368017170686144],[4.913168549537659,52.367971314422846],[4.911945462226868,52.36667421754492],[4.911768436431885,52.36652354220627],[4.911757707595825,52.366484235511656]],[[4.911838173866272,52.36645803102916],[4.911934733390808,52.36653009331863],[4.9125999212265015,52.36724743424552],[4.913308024406433,52.367990967112945]]]}},{"type":"Feature","properties":{"mvt_id":73708252,"class":"minor","name_int":"Binnenkant","name_de":"Binnenkant","name":"Binnenkant","name:latin":"Binnenkant","name_en":"Binnenkant","route_1_ref":"LAW 8","route_1_name":"Zuiderzeepad - 06","route_1_network":"nwn","route_1_colour":"blue"},"geometry":{"type":"LineString","coordinates":[[4.906345009803772,52.37244535127827],[4.9062806367874146,52.3724944780109],[4.905722737312317,52.37280888780577],[4.904006123542786,52.37376192882163],[4.903957843780518,52.37380777907366]]}},{"type":"Feature","properties":{"mvt_id":73708262,"class":"minor","name_int":"Nieuwe Ridderstraat","name_de":"Nieuwe Ridderstraat","name":"Nieuwe Ridderstraat","name:latin":"Nieuwe Ridderstraat","name_en":"Nieuwe Ridderstraat"},"geometry":{"type":"LineString","coordinates":[[4.903593063354492,52.372432250807016],[4.903475046157837,52.37250757846372],[4.903442859649658,52.37260583173589],[4.902428984642029,52.37315277095616]]}},{"type":"Feature","properties":{"mvt_id":73708272,"class":"minor","name_int":"Montelbaanstraat","name_de":"Montelbaanstraat","name":"Montelbaanstraat","name:latin":"Montelbaanstraat","name_en":"Montelbaanstraat"},"geometry":{"type":"LineString","coordinates":[[4.903416037559509,52.37231434639081],[4.904193878173828,52.372851463960096]]}},{"type":"Feature","properties":{"mvt_id":73708302,"class":"minor","name_int":"Oude Waal","name_de":"Oude Waal","name":"Oude Waal","name:latin":"Oude Waal","name_en":"Oude Waal"},"geometry":{"type":"LineString","coordinates":[[4.903067350387573,52.37353595188407],[4.90314245223999,52.37345080085406],[4.903206825256348,52.373398400138605],[4.905551075935364,52.3721014626199]]}},{"type":"Feature","properties":{"mvt_id":73708902,"class":"minor","name_int":"Kalkmarkt","name_de":"Kalkmarkt","name":"Kalkmarkt","name:latin":"Kalkmarkt","name_en":"Kalkmarkt"},"geometry":{"type":"MultiLineString","coordinates":[[[4.907466173171997,52.37291696565584],[4.907358884811401,52.37286783939314]],[[4.906216263771057,52.372396224491006],[4.906345009803772,52.37244535127827]]]}},{"type":"Feature","properties":{"mvt_id":73709262,"class":"minor","name_int":"Schippersgracht","name_de":"Schippersgracht","name":"Schippersgracht","name:latin":"Schippersgracht","name_en":"Schippersgracht"},"geometry":{"type":"MultiLineString","coordinates":[[[4.912106394767761,52.37090601930964],[4.912192225456238,52.37093877161223],[4.912363886833191,52.37104357881732],[4.912455081939697,52.371207339577396]],[[4.912208318710327,52.37117131226228],[4.912235140800476,52.37113200970317],[4.912245869636536,52.37108615667335],[4.912240505218506,52.371056679700466]]]}},{"type":"Feature","properties":{"mvt_id":73710052,"class":"trunk","route_1_ref":"S116","ref":"S116","route_1_name":"S116","ref_length":4,"route_1_network":"NL:S:Amsterdam","network":"road"},"geometry":{"type":"MultiLineString","coordinates":[[[4.91139829158783,52.37158726220253],[4.911451935768127,52.37160691328391],[4.9115002155303955,52.37163966506678],[4.911591410636902,52.37173792026968],[4.911854267120361,52.3720719863246],[4.912047386169434,52.37237984888311],[4.912186861038208,52.3726615084931],[4.912245869636536,52.37279906253355],[4.912315607070923,52.37301194294211],[4.912363886833191,52.373267398077964],[4.912353157997131,52.37348355126965]],[[4.91212785243988,52.37348682630987],[4.911934733390808,52.37316914627749],[4.911752343177795,52.37291041549063],[4.911457300186157,52.372517403800764],[4.910786747932434,52.37181324911054]]]}},{"type":"Feature","properties":{"mvt_id":73710522,"class":"minor","name_int":"Herengracht","name_de":"Herengracht","name":"Herengracht","name:latin":"Herengracht","name_en":"Herengracht"},"geometry":{"type":"MultiLineString","coordinates":[[[4.900428056716919,52.365806189524726],[4.89990234375,52.36570392081589]],[[4.89990234375,52.365359688667844],[4.900599718093872,52.36549172988252]]]}},{"type":"Feature","properties":{"mvt_id":73710562,"class":"minor","name_int":"Amstel","name_de":"Amstel","name":"Amstel","name:latin":"Amstel","name_en":"Amstel"},"geometry":{"type":"LineString","coordinates":[[4.902308668409091,52.362183216744256],[4.90215003490448,52.36249769993566],[4.902123212814331,52.3625173550608],[4.902080297470093,52.36258287208146],[4.901994466781616,52.362759767551964],[4.901983737945557,52.362828560043674],[4.901683330535889,52.36345423921761],[4.901307821273804,52.36417490581971],[4.901248812675476,52.364220766023834],[4.900599718093872,52.36549172988252],[4.900562167167664,52.36554086434916],[4.900428056716919,52.365806189524726]]}},{"type":"Feature","properties":{"mvt_id":73710832,"class":"minor","name_int":"Oudezijds Voorburgwal","name_de":"Oudezijds Voorburgwal","name":"Oudezijds Voorburgwal","name:latin":"Oudezijds Voorburgwal","name_en":"Oudezijds Voorburgwal","route_1_ref":"LAW 7-1","route_1_name":"Pelgrimspad 1 - 01","route_1_network":"nwn","route_1_colour":"blue"},"geometry":{"type":"LineString","coordinates":[[4.900004267692566,52.3755991766591],[4.89990234375,52.37550047833689]]}},{"type":"Feature","properties":{"mvt_id":73710892,"class":"minor","name_int":"Zwanenburgwal","name_de":"Zwanenburgwal","name":"Zwanenburgwal","name:latin":"Zwanenburgwal","name_en":"Zwanenburgwal"},"geometry":{"type":"LineString","coordinates":[[4.89990234375,52.36925789208487],[4.900074005126953,52.36941248850809]]}},{"type":"Feature","properties":{"mvt_id":73711452,"class":"minor","name_int":"Oudezijds Voorburgwal","name_de":"Oudezijds Voorburgwal","name":"Oudezijds Voorburgwal","name:latin":"Oudezijds Voorburgwal","name_en":"Oudezijds Voorburgwal"},"geometry":{"type":"MultiLineString","coordinates":[[[4.89991307258606,52.375415782804424],[4.89990234375,52.37542124096586]],[[4.89990234375,52.37498738711665],[4.9001652002334595,52.375235663098714],[4.900202751159668,52.375291336540734],[4.900181293487549,52.37531098597411],[4.90015983581543,52.37531753578329]]]}},{"type":"Feature","properties":{"mvt_id":73712242,"class":"minor","name_int":"Armeensebrug","name_de":"Armeensebrug","name":"Armeensebrug","name:latin":"Armeensebrug","name_en":"Armeensebrug"},"geometry":{"type":"LineString","coordinates":[[4.9023860692977905,52.37146935553065],[4.902198314666748,52.37157416147676]]}},{"type":"Feature","properties":{"mvt_id":73712322,"class":"minor","name_int":"Dijkstraat","name_de":"Dijkstraat","name":"Dijkstraat","name:latin":"Dijkstraat","name_en":"Dijkstraat"},"geometry":{"type":"MultiLineString","coordinates":[[[4.901683330535889,52.37093222115366],[4.90164577960968,52.37097152389054]],[[4.901211261749268,52.371642940243724],[4.901291728019714,52.37153485927611],[4.901576042175293,52.371089431891335],[4.901608228683472,52.37101737703936]]]}},{"type":"Feature","properties":{"mvt_id":73712722,"class":"minor","name_int":"Snoekjesgracht","name_de":"Snoekjesgracht","name":"Snoekjesgracht","name:latin":"Snoekjesgracht","name_en":"Snoekjesgracht"},"geometry":{"type":"MultiLineString","coordinates":[[[4.901297092437744,52.3707258812113],[4.901297092437744,52.370699679244886],[4.901415109634399,52.37055229289418],[4.9015384912490845,52.370401630782936],[4.901559948921204,52.37037870389487],[4.9015867710113525,52.37036560281063]],[[4.901522397994995,52.37003479914585],[4.901179075241089,52.37049661347815]]]}},{"type":"Feature","properties":{"mvt_id":73712892,"class":"minor","name_int":"Kloveniersburgwal","name_de":"Kloveniersburgwal","name":"Kloveniersburgwal","name:latin":"Kloveniersburgwal","name_en":"Kloveniersburgwal"},"geometry":{"type":"LineString","coordinates":[[4.89990234375,52.37192460455301],[4.900116920471191,52.37215386487409]]}},{"type":"Feature","properties":{"mvt_id":73714142,"class":"minor","name_int":"Oudezijds Achterburgwal","name_de":"Oudezijds Achterburgwal","name":"Oudezijds Achterburgwal","name:latin":"Oudezijds Achterburgwal","name_en":"Oudezijds Achterburgwal"},"geometry":{"type":"MultiLineString","coordinates":[[[4.900074005126953,52.374531551745825],[4.89990234375,52.3743789382235]],[[4.89990234375,52.374134208230515],[4.899977445602417,52.374204054268404],[4.900116920471191,52.37435797838526],[4.900245666503906,52.37448242727903]]]}},{"type":"Feature","properties":{"mvt_id":73714162,"class":"minor","name_int":"Geldersekade","name_de":"Geldersekade","name":"Geldersekade","name:latin":"Geldersekade","name_en":"Geldersekade"},"geometry":{"type":"MultiLineString","coordinates":[[[4.901708287613417,52.3755991766591],[4.900985956192017,52.37426627897599],[4.900417327880859,52.373047968755884]],[[4.900932312011719,52.37284491378518],[4.901077151298523,52.373097094818235],[4.901248812675476,52.37344097572464],[4.90165114402771,52.37429247882664],[4.9018120765686035,52.37458395111684],[4.902313298711164,52.3755991766591]]]}},{"type":"Feature","properties":{"mvt_id":73714202,"class":"minor","name_int":"Bet van Beerenbrug","name_de":"Bet van Beerenbrug","name":"Bet van Beerenbrug","name:latin":"Bet van Beerenbrug","name_en":"Bet van Beerenbrug"},"geometry":{"type":"LineString","coordinates":[[4.900074005126953,52.374531551745825],[4.900245666503906,52.37448242727903]]}},{"type":"Feature","properties":{"mvt_id":73714492,"class":"minor","name_int":"Stormsteeg","name_de":"Stormsteeg","name":"Stormsteeg","name:latin":"Stormsteeg","name_en":"Stormsteeg","name:nl":"Stormsteeg","name:zh":"\u9806\u98a8\u91cc"},"geometry":{"type":"LineString","coordinates":[[4.900524616241455,52.37441037796222],[4.900583624839783,52.3743972780738],[4.900985956192017,52.37426627897599]]}},{"type":"Feature","properties":{"mvt_id":73714572,"class":"minor","name_int":"Korte Stormsteeg","name_de":"Korte Stormsteeg","name":"Korte Stormsteeg","name:latin":"Korte Stormsteeg","name_en":"Korte Stormsteeg"},"geometry":{"type":"LineString","coordinates":[[4.900245666503906,52.37448242727903],[4.9002885818481445,52.374475877346],[4.900476336479187,52.37441692790497],[4.900524616241455,52.37441037796222]]}},{"type":"Feature","properties":{"mvt_id":73715882,"class":"minor","name_int":"Bloedstraat","name_de":"Bloedstraat","name":"Bloedstraat","name:latin":"Bloedstraat","name_en":"Bloedstraat"},"geometry":{"type":"LineString","coordinates":[[4.899966716766357,52.37274338594974],[4.89990234375,52.372757615671546]]}},{"type":"Feature","properties":{"mvt_id":73716612,"class":"minor","name_int":"Nieuwmarkt","name_de":"Neumarkt","name":"Nieuwmarkt","name:latin":"Nieuwmarkt","name_en":"Nieuwmarkt","route_1_name":"Traject 1 - Amsterdam CS-Zeeburg","route_1_network":"rwn","name:de":"Neumarkt","name:zh":"\u65b0\u5ee3\u5834"},"geometry":{"type":"LineString","coordinates":[[4.900481700897217,52.37208508690272],[4.900116920471191,52.37215386487409],[4.89990234375,52.372209178297176]]}},{"type":"Feature","properties":{"mvt_id":73716972,"class":"minor","name_int":"Monnikenstraat","name_de":"Monnikenstraat","name":"Monnikenstraat","name:latin":"Monnikenstraat","name_en":"Monnikenstraat"},"geometry":{"type":"LineString","coordinates":[[4.89990234375,52.37307343128517],[4.9001652002334595,52.37299884263891]]}},{"type":"Feature","properties":{"mvt_id":73719462,"class":"minor","name_int":"Prinsengracht","name_de":"Prinsengracht","name":"Prinsengracht","name:latin":"Prinsengracht","name_en":"Prinsengracht"},"geometry":{"type":"MultiLineString","coordinates":[[[4.901983737945557,52.362828560043674],[4.89990234375,52.36244183260715]],[[4.900325840169728,52.362183216744256],[4.902123212814331,52.3625173550608]]]}},{"type":"Feature","properties":{"mvt_id":73720132,"class":"minor","name_int":"Keizersgracht","name_de":"Keizersgracht","name":"Keizersgracht","name:latin":"Keizersgracht","name_en":"Keizersgracht"},"geometry":{"type":"MultiLineString","coordinates":[[[4.9010878801345825,52.36454178611979],[4.89990234375,52.36430946399129]],[[4.89990234375,52.363914575225174],[4.901248812675476,52.36417490581971],[4.901307821273804,52.36417490581971]]]}},{"type":"Feature","properties":{"mvt_id":73720242,"class":"minor","name_int":"Kerkstraat","name_de":"Kerkstraat","name":"Kerkstraat","name:latin":"Kerkstraat","name_en":"Kerkstraat"},"geometry":{"type":"LineString","coordinates":[[4.901683330535889,52.36345423921761],[4.89990234375,52.36313033420554]]}},{"type":"Feature","properties":{"mvt_id":232701572,"class":"minor","name_int":"Raamgracht","name_de":"Raamgracht","name":"Raamgracht","name:latin":"Raamgracht","name_en":"Raamgracht"},"geometry":{"type":"MultiLineString","coordinates":[[[4.89990234375,52.369416500802124],[4.900020360946655,52.3693633583475]],[[4.90014910697937,52.369477995303875],[4.900170564651489,52.36950419799499],[4.9001383781433105,52.36953695133703],[4.89990234375,52.369662723944764]]]}},{"type":"Feature","properties":{"mvt_id":232915512,"class":"minor","name_int":"Nieuwevaart","name_de":"Nieuwevaart","name":"Nieuwevaart","name:latin":"Nieuwevaart","name_en":"Nieuwevaart"},"geometry":{"type":"MultiLineString","coordinates":[[[4.918232560157776,52.36909805453603],[4.91713285446167,52.36950747333029]],[[4.9153465032577515,52.37000859676949],[4.915260672569275,52.37008065326709],[4.9149709939956665,52.37017236136677],[4.914842247962952,52.37024769287764],[4.913930296897888,52.370539191861425],[4.913828372955322,52.37056211866619],[4.913544058799744,52.37059814647821],[4.913163185119629,52.37071933072115],[4.913109540939331,52.37071933072115]]]}},{"type":"Feature","properties":{"mvt_id":266621392,"class":"minor","name_int":"Oosterdokskade","name_de":"Oosterdokskade","name":"Oosterdokskade","name:latin":"Oosterdokskade","name_en":"Oosterdokskade"},"geometry":{"type":"LineString","coordinates":[[4.910437320840771,52.3755991766591],[4.910416603088379,52.37557625246892],[4.910309314727783,52.375494380263966],[4.910169839859009,52.37542233259806],[4.910041093826294,52.375369934221766],[4.909874796867371,52.37531426087883],[4.909729957580566,52.37528478672767],[4.909483194351196,52.375265137282646],[4.909231066703796,52.37527823691363],[4.90914523601532,52.375291336540734],[4.9090272188186646,52.37531753578329],[4.908065734622653,52.3755991766591]]}},{"type":"Feature","properties":{"mvt_id":374167022,"class":"minor","name_int":"Snoekjessteeg","name_de":"Snoekjessteeg","name":"Snoekjessteeg","name:latin":"Snoekjessteeg","name_en":"Snoekjessteeg"},"geometry":{"type":"LineString","coordinates":[[4.901259541511536,52.370506439262556],[4.901179075241089,52.37049661347815],[4.901125431060791,52.37051298978427],[4.900733828544617,52.370490062954005],[4.900637269020081,52.37051298978427]]}},{"type":"Feature","properties":{"mvt_id":383162832,"class":"minor","name_int":"Waalseilandbrug","name_de":"Waalseilandbrug","name":"Waalseilandbrug","name:latin":"Waalseilandbrug","name_en":"Waalseilandbrug","route_1_ref":"LAW 8","route_1_name":"Zuiderzeepad - 06","route_1_network":"nwn","route_1_colour":"blue"},"geometry":{"type":"LineString","coordinates":[[4.9031102657318115,52.37354577699236],[4.903855919837952,52.373755378781745],[4.903957843780518,52.37380777907366]]}},{"type":"Feature","properties":{"mvt_id":445369012,"class":"minor","name_int":"Bijltjespad","name_de":"Bijltjespad","name":"Bijltjespad","name:latin":"Bijltjespad","name_en":"Bijltjespad"},"geometry":{"type":"LineString","coordinates":[[4.917170405387878,52.37129577013539],[4.916596412658691,52.37164621542045]]}},{"type":"Feature","properties":{"mvt_id":885703372,"class":"minor","name_int":"Binnen Bantammerstraat","name_de":"Binnen Bantammerstraat","name":"Binnen Bantammerstraat","name:latin":"Binnen Bantammerstraat","name_en":"Binnen Bantammerstraat"},"geometry":{"type":"LineString","coordinates":[[4.901549220085144,52.374073054597446],[4.902949333190918,52.373499926468334]]}},{"type":"Feature","properties":{"mvt_id":947683632,"class":"minor","name_int":"Koningsstraat","name_de":"Koningsstraat","name":"Koningsstraat","name:latin":"Koningsstraat","name_en":"Koningsstraat","route_1_ref":"LAW 8","route_1_name":"Zuiderzeepad - 06","route_1_network":"nwn","route_1_colour":"blue"},"geometry":{"type":"LineString","coordinates":[[4.90139365196228,52.37263858277804],[4.901082515716553,52.37280233762454],[4.900932312011719,52.37284491378518]]}},{"type":"Feature","properties":{"mvt_id":1139518542,"class":"minor","name_int":"Rapenburgerstraat","name_de":"Rapenburgerstraat","name":"Rapenburgerstraat","name:latin":"Rapenburgerstraat","name_en":"Rapenburgerstraat"},"geometry":{"type":"LineString","coordinates":[[4.90538477897644,52.368118709385485],[4.9058836698532104,52.36830868438967],[4.909021854400635,52.369576255315415],[4.909113049507141,52.36962210991267]]}},{"type":"Feature","properties":{"mvt_id":1139649162,"class":"minor","name_int":"Valkenburgerstraat","name_de":"Valkenburgerstraat","name":"Valkenburgerstraat","name:latin":"Valkenburgerstraat","name_en":"Valkenburgerstraat","route_1_name":"Traject 1 - Amsterdam CS-Zeeburg","route_1_network":"rwn"},"geometry":{"type":"LineString","coordinates":[[4.908045530319214,52.37009375443584],[4.905792474746704,52.36923561967422],[4.905164837837219,52.36902272106454]]}},{"type":"Feature","properties":{"mvt_id":1139649292,"class":"minor","name_int":"Valkenburgerstraat","name_de":"Valkenburgerstraat","name":"Valkenburgerstraat","name:latin":"Valkenburgerstraat","name_en":"Valkenburgerstraat"},"geometry":{"type":"MultiLineString","coordinates":[[[4.908217191696167,52.37011013089133],[4.908045530319214,52.37009375443584]],[[4.905164837837219,52.36902272106454],[4.905121922492981,52.368924459821685]]]}},{"type":"Feature","properties":{"mvt_id":1139649302,"class":"minor","name_int":"Prins Hendrikkade","name_de":"Prins Hendrikkade","name":"Prins Hendrikkade","name:latin":"Prins Hendrikkade","name_en":"Prins Hendrikkade"},"geometry":{"type":"LineString","coordinates":[[4.91214394569397,52.37110580797767],[4.91239607334137,52.37110580797767],[4.9125248193740845,52.37112218405793]]}},{"type":"Feature","properties":{"mvt_id":1139690532,"class":"minor","name_int":"Geurt Brinkgrevebrug","name_de":"Geurt Brinkgrevebrug","name":"Geurt Brinkgrevebrug","name:latin":"Geurt Brinkgrevebrug","name_en":"Geurt Brinkgrevebrug"},"geometry":{"type":"LineString","coordinates":[[4.902879595756531,52.37242242545102],[4.903029799461365,52.37253050424677]]}},{"type":"Feature","properties":{"mvt_id":1215228632,"class":"minor","name_int":"Laagte Kadijk","name_de":"Laagte Kadijk","name":"Laagte Kadijk","name:latin":"Laagte Kadijk","name_en":"Laagte Kadijk"},"geometry":{"type":"LineString","coordinates":[[4.912535548210144,52.36978915125725],[4.9141234159469604,52.36922579360713],[4.914305806159973,52.36918976467576],[4.915598630905151,52.36875086442512],[4.915791749954224,52.36877051676841],[4.917771220207214,52.36806957778592],[4.9178677797317505,52.36795166172399],[4.91812527179718,52.36785667355633],[4.918162822723389,52.36783374534733],[4.918195009231567,52.36777151157718],[4.917964339256287,52.3674963717533]]}},{"type":"Feature","properties":{"mvt_id":1236434872,"class":"minor","name_int":"New Market","name_de":"Neumarkt","name":"Nieuwmarkt","name:latin":"Nieuwmarkt","name_en":"New Market","route_1_name":"Traject 1 - Amsterdam CS-Zeeburg","route_1_network":"rwn","name:nl":"Nieuwmarkt","name:de":"Neumarkt","name:en":"New Market","name:zh":"\u65b0\u5ee3\u5834"},"geometry":{"type":"LineString","coordinates":[[4.9001652002334595,52.37299884263891],[4.900111556053162,52.37295299154709],[4.89990234375,52.37265735021822]]}},{"type":"Feature","properties":{"mvt_id":1236434892,"class":"minor","name_int":"New Market","name_de":"Neumarkt","name":"Nieuwmarkt","name:latin":"Nieuwmarkt","name_en":"New Market","name:nl":"Nieuwmarkt","name:de":"Neumarkt","name:en":"New Market","name:zh":"\u65b0\u5ee3\u5834"},"geometry":{"type":"LineString","coordinates":[[4.900481700897217,52.37208508690272],[4.9006640911102295,52.372406049852835],[4.900932312011719,52.37284491378518]]}},{"type":"Feature","properties":{"mvt_id":1393436982,"class":"primary","name_int":"Nieuwe Foeliestraat","name_de":"Nieuwe Foeliestraat","name":"Nieuwe Foeliestraat","name:latin":"Nieuwe Foeliestraat","name_en":"Nieuwe Foeliestraat"},"geometry":{"type":"LineString","coordinates":[[4.909225702285767,52.37036560281063],[4.909864068031311,52.370601421732395]]}},{"type":"Feature","properties":{"mvt_id":1801179142,"class":"minor","name_int":"Nieuwmarkt","name_de":"Nieuwmarkt","name":"Nieuwmarkt","name:latin":"Nieuwmarkt","name_en":"Nieuwmarkt","route_1_ref":"LAW 8","route_1_name":"Zuiderzeepad - 06","route_1_network":"nwn","route_1_colour":"blue","name:zh":"\u65b0\u5ee3\u5834"},"geometry":{"type":"LineString","coordinates":[[4.900417327880859,52.373047968755884],[4.900256395339966,52.37301849309225]]}},{"type":"Feature","properties":{"mvt_id":1801179152,"class":"minor","name_int":"Nieuwmarkt","name_de":"Nieuwmarkt","name":"Nieuwmarkt","name:latin":"Nieuwmarkt","name_en":"Nieuwmarkt","route_1_name":"Traject 1 - Amsterdam CS-Zeeburg","route_1_network":"rwn","name:zh":"\u65b0\u5ee3\u5834"},"geometry":{"type":"LineString","coordinates":[[4.900256395339966,52.37301849309225],[4.9001652002334595,52.37299884263891]]}},{"type":"Feature","properties":{"mvt_id":1916064992,"class":"minor","name_int":"Plantage Westermanlaan","name_de":"Plantage Westermanlaan","name":"Plantage Westermanlaan","name:latin":"Plantage Westermanlaan","name_en":"Plantage Westermanlaan"},"geometry":{"type":"LineString","coordinates":[[4.913168549537659,52.36593721371503],[4.912353157997131,52.36504296589177]]}},{"type":"Feature","properties":{"mvt_id":3183371372,"class":"minor","name_int":"Koningsstraat","name_de":"Koningsstraat","name":"Koningsstraat","name:latin":"Koningsstraat","name_en":"Koningsstraat"},"geometry":{"type":"LineString","coordinates":[[4.902418255805969,52.37206543603409],[4.901790618896484,52.37240932497296],[4.90139365196228,52.37263858277804]]}},{"type":"Feature","properties":{"mvt_id":3183371392,"class":"minor","name_int":"Recht Boomssloot","name_de":"Recht Boomssloot","name":"Recht Boomssloot","name:latin":"Recht Boomssloot","name_en":"Recht Boomssloot","route_1_ref":"LAW 8","route_1_name":"Zuiderzeepad - 06","route_1_network":"nwn","route_1_colour":"blue"},"geometry":{"type":"LineString","coordinates":[[4.9021875858306885,52.37299884263891],[4.902026653289795,52.37308399454028]]}},{"type":"Feature","properties":{"mvt_id":3747404942,"class":"minor","name_int":"Henri Polaklaan","name_de":"Henri Polaklaan","name":"Henri Polaklaan","name:latin":"Henri Polaklaan","name_en":"Henri Polaklaan","route_1_ref":"LAW15","route_1_name":"Westerborkpad - 00","route_1_network":"nwn"},"geometry":{"type":"LineString","coordinates":[[4.910169839859009,52.36808595499185],[4.91087794303894,52.36783374534733],[4.912412166595459,52.367312944251985]]}},{"type":"Feature","properties":{"mvt_id":4521255072,"class":"minor","name_int":"Muiderstraat","name_de":"Muiderstraat","name":"Muiderstraat","name:latin":"Muiderstraat","name_en":"Muiderstraat"},"geometry":{"type":"LineString","coordinates":[[4.90689218044281,52.36753567754734],[4.906758069992065,52.367591360695705],[4.905443787574768,52.36805320057391],[4.90540087223053,52.36808267955115],[4.90538477897644,52.368118709385485]]}},{"type":"Feature","properties":{"mvt_id":4907833032,"class":"minor","name_int":"Hoogte Kadijk","name_de":"Hoogte Kadijk","name":"Hoogte Kadijk","name:latin":"Hoogte Kadijk","name_en":"Hoogte Kadijk","route_1_name":"Traject 1 - Amsterdam CS-Zeeburg","route_1_network":"rwn"},"geometry":{"type":"LineString","coordinates":[[4.921875,52.36704555209346],[4.9210381507873535,52.36734242372321],[4.919536113739014,52.367863224471]]}},{"type":"Feature","properties":{"mvt_id":5084804212,"class":"minor","name_int":"Geschutswerf","name_de":"Geschutswerf","name":"Geschutswerf","name:latin":"Geschutswerf","name_en":"Geschutswerf"},"geometry":{"type":"LineString","coordinates":[[4.920319318771362,52.366615257690995],[4.9210381507873535,52.36734242372321]]}},{"type":"Feature","properties":{"mvt_id":5597870972,"class":"minor","name_int":"Kleine Wittenburgerstraat","name_de":"Kleine Wittenburgerstraat","name":"Kleine Wittenburgerstraat","name:latin":"Kleine Wittenburgerstraat","name_en":"Kleine Wittenburgerstraat"},"geometry":{"type":"LineString","coordinates":[[4.919224977493286,52.369631935891604],[4.919305443763733,52.36971381896436],[4.91937518119812,52.36976622405127],[4.920437335968018,52.37045075978872],[4.9216228723526,52.371177862685386],[4.921875,52.37134147322422]]}},{"type":"Feature","properties":{"mvt_id":5606646472,"class":"minor","name_int":"Stormsteeg","name_de":"Stormsteeg","name":"Stormsteeg","name:latin":"Stormsteeg","name_en":"Stormsteeg"},"geometry":{"type":"LineString","coordinates":[[4.901179075241089,52.374204054268404],[4.900985956192017,52.37426627897599]]}},{"type":"Feature","properties":{"mvt_id":6102347872,"class":"minor","name_int":"Henri Polaklaan","name_de":"Henri Polaklaan","name":"Henri Polaklaan","name:latin":"Henri Polaklaan","name_en":"Henri Polaklaan"},"geometry":{"type":"MultiLineString","coordinates":[[[4.910100102424622,52.368099056752214],[4.910169839859009,52.36808595499185]],[[4.912412166595459,52.367312944251985],[4.9125999212265015,52.36724743424552]]]}},{"type":"Feature","properties":{"mvt_id":7738560112,"class":"minor","name_int":"Amstelstraat","name_de":"Amstelstraat","name":"Amstelstraat","name:latin":"Amstelstraat","name_en":"Amstelstraat"},"geometry":{"type":"LineString","coordinates":[[4.89990234375,52.36618747595942],[4.900304675102234,52.3662221899872]]}},{"type":"Feature","properties":{"mvt_id":10200112212,"class":"secondary","name_int":"Kalkmarkt","name_de":"Kalkmarkt","name":"Kalkmarkt","name:latin":"Kalkmarkt","name_en":"Kalkmarkt"},"geometry":{"type":"LineString","coordinates":[[4.9076056480407715,52.37290714040767],[4.907535910606384,52.37292351582006],[4.907466173171997,52.37291696565584]]}},{"type":"Feature","properties":{"mvt_id":11157932032,"class":"minor","name_int":"Scharrebiersluis","name_de":"Scharrebiersluis","name":"Scharrebiersluis","name:latin":"Scharrebiersluis","name_en":"Scharrebiersluis","route_1_ref":"LAW 8","route_1_name":"Zuiderzeepad - 06","route_1_network":"nwn","route_1_colour":"blue","route_2_network":"rwn","route_2_name":"Traject 1 - Amsterdam CS-Zeeburg"},"geometry":{"type":"LineString","coordinates":[[4.911720156669617,52.37029354677787],[4.911510944366455,52.3704081813202]]}},{"type":"Feature","properties":{"mvt_id":12917721882,"class":"minor","name_int":"Bantammerbrug","name_de":"Bantammerbrug","name":"Bantammerbrug","name:latin":"Bantammerbrug","name_en":"Bantammerbrug"},"geometry":{"type":"LineString","coordinates":[[4.901179075241089,52.374204054268404],[4.901549220085144,52.374073054597446]]}},{"type":"Feature","properties":{"mvt_id":70462122,"class":"tertiary","name_int":"Kattenburgerplein","name_de":"Kattenburgerplein","name":"Kattenburgerplein","name:latin":"Kattenburgerplein","name_en":"Kattenburgerplein"},"geometry":{"type":"LineString","coordinates":[[4.916236996650696,52.3706571010163],[4.915448427200317,52.37090274407806],[4.915335774421692,52.37095187252647],[4.915255308151245,52.37100755136863],[4.915089011192322,52.371151660987096],[4.914987087249756,52.371181137896585]]}},{"type":"Feature","properties":{"mvt_id":70465332,"class":"tertiary","name_int":"Sarphatistraat","name_de":"Sarphatistraat","name":"Sarphatistraat","name:latin":"Sarphatistraat","name_en":"Sarphatistraat"},"geometry":{"type":"MultiLineString","coordinates":[[[4.918951392173767,52.363680267735354],[4.918763637542725,52.363552512628274],[4.918522238731384,52.36343458450924],[4.918473958969116,52.36341492979214],[4.918345212936401,52.363378896121404],[4.912586352404446,52.362183216744256]],[[4.913149261212595,52.362183216744256],[4.918307662010193,52.36325441594182],[4.918511509895325,52.36330355289671],[4.91861879825592,52.363336310836274],[4.918913841247559,52.363460790785126],[4.918994307518005,52.36353285796363],[4.91912305355072,52.36369664656851],[4.919208884239197,52.36377198912286],[4.9193161725997925,52.36383095277144],[4.919729232788086,52.364017670472755],[4.920185208320618,52.36420111165646],[4.920555353164673,52.36436817350038],[4.920941591262817,52.36459092164292],[4.921875,52.36516466431625]]]}},{"type":"Feature","properties":{"mvt_id":73703512,"class":"tertiary","name_int":"Roetersstraat","name_de":"Roetersstraat","name":"Roetersstraat","name:latin":"Roetersstraat","name_en":"Roetersstraat"},"geometry":{"type":"MultiLineString","coordinates":[[[4.910604357719421,52.36515106274426],[4.9105775356292725,52.36506917121363],[4.910593628883362,52.3649709011765],[4.91089940071106,52.36434524348077],[4.910920858383179,52.36426662618035],[4.910931587219238,52.36413887276879],[4.91064190864563,52.363215106338565],[4.91064190864563,52.363156141868096],[4.910658001899719,52.3631004531293],[4.910792112350464,52.36283511170396]],[[4.910792112350464,52.36283511170396],[4.910829663276672,52.36271718167009],[4.911101882187836,52.362183216744256]],[[4.91128607449798,52.362183216744256],[4.911054968833923,52.36258614792994],[4.910792112350464,52.36283511170396]]]}},{"type":"Feature","properties":{"mvt_id":73706162,"class":"tertiary","name_int":"Anne Frankstraat","name_de":"Anne Frankstraat","name":"Anne Frankstraat","name:latin":"Anne Frankstraat","name_en":"Anne Frankstraat"},"geometry":{"type":"MultiLineString","coordinates":[[[4.908764362335205,52.369972568476605],[4.908683896064758,52.36999877087435],[4.908549785614014,52.370126507340736],[4.9084532260894775,52.37016581079453],[4.908463954925537,52.37010030501876],[4.908506870269775,52.370054450917934],[4.90864098072052,52.36994964136584],[4.909021854400635,52.369576255315415],[4.909493923187256,52.36931422813226],[4.909654855728149,52.36929457603085]],[[4.909971356391907,52.36909805453603],[4.910041093826294,52.3690390979171],[4.910373687744141,52.36883929990107],[4.9104273319244385,52.368793444491196],[4.910448789596558,52.368747589033724],[4.910454154014587,52.368698458133615]],[[4.910593628883362,52.368763965988286],[4.910566806793213,52.368809821428755],[4.910421967506409,52.36890153216689],[4.909971356391907,52.36909805453603],[4.9097782373428345,52.369212692180945],[4.909654855728149,52.36929457603085],[4.909113049507141,52.36962210991267],[4.908995032310486,52.3697301955607],[4.908764362335205,52.369972568476605],[4.908764362335205,52.370021697959615],[4.908732175827026,52.37008065326709],[4.908726811408997,52.37011995676169],[4.908737540245056,52.370155984934364],[4.908764362335205,52.370195288361934]]]}},{"type":"Feature","properties":{"mvt_id":73708072,"class":"tertiary","name_int":"Plantage Kerklaan","name_de":"Plantage Kerklaan","name":"Plantage Kerklaan","name:latin":"Plantage Kerklaan","name_en":"Plantage Kerklaan"},"geometry":{"type":"MultiLineString","coordinates":[[[4.910604357719421,52.36515106274426],[4.910711646080017,52.365288640174015],[4.9117255210876465,52.366379417488396],[4.911838173866272,52.36645803102916]],[[4.911757707595825,52.366484235511656],[4.9117255210876465,52.366379417488396]]]}},{"type":"Feature","properties":{"mvt_id":73714962,"class":"tertiary","name_int":"Blauwbrug","name_de":"Blauwbrug","name":"Blauwbrug","name:latin":"Blauwbrug","name_en":"Blauwbrug","name:nl":"Blauwbrug","name:de":"Blauwbrug","name:it":"Blauwbrug","name:fr":"Blauwbrug","name:en":"Blauwbrug","name:zh":"\u85cd\u6a4b","name:hy":"\u053f\u0561\u057a\u0578\u0582\u0575\u057f \u056f\u0561\u0574\u0578\u0582\u0580\u057b","name:id":"Blauwbrug","name:da":"Blauwbrug","name:mk":"\u0421\u0438\u043d\u0438\u043e\u0442 \u043c\u043e\u0441\u0442","name:tr":"Blauwbrug","name:ru":"\u0421\u0438\u043d\u0438\u0439 \u043c\u043e\u0441\u0442 (\u0410\u043c\u0441\u0442\u0435\u0440\u0434\u0430\u043c)","name:sv":"Blauwbrug","name:br":"Blauwbrug","name:cs":"Blauwbrug"},"geometry":{"type":"MultiLineString","coordinates":[[[4.901474118232727,52.36660543104102],[4.90140438079834,52.36655957331226],[4.901323914527893,52.36652354220627],[4.901195168495178,52.366477684392486],[4.900465607643127,52.36629752823468],[4.9004065990448,52.36629752823468],[4.900326132774353,52.36631063052548]],[[4.900304675102234,52.3662221899872],[4.900444149971008,52.36621563882918],[4.900508522987366,52.36621891440831],[4.900578260421753,52.36623201672242],[4.9014365673065186,52.36644492878208],[4.901549220085144,52.366490786629846],[4.901592135429382,52.36651699109292]]]}},{"type":"Feature","properties":{"mvt_id":232925172,"class":"tertiary","name_int":"Kattenburgergracht","name_de":"Kattenburgergracht","name":"Kattenburgergracht","name:latin":"Kattenburgergracht","name_en":"Kattenburgergracht"},"geometry":{"type":"LineString","coordinates":[[4.917470812797546,52.37023459175454],[4.917224049568176,52.37032302426003],[4.916236996650696,52.3706571010163]]}},{"type":"Feature","properties":{"mvt_id":273112822,"class":"tertiary","name_int":"Waterlooplein","name_de":"Waterlooplein","name":"Waterlooplein","name:latin":"Waterlooplein","name_en":"Waterlooplein"},"geometry":{"type":"MultiLineString","coordinates":[[[4.903743267059326,52.367843571724066],[4.903619885444641,52.367869775384705],[4.903566241264343,52.367905805392695],[4.9034857749938965,52.36799424256045],[4.903421401977539,52.3680106197943],[4.903340935707092,52.36800734434802],[4.903163909912109,52.36797786532051],[4.903045892715454,52.36794838627334],[4.9029600620269775,52.3679189072065],[4.9028849601745605,52.36787960175343],[4.902772307395935,52.36778788889362],[4.90240216255188,52.36744396397349],[4.902257323265076,52.367332597234984],[4.901720881462097,52.36684127003704],[4.9016135931015015,52.36672007515468],[4.901549220085144,52.36666111536195],[4.901474118232727,52.36660543104102]],[[4.901592135429382,52.36651699109292],[4.901677966117859,52.36657922663042],[4.902697205543518,52.36749964723746],[4.903008341789246,52.36777151157718],[4.9030619859695435,52.367807541665314],[4.903201460838318,52.367863224471],[4.9034857749938965,52.367905805392695]]]}},{"type":"Feature","properties":{"mvt_id":341399652,"class":"tertiary","name_int":"Prins Hendrikkade","name_de":"Prins Hendrikkade","name":"Prins Hendrikkade","name:latin":"Prins Hendrikkade","name_en":"Prins Hendrikkade"},"geometry":{"type":"MultiLineString","coordinates":[[[4.903305172920227,52.3755991766591],[4.903308749198914,52.37540923300982],[4.903340935707092,52.37530771106915],[4.903373122215271,52.37525858746569],[4.903442859649658,52.375189814329055],[4.903743267059326,52.374983494276556],[4.904521107673645,52.37455120151724],[4.906049966812134,52.37374227869905],[4.906554222106934,52.373463901023214],[4.906859993934631,52.373283773356796],[4.907192587852478,52.37307416932928],[4.907820224761963,52.37270735988752],[4.907959699630737,52.37263203257156],[4.908115267753601,52.372523954024246],[4.908190369606018,52.37248465266875],[4.908367395401001,52.372419150331865],[4.908485412597656,52.372396224491006]],[[4.908485412597656,52.372396224491006],[4.908877015113831,52.37228814536668],[4.909719228744507,52.37200320822573],[4.909906983375549,52.37191805424064],[4.910261034965515,52.3717968732865],[4.910443425178528,52.37175102094688],[4.91064727306366,52.3716822423482],[4.910835027694702,52.37167241682537]],[[4.908485412597656,52.372396224491006],[4.908710718154907,52.3723765737608],[4.908855557441711,52.372353647897846],[4.908968210220337,52.37232744689704],[4.9107009172439575,52.37173136992961]]]}},{"type":"Feature","properties":{"mvt_id":374174842,"class":"tertiary","name_int":"Wittenburgergracht","name_de":"Wittenburgergracht","name":"Wittenburgergracht","name:latin":"Wittenburgergracht","name_en":"Wittenburgergracht"},"geometry":{"type":"LineString","coordinates":[[4.920507073402405,52.36919959075087],[4.9193161725997925,52.36959918261999],[4.918645620346069,52.369844831565054],[4.917470812797546,52.37023459175454]]}},{"type":"Feature","properties":{"mvt_id":1916064802,"class":"tertiary","name_int":"Alexanderplein","name_de":"Alexanderplein","name":"Alexanderplein","name:latin":"Alexanderplein","name_en":"Alexanderplein"},"geometry":{"type":"MultiLineString","coordinates":[[[4.918828010559082,52.36359182193134],[4.918972849845886,52.36350992751049],[4.919021129608154,52.36349682438907],[4.9196648597717285,52.363378896121404],[4.919916987419128,52.363339586628896]],[[4.920276403427124,52.36291373155168],[4.9202656745910645,52.363018557797666],[4.920206665992737,52.36308407407512],[4.919916987419128,52.363339586628896],[4.919900894165039,52.363375620331695],[4.919831156730652,52.36344113607967],[4.919788241386414,52.363460790785126],[4.9196648597717285,52.36349354860811],[4.919230341911316,52.363572167284175],[4.919101595878601,52.36360492502459],[4.918951392173767,52.363680267735354]]]}},{"type":"Feature","properties":{"mvt_id":1916064942,"class":"tertiary","name_int":"Plantage Middenlaan","name_de":"Plantage Middenlaan","name":"Plantage Middenlaan","name:latin":"Plantage Middenlaan","name_en":"Plantage Middenlaan"},"geometry":{"type":"MultiLineString","coordinates":[[[4.912315607070923,52.36623201672242],[4.9122244119644165,52.366313906097574],[4.912111759185791,52.3663630396498],[4.910507798194885,52.366916607228774],[4.909536838531494,52.367237607736165],[4.909472465515137,52.36726381175624],[4.909445643424988,52.36729329126025],[4.909434914588928,52.36732932173843]],[[4.914906620979309,52.36533449922205],[4.91513729095459,52.36520019758978],[4.915577173233032,52.36504296589177],[4.915727376937866,52.36505279288928]],[[4.91863489151001,52.36389974359531],[4.918656349182129,52.363804746715125],[4.918688535690308,52.36372940421663],[4.918828010559082,52.36359182193134]],[[4.918951392173767,52.363680267735354],[4.918833374977112,52.363788367922034],[4.918769001960754,52.36383750428309],[4.918677806854248,52.3638735375798],[4.91863489151001,52.36389974359531],[4.918559789657593,52.363978361548575],[4.9184417724609375,52.364076633793445],[4.918334484100342,52.364142148501905],[4.9182432889938354,52.36418473301032],[4.917106032371521,52.36458109454267],[4.915727376937866,52.36505279288928],[4.915668368339539,52.36512813313099],[4.915207028388977,52.36528208887755],[4.914906620979309,52.36533449922205],[4.912315607070923,52.36623201672242],[4.912160038948059,52.366241843455455],[4.911071062088013,52.36659560438887],[4.910749197006226,52.36672007515468],[4.910566806793213,52.36680196362515],[4.909370541572571,52.367221230215726],[4.909295439720154,52.36727363825976],[4.909273982048035,52.367332597234984],[4.909268617630005,52.36739155613153]]]}},{"type":"Feature","properties":{"mvt_id":3129017682,"class":"tertiary","name_int":"Amstel","name_de":"Amstel","name":"Amstel","name:latin":"Amstel","name_en":"Amstel"},"geometry":{"type":"LineString","coordinates":[[4.900304675102234,52.3662221899872],[4.900299310684204,52.36623856787802],[4.900326132774353,52.36631063052548],[4.900267124176025,52.36634011066556],[4.900170564651489,52.366418724276265],[4.900068640708923,52.36652681776256],[4.900020360946655,52.36655957331226],[4.899972081184387,52.36658250218259],[4.89990234375,52.366606360275156]]}},{"type":"Feature","properties":{"mvt_id":3238472382,"class":"tertiary","name_int":"Oostenburgergracht","name_de":"Oostenburgergracht","name":"Oostenburgergracht","name:latin":"Oostenburgergracht","name_en":"Oostenburgergracht"},"geometry":{"type":"LineString","coordinates":[[4.921875,52.36872357578217],[4.920700192451477,52.36913080817923]]}},{"type":"Feature","properties":{"mvt_id":3283317262,"class":"tertiary","name_int":"Meester Visserplein","name_de":"Meester Visserplein","name":"Meester Visserplein","name:latin":"Meester Visserplein","name_en":"Meester Visserplein"},"geometry":{"type":"LineString","coordinates":[[4.9034857749938965,52.367905805392695],[4.903544783592224,52.3679287335643],[4.903673529624939,52.368004068901485]]}},{"type":"Feature","properties":{"mvt_id":3747404972,"class":"tertiary","name_int":"Plantage Parklaan","name_de":"Plantage Parklaan","name":"Plantage Parklaan","name:latin":"Plantage Parklaan","name_en":"Plantage Parklaan"},"geometry":{"type":"MultiLineString","coordinates":[[[4.909434914588928,52.36732932173843],[4.909445643424988,52.36739483162347],[4.909461736679077,52.36742758652956],[4.910100102424622,52.368099056752214],[4.910572171211243,52.368580543750376],[4.910620450973511,52.36868863194702],[4.910593628883362,52.368763965988286]],[[4.910454154014587,52.368698458133615],[4.9103844165802,52.36857726834636],[4.910303950309753,52.368485556935],[4.909788966178894,52.36797786532051],[4.909418821334839,52.367568432348996],[4.909322261810303,52.36747671884315],[4.909268617630005,52.36739155613153]]]}},{"type":"Feature","properties":{"mvt_id":70459912,"class":"secondary","name_int":"Kattenburgerplein","name_de":"Kattenburgerplein","name":"Kattenburgerplein","name:latin":"Kattenburgerplein","name_en":"Kattenburgerplein","route_1_ref":"S116","ref":"S116","route_1_name":"S116","ref_length":4,"route_1_network":"NL:S:Amsterdam","network":"road"},"geometry":{"type":"MultiLineString","coordinates":[[[4.9148476123809814,52.37104357881732],[4.914928078651428,52.371073055798945],[4.915089011192322,52.371151660987096],[4.915325045585632,52.371223715620005],[4.91588294506073,52.37142022765781]],[[4.915663003921509,52.37143332842925],[4.915174841880798,52.371285944526576],[4.915067553520203,52.37124009165655],[4.914954900741577,52.371158211413125],[4.914788603782654,52.37108615667335]]]}},{"type":"Feature","properties":{"mvt_id":70462132,"class":"secondary","name_int":"Kattenburgerstraat","name_de":"Kattenburgerstraat","name":"Kattenburgerstraat","name:latin":"Kattenburgerstraat","name_en":"Kattenburgerstraat","route_1_ref":"S116","ref":"S116","route_1_name":"S116","ref_length":4,"route_1_network":"NL:S:Amsterdam","network":"road"},"geometry":{"type":"MultiLineString","coordinates":[[[4.91588294506073,52.37142022765781],[4.916596412658691,52.37164621542045],[4.917165040969849,52.37185582622464],[4.917497634887695,52.372026134270584],[4.918205738067627,52.372435525925205],[4.9189674854278564,52.37291696565584],[4.920845031738281,52.37414510446456],[4.92087721824646,52.374174579376316],[4.920936226844788,52.37428592886543],[4.92112934589386,52.374813197634076],[4.921435117721558,52.37558280223876],[4.921441167817051,52.3755991766591]],[[4.9213728483985335,52.3755991766591],[4.921284914016724,52.37535028481462],[4.9208664894104,52.374315403683205],[4.920818209648132,52.37424335409392],[4.920753836631775,52.374177854365286],[4.920678734779358,52.37411562953313],[4.918076992034912,52.37245190151245],[4.917540550231934,52.372117838331015],[4.917347431182861,52.372009758525465],[4.9172186851501465,52.3719409803297],[4.917079210281372,52.37188202750522],[4.916532039642334,52.37168879269555],[4.915663003921509,52.37143332842925]]]}},{"type":"Feature","properties":{"mvt_id":73709172,"class":"secondary","name_int":"Prins Hendrikkade","name_de":"Prins Hendrikkade","name":"Prins Hendrikkade","name:latin":"Prins Hendrikkade","name_en":"Prins Hendrikkade","route_1_ref":"S116","ref":"S116","route_1_name":"S116","ref_length":4,"route_1_network":"NL:S:Amsterdam","network":"road"},"geometry":{"type":"MultiLineString","coordinates":[[[4.9107009172439575,52.37173136992961],[4.910835027694702,52.37167241682537],[4.911044239997864,52.37160363810429],[4.911178350448608,52.37152175853479],[4.911596775054932,52.37138420051633],[4.91188645362854,52.371276118915574],[4.912090301513672,52.371207339577396],[4.912208318710327,52.37117131226228],[4.9125248193740845,52.37112218405793],[4.913662075996399,52.370755358404935],[4.913753271102905,52.370738982188676],[4.9138712882995605,52.37073243170047],[4.913989305496216,52.37073570694469],[4.914107322692871,52.370758633647455],[4.914316534996033,52.37081758797135],[4.9148476123809814,52.37104357881732]],[[4.914788603782654,52.37108615667335],[4.914177060127258,52.37084051463161],[4.914107322692871,52.37081758797135],[4.913935661315918,52.370794661299186],[4.913774728775024,52.3707979365388],[4.913662075996399,52.37082413844693],[4.913157820701599,52.371001000920245],[4.912986159324646,52.37104357881732],[4.912455081939697,52.371207339577396],[4.912170767784119,52.371305595742015],[4.91189181804657,52.371413677270645],[4.911784529685974,52.3714366036215],[4.911677241325378,52.37146935553065],[4.91139829158783,52.37158726220253]]]}},{"type":"Feature","properties":{"mvt_id":73709272,"class":"secondary","name_int":"Foeliestraat","name_de":"Foeliestraat","name":"Foeliestraat","name:latin":"Foeliestraat","name_en":"Foeliestraat","route_1_ref":"S116","ref":"S116","route_1_name":"S116","ref_length":4,"route_1_network":"NL:S:Amsterdam","network":"road"},"geometry":{"type":"LineString","coordinates":[[4.910786747932434,52.37181324911054],[4.9107009172439575,52.37173136992961]]}},{"type":"Feature","properties":{"mvt_id":73709662,"class":"secondary","name_int":"Prins Hendrikkade","name_de":"Prins Hendrikkade","name":"Prins Hendrikkade","name:latin":"Prins Hendrikkade","name_en":"Prins Hendrikkade"},"geometry":{"type":"LineString","coordinates":[[4.91139829158783,52.37158726220253],[4.9111515283584595,52.371685517522],[4.910786747932434,52.37181324911054],[4.910706281661987,52.37184927590206],[4.91037905216217,52.3719409803297],[4.910105466842651,52.37204906030354],[4.909182786941528,52.37236347326914],[4.909021854400635,52.37239949961186],[4.908581972122192,52.37247482732441],[4.9082547426223755,52.37255998023607],[4.908120632171631,52.372615657051085],[4.9076056480407715,52.37290714040767],[4.907471537590027,52.37299556756249],[4.906699061393738,52.37345735093912],[4.904086589813232,52.374914720711516],[4.903668165206909,52.375166889926376],[4.903603792190552,52.37521273871984],[4.903550148010254,52.375265137282646],[4.9034857749938965,52.3753764840222],[4.903453588485718,52.37548128069709],[4.903446523154628,52.3755991766591]]}},{"type":"Feature","properties":{"mvt_id":1393436762,"class":"secondary","name_int":"Foeliestraat","name_de":"Foeliestraat","name":"Foeliestraat","name:latin":"Foeliestraat","name_en":"Foeliestraat"},"geometry":{"type":"LineString","coordinates":[[4.9107009172439575,52.37173136992961],[4.910572171211243,52.371610188463286],[4.910486340522766,52.37150865778958],[4.9104273319244385,52.37145625476991],[4.90988552570343,52.37107960623663],[4.908946752548218,52.37050316400133]]}},{"type":"Feature","properties":{"mvt_id":1393437012,"class":"secondary","name_int":"Nieuwe Foeliestraat","name_de":"Nieuwe Foeliestraat","name":"Nieuwe Foeliestraat","name:latin":"Nieuwe Foeliestraat","name_en":"Nieuwe Foeliestraat"},"geometry":{"type":"LineString","coordinates":[[4.909864068031311,52.370601421732395],[4.9103844165802,52.37093222115366],[4.9110013246536255,52.371371099730325],[4.911178350448608,52.37152175853479]]}},{"type":"Feature","properties":{"mvt_id":3211774332,"class":"secondary","name_int":"Valkenburgerstraat","name_de":"Valkenburgerstraat","name":"Valkenburgerstraat","name:latin":"Valkenburgerstraat","name_en":"Valkenburgerstraat"},"geometry":{"type":"LineString","coordinates":[[4.908946752548218,52.37050316400133],[4.908699989318848,52.37036560281063],[4.908345937728882,52.370195288361934],[4.908217191696167,52.37011013089133]]}},{"type":"Feature","properties":{"mvt_id":70465852,"class":"primary","name_int":"Mauritskade","name_de":"Mauritskade","name":"Mauritskade","name:latin":"Mauritskade","name_en":"Mauritskade","route_1_ref":"S100","ref":"S100","route_1_name":"S100","ref_length":4,"route_1_network":"NL:S:Amsterdam","network":"road"},"geometry":{"type":"MultiLineString","coordinates":[[[4.921875,52.363225752692905],[4.921740889549255,52.36318889991696],[4.921547770500183,52.363156141868096],[4.920410513877869,52.36306114338907],[4.920308589935303,52.36303166106092],[4.920153021812439,52.36297269634564],[4.919986724853516,52.3628809732988],[4.919702410697937,52.36267787158884],[4.9193912744522095,52.36243545864837],[4.91913914680481,52.362252010133645],[4.9189897094454125,52.362183216744256]],[[4.9191168393239195,52.362183216744256],[4.919605851173401,52.362507527499325],[4.919766783714294,52.3626451131611],[4.920056462287903,52.36282528421316],[4.920276403427124,52.36291373155168],[4.920775294303894,52.36296942052582],[4.921815991401672,52.36304476432031],[4.921875,52.363046704610305]]]}},{"type":"Feature","properties":{"mvt_id":73705372,"class":"primary","name_int":"Weesperstraat","name_de":"Weesperstraat","name":"Weesperstraat","name:latin":"Weesperstraat","name_en":"Weesperstraat"},"geometry":{"type":"MultiLineString","coordinates":[[[4.9047088623046875,52.36648751107088],[4.904778599739075,52.36640234645223],[4.90540623664856,52.365357428728224],[4.905497431755066,52.365255883681975],[4.905577898025513,52.36511830615022],[4.905604720115662,52.365016760554354],[4.906001687049866,52.364400930650596],[4.906479120254517,52.363578718834205],[4.906629323959351,52.363339586628896],[4.90713357925415,52.36249114822533],[4.9072569608688354,52.36226511362424]],[[4.907417893409729,52.36229787233373],[4.906790256500244,52.363372344541744],[4.906725883483887,52.36343458450924],[4.906629323959351,52.36360492502459],[4.9062806367874146,52.364145424234785],[4.905599355697632,52.36527553758011],[4.905545711517334,52.36537708258118],[4.9049824476242065,52.36624511903264],[4.904832243919373,52.36651043997861]]]}},{"type":"Feature","properties":{"mvt_id":73705502,"class":"primary","name_int":"Weesperplein","name_de":"Weesperplein","name":"Weesperplein","name:latin":"Weesperplein","name_en":"Weesperplein"},"geometry":{"type":"MultiLineString","coordinates":[[[4.9072569608688354,52.36226511362424],[4.907304293969105,52.362183216744256]],[[4.9074835499371545,52.362183216744256],[4.907417893409729,52.36229787233373]]]}},{"type":"Feature","properties":{"mvt_id":73709892,"class":"primary","name_int":"Jonas Dani\u00ebl Meijerplein","name_de":"Jonas Dani\u00ebl Meijerplein","name":"Jonas Dani\u00ebl Meijerplein","name:latin":"Jonas Dani\u00ebl Meijerplein","name_en":"Jonas Dani\u00ebl Meijerplein"},"geometry":{"type":"MultiLineString","coordinates":[[[4.903990030288696,52.36757170782783],[4.904097318649292,52.367486545299315],[4.904193878173828,52.36737845416132],[4.9047088623046875,52.36648751107088]],[[4.904832243919373,52.36651043997861],[4.904311895370483,52.367447239461555],[4.904220700263977,52.36755205495121],[4.904124140739441,52.36762411545607]]]}},{"type":"Feature","properties":{"mvt_id":73710102,"class":"primary","name_int":"Valkenburgerstraat","name_de":"Valkenburgerstraat","name":"Valkenburgerstraat","name:latin":"Valkenburgerstraat","name_en":"Valkenburgerstraat"},"geometry":{"type":"MultiLineString","coordinates":[[[4.907986521720886,52.369972568476605],[4.908125996589661,52.36999549557547],[4.908764362335205,52.370195288361934]],[[4.905502796173096,52.36902927180629],[4.905121922492981,52.368924459821685],[4.904875159263611,52.36883929990107],[4.904102683067322,52.36850848480568],[4.903968572616577,52.36842987491377]],[[4.903941750526428,52.36826610385632],[4.9040597677230835,52.368351264881966],[4.9044352769851685,52.368547789699186],[4.905127286911011,52.36884585067002],[4.905502796173096,52.36902927180629],[4.907986521720886,52.369972568476605],[4.908088445663452,52.37004134973752],[4.908217191696167,52.37011013089133],[4.9084532260894775,52.37016581079453]]]}},{"type":"Feature","properties":{"mvt_id":73710242,"class":"primary","name_int":"IJ-tunnel","name_de":"IJ-tunnel","name":"IJ-tunnel","name:latin":"IJ-tunnel","name_en":"IJ-tunnel"},"geometry":{"type":"MultiLineString","coordinates":[[[4.909569025039673,52.370709504984106],[4.909424185752869,52.370627623757095],[4.90864098072052,52.37023786703568],[4.9084532260894775,52.37016581079453]],[[4.908764362335205,52.370195288361934],[4.909225702285767,52.37036560281063],[4.909708499908447,52.37059814647821],[4.909944534301758,52.37076190888974]]]}},{"type":"Feature","properties":{"mvt_id":1397090352,"class":"primary","name_int":"Meester Visserplein","name_de":"Meester Visserplein","name":"Meester Visserplein","name:latin":"Meester Visserplein","name_en":"Meester Visserplein"},"geometry":{"type":"MultiLineString","coordinates":[[[4.903968572616577,52.36842987491377],[4.90388810634613,52.36838401907888],[4.903802275657654,52.368321786083975],[4.903512597084045,52.368056476016804],[4.903469681739807,52.36797786532051],[4.9034857749938965,52.367905805392695],[4.903523325920105,52.36785994901379],[4.903920292854309,52.36762083998113],[4.903990030288696,52.36757170782783]],[[4.904124140739441,52.36762411545607],[4.903743267059326,52.367843571724066],[4.903716444969177,52.367905805392695],[4.9036842584609985,52.36794511082245],[4.903673529624939,52.368004068901485],[4.903689622879028,52.368043374243804],[4.903941750526428,52.36826610385632]]]}},{"type":"Feature","properties":{"mvt_id":232925182,"subclass":"cycleway","class":"path","name_int":"Paerlduiker","name_de":"Paerlduiker","name":"Paerlduiker","name:latin":"Paerlduiker","name_en":"Paerlduiker"},"geometry":{"type":"LineString","coordinates":[[4.917551279067993,52.37032957480894],[4.9172937870025635,52.37041473185649]]}},{"type":"Feature","properties":{"mvt_id":301334292,"subclass":"footway","class":"path","name_int":"Kippebrug","name_de":"Kippebrug","name":"Kippebrug","layer":1,"name:latin":"Kippebrug","name_en":"Kippebrug"},"geometry":{"type":"LineString","coordinates":[[4.919595122337341,52.37163311471215],[4.919402003288269,52.37175757128403]]}},{"type":"Feature","properties":{"mvt_id":341399662,"subclass":"cycleway","class":"path","name_int":"Kraansluis","name_de":"Kraansluis","name":"Kraansluis","name:latin":"Kraansluis","name_en":"Kraansluis"},"geometry":{"type":"LineString","coordinates":[[4.903330206871033,52.37511776616628],[4.903416037559509,52.37505881758204]]}},{"type":"Feature","properties":{"mvt_id":383162402,"subclass":"pedestrian","class":"path","name_int":"Vredenburgerbrug","name_de":"Vredenburgerbrug","name":"Vredenburgerbrug","name:latin":"Vredenburgerbrug","name_en":"Vredenburgerbrug"},"geometry":{"type":"LineString","coordinates":[[4.900755286216736,52.37515706517872],[4.90065336227417,52.375166889926376]]}},{"type":"Feature","properties":{"mvt_id":383162782,"subclass":"path","class":"path","route_1_ref":"LAW 8","ref":"249","route_1_name":"Zuiderzeepad - 06","ref_length":3,"route_1_network":"nwn","network":"road","route_1_colour":"blue"},"geometry":{"type":"LineString","coordinates":[[4.901999831199646,52.373057793972734],[4.901914000511169,52.37299884263891]]}},{"type":"Feature","properties":{"mvt_id":1170641482,"subclass":"pedestrian","class":"path","name_int":"Mr. J.J. van der Veldebrug","name_de":"Mr. J.J. van der Veldebrug","name":"Mr. J.J. van der Veldebrug","name:latin":"Mr. J.J. van der Veldebrug","name_en":"Mr. J.J. van der Veldebrug"},"geometry":{"type":"LineString","coordinates":[[4.909821152687073,52.37522583836637],[4.910722374916077,52.374701849474334],[4.910802841186523,52.37467564986653],[4.911940097808838,52.374462777477014]]}},{"type":"Feature","properties":{"mvt_id":1304668482,"subclass":"footway","class":"path","name_int":"Johan van Hulstbrug","name_de":"Johan van Hulstbrug","name":"Johan van Hulstbrug","layer":1,"name:latin":"Johan van Hulstbrug","name_en":"Johan van Hulstbrug"},"geometry":{"type":"LineString","coordinates":[[4.907444715499878,52.36643510209422],[4.9072301387786865,52.36628442594001]]}},{"type":"Feature","properties":{"mvt_id":1694194252,"subclass":"cycleway","class":"path","name_int":"Witte Katbrug","name_de":"Witte Katbrug","name":"Witte Katbrug","name:latin":"Witte Katbrug","name_en":"Witte Katbrug"},"geometry":{"type":"LineString","coordinates":[[4.921697974205017,52.372651683188096],[4.921499490737915,52.37276958670381]]}},{"type":"Feature","properties":{"mvt_id":5546561372,"subclass":"footway","class":"path","name_int":"Annie M.G. Schmidtbrug","name_de":"Annie M.G. Schmidtbrug","name":"Annie M.G. Schmidtbrug","layer":1,"name:latin":"Annie M.G. Schmidtbrug","name_en":"Annie M.G. Schmidtbrug"},"geometry":{"type":"LineString","coordinates":[[4.908764362335205,52.37531753578329],[4.908775091171265,52.3752225634551]]}},{"type":"Feature","properties":{"mvt_id":5546561382,"subclass":"footway","class":"path","name_int":"Willem Frederik Hermansbrug","name_de":"Willem Frederik Hermansbrug","name":"Willem Frederik Hermansbrug","layer":1,"name:latin":"Willem Frederik Hermansbrug","name_en":"Willem Frederik Hermansbrug"},"geometry":{"type":"LineString","coordinates":[[4.907970428466797,52.37554677849262],[4.907997250556946,52.37545508155168]]}},{"type":"Feature","properties":{"mvt_id":9015146242,"subclass":"cycleway","class":"path","name_int":"Pelikaanbrug","name_de":"Pelikaanbrug","name":"Pelikaanbrug","name:latin":"Pelikaanbrug","name_en":"Pelikaanbrug"},"geometry":{"type":"LineString","coordinates":[[4.91912305355072,52.36951074866534],[4.918677806854248,52.3690390979171]]}},{"type":"Feature","properties":{"mvt_id":383142372,"class":"minor","name_int":"Armbrug","name_de":"Armbrug","name":"Armbrug","name:latin":"Armbrug","name_en":"Armbrug"},"geometry":{"type":"LineString","coordinates":[[4.90015983581543,52.37531753578329],[4.89991307258606,52.375415782804424]]}},{"type":"Feature","properties":{"mvt_id":383162612,"class":"minor","name_int":"Moddermolenbrug","name_de":"Moddermolenbrug","name":"Moddermolenbrug","name:latin":"Moddermolenbrug","name_en":"Moddermolenbrug"},"geometry":{"type":"LineString","coordinates":[[4.900074005126953,52.36941248850809],[4.90014910697937,52.369477995303875]]}},{"type":"Feature","properties":{"mvt_id":383162632,"class":"minor","name_int":"Sint Antoniesluis","name_de":"Sint Antoniesluis","name":"Sint Antoniesluis","name:latin":"Sint Antoniesluis","name_en":"Sint Antoniesluis","route_1_name":"Traject 1 - Amsterdam CS-Zeeburg","route_1_network":"rwn"},"geometry":{"type":"LineString","coordinates":[[4.901136159896851,52.369572979985215],[4.9010127782821655,52.369641761868344]]}},{"type":"Feature","properties":{"mvt_id":383162672,"class":"minor","name_int":"Snoekjesbrug","name_de":"Snoekjesbrug","name":"Snoekjesbrug","name:latin":"Snoekjesbrug","name_en":"Snoekjesbrug"},"geometry":{"type":"LineString","coordinates":[[4.901340007781982,52.3705326413436],[4.901259541511536,52.370506439262556]]}},{"type":"Feature","properties":{"mvt_id":383162732,"class":"minor","name_int":"Schottenburchsbrug","name_de":"Schottenburchsbrug","name":"Schottenburchsbrug","name:latin":"Schottenburchsbrug","name_en":"Schottenburchsbrug"},"geometry":{"type":"LineString","coordinates":[[4.902589917182922,52.371970456712425],[4.902445077896118,52.37204906030354]]}},{"type":"Feature","properties":{"mvt_id":383162772,"class":"minor","name_int":"Keizersbrug","name_de":"Keizersbrug","name":"Keizersbrug","name:latin":"Keizersbrug","name_en":"Keizersbrug"},"geometry":{"type":"LineString","coordinates":[[4.903829097747803,52.37124664206947],[4.904199242591858,52.37092567069412]]}},{"type":"Feature","properties":{"mvt_id":383162812,"class":"minor","name_int":"Montelbaansbrug","name_de":"Montelbaansbrug","name":"Montelbaansbrug","name:latin":"Montelbaansbrug","name_en":"Montelbaansbrug"},"geometry":{"type":"LineString","coordinates":[[4.905690550804138,52.37216369028984],[4.906216263771057,52.372396224491006]]}},{"type":"Feature","properties":{"mvt_id":385720032,"class":"minor","name_int":"Piet Meerburgbrug","name_de":"Piet Meerburgbrug","name":"Piet Meerburgbrug","name:latin":"Piet Meerburgbrug","name_en":"Piet Meerburgbrug"},"geometry":{"type":"LineString","coordinates":[[4.908072352409363,52.36585204803553],[4.90813136100769,52.36588152848163],[4.908174276351929,52.36591428450977]]}},{"type":"Feature","properties":{"mvt_id":70462152,"class":"tertiary","name_int":"Oesjesduiker","name_de":"Oesjesduiker","name":"Oesjesduiker","name:latin":"Oesjesduiker","name_en":"Oesjesduiker"},"geometry":{"type":"LineString","coordinates":[[4.920700192451477,52.36913080817923],[4.920507073402405,52.36919959075087]]}}],"crs":{"type":"name","properties":{"name":"urn:ogc:def:crs:OGC:1.3:CRS84"}}}