{"type":"FeatureCollection","name":"transportation","features":[{"type":"Feature","properties":{"mvt_id":80336883,"subclass":"pedestrian","class":"path"},"geometry":{"type":"Polygon","coordinates":[[[4.913855195045471,52.36632045724103],[4.913619160652161,52.36604530837949],[4.913238286972046,52.36617960744267],[4.9132490158081055,52.36619926092986],[4.913243651390076,52.36621891440831],[4.913227558135986,52.36623856787802],[4.913200736045837,52.3662516701863],[4.9131739139556885,52.36625494576276],[4.91314172744751,52.3662516701863],[4.913093447685242,52.36622874114426],[4.912701845169067,52.366369590785965],[4.912605285644531,52.36626804806618],[4.912310242652893,52.366369590785965],[4.912406802177429,52.366474408832545],[4.91237998008728,52.366484235511656],[4.912433624267578,52.36653991998536],[4.912567734718323,52.36649406218859],[4.9126750230789185,52.36660870659126],[4.912685751914978,52.36660543104102],[4.912707209587097,52.36662508433878],[4.912696480751038,52.3666316354361],[4.912739396095276,52.36667421754492],[4.9127501249313354,52.36666766645393],[4.912771582603455,52.36669387081208],[4.912760853767395,52.36669714635575],[4.912868142127991,52.36681506576633],[4.913050532341003,52.36675610610039],[4.912927150726318,52.36662180878976],[4.913855195045471,52.36632045724103]],[[4.913560152053833,52.36638596862214],[4.912980794906616,52.36657267552534],[4.912964701652527,52.3665497466499],[4.913544058799744,52.36636631521801],[4.913560152053833,52.36638596862214]]]}},{"type":"Feature","properties":{"mvt_id":122732843,"subclass":"pedestrian","class":"path"},"geometry":{"type":"Polygon","coordinates":[[[4.9154698848724365,52.37110253276089],[4.9154698848724365,52.37114838577371],[4.915904402732849,52.37134162294761],[4.9163818359375,52.37078156033832],[4.916322827339172,52.37076190888974],[4.915523529052734,52.37106978057974],[4.9154698848724365,52.37110253276089]],[[4.91587221622467,52.37124664206947],[4.915850758552551,52.37123681644973],[4.9158775806427,52.37120406436815],[4.915899038314819,52.37121388999517],[4.91587221622467,52.37124664206947]]]}},{"type":"Feature","properties":{"mvt_id":122780263,"subclass":"pedestrian","class":"path"},"geometry":{"type":"Polygon","coordinates":[[[4.904987812042236,52.36669059526816],[4.904440641403198,52.3675258511021],[4.9044352769851685,52.36759463617284],[4.906210899353027,52.36698539324815],[4.905577898025513,52.366713524070484],[4.905416965484619,52.36669059526816],[4.905041456222534,52.36662180878976],[4.904987812042236,52.36669059526816]],[[4.905331134796143,52.366834718970814],[4.905304312705994,52.3668871274734],[4.905180931091309,52.36686092322988],[4.905170202255249,52.3668871274734],[4.905025362968445,52.366857647698346],[4.905052185058594,52.36680851469622],[4.905175566673279,52.36683144343735],[4.905186295509338,52.366805239160804],[4.905331134796143,52.366834718970814]]]}},{"type":"Feature","properties":{"mvt_id":132361473,"subclass":"pedestrian","class":"path"},"geometry":{"type":"Polygon","coordinates":[[[4.904918074607849,52.36529191582188],[4.904505014419556,52.366068237516735],[4.904623031616211,52.366091166642086],[4.904703497886658,52.366038757195234],[4.904821515083313,52.36606168633588],[4.905239939689636,52.36537380693964],[4.905121922492981,52.36533449922205],[4.904918074607849,52.36529191582188]],[[4.904730319976807,52.365730850439334],[4.904853701591492,52.36558999876115],[4.904918074607849,52.36558344750938],[4.904842972755432,52.36567188932637],[4.9049073457717896,52.365662062466555],[4.9050092697143555,52.36556051812051],[4.905073642730713,52.365550691235924],[4.9049341678619385,52.365698094275174],[4.904741048812866,52.36573412605441],[4.904730319976807,52.365730850439334]],[[4.905111193656921,52.3654491466339],[4.90489661693573,52.36555724249256],[4.904918074607849,52.36537053129783],[4.904960989952087,52.36535087744196],[4.904950261116028,52.365475351714835],[4.905121922492981,52.3653934607853],[4.905111193656921,52.3654491466339]],[[4.9046337604522705,52.366032206010004],[4.904569387435913,52.36604530837949],[4.90464448928833,52.36594048931481],[4.904601573944092,52.36595031611268],[4.9046337604522705,52.365904457703884],[4.904730319976807,52.3658880796892],[4.904682040214539,52.365966694104294],[4.904826879501343,52.36587825287748],[4.904800057411194,52.36593721371503],[4.9046337604522705,52.366032206010004]],[[4.904746413230896,52.36583894560873],[4.904676675796509,52.36586842606357],[4.904698133468628,52.36578326025147],[4.904757142066956,52.36575705535317],[4.904751777648926,52.365786535862654],[4.904773235321045,52.36577998464003],[4.90489661693573,52.365819291961245],[4.904805421829224,52.36583894560873],[4.904751777648926,52.36582256756976],[4.904746413230896,52.36583894560873]]]}},{"type":"Feature","properties":{"mvt_id":168229703,"subclass":"pedestrian","class":"path"},"geometry":{"type":"Polygon","coordinates":[[[4.900637269020081,52.372419150331865],[4.900497794151306,52.37218661625139],[4.900449514389038,52.37215386487409],[4.900379776954651,52.37213748917633],[4.900326132774353,52.37214076431638],[4.89990234375,52.37223390919736],[4.89990234375,52.37261850496812],[4.9000900983810425,52.37287766465005],[4.9001652002334595,52.372939891226395],[4.900229573249817,52.37297264202083],[4.900326132774353,52.373005392790986],[4.900433421134949,52.37302831831565],[4.900572896003723,52.373273948190224],[4.901034235954285,52.37319534677899],[4.900637269020081,52.372419150331865]],[[4.90041196346283,52.37281543798603],[4.9004065990448,52.37282198816531],[4.90040123462677,52.37281871307579],[4.900347590446472,52.37287766465005],[4.9003636837005615,52.372890764989194],[4.900352954864502,52.37290386532445],[4.900336861610413,52.37290714040767],[4.9003154039382935,52.37290059024101],[4.900310039520264,52.37288748990476],[4.9003154039382935,52.3728809397352],[4.900175929069519,52.37283836360929],[4.900170564651489,52.37284818887276],[4.90014910697937,52.372851463960096],[4.900133013725281,52.37284491378518],[4.900127649307251,52.37283508852098],[4.9001383781433105,52.37282198816531],[4.9001652002334595,52.37282198816531],[4.900218844413757,52.37275648632872],[4.900197386741638,52.37274993613972],[4.900181293487549,52.37274011085439],[4.900186657905579,52.3727106349853],[4.900202751159668,52.37270080969123],[4.900229573249817,52.37269753459273],[4.900245666503906,52.37269753459273],[4.900272488594055,52.3727106349853],[4.900304675102234,52.37266805869522],[4.9002885818481445,52.3726615084931],[4.9002885818481445,52.37264840808595],[4.900310039520264,52.37263858277804],[4.900336861610413,52.37264513298356],[4.900336861610413,52.3726615084931],[4.900454878807068,52.37269753459273],[4.900481700897217,52.37268770929574],[4.900503158569336,52.37269753459273],[4.900503158569336,52.37271391008283],[4.900487065315247,52.37272046027718],[4.900465607643127,52.37272046027718],[4.900433421134949,52.37275648632872],[4.900460243225098,52.372759761422856],[4.900481700897217,52.37277286179697],[4.900487065315247,52.372789237259155],[4.900487065315247,52.37280233762454],[4.900454878807068,52.37281871307579],[4.90041196346283,52.37281543798603]]]}},{"type":"Feature","properties":{"mvt_id":189754993,"subclass":"pedestrian","class":"path"},"geometry":{"type":"MultiPolygon","coordinates":[[[[4.89990234375,52.36831099822128],[4.89990234375,52.36851012251028],[4.899982810020447,52.36858381915417],[4.899950623512268,52.368596920766876],[4.89990234375,52.36855270280841],[4.89990234375,52.368554721372504],[4.900079369544983,52.36871811050021],[4.900170564651489,52.36880654604173],[4.900100827217102,52.3687344874657],[4.900133013725281,52.3687213858938],[4.900208115577698,52.36879016910295],[4.9003636837005615,52.36872793668024],[4.900283217430115,52.368655877975975],[4.900251030921936,52.3686689795673],[4.900170564651489,52.368596920766876],[4.900202751159668,52.36858381915417],[4.900197386741638,52.368580543750376],[4.9001652002334595,52.368593645364065],[4.900111556053162,52.36854451429272],[4.90014374256134,52.36853141266447],[4.89990234375,52.36831099822128]],[[4.900106191635132,52.36870500892345],[4.900122284889221,52.3687213858938],[4.900095462799072,52.36873121207309],[4.900079369544983,52.36871811050021],[4.900106191635132,52.36870500892345]],[[4.900009632110596,52.3686100223757],[4.900106191635132,52.368698458133615],[4.900074005126953,52.36871155971232],[4.899977445602417,52.36862312398063],[4.900009632110596,52.3686100223757]],[[4.899972081184387,52.36861657317865],[4.899955987930298,52.36860347157177],[4.899977445602417,52.36859036996101],[4.899993538856506,52.36860674697385],[4.899972081184387,52.36861657317865]]],[[[4.8999398946762085,52.36738828063933],[4.899945259094238,52.36739810711517],[4.89990770816803,52.36741120907955],[4.90014374256134,52.36762411545607],[4.900186657905579,52.367607738078924],[4.900122284889221,52.36755205495121],[4.900310039520264,52.36747671884315],[4.900369048118591,52.367532402065834],[4.900433421134949,52.367506198205085],[4.9003905057907104,52.36747016787117],[4.9004065990448,52.367473443357284],[4.900422692298889,52.36746689238481],[4.900422692298889,52.367447239461555],[4.9003905057907104,52.36744396397349],[4.900379776954651,52.36745051494937],[4.9004065990448,52.367280189260896],[4.90041196346283,52.36728674026106],[4.900449514389038,52.36729001576077],[4.900454878807068,52.36727036275883],[4.900428056716919,52.36726381175624],[4.900417327880859,52.36726708725765],[4.900551438331604,52.367116413941126],[4.900551438331604,52.367122964965574],[4.900583624839783,52.36713279150043],[4.900599718093872,52.36711968945347],[4.900578260421753,52.367103311889316],[4.900567531585693,52.367103311889316],[4.9007874727249146,52.366998495334926],[4.900782108306885,52.367008321897465],[4.900803565979004,52.36702142397744],[4.900830388069153,52.36701159741783],[4.900825023651123,52.366995219813596],[4.900808930397034,52.36699194429202],[4.901082515716553,52.36694936248946],[4.901071786880493,52.36695591353867],[4.901082515716553,52.36697556668051],[4.901109337806702,52.366972291157474],[4.9011147022247314,52.36695591353867],[4.901103973388672,52.36694936248946],[4.901382923126221,52.36697556668051],[4.901372194290161,52.3669788422033],[4.901366829872131,52.366998495334926],[4.90139365196228,52.36700504637687],[4.90140974521637,52.366988668770205],[4.90140438079834,52.3669788422033],[4.90164041519165,52.36707055674278],[4.901629686355591,52.36707383225853],[4.901618957519531,52.36708365880431],[4.90164577960968,52.36709676086196],[4.901710152626038,52.367067281226795],[4.901334643363953,52.36673317732016],[4.9013131856918335,52.366726626237906],[4.901275634765625,52.366726626237906],[4.89990234375,52.36726905255839],[4.89990234375,52.367403781557975],[4.8999398946762085,52.36738828063933]],[[4.900068640708923,52.36725726075268],[4.900100827217102,52.367240883239525],[4.90014374256134,52.36723433223256],[4.900181293487549,52.367237607736165],[4.9002403020858765,52.367253985250535],[4.900272488594055,52.36728674026106],[4.900283217430115,52.367309668753975],[4.900267124176025,52.36734897471414],[4.9002403020858765,52.36736862768111],[4.900186657905579,52.36738828063933],[4.90014910697937,52.36738828063933],[4.900106191635132,52.3673850051469],[4.900057911872864,52.36736207669309],[4.900036454200745,52.36733914822738],[4.900025725364685,52.367312944251985],[4.900041818618774,52.36727691376045],[4.900068640708923,52.36725726075268]]]]}},{"type":"Feature","properties":{"mvt_id":189756553,"subclass":"pedestrian","class":"path"},"geometry":{"type":"Polygon","coordinates":[[[4.90114152431488,52.36671679961271],[4.901130795478821,52.36672007515468],[4.901023507118225,52.36676593271684],[4.9010396003723145,52.36678231040607],[4.9010127782821655,52.3667921370167],[4.900996685028076,52.36677575933111],[4.900867938995361,52.36682489236968],[4.900884032249451,52.36684127003704],[4.9008625745773315,52.36685109663456],[4.900846481323242,52.366834718970814],[4.900529980659485,52.36695918906292],[4.900546073913574,52.36697556668051],[4.900524616241455,52.36698539324815],[4.900508522987366,52.3669690156342],[4.900374412536621,52.36702142397744],[4.9002134799957275,52.36708365880431],[4.900229573249817,52.36710003637576],[4.900208115577698,52.36710986291571],[4.900192022323608,52.36709348534791],[4.900057911872864,52.367145893543494],[4.900074005126953,52.367162271091864],[4.900047183036804,52.367172097617974],[4.900031089782715,52.367155720073235],[4.899918437004089,52.36720157718318],[4.89990234375,52.36720783042176],[4.89990234375,52.36723606692298],[4.901280999183655,52.36669059526816],[4.901318550109863,52.366664390908056],[4.901340007781982,52.36662508433878],[4.901334643363953,52.36658577773452],[4.901302456855774,52.366553022204265],[4.901248812675476,52.36652354220627],[4.901179075241089,52.36650061330533],[4.9011629819869995,52.36651699109292],[4.901184439659119,52.36652354220627],[4.901195168495178,52.36653336887445],[4.901184439659119,52.3665497466499],[4.901179075241089,52.3665464710953],[4.901173710823059,52.366556297758386],[4.901211261749268,52.36660215549055],[4.901216626167297,52.36663491098438],[4.901200532913208,52.36667749309006],[4.90114152431488,52.36671679961271]],[[4.901168346405029,52.36670697298532],[4.901184439659119,52.36672335069641],[4.90115761756897,52.36673317732016],[4.90114152431488,52.36671679961271],[4.901168346405029,52.36670697298532]],[[4.9003905057907104,52.36703780157197],[4.900369048118591,52.36704762812576],[4.900352954864502,52.367031250534886],[4.900374412536621,52.36702142397744],[4.9003905057907104,52.36703780157197]],[[4.899945259094238,52.36719175066363],[4.899961352348328,52.36720485268921],[4.899934530258179,52.367214679205844],[4.899918437004089,52.36720157718318],[4.899945259094238,52.36719175066363]],[[4.900685548782349,52.36691988275594],[4.900669455528259,52.36690678064583],[4.900696277618408,52.36689695406071],[4.900712370872498,52.366910056173715],[4.900685548782349,52.36691988275594]]]}},{"type":"Feature","properties":{"mvt_id":232949232,"subclass":"pedestrian","class":"path"},"geometry":{"type":"Polygon","coordinates":[[[4.9053579568862915,52.368799995266954],[4.905835390090942,52.368354540302754],[4.905803203582764,52.36834143861816],[4.904944896697998,52.36863295018179],[4.9053579568862915,52.368799995266954]]]}},{"type":"Feature","properties":{"mvt_id":294091132,"subclass":"pedestrian","class":"path"},"geometry":{"type":"Polygon","coordinates":[[[4.901576042175293,52.369648312518294],[4.901554584503174,52.36960573327626],[4.901356101036072,52.36940593782316],[4.901130795478821,52.36949764732367],[4.901082515716553,52.36946489395249],[4.900792837142944,52.369582805975085],[4.900782108306885,52.36958608130455],[4.900932312011719,52.36969416704074],[4.901216626167297,52.36987103403857],[4.9014365673065186,52.36976294873516],[4.901533126831055,52.36972364492289],[4.90190327167511,52.36992998954714],[4.901983737945557,52.36989396119014],[4.901806712150574,52.369756398102204],[4.901576042175293,52.369648312518294]]]}},{"type":"Feature","properties":{"mvt_id":722048482,"subclass":"pedestrian","class":"path"},"geometry":{"type":"Polygon","coordinates":[[[4.900004267692566,52.370290271500856],[4.900052547454834,52.37027389511216],[4.900095462799072,52.37031647371014],[4.900047183036804,52.37033285008304],[4.9001544713974,52.37045075978872],[4.900234937667847,52.370427832926154],[4.900256395339966,52.37043438345953],[4.900342226028442,52.37041800712428],[4.900320768356323,52.37012323205134],[4.900342226028442,52.37007082738798],[4.9003154039382935,52.37003479914585],[4.900208115577698,52.36999877087435],[4.900127649307251,52.36993654015434],[4.900047183036804,52.36998239437758],[4.89990234375,52.37001187206739],[4.89990234375,52.37017590221622],[4.900004267692566,52.370290271500856]]]}},{"type":"Feature","properties":{"mvt_id":1200685502,"class":"pier"},"geometry":{"type":"Polygon","coordinates":[[[4.911489486694336,52.37308399454028],[4.911457300186157,52.37303486846337],[4.910314679145813,52.37342460050411],[4.910175204277039,52.37340822527749],[4.910159111022949,52.37338529995003],[4.910008907318115,52.373431150593056],[4.910089373588562,52.373516301660956],[4.9100518226623535,52.373532676847496],[4.9101269245147705,52.37362110274993],[4.9102771282196045,52.373568702236525],[4.910303950309753,52.373594902501],[4.910448789596558,52.37354905202797],[4.910368323326111,52.373463901023214],[4.911489486694336,52.37308399454028]]]}},{"type":"Feature","properties":{"mvt_id":1397090342,"subclass":"pedestrian","class":"path"},"geometry":{"type":"Polygon","coordinates":[[[4.904065132141113,52.36829230726631],[4.904236793518066,52.36841022241894],[4.904295802116394,52.36838074366029],[4.904440641403198,52.36843642574345],[4.905272126197815,52.368151463754835],[4.905229210853577,52.36812853569884],[4.9051433801651,52.368112158508694],[4.905068278312683,52.3681154339472],[4.905014634132385,52.36809250587251],[4.904960989952087,52.3680335479115],[4.904928803443909,52.36803027246692],[4.904842972755432,52.3680335479115],[4.904794692993164,52.36803027246692],[4.904730319976807,52.368017170686144],[4.904665946960449,52.36799424256045],[4.904628396034241,52.3679745898718],[4.904290437698364,52.36773220599298],[4.9041831493377686,52.367679798492965],[4.903872013092041,52.36785667355633],[4.903818368911743,52.367905805392695],[4.903791546821594,52.36796148807451],[4.903855919837952,52.367971314422846],[4.904091954231262,52.36783046988793],[4.904124140739441,52.36782064350826],[4.90415632724762,52.367817368047895],[4.9041831493377686,52.3678239189684],[4.9042099714279175,52.36783702080649],[4.904429912567139,52.368046649687415],[4.904446005821228,52.36807940411019],[4.90440309047699,52.368112158508694],[4.904022216796875,52.36824645128862],[4.904065132141113,52.36829230726631]]]}},{"type":"Feature","properties":{"mvt_id":1620640882,"class":"pier"},"geometry":{"type":"Polygon","coordinates":[[[4.915148019790649,52.36828248098938],[4.915185570716858,52.368321786083975],[4.91538941860199,52.36824972671717],[4.915351867675781,52.368210421558466],[4.915148019790649,52.36828248098938]]]}},{"type":"Feature","properties":{"mvt_id":2430564542,"subclass":"pedestrian","class":"path"},"geometry":{"type":"Polygon","coordinates":[[[4.919734597206116,52.370074102681265],[4.919450283050537,52.37024769287764],[4.9214619398117065,52.37147590590957],[4.921746253967285,52.371299045337835],[4.919734597206116,52.370074102681265]]]}},{"type":"Feature","properties":{"mvt_id":3399960572,"subclass":"pedestrian","class":"path"},"geometry":{"type":"Polygon","coordinates":[[[4.908716082572937,52.37544198197315],[4.908146223083861,52.3755991766591],[4.908697241690078,52.3755991766591],[4.908716082572937,52.37544198197315]]]}},{"type":"Feature","properties":{"mvt_id":4441344972,"subclass":"pedestrian","class":"path"},"geometry":{"type":"Polygon","coordinates":[[[4.900733828544617,52.37147590590957],[4.9012380838394165,52.37151520816268],[4.901340007781982,52.37135472374236],[4.901125431060791,52.371308870943736],[4.90115225315094,52.37111890884237],[4.901254177093506,52.37113528491776],[4.901291728019714,52.37106978057974],[4.901125431060791,52.371027202707914],[4.901205897331238,52.37089291838181],[4.901211261749268,52.37087981745009],[4.9010396003723145,52.37084051463161],[4.9010127782821655,52.37085361557499],[4.900959134101868,52.37085361557499],[4.900857210159302,52.37142022765781],[4.900744557380676,52.371413677270645],[4.900733828544617,52.37147590590957]]]}},{"type":"Feature","properties":{"mvt_id":4526439952,"class":"pier"},"geometry":{"type":"Polygon","coordinates":[[[4.91413950920105,52.36863295018179],[4.914177060127258,52.36867225496454],[4.91438090801239,52.36860347157177],[4.914348721504211,52.36856089132258],[4.91413950920105,52.36863295018179]]]}},{"type":"Feature","properties":{"mvt_id":4620507382,"class":"pier"},"geometry":{"type":"Polygon","coordinates":[[[4.909306168556213,52.37500969370172],[4.9072602146961515,52.3755991766591],[4.907461319650935,52.3755991766591],[4.909338355064392,52.375052267734475],[4.909306168556213,52.37500969370172]]]}},{"type":"Feature","properties":{"mvt_id":4914142952,"class":"pier"},"geometry":{"type":"Polygon","coordinates":[[[4.89990770816803,52.367195026170386],[4.89990234375,52.36719011291016],[4.89990234375,52.36719715524965],[4.89990770816803,52.367195026170386]]]}},{"type":"Feature","properties":{"mvt_id":6115952072,"class":"pier"},"geometry":{"type":"Polygon","coordinates":[[[4.914311170578003,52.37214731459572],[4.914364814758301,52.372677883996566],[4.914504289627075,52.37267460889637],[4.914488196372986,52.372396224491006],[4.914568662643433,52.37239294936992],[4.914552569389343,52.3722193676044],[4.914456009864807,52.3722193676044],[4.91464376449585,52.37201630882424],[4.914482831954956,52.371970456712425],[4.914311170578003,52.37214731459572]]]}},{"type":"Feature","properties":{"mvt_id":6234559622,"class":"pier"},"geometry":{"type":"Polygon","coordinates":[[[4.9106365442276,52.37556970269811],[4.910658001899719,52.37555005337985],[4.910561442375183,52.37545835644571],[4.910497069358826,52.37540923300982],[4.910411238670349,52.37535683461797],[4.910255670547485,52.37528478672767],[4.910234212875366,52.37530116125852],[4.91037905216217,52.375369934221766],[4.910454154014587,52.375415782804424],[4.910534620285034,52.37547145601939],[4.9106365442276,52.37556970269811]]]}},{"type":"Feature","properties":{"mvt_id":8130802792,"subclass":"pedestrian","class":"path"},"geometry":{"type":"Polygon","coordinates":[[[4.907069206237793,52.372117838331015],[4.907074570655823,52.3721112880473],[4.907101392745972,52.372094912333765],[4.907047748565674,52.372068711179466],[4.907069206237793,52.3720457851567],[4.907069206237793,52.37200648337572],[4.907042384147644,52.37197373186485],[4.906988739967346,52.3719409803297],[4.906951189041138,52.37197700701703],[4.906940460205078,52.37200320822573],[4.906951189041138,52.3720392348623],[4.906978011131287,52.3720719863246],[4.907069206237793,52.372117838331015]]]}},{"type":"Feature","properties":{"mvt_id":8163010442,"class":"pier"},"geometry":{"type":"Polygon","coordinates":[[[4.912691116333008,52.36913735890495],[4.912728667259216,52.36917666323889],[4.912932515144348,52.369104605266614],[4.91289496421814,52.36906530086856],[4.912691116333008,52.36913735890495]]]}},{"type":"Feature","properties":{"mvt_id":8171177732,"class":"pier"},"geometry":{"type":"Polygon","coordinates":[[[4.919187426567078,52.36762411545607],[4.91912841796875,52.36756515686993],[4.91911768913269,52.36760118712637],[4.91913378238678,52.36762083998113],[4.919187426567078,52.36762411545607]]]}},{"type":"Feature","properties":{"mvt_id":8171177742,"class":"pier"},"geometry":{"type":"Polygon","coordinates":[[[4.918758273124695,52.36770272678187],[4.9188172817230225,52.36775840971967],[4.918849468231201,52.3677191041238],[4.918833374977112,52.36770272678187],[4.918758273124695,52.36770272678187]]]}},{"type":"Feature","properties":{"mvt_id":8358766732,"subclass":"pedestrian","class":"path"},"geometry":{"type":"Polygon","coordinates":[[[4.919069409370422,52.371904953612976],[4.919106960296631,52.37193443001975],[4.919149875640869,52.37195080579279],[4.919203519821167,52.3719606312537],[4.919257164001465,52.37195735610031],[4.919310808181763,52.3719442554843],[4.919348359107971,52.37192132939695],[4.91937518119812,52.37189185298142],[4.91938054561615,52.37185582622464],[4.91936981678009,52.371823074602055],[4.919337630271912,52.3717968732865],[4.919300079345703,52.37177394712264],[4.919251799583435,52.3717641216202],[4.919198155403137,52.37176084645224],[4.919149875640869,52.37177067195541],[4.919106960296631,52.37178704778916],[4.919074773788452,52.37181324911054],[4.919058680534363,52.37184272557852],[4.919053316116333,52.37187220202682],[4.919069409370422,52.371904953612976]]]}},{"type":"Feature","properties":{"mvt_id":8635859642,"class":"pier"},"geometry":{"type":"Polygon","coordinates":[[[4.904960989952087,52.36980552782565],[4.9049341678619385,52.36982517969972],[4.905089735984802,52.369887410576624],[4.905111193656921,52.36986775873022],[4.904960989952087,52.36980552782565]]]}},{"type":"Feature","properties":{"mvt_id":8882691782,"class":"pier"},"geometry":{"type":"Polygon","coordinates":[[[4.911854267120361,52.37030992315927],[4.911822080612183,52.37033285008304],[4.911838173866272,52.37034267590388],[4.9118971824646,52.37033612535689],[4.9119991064071655,52.37039835551394],[4.912031292915344,52.37038197916533],[4.911988377571106,52.370352501722515],[4.911977648735046,52.37035905226706],[4.9118971824646,52.37030664788348],[4.911854267120361,52.37030992315927]]]}},{"type":"Feature","properties":{"mvt_id":9848188872,"subclass":"pedestrian","class":"path"},"geometry":{"type":"Polygon","coordinates":[[[4.904703497886658,52.365786535862654],[4.904682040214539,52.365858599247474],[4.904741048812866,52.36583567000142],[4.904746413230896,52.36581601635247],[4.904805421829224,52.36583567000142],[4.904875159263611,52.365819291961245],[4.904773235321045,52.365786535862654],[4.904741048812866,52.365799638305],[4.904746413230896,52.36576688219185],[4.904703497886658,52.365786535862654]]]}},{"type":"Feature","properties":{"mvt_id":9848188882,"subclass":"pedestrian","class":"path"},"geometry":{"type":"Polygon","coordinates":[[[4.9048590660095215,52.36559655001196],[4.904751777648926,52.36572429920845],[4.904928803443909,52.36569481865743],[4.905052185058594,52.36556051812051],[4.905019998550415,52.365567069375686],[4.904923439025879,52.365668613706674],[4.904821515083313,52.36567844056503],[4.9048912525177,52.365593274386676],[4.9048590660095215,52.36559655001196]]]}},{"type":"Feature","properties":{"mvt_id":9848239952,"subclass":"pedestrian","class":"path"},"geometry":{"type":"Polygon","coordinates":[[[4.904660582542419,52.365933938115006],[4.904585480690002,52.366035481602744],[4.9046337604522705,52.366025654823815],[4.904794692993164,52.36593066251474],[4.904805421829224,52.365897906498745],[4.90464985370636,52.365989623282346],[4.904719591140747,52.365894630895795],[4.9046391248703,52.36591100890805],[4.904617667198181,52.36594376491434],[4.904660582542419,52.365933938115006]]]}},{"type":"Feature","properties":{"mvt_id":9848658532,"subclass":"pedestrian","class":"path"},"geometry":{"type":"Polygon","coordinates":[[[4.904923439025879,52.36537380693964],[4.9049073457717896,52.36554086434916],[4.905100464820862,52.36544587099768],[4.905116558074951,52.36540656334422],[4.904944896697998,52.36548845424946],[4.904955625534058,52.365360704370985],[4.904923439025879,52.36537380693964]]]}},{"type":"Feature","properties":{"mvt_id":10200112272,"class":"pier"},"geometry":{"type":"Polygon","coordinates":[[[4.903630614280701,52.37483612222035],[4.903357028961182,52.374983494276556],[4.90338921546936,52.375006418774426],[4.90364134311676,52.374868871608676],[4.903630614280701,52.37483612222035]]]}},{"type":"Feature","properties":{"mvt_id":10200112372,"class":"pier"},"geometry":{"type":"Polygon","coordinates":[[[4.903239011764526,52.375091566805224],[4.903206825256348,52.37507191727422],[4.902997612953186,52.37518653941511],[4.902981519699097,52.37513741567687],[4.903045892715454,52.375104666487694],[4.903040528297424,52.37510139156743],[4.9029868841171265,52.37512759092267],[4.902976155281067,52.37512431600411],[4.902965426445007,52.375091566805224],[4.903019070625305,52.37505554265839],[4.903013706207275,52.375052267734475],[4.902938604354858,52.37508829188399],[4.9029868841171265,52.3752291132774],[4.903239011764526,52.375091566805224]]]}},{"type":"Feature","properties":{"mvt_id":10768492982,"subclass":"pedestrian","class":"path"},"geometry":{"type":"Polygon","coordinates":[[[4.907187223434448,52.3669690156342],[4.907246232032776,52.36700504637687],[4.9075305461883545,52.36690678064583],[4.907535910606384,52.36682489236968],[4.907374978065491,52.36676593271684],[4.907299876213074,52.366834718970814],[4.907299876213074,52.366883851943804],[4.907187223434448,52.3669690156342]]]}},{"type":"Feature","properties":{"mvt_id":11594598772,"class":"pier"},"geometry":{"type":"Polygon","coordinates":[[[4.903480410575867,52.36262873393812],[4.903432130813599,52.362730285022735],[4.903448224067688,52.36273356086028],[4.903501868247986,52.362632009783205],[4.903480410575867,52.36262873393812]]]}},{"type":"Feature","properties":{"mvt_id":11631018262,"subclass":"pedestrian","class":"path"},"geometry":{"type":"Polygon","coordinates":[[[4.917283058166504,52.373395125091825],[4.917513728141785,52.37354577699236],[4.917819499969482,52.37337219975756],[4.917588829994202,52.37321827220505],[4.917283058166504,52.373395125091825]]]}},{"type":"Feature","properties":{"mvt_id":11921148242,"class":"pier"},"geometry":{"type":"Polygon","coordinates":[[[4.915335774421692,52.37343442563716],[4.9154698848724365,52.37346717606489],[4.915485978126526,52.37345080085406],[4.9153465032577515,52.37341477536886],[4.915335774421692,52.37343442563716]]]}},{"type":"Feature","properties":{"mvt_id":12267039822,"class":"pier"},"geometry":{"type":"Polygon","coordinates":[[[4.918447136878967,52.36686419876117],[4.918393492698669,52.366883851943804],[4.918436408042908,52.366929709335956],[4.918490052223206,52.36691333170137],[4.918447136878967,52.36686419876117]]]}},{"type":"Feature","properties":{"mvt_id":12267039832,"class":"pier"},"geometry":{"type":"Polygon","coordinates":[[[4.91862416267395,52.36689040300275],[4.91863489151001,52.3668871274734],[4.9187421798706055,52.3668478211023],[4.918752908706665,52.36686092322988],[4.91887092590332,52.366821616835466],[4.91887629032135,52.366828167903634],[4.918924570083618,52.36680851469622],[4.918919205665588,52.36680196362515],[4.919026494026184,52.36676593271684],[4.919026494026184,52.36677248379326],[4.919080138206482,52.36675610610039],[4.919074773788452,52.36674955502153],[4.919192790985107,52.36670697298532],[4.919155240058899,52.36666766645393],[4.9187153577804565,52.366821616835466],[4.918726086616516,52.366834718970814],[4.918613433837891,52.36687402535358],[4.91862416267395,52.36689040300275]]]}},{"type":"Feature","properties":{"mvt_id":13077229942,"class":"pier"},"geometry":{"type":"Polygon","coordinates":[[[4.902058839797974,52.36515106274426],[4.901973009109497,52.365324672287194],[4.902096390724182,52.36534760179846],[4.9021875858306885,52.36517071668903],[4.902058839797974,52.36515106274426]]]}},{"type":"Feature","properties":{"mvt_id":13766692782,"subclass":"pedestrian","class":"path"},"geometry":{"type":"Polygon","coordinates":[[[4.900251030921936,52.3686689795673],[4.900283217430115,52.368655877975975],[4.900202751159668,52.36858381915417],[4.900170564651489,52.368596920766876],[4.900251030921936,52.3686689795673]]]}},{"type":"Feature","properties":{"mvt_id":13766692902,"subclass":"pedestrian","class":"path"},"geometry":{"type":"Polygon","coordinates":[[[4.900122284889221,52.36724743424552],[4.900079369544983,52.36726381175624],[4.900047183036804,52.36729001576077],[4.900041818618774,52.367312944251985],[4.900047183036804,52.36733587273131],[4.900068640708923,52.367355525704106],[4.900095462799072,52.36737190317475],[4.90014910697937,52.36738172965423],[4.900202751159668,52.367375178668155],[4.900234937667847,52.36736207669309],[4.900261759757996,52.367332597234984],[4.900267124176025,52.367309668753975],[4.900261759757996,52.36729001576077],[4.9002403020858765,52.36727036275883],[4.9002134799957275,52.367253985250535],[4.90015983581543,52.36724415874264],[4.900122284889221,52.36724743424552]]]}},{"type":"Feature","properties":{"mvt_id":13841000362,"subclass":"footway","class":"path"},"geometry":{"type":"Polygon","coordinates":[[[4.917170405387878,52.37419422930656],[4.9172669649124146,52.374253179044835],[4.917798042297363,52.37394532954414],[4.917696118354797,52.37388310438437],[4.917170405387878,52.37419422930656]]]}},{"type":"Feature","properties":{"mvt_id":13841000742,"subclass":"footway","class":"path"},"geometry":{"type":"Polygon","coordinates":[[[4.916859269142151,52.37383070418182],[4.9166178703308105,52.37367677822729],[4.916660785675049,52.373650578011386],[4.9166446924209595,52.37364075292642],[4.916612505912781,52.37365385303924],[4.916591048240662,52.37364402795499],[4.9166178703308105,52.37362110274993],[4.916601777076721,52.37361127765839],[4.916317462921143,52.373781578935464],[4.916328191757202,52.373781578935464],[4.916365742683411,52.373850354265066],[4.916408658027649,52.37384052922453],[4.9164193868637085,52.37386672932775],[4.9163442850112915,52.37388310438437],[4.916397929191589,52.37398135459658],[4.916489124298096,52.3739289545106],[4.916558861732483,52.37397480458923],[4.916601777076721,52.37394860455013],[4.9166339635849,52.37396825458091],[4.916859269142151,52.37383070418182]]]}},{"type":"Feature","properties":{"mvt_id":14082574332,"class":"pier"},"geometry":{"type":"Polygon","coordinates":[[[4.914788603782654,52.367221230215726],[4.914810061454773,52.36724415874264],[4.915110468864441,52.367142618033085],[4.915089011192322,52.367116413941126],[4.914788603782654,52.367221230215726]]]}},{"type":"Feature","properties":{"mvt_id":14475680142,"class":"pier"},"geometry":{"type":"Polygon","coordinates":[[[4.9159204959869385,52.36986448342165],[4.915952682495117,52.369897236496534],[4.916054606437683,52.37000859676949],[4.916231632232666,52.36994309076057],[4.916097521781921,52.36979897719901],[4.9159204959869385,52.36986448342165]]]}},{"type":"Feature","properties":{"mvt_id":4051493022,"subclass":"platform","class":"path"},"geometry":{"type":"Polygon","coordinates":[[[4.900572896003723,52.370712780230036],[4.901184439659119,52.371823074602055],[4.901307821273804,52.3717968732865],[4.900707006454468,52.37068330300797],[4.900572896003723,52.370712780230036]]]}},{"type":"Feature","properties":{"mvt_id":677164822,"class":"bridge","layer":1,"brunnel":"bridge"},"geometry":{"type":"Polygon","coordinates":[[[4.902026653289795,52.36257632038376],[4.901940822601318,52.3627499400444],[4.902048110961914,52.362769595057344],[4.902133941650391,52.36259269962618],[4.902026653289795,52.36257632038376]]]}},{"type":"Feature","properties":{"mvt_id":677167672,"class":"bridge","layer":1,"brunnel":"bridge"},"geometry":{"type":"Polygon","coordinates":[[[4.901275634765625,52.36427972907347],[4.901168346405029,52.364260074732336],[4.901071786880493,52.36443041206503],[4.901184439659119,52.364453342040434],[4.901275634765625,52.36427972907347]]]}},{"type":"Feature","properties":{"mvt_id":740798602,"class":"bridge","layer":1,"brunnel":"bridge"},"geometry":{"type":"Polygon","coordinates":[[[4.9214136600494385,52.37533063539873],[4.921225905418396,52.37485577185626],[4.921005964279175,52.374888521230005],[4.921193718910217,52.37536338442035],[4.9214136600494385,52.37533063539873]]]}},{"type":"Feature","properties":{"mvt_id":4309363962,"class":"bridge","layer":1,"brunnel":"bridge"},"geometry":{"type":"Polygon","coordinates":[[[4.90289568901062,52.37247155220915],[4.902949333190918,52.37251085357631],[4.903002977371216,52.372481377554216],[4.902949333190918,52.37244207616083],[4.90289568901062,52.37247155220915]]]}},{"type":"Feature","properties":{"mvt_id":4514436692,"class":"bridge","layer":1,"brunnel":"bridge"},"geometry":{"type":"Polygon","coordinates":[[[4.901034235954285,52.366294252661376],[4.900599718093872,52.366189434187355],[4.900492429733276,52.36636631521801],[4.90115761756897,52.36652681776256],[4.901270270347595,52.36635321294373],[4.901066422462463,52.366304079380576],[4.901077151298523,52.366294252661376],[4.901066422462463,52.36627787479121],[4.901044964790344,52.36628442594001],[4.901034235954285,52.366294252661376]]]}},{"type":"Feature","properties":{"mvt_id":4554969612,"class":"bridge","layer":1,"brunnel":"bridge"},"geometry":{"type":"Polygon","coordinates":[[[4.9001383781433105,52.37527823691363],[4.900057911872864,52.37532081068751],[4.899945259094238,52.37536338442035],[4.89990234375,52.375374172328044],[4.89990234375,52.37540432066322],[4.899929165840149,52.37542888239073],[4.899918437004089,52.37544525686815],[4.899929165840149,52.37545508155168],[4.900004267692566,52.375419057701365],[4.9002134799957275,52.375337185205005],[4.900197386741638,52.37532736049524],[4.900170564651489,52.37532736049524],[4.90014374256134,52.37530443616395],[4.90014910697937,52.37528806163433],[4.9001383781433105,52.37527823691363]]]}},{"type":"Feature","properties":{"mvt_id":4567488032,"class":"bridge","layer":1,"brunnel":"bridge"},"geometry":{"type":"Polygon","coordinates":[[[4.901935458183289,52.365855323641625],[4.9018871784210205,52.36595031611268],[4.901854991912842,52.36594376491434],[4.901785254478455,52.365989623282346],[4.902015924453735,52.366032206010004],[4.901989102363586,52.365976520896346],[4.901994466781616,52.36596996970188],[4.901973009109497,52.365966694104294],[4.902021288871765,52.365871701668446],[4.902042746543884,52.36587497727308],[4.902048110961914,52.36586842606357],[4.9021124839782715,52.36583894560873],[4.902117848396301,52.36583239439387],[4.9018871784210205,52.365789811473604],[4.9018871784210205,52.36579636269478],[4.90190327167511,52.36584222121579],[4.90190327167511,52.365848772429196],[4.901935458183289,52.365855323641625]]]}},{"type":"Feature","properties":{"mvt_id":4567488042,"class":"bridge","layer":1,"brunnel":"bridge"},"geometry":{"type":"Polygon","coordinates":[[[4.905025362968445,52.366448204344216],[4.904601573944092,52.366369590785965],[4.904553294181824,52.36645803102916],[4.904977083206177,52.36653664443003],[4.905025362968445,52.366448204344216]]]}},{"type":"Feature","properties":{"mvt_id":4770430692,"class":"bridge","layer":1,"brunnel":"bridge"},"geometry":{"type":"Polygon","coordinates":[[[4.900234937667847,52.37451845189336],[4.900181293487549,52.374462777477014],[4.900095462799072,52.374488977211094],[4.9001544713974,52.374544651594405],[4.900234937667847,52.37451845189336]]]}},{"type":"Feature","properties":{"mvt_id":4914372452,"class":"bridge","layer":1,"brunnel":"bridge"},"geometry":{"type":"Polygon","coordinates":[[[4.914364814758301,52.37101410181602],[4.914681315422058,52.37116148662577],[4.914729595184326,52.37112218405793],[4.914944171905518,52.370978074343284],[4.9142467975616455,52.370680027759875],[4.9138712882995605,52.37088964314925],[4.914005398750305,52.37090274407806],[4.914166331291199,52.37093549638307],[4.914364814758301,52.37101410181602]]]}},{"type":"Feature","properties":{"mvt_id":4914372472,"class":"bridge","layer":1,"brunnel":"bridge"},"geometry":{"type":"Polygon","coordinates":[[[4.912857413291931,52.37119096352871],[4.9130988121032715,52.3711123584105],[4.912793040275574,52.370919120233594],[4.912551641464233,52.3709944504709],[4.912857413291931,52.37119096352871]]]}},{"type":"Feature","properties":{"mvt_id":4934569712,"class":"bridge","layer":1,"brunnel":"bridge"},"geometry":{"type":"Polygon","coordinates":[[[4.920201301574707,52.36322165794154],[4.919954538345337,52.36312338379496],[4.919777512550354,52.36328389812132],[4.920029640197754,52.363382171910864],[4.920201301574707,52.36322165794154]]]}},{"type":"Feature","properties":{"mvt_id":4934618942,"class":"bridge","layer":1,"brunnel":"bridge"},"geometry":{"type":"Polygon","coordinates":[[[4.918758273124695,52.363945604085046],[4.918500781059265,52.36385388305796],[4.918425679206848,52.36393250109283],[4.918688535690308,52.364020946214865],[4.918758273124695,52.363945604085046]]]}},{"type":"Feature","properties":{"mvt_id":5312438842,"class":"bridge","layer":1,"brunnel":"bridge"},"geometry":{"type":"Polygon","coordinates":[[[4.9173688888549805,52.367162271091864],[4.917406439781189,52.367149169053654],[4.917352795600891,52.36709348534791],[4.917288422584534,52.36703452605356],[4.917213320732117,52.36697556668051],[4.917191863059998,52.36694936248946],[4.917181134223938,52.366916607228774],[4.917181134223938,52.366880576413976],[4.917207956314087,52.36681506576633],[4.917240142822266,52.366762657178256],[4.917202591896057,52.36675283056108],[4.91712212562561,52.36687074982302],[4.917111396789551,52.366900229589326],[4.917111396789551,52.36695263801419],[4.9171435832977295,52.366988668770205],[4.917250871658325,52.36703452605356],[4.9173688888549805,52.367162271091864]]]}},{"type":"Feature","properties":{"mvt_id":5606713822,"class":"bridge","layer":1,"brunnel":"bridge"},"geometry":{"type":"Polygon","coordinates":[[[4.902713298797607,52.36455161322879],[4.902600646018982,52.364531959008595],[4.902514815330505,52.36470884667549],[4.902627468109131,52.36472850081699],[4.902713298797607,52.36455161322879]]]}},{"type":"Feature","properties":{"mvt_id":5857816682,"class":"bridge","layer":1,"brunnel":"bridge"},"geometry":{"type":"Polygon","coordinates":[[[4.901517033576965,52.374128729505074],[4.901474118232727,52.37405667961126],[4.901125431060791,52.374177854365286],[4.901179075241089,52.37424335409392],[4.901517033576965,52.374128729505074]]]}},{"type":"Feature","properties":{"mvt_id":6010963212,"class":"bridge","layer":1,"brunnel":"bridge"},"geometry":{"type":"Polygon","coordinates":[[[4.901806712150574,52.363431308723676],[4.901769161224365,52.36351647906975],[4.902273416519165,52.36361147656975],[4.902284145355225,52.36359182193134],[4.902439713478088,52.36362130388568],[4.902428984642029,52.363640958510985],[4.90290641784668,52.36372940421663],[4.902949333190918,52.36364423428101],[4.902471899986267,52.36355578840487],[4.9024611711502075,52.36357544305931],[4.902305603027344,52.36354596107437],[4.902316331863403,52.363526306406804],[4.901806712150574,52.363431308723676]]]}},{"type":"Feature","properties":{"mvt_id":6276239262,"class":"bridge","layer":1,"brunnel":"bridge"},"geometry":{"type":"Polygon","coordinates":[[[4.900487065315247,52.36552776183006],[4.900497794151306,52.36554413997832],[4.9004065990448,52.36572429920845],[4.900379776954651,52.36573412605441],[4.900529980659485,52.36576033096631],[4.900519251823425,52.365747228512305],[4.900615811347961,52.36555396686437],[4.900487065315247,52.36552776183006]]]}},{"type":"Feature","properties":{"mvt_id":6322561732,"class":"bridge","layer":1,"brunnel":"bridge"},"geometry":{"type":"Polygon","coordinates":[[[4.908791184425354,52.37519963906941],[4.908764362335205,52.37519963906941],[4.9087536334991455,52.37531426087883],[4.908775091171265,52.37531426087883],[4.908791184425354,52.37519963906941]]]}},{"type":"Feature","properties":{"mvt_id":7501325792,"class":"bridge","layer":1,"brunnel":"bridge"},"geometry":{"type":"Polygon","coordinates":[[[4.910604357719421,52.363025109429785],[4.910582900047302,52.36300873034767],[4.910545349121094,52.36309062569752],[4.9105775356292725,52.36308407407512],[4.910658001899719,52.3631004531293],[4.910733103752136,52.36311683217741],[4.910754561424255,52.36312993541153],[4.910797476768494,52.36305131594854],[4.910759925842285,52.36305459176229],[4.910684823989868,52.36304148850583],[4.910604357719421,52.363025109429785]]]}},{"type":"Feature","properties":{"mvt_id":7607664822,"class":"bridge","layer":1,"brunnel":"bridge"},"geometry":{"type":"Polygon","coordinates":[[[4.90638792514801,52.363375620331695],[4.906286001205444,52.36354268529705],[4.906833171844482,52.363640958510985],[4.9069297313690186,52.36347389391723],[4.90638792514801,52.363375620331695]]]}},{"type":"Feature","properties":{"mvt_id":7607664832,"class":"bridge","layer":1,"brunnel":"bridge"},"geometry":{"type":"Polygon","coordinates":[[[4.907578825950623,52.362379769001194],[4.90713357925415,52.36229459646387],[4.907053112983704,52.362278217110955],[4.906945824623108,52.3624551138012],[4.907471537590027,52.36255666528485],[4.907578825950623,52.362379769001194]]]}},{"type":"Feature","properties":{"mvt_id":7607672632,"class":"bridge","layer":1,"brunnel":"bridge"},"geometry":{"type":"Polygon","coordinates":[[[4.90590512752533,52.365180543658134],[4.905374050140381,52.36507899820532],[4.9052828550338745,52.36521330020602],[4.905813932418823,52.36531812099607],[4.90590512752533,52.365180543658134]]]}},{"type":"Feature","properties":{"mvt_id":7664472842,"class":"bridge","layer":1,"brunnel":"bridge"},"geometry":{"type":"Polygon","coordinates":[[[4.913844466209412,52.36355578840487],[4.913828372955322,52.363588546157416],[4.913833737373352,52.36359182193134],[4.913839101791382,52.363608200797295],[4.913753271102905,52.363768713362305],[4.913763999938965,52.363788367922034],[4.913801550865173,52.363804746715125],[4.9138230085372925,52.36377854064326],[4.913812279701233,52.363768713362305],[4.91388738155365,52.363614752341974],[4.91388201713562,52.36358199460886],[4.913844466209412,52.36355578840487]]]}},{"type":"Feature","properties":{"mvt_id":7666532972,"class":"bridge","layer":1,"brunnel":"bridge"},"geometry":{"type":"Polygon","coordinates":[[[4.910802841186523,52.36425024755849],[4.910781383514404,52.364319037729516],[4.911012053489685,52.36436162206742],[4.911038875579834,52.36429283196271],[4.910802841186523,52.36425024755849]]]}},{"type":"Feature","properties":{"mvt_id":7666533042,"class":"bridge","layer":1,"brunnel":"bridge"},"geometry":{"type":"Polygon","coordinates":[[[4.911720156669617,52.363382171910864],[4.911832809448242,52.363405102430306],[4.911827445030212,52.363382171910864],[4.911913275718689,52.36322165794154],[4.911934733390808,52.36319872732689],[4.911730885505676,52.36316269347982],[4.911811351776123,52.363231485344166],[4.911741614341736,52.36336579296112],[4.911720156669617,52.363382171910864]]]}},{"type":"Feature","properties":{"mvt_id":7666533072,"class":"bridge","layer":1,"brunnel":"bridge"},"geometry":{"type":"Polygon","coordinates":[[[4.913951754570007,52.36392594959528],[4.914177060127258,52.3641519756998],[4.914214611053467,52.36413887276879],[4.913994669914246,52.36391284659723],[4.913951754570007,52.36392594959528]]]}},{"type":"Feature","properties":{"mvt_id":7714735242,"class":"bridge","layer":1,"brunnel":"bridge"},"geometry":{"type":"Polygon","coordinates":[[[4.910711646080017,52.3651117548285],[4.910470247268677,52.365196921935116],[4.910534620285034,52.365246056729625],[4.910609722137451,52.36532139664175],[4.910818934440613,52.36525260803144],[4.910743832588196,52.36517071668903],[4.910711646080017,52.3651117548285]]]}},{"type":"Feature","properties":{"mvt_id":8042314012,"class":"bridge","layer":1,"brunnel":"bridge"},"geometry":{"type":"Polygon","coordinates":[[[4.919455647468567,52.36792218265934],[4.919434189796448,52.36789925448434],[4.919407367706299,52.36786649992798],[4.919064044952393,52.367990967112945],[4.91911768913269,52.368040098799945],[4.919455647468567,52.36792218265934]]]}},{"type":"Feature","properties":{"mvt_id":8466450102,"class":"bridge","layer":1,"brunnel":"bridge"},"geometry":{"type":"Polygon","coordinates":[[[4.903426766395569,52.36283183587393],[4.9033355712890625,52.36300873034767],[4.903507232666016,52.36304148850583],[4.903598427772522,52.36286459416325],[4.903426766395569,52.36283183587393]]]}},{"type":"Feature","properties":{"mvt_id":8862916372,"class":"bridge","layer":1,"brunnel":"bridge"},"geometry":{"type":"Polygon","coordinates":[[[4.904494285583496,52.37156761111241],[4.9043869972229,52.37163311471215],[4.904456734657288,52.371665866475595],[4.904574751853943,52.37159708774432],[4.904585480690002,52.37159708774432],[4.904494285583496,52.37155778556407],[4.904494285583496,52.37156761111241]]]}},{"type":"Feature","properties":{"mvt_id":8862927212,"class":"bridge","layer":1,"brunnel":"bridge"},"geometry":{"type":"Polygon","coordinates":[[[4.902799129486084,52.37242897568859],[4.902718663215637,52.37247155220915],[4.902756214141846,52.37251085357631],[4.9028366804122925,52.37246827709363],[4.902799129486084,52.37242897568859]]]}},{"type":"Feature","properties":{"mvt_id":8862943622,"class":"bridge","layer":1,"brunnel":"bridge"},"geometry":{"type":"Polygon","coordinates":[[[4.901930093765259,52.37299229248584],[4.90190327167511,52.373008667866664],[4.901989102363586,52.373064344116074],[4.902015924453735,52.373047968755884],[4.901930093765259,52.37299229248584]]]}},{"type":"Feature","properties":{"mvt_id":8862943632,"class":"bridge","layer":1,"brunnel":"bridge"},"geometry":{"type":"Polygon","coordinates":[[[4.902466535568237,52.37199665792501],[4.902471899986267,52.37200320822573],[4.902498722076416,52.37205233545014],[4.902568459510803,52.37201630882424],[4.9025362730026245,52.3719606312537],[4.902466535568237,52.37199665792501]]]}},{"type":"Feature","properties":{"mvt_id":8862944732,"class":"bridge","layer":1,"brunnel":"bridge"},"geometry":{"type":"Polygon","coordinates":[[[4.901184439659119,52.373463901023214],[4.901227355003357,52.373447525811166],[4.901334643363953,52.37340822527749],[4.901302456855774,52.37334599936098],[4.90114688873291,52.37338529995003],[4.901184439659119,52.373463901023214]]]}},{"type":"Feature","properties":{"mvt_id":8862949672,"class":"bridge","layer":1,"brunnel":"bridge"},"geometry":{"type":"Polygon","coordinates":[[[4.902246594429016,52.37151848334885],[4.902268052101135,52.37156761111241],[4.9023377895355225,52.37152830890593],[4.9023109674453735,52.371479181098664],[4.902246594429016,52.37151848334885]]]}},{"type":"Feature","properties":{"mvt_id":8862965782,"class":"bridge","layer":1,"brunnel":"bridge"},"geometry":{"type":"Polygon","coordinates":[[[4.901361465454102,52.37049661347815],[4.901286363601685,52.37047696190279],[4.9012380838394165,52.37054246711998],[4.9013131856918335,52.37056211866619],[4.901361465454102,52.37049661347815]]]}},{"type":"Feature","properties":{"mvt_id":8862965792,"class":"bridge","layer":1,"brunnel":"bridge"},"geometry":{"type":"Polygon","coordinates":[[[4.9016135931015015,52.37095514775442],[4.901576042175293,52.371001000920245],[4.90164041519165,52.37103702837428],[4.901683330535889,52.37099117524586],[4.9016135931015015,52.37095514775442]]]}},{"type":"Feature","properties":{"mvt_id":8862989552,"class":"bridge","layer":1,"brunnel":"bridge"},"geometry":{"type":"Polygon","coordinates":[[[4.90414023399353,52.37090274407806],[4.903780817985535,52.371223715620005],[4.90388810634613,52.3712662933024],[4.904247522354126,52.37094859729828],[4.90414023399353,52.37090274407806]]]}},{"type":"Feature","properties":{"mvt_id":8862992902,"class":"bridge","layer":1,"brunnel":"bridge"},"geometry":{"type":"Polygon","coordinates":[[[4.902992248535156,52.36951074866534],[4.902825951576233,52.369582805975085],[4.90290105342865,52.369648312518294],[4.903067350387573,52.36957953064537],[4.902992248535156,52.36951074866534]]]}},{"type":"Feature","properties":{"mvt_id":8863008902,"class":"bridge","layer":1,"brunnel":"bridge"},"geometry":{"type":"Polygon","coordinates":[[[4.90738570690155,52.37157743665856],[4.907444715499878,52.371600362924426],[4.9075305461883545,52.37152830890593],[4.907476902008057,52.37150538260268],[4.907476902008057,52.37149228185262],[4.907460808753967,52.37149228185262],[4.907450079917908,52.371498832228134],[4.907342791557312,52.37144970438808],[4.907267689704895,52.371511932976254],[4.907369613647461,52.3715610607471],[4.907364249229431,52.3715708862947],[4.907369613647461,52.371580711840124],[4.90738570690155,52.37157743665856]]]}},{"type":"Feature","properties":{"mvt_id":8863025752,"class":"bridge","layer":1,"brunnel":"bridge"},"geometry":{"type":"Polygon","coordinates":[[[4.905840754508972,52.372189891387784],[4.905744194984436,52.37215386487409],[4.905685186386108,52.37220626706611],[4.905862212181091,52.37228814536668],[4.905872941017151,52.37228814536668],[4.905958771705627,52.37233072202299],[4.905969500541687,52.37233072202299],[4.906049966812134,52.37237329863826],[4.90614652633667,52.37240932497296],[4.906205534934998,52.372356923021854],[4.905840754508972,52.372189891387784]]]}},{"type":"Feature","properties":{"mvt_id":8863041442,"class":"bridge","layer":1,"brunnel":"bridge"},"geometry":{"type":"Polygon","coordinates":[[[4.903281927108765,52.37356215216798],[4.903233647346497,52.37362765280974],[4.903748631477356,52.3737750288985],[4.903796911239624,52.37370952847532],[4.903281927108765,52.37356215216798]]]}},{"type":"Feature","properties":{"mvt_id":8882689422,"class":"bridge","layer":1,"brunnel":"bridge"},"geometry":{"type":"Polygon","coordinates":[[[4.911768436431885,52.37032957480894],[4.911666512489319,52.37026406927604],[4.911569952964783,52.37031974898521],[4.911666512489319,52.37038525443553],[4.911768436431885,52.37032957480894]]]}},{"type":"Feature","properties":{"mvt_id":8889917392,"class":"bridge","layer":1,"brunnel":"bridge"},"geometry":{"type":"Polygon","coordinates":[[[4.918613433837891,52.367417760060285],[4.918645620346069,52.36745379043694],[4.918844103813171,52.36738172965423],[4.918806552886963,52.3673456992188],[4.918613433837891,52.367417760060285]]]}},{"type":"Feature","properties":{"mvt_id":9015066632,"class":"bridge","layer":1,"brunnel":"bridge"},"geometry":{"type":"Polygon","coordinates":[[[4.911940097808838,52.374485702245174],[4.911940097808838,52.37443985269694],[4.910792112350464,52.37465927510377],[4.910695552825928,52.3746985745242],[4.909783601760864,52.375216013631835],[4.909864068031311,52.375232388188174],[4.910749197006226,52.37473132401452],[4.910818934440613,52.374701849474334],[4.911940097808838,52.374485702245174]]]}},{"type":"Feature","properties":{"mvt_id":9015146272,"class":"bridge","layer":1,"brunnel":"bridge"},"geometry":{"type":"Polygon","coordinates":[[[4.918720722198486,52.36902599643553],[4.918650984764099,52.36904892402572],[4.919085502624512,52.36951074866534],[4.919160604476929,52.369477995303875],[4.919058680534363,52.3693928364504],[4.918720722198486,52.36902599643553]]]}},{"type":"Feature","properties":{"mvt_id":10200112362,"class":"bridge","layer":1,"brunnel":"bridge"},"geometry":{"type":"Polygon","coordinates":[[[4.903276562690735,52.375068642351536],[4.903780817985535,52.3754321572867],[4.903855919837952,52.37539285851904],[4.903351664543152,52.37502934326041],[4.903276562690735,52.375068642351536]]]}},{"type":"Feature","properties":{"mvt_id":10400546082,"class":"bridge","layer":1,"brunnel":"bridge"},"geometry":{"type":"Polygon","coordinates":[[[4.904488921165466,52.36292028319933],[4.904462099075317,52.362992351259486],[4.904601573944092,52.363018557797666],[4.9046391248703,52.362946489780256],[4.904488921165466,52.36292028319933]]]}},{"type":"Feature","properties":{"mvt_id":10526805182,"class":"bridge","layer":1,"brunnel":"bridge"},"geometry":{"type":"Polygon","coordinates":[[[4.900749921798706,52.375143965511796],[4.9006640911102295,52.37515379026236],[4.9006640911102295,52.375179989586506],[4.900755286216736,52.37517016484177],[4.900749921798706,52.375143965511796]]]}},{"type":"Feature","properties":{"mvt_id":10527454522,"class":"bridge","layer":1,"brunnel":"bridge"},"geometry":{"type":"Polygon","coordinates":[[[4.908099174499512,52.365799638305],[4.908018708229065,52.36597324529924],[4.90813672542572,52.36599289887823],[4.908217191696167,52.365819291961245],[4.908099174499512,52.365799638305]]]}},{"type":"Feature","properties":{"mvt_id":10527454532,"class":"bridge","layer":1,"brunnel":"bridge"},"geometry":{"type":"Polygon","coordinates":[[[4.9073052406311035,52.36635648851266],[4.90740180015564,52.36641544871195],[4.907428622245789,52.36639907088671],[4.907332062721252,52.36634011066556],[4.9073052406311035,52.36635648851266]]]}},{"type":"Feature","properties":{"mvt_id":10527454542,"class":"bridge","layer":1,"brunnel":"bridge"},"geometry":{"type":"Polygon","coordinates":[[[4.906237721443176,52.36656939997243],[4.906184077262878,52.36660543104102],[4.906345009803772,52.36669387081208],[4.90639865398407,52.366657839815616],[4.906237721443176,52.36656939997243]]]}},{"type":"Feature","properties":{"mvt_id":11965188102,"class":"bridge","layer":1,"brunnel":"bridge"},"geometry":{"type":"Polygon","coordinates":[[[4.91888701915741,52.367319495247294],[4.918554425239563,52.367437412996644],[4.9185919761657715,52.367473443357284],[4.918919205665588,52.367355525704106],[4.91888701915741,52.367319495247294]]]}},{"type":"Feature","properties":{"mvt_id":13968358632,"class":"bridge","layer":1,"brunnel":"bridge"},"geometry":{"type":"Polygon","coordinates":[[[4.915663003921509,52.36676593271684],[4.915700554847717,52.36677575933111],[4.915732741355896,52.36676593271684],[4.915732741355896,52.366743003941714],[4.915700554847717,52.36672990177915],[4.915668368339539,52.366743003941714],[4.915663003921509,52.36676593271684]]]}},{"type":"Feature","properties":{"mvt_id":13968358642,"class":"bridge","layer":1,"brunnel":"bridge"},"geometry":{"type":"Polygon","coordinates":[[[4.9151211977005005,52.36680196362515],[4.915148019790649,52.36681506576633],[4.9151962995529175,52.36679868808923],[4.9151962995529175,52.36677903486872],[4.915164113044739,52.36676920825517],[4.9151211977005005,52.36678231040607],[4.9151211977005005,52.36680196362515]]]}},{"type":"Feature","properties":{"mvt_id":14081426412,"class":"bridge","layer":1,"brunnel":"bridge"},"geometry":{"type":"Polygon","coordinates":[[[4.91437554359436,52.36592738691424],[4.914370179176331,52.36601255244849],[4.914429187774658,52.36600927685406],[4.914429187774658,52.36594704051364],[4.914456009864807,52.365894630895795],[4.9145203828811646,52.36582911878608],[4.914574027061462,52.36580291391498],[4.914541840553284,52.36577998464003],[4.914456009864807,52.36582584317804],[4.9143970012664795,52.36588480408553],[4.91437554359436,52.36592738691424]]]}},{"type":"Feature","properties":{"mvt_id":14098576482,"class":"bridge","layer":1,"brunnel":"bridge"},"geometry":{"type":"Polygon","coordinates":[[[4.920233488082886,52.36541639026087],[4.920249581336975,52.36543276845042],[4.920319318771362,52.365409838983346],[4.920303225517273,52.36539018514496],[4.920233488082886,52.36541639026087]]]}},{"type":"Feature","properties":{"mvt_id":132390973,"subclass":"pedestrian","class":"path","layer":2},"geometry":{"type":"Polygon","coordinates":[[[4.900433421134949,52.368963764345054],[4.900572896003723,52.36908822843834],[4.902874231338501,52.36814818831899],[4.902949333190918,52.3682136969897],[4.903276562690735,52.36807940411019],[4.902750849723816,52.36792218265934],[4.902675747871399,52.3678959790298],[4.902600646018982,52.36785339809863],[4.902573823928833,52.36782719442828],[4.902552366256714,52.36783374534733],[4.90165114402771,52.368210421558466],[4.9001652002334595,52.368809821428755],[4.900310039520264,52.368944112087746],[4.900433421134949,52.368963764345054]],[[4.9018120765686035,52.36829230726631],[4.901731610298157,52.36822352328193],[4.902579188346863,52.36787305084119],[4.90264892578125,52.36794511082245],[4.9018120765686035,52.36829230726631]],[[4.901517033576965,52.368406947002285],[4.901232719421387,52.36852486184889],[4.901184439659119,52.368482281523924],[4.901468753814697,52.36836764198347],[4.901517033576965,52.368406947002285]],[[4.901677966117859,52.36855106510539],[4.90140438079834,52.3686689795673],[4.901356101036072,52.36862967478164],[4.901629686355591,52.368511760214815],[4.901677966117859,52.36855106510539]],[[4.901050329208374,52.368813096815536],[4.901002049446106,52.36877051676841],[4.901211261749268,52.36868208115476],[4.901259541511536,52.36872466128714],[4.901050329208374,52.368813096815536]],[[4.900878667831421,52.3686689795673],[4.900835752487183,52.36862967478164],[4.901050329208374,52.368541238886024],[4.901093244552612,52.368580543750376],[4.900878667831421,52.3686689795673]],[[4.90065336227417,52.36894083671068],[4.900524616241455,52.368917909064386],[4.900551438331604,52.36886550297104],[4.900680184364319,52.36888843064453],[4.90065336227417,52.36894083671068]],[[4.900696277618408,52.36885895220502],[4.900567531585693,52.36883602451623],[4.900594353675842,52.36878689371448],[4.900717735290527,52.368809821428755],[4.900696277618408,52.36885895220502]],[[4.902026653289795,52.36832833692967],[4.902058839797974,52.36835781572329],[4.902010560035706,52.36838074366029],[4.901973009109497,52.368347989460936],[4.902026653289795,52.36832833692967]]]}},{"type":"Feature","properties":{"mvt_id":4567488052,"class":"bridge","layer":1,"brunnel":"bridge"},"geometry":{"type":"Polygon","coordinates":[[[4.909788966178894,52.369055474763584],[4.909654855728149,52.36913080817923],[4.90989625453949,52.36929130067978],[4.910030364990234,52.36921596753785],[4.909788966178894,52.369055474763584]]]}},{"type":"Feature","properties":{"mvt_id":4872201982,"class":"bridge","layer":1,"brunnel":"bridge"},"geometry":{"type":"Polygon","coordinates":[[[4.921542406082153,52.375579527353956],[4.921405613422394,52.3755991766591],[4.921549762998296,52.3755991766591],[4.921542406082153,52.375579527353956]]]}},{"type":"Feature","properties":{"mvt_id":8036070682,"class":"bridge","layer":1,"brunnel":"bridge"},"geometry":{"type":"Polygon","coordinates":[[[4.907192587852478,52.36747016787117],[4.907326698303223,52.36742103555028],[4.907010197639465,52.367214679205844],[4.906870722770691,52.367260536254584],[4.907192587852478,52.36747016787117]]]}},{"type":"Feature","properties":{"mvt_id":8594113592,"class":"bridge","layer":1,"brunnel":"bridge"},"geometry":{"type":"Polygon","coordinates":[[[4.907675385475159,52.37263530767492],[4.907573461532593,52.37269098439498],[4.907868504524231,52.37283836360929],[4.907970428466797,52.372782687075016],[4.907675385475159,52.37263530767492]]]}},{"type":"Feature","properties":{"mvt_id":8892653622,"class":"bridge","layer":1,"brunnel":"bridge"},"geometry":{"type":"Polygon","coordinates":[[[4.913962483406067,52.36874431364209],[4.913704991340637,52.36846262905241],[4.91363525390625,52.368488832345825],[4.91389274597168,52.36877051676841],[4.913962483406067,52.36874431364209]]]}},{"type":"Feature","properties":{"mvt_id":9761102022,"class":"bridge","layer":1,"brunnel":"bridge"},"geometry":{"type":"Polygon","coordinates":[[[4.903850555419922,52.36807285322759],[4.9042850732803345,52.36812853569884],[4.90439772605896,52.36809250587251],[4.904419183731079,52.368063026901844],[4.904413819313049,52.368040098799945],[4.90440309047699,52.368046649687415],[4.90388810634613,52.36798114076899],[4.903877377510071,52.3679745898718],[4.903829097747803,52.368004068901485],[4.903818368911743,52.368036823355844],[4.903823733329773,52.36805975145944],[4.903839826583862,52.36807940411019],[4.903850555419922,52.36807285322759]]]}},{"type":"Feature","properties":{"mvt_id":5627573762,"subclass":"subway","class":"transit","layer":-2,"brunnel":"tunnel"},"geometry":{"type":"LineString","coordinates":[[4.903362393379211,52.3755991766591],[4.903448224067688,52.37539285851904],[4.903507232666016,52.375166889926376],[4.903539419174194,52.3748983460374],[4.903523325920105,52.374629800515486],[4.9034857749938965,52.374452952572724],[4.903432130813599,52.37428920384615],[4.9033355712890625,52.374063229606456],[4.903212189674377,52.373850354265066]]}},{"type":"Feature","properties":{"mvt_id":73707952,"subclass":"cycleway","class":"path","layer":-1,"brunnel":"tunnel","surface":"paved"},"geometry":{"type":"LineString","coordinates":[[4.904660582542419,52.36623856787802],[4.905127286911011,52.366333559525025]]}},{"type":"Feature","properties":{"mvt_id":266137482,"subclass":"footway","class":"path","layer":-1,"brunnel":"tunnel","access":"no"},"geometry":{"type":"MultiLineString","coordinates":[[[4.906259179115295,52.36509865218215],[4.906302094459534,52.365003657879825]],[[4.9198901653289795,52.366300803807746],[4.919756054878235,52.366182883024464],[4.919509291648865,52.36594048931481]]]}},{"type":"Feature","properties":{"mvt_id":1391453232,"class":"service","layer":-1,"brunnel":"tunnel","horse":"no","bicycle":"no","foot":"no"},"geometry":{"type":"LineString","coordinates":[[4.90164041519165,52.366883851943804],[4.901458024978638,52.36671024852803],[4.899977445602417,52.36729001576077],[4.901227355003357,52.368485556935],[4.901795983314514,52.368262828428975]]}},{"type":"Feature","properties":{"mvt_id":6460802722,"subclass":"footway","class":"path","layer":-1,"brunnel":"tunnel","surface":"paved"},"geometry":{"type":"MultiLineString","coordinates":[[[4.907589554786682,52.36334286242127],[4.907519817352295,52.36347389391723]],[[4.9131739139556885,52.369183213957804],[4.9132490158081055,52.36926509786238]],[[4.9133241176605225,52.36934698161516],[4.91339385509491,52.36942886521614]],[[4.912583827972412,52.36955987866201],[4.912503361701965,52.369589356633774]]]}},{"type":"Feature","properties":{"mvt_id":8358767262,"subclass":"footway","class":"path","layer":-1,"brunnel":"tunnel"},"geometry":{"type":"MultiLineString","coordinates":[[[4.902353882789612,52.3673456992188],[4.902777671813965,52.367106587402624]],[[4.904682040214539,52.36619598534926],[4.9051326513290405,52.36628442594001],[4.90515410900116,52.36628770151404]],[[4.904478192329407,52.36620908767017],[4.904322624206543,52.36631063052548]],[[4.904880523681641,52.36628115036572],[4.904939532279968,52.36619270976843],[4.904800057411194,52.366169780695785],[4.904832243919373,52.366114095755535],[4.9047088623046875,52.366091166642086],[4.9046337604522705,52.366120646928614]],[[4.905111193656921,52.366327008383514],[4.9051326513290405,52.36628442594001]],[[4.91513729095459,52.36849865857685],[4.9153733253479,52.3687574152072]],[[4.915255308151245,52.36862639938126],[4.915249943733215,52.36862967478164]],[[4.915260672569275,52.36863295018179],[4.915255308151245,52.36863622558169]],[[4.9208396673202515,52.372068711179466],[4.920716285705566,52.37199010762332]],[[4.915426969528198,52.36967123978547],[4.915282130241394,52.3697301955607]],[[4.9132490158081055,52.36926509786238],[4.9133241176605225,52.36934698161516]]]}},{"type":"Feature","properties":{"mvt_id":13125995762,"subclass":"steps","class":"path","layer":-1,"brunnel":"tunnel"},"geometry":{"type":"LineString","coordinates":[[4.904478192329407,52.36620908767017],[4.9046337604522705,52.366120646928614]]}},{"type":"Feature","properties":{"mvt_id":14095205002,"class":"track","layer":-1,"brunnel":"tunnel","access":"no"},"geometry":{"type":"LineString","coordinates":[[4.917819499969482,52.36542621717533],[4.917851686477661,52.36538363386356]]}},{"type":"Feature","properties":{"mvt_id":14938849992,"class":"service","layer":-1,"brunnel":"tunnel","surface":"paved","access":"no","foot":"permissive"},"geometry":{"type":"LineString","coordinates":[[4.911838173866272,52.36343458450924],[4.9121010303497314,52.36348372126376]]}},{"type":"Feature","properties":{"mvt_id":8358766972,"class":"minor","layer":-1,"brunnel":"tunnel","oneway":1},"geometry":{"type":"LineString","coordinates":[[4.919251799583435,52.37274666104485],[4.91913914680481,52.37281543798603]]}},{"type":"Feature","properties":{"mvt_id":8358767002,"class":"minor","layer":-1,"brunnel":"tunnel","surface":"paved","oneway":1},"geometry":{"type":"LineString","coordinates":[[4.919042587280273,52.37275648632872],[4.919155240058899,52.37268443419626]]}},{"type":"Feature","properties":{"mvt_id":392711892,"subclass":"subway","class":"transit","layer":-1,"brunnel":"tunnel"},"geometry":{"type":"MultiLineString","coordinates":[[[4.903212189674377,52.373850354265066],[4.903045892715454,52.37362765280974],[4.902933239936829,52.373503201507354],[4.902804493904114,52.373378749854275],[4.902520179748535,52.37314294576045],[4.901956915855408,52.372704084789504],[4.9016886949539185,52.372481377554216],[4.901495575904846,52.37228814536668],[4.901366829872131,52.37214076431638],[4.901205897331238,52.37191150392729],[4.900567531585693,52.37074225743241],[4.900444149971008,52.37048351242888],[4.900374412536621,52.370280445668364],[4.900331497192383,52.37010685560072],[4.900310039520264,52.36987758465452],[4.900310039520264,52.36970399300365],[4.900336861610413,52.369500922659455],[4.9003905057907104,52.369284749976885],[4.900465607643127,52.36908167770534],[4.900562167167664,52.36888843064453],[4.900685548782349,52.36868535655102],[4.9008142948150635,52.368511760214815],[4.900996685028076,52.36829558269147],[4.90115225315094,52.36813836201001],[4.901323914527893,52.367990967112945],[4.901506304740906,52.367846847182506],[4.901683330535889,52.367722379591456],[4.90189790725708,52.36758480974071],[4.902203679084778,52.36740138260663],[4.903496503829956,52.36669714635575],[4.903603792190552,52.36662508433878],[4.904467463493347,52.36615340277947],[4.90464448928833,52.36604530837949],[4.904923439025879,52.36585204803553],[4.905180931091309,52.36562603062855],[4.905363321304321,52.36543276845042],[4.905492067337036,52.36526571063214],[4.9056583642959595,52.36502003622238],[4.905744194984436,52.36487263092078],[4.906071424484253,52.364253523283345],[4.906699061393738,52.36314959025542],[4.907053112983704,52.36255994113529],[4.907290915537146,52.362183216744256]],[[4.90737502915519,52.362183216744256],[4.907289147377014,52.36231752754776],[4.907063841819763,52.36276304338733],[4.90689754486084,52.36306114338907],[4.906522035598755,52.363693370802366],[4.905996322631836,52.36462695432516],[4.905722737312317,52.36504624155785],[4.905427694320679,52.36545569790558],[4.905261397361755,52.36564895998341],[4.905046820640564,52.365858599247474],[4.904928803443909,52.365960142908385],[4.904601573944092,52.36620253651021],[4.904295802116394,52.3663925197549],[4.902107119560242,52.36758808521834],[4.901785254478455,52.36777151157718],[4.901484847068787,52.367968038973636],[4.901366829872131,52.36805320057391],[4.901205897331238,52.368190768966],[4.901061058044434,52.36833161235216],[4.900884032249451,52.3685281372568],[4.900766015052795,52.36868863194702],[4.90065336227417,52.36887532911828],[4.900562167167664,52.36907840233847],[4.900503158569336,52.36925527180184],[4.900460243225098,52.369432140557024],[4.9004387855529785,52.369628660565525],[4.900444149971008,52.369844831565054],[4.900465607643127,52.37000532147135],[4.9005138874053955,52.370218215345204],[4.900583624839783,52.370401630782936],[4.900701642036438,52.37064072476362],[4.901248812675476,52.37165604094911],[4.9014633893966675,52.37202285912205],[4.90165114402771,52.372278319978626],[4.901774525642395,52.37242242545102],[4.901914000511169,52.37256653045324],[4.90214467048645,52.3727761368899],[4.90264892578125,52.37318879665507],[4.9028849601745605,52.3733918500448],[4.903099536895752,52.37361455268915],[4.903265833854675,52.37383725421054],[4.903378486633301,52.374030479620714],[4.903453588485718,52.37418440434253],[4.903550148010254,52.37447915231264],[4.903582334518433,52.3746658250096],[4.903593063354492,52.37476079853505],[4.903587698936462,52.37504571788596],[4.903555512428284,52.375232388188174],[4.903496503829956,52.375419057701365],[4.9034174744572,52.3755991766591]]]}},{"type":"Feature","properties":{"mvt_id":3978091542,"subclass":"subway","class":"transit","layer":-1,"brunnel":"tunnel","service":"yard"},"geometry":{"type":"MultiLineString","coordinates":[[[4.905948042869568,52.364600748741],[4.906468391418457,52.36367044043254],[4.906817078590393,52.36306441920208],[4.906961917877197,52.36282200838241],[4.907289147377014,52.36231752754776]],[[4.907160401344299,52.362386320728035],[4.906994104385376,52.36277614672637]],[[4.906817078590393,52.36306441920208],[4.906591773033142,52.363339586628896]]]}},{"type":"Feature","properties":{"mvt_id":73710112,"class":"trunk","layer":-1,"brunnel":"tunnel","surface":"paved","oneway":1},"geometry":{"type":"LineString","coordinates":[[4.910872578620911,52.37143005323675],[4.911092519760132,52.37161346364243],[4.911264181137085,52.37178049745638]]}},{"type":"Feature","properties":{"mvt_id":73710122,"class":"trunk","layer":-1,"brunnel":"tunnel","surface":"paved","oneway":1},"geometry":{"type":"LineString","coordinates":[[4.91113543510437,52.37182962492851],[4.910754561424255,52.371479181098664]]}},{"type":"Feature","properties":{"mvt_id":73710222,"class":"trunk","layer":-1,"brunnel":"tunnel","surface":"paved","horse":"no","bicycle":"no","foot":"no","oneway":1},"geometry":{"type":"LineString","coordinates":[[4.91239070892334,52.373673503201154],[4.912433624267578,52.37409597956791],[4.912433624267578,52.374259729010895],[4.912186861038208,52.37545508155168],[4.912151892979949,52.3755991766591]]}},{"type":"Feature","properties":{"mvt_id":73710262,"class":"trunk","layer":-1,"brunnel":"tunnel","surface":"paved","horse":"no","bicycle":"no","foot":"no","oneway":1},"geometry":{"type":"LineString","coordinates":[[4.9119385651179925,52.3755991766591],[4.911977648735046,52.37544198197315],[4.912186861038208,52.37444967760414],[4.912219047546387,52.374253179044835],[4.912219047546387,52.37410580455162],[4.912165403366089,52.37364730298331]]}},{"type":"Feature","properties":{"mvt_id":385720072,"subclass":"cycleway","class":"path","brunnel":"tunnel","surface":"paved"},"geometry":{"type":"LineString","coordinates":[[4.914219975471497,52.36880327065446],[4.914348721504211,52.36894083671068]]}},{"type":"Feature","properties":{"mvt_id":2236789032,"subclass":"footway","class":"path","brunnel":"tunnel","surface":"paved"},"geometry":{"type":"MultiLineString","coordinates":[[[4.900723099708557,52.37144970438808],[4.900605082511902,52.37144315400527]],[[4.901061058044434,52.37055884340909],[4.900985956192017,52.37085361557499]],[[4.919546842575073,52.36366388889611],[4.919418096542358,52.363785092162686]],[[4.91638720035553,52.3718263497654],[4.916317462921143,52.37190167845545]],[[4.917336702346802,52.371177862685386],[4.917224049568176,52.371109083194206]],[[4.916424751281738,52.370984624795064],[4.916274547576904,52.37093222115366]],[[4.918098449707031,52.370208389496696],[4.918195009231567,52.37030009733116],[4.918296933174133,52.37036232753896]]]}},{"type":"Feature","properties":{"mvt_id":2671031772,"subclass":"pedestrian","class":"path","brunnel":"tunnel","surface":"paved","bicycle":"permissive"},"geometry":{"type":"LineString","coordinates":[[4.901951551437378,52.37251085357631],[4.90189790725708,52.37247810243943]]}},{"type":"Feature","properties":{"mvt_id":2671031812,"subclass":"footway","class":"path","brunnel":"tunnel","foot":"yes"},"geometry":{"type":"LineString","coordinates":[[4.900261759757996,52.37043765872586],[4.900320768356323,52.37054901763636]]}},{"type":"Feature","properties":{"mvt_id":2690746192,"subclass":"pedestrian","class":"path","brunnel":"tunnel","surface":"paved"},"geometry":{"type":"LineString","coordinates":[[4.919933080673218,52.37248465266875],[4.9200403690338135,52.37255670512712]]}},{"type":"Feature","properties":{"mvt_id":2690777442,"subclass":"path","class":"path","brunnel":"tunnel","surface":"paved"},"geometry":{"type":"LineString","coordinates":[[4.911811351776123,52.370090479144025],[4.911709427833557,52.37003152384966]]}},{"type":"Feature","properties":{"mvt_id":2737318512,"subclass":"footway","class":"path","brunnel":"tunnel","surface":"paved","bicycle":"no"},"geometry":{"type":"MultiLineString","coordinates":[[[4.900626540184021,52.369684341075654],[4.900755286216736,52.36971709428411]],[[4.900181293487549,52.36949764732367],[4.900358319282532,52.36962538523922]]]}},{"type":"Feature","properties":{"mvt_id":4417900882,"subclass":"footway","class":"path","brunnel":"tunnel"},"geometry":{"type":"MultiLineString","coordinates":[[[4.90041196346283,52.37060797224002],[4.900476336479187,52.370699679244886]],[[4.902332425117493,52.36529191582188],[4.902482628822327,52.36531812099607]],[[4.906543493270874,52.36286459416325],[4.906725883483887,52.36290062825343]]]}},{"type":"Feature","properties":{"mvt_id":14093123332,"subclass":"footway","class":"path","brunnel":"tunnel","access":"no"},"geometry":{"type":"MultiLineString","coordinates":[[[4.920362234115601,52.36541966589926],[4.9201905727386475,52.36522967847086],[4.920158386230469,52.36520347324421],[4.9201154708862305,52.365187094969656],[4.920051097869873,52.36517726800201],[4.920008182525635,52.36517726800201],[4.919959902763367,52.365187094969656],[4.91987943649292,52.365216575859485]],[[4.918581247329712,52.36572757482401],[4.918339848518372,52.36580946513421]]]}},{"type":"Feature","properties":{"mvt_id":14719699212,"subclass":"steps","class":"path","layer":-1},"geometry":{"type":"LineString","coordinates":[[4.901790618896484,52.367240883239525],[4.901930093765259,52.36736862768111],[4.9019622802734375,52.36735880119872]]}},{"type":"Feature","properties":{"mvt_id":14719699222,"subclass":"footway","class":"path","brunnel":"tunnel","surface":"paved","horse":"no","bicycle":"no"},"geometry":{"type":"LineString","coordinates":[[4.9019622802734375,52.36735880119872],[4.902353882789612,52.3673456992188]]}},{"type":"Feature","properties":{"mvt_id":2690003132,"class":"minor","brunnel":"tunnel","oneway":1},"geometry":{"type":"LineString","coordinates":[[4.906452298164368,52.364325589168786],[4.906661510467529,52.36436817350038]]}},{"type":"Feature","properties":{"mvt_id":2690003152,"class":"minor","brunnel":"tunnel","oneway":1},"geometry":{"type":"LineString","coordinates":[[4.90663468837738,52.36441075779093],[4.906425476074219,52.36436817350038]]}},{"type":"Feature","properties":{"mvt_id":2690779542,"class":"minor","brunnel":"tunnel","surface":"paved","foot":"yes"},"geometry":{"type":"LineString","coordinates":[[4.912342429161072,52.36958608130455],[4.912261962890625,52.369500922659455]]}},{"type":"Feature","properties":{"mvt_id":43619392,"subclass":"footway","class":"path","surface":"paved","foot":"yes"},"geometry":{"type":"MultiLineString","coordinates":[[[4.900320768356323,52.37054901763636],[4.900342226028442,52.370578494948035]],[[4.900234937667847,52.370352501722515],[4.900224208831787,52.37037870389487],[4.900261759757996,52.37043765872586]],[[4.900127649307251,52.36993654015434],[4.90041196346283,52.36981862907601]],[[4.900342226028442,52.37007082738798],[4.900723099708557,52.370074102681265]],[[4.905164837837219,52.366376141921165],[4.905572533607483,52.36644492878208],[4.9061518907547,52.36655957331226],[4.906200170516968,52.36658577773452]],[[4.9061518907547,52.36655957331226],[4.9063557386398315,52.366369590785965],[4.9063825607299805,52.366313906097574]],[[4.905545711517334,52.3663826930554],[4.905572533607483,52.36644492878208]],[[4.911859631538391,52.368799995266954],[4.911666512489319,52.368596920766876]],[[4.912476539611816,52.36858381915417],[4.912294149398804,52.36837746824145]],[[4.91364061832428,52.36843642574345],[4.9113768339157104,52.36921596753785],[4.911092519760132,52.36891463368537],[4.911012053489685,52.368813096815536]],[[4.914284348487854,52.36565878684613],[4.913404583930969,52.3646826411399]],[[4.913785457611084,52.36350992751049],[4.913785457611084,52.36353940951948],[4.913865923881531,52.363598373478446]],[[4.914252161979675,52.36421421456901],[4.914370179176331,52.364338692044406]],[[4.916483759880066,52.3679647635242],[4.916864633560181,52.36839384533322]],[[4.916827082633972,52.37217024056578],[4.916929006576538,52.372068711179466]],[[4.916671514511108,52.37208508690272],[4.916698336601257,52.3720588857426]],[[4.916397929191589,52.36926509786238],[4.916322827339172,52.36938301041828],[4.916274547576904,52.36940266248034],[4.916258454322815,52.36943869123807],[4.916258454322815,52.36950747333029],[4.916113615036011,52.36976294873516]],[[4.912610650062561,52.36955005266705],[4.914101958274841,52.36902599643553],[4.914359450340271,52.368953938217494],[4.914466738700867,52.368898256786665],[4.914756417274475,52.36880327065446],[4.916650056838989,52.36814818831899],[4.918087720870972,52.36764049282716]],[[4.91513729095459,52.37134817334547],[4.915089011192322,52.37139730129845]],[[4.915035367012024,52.37145297957912],[4.915030002593994,52.37145625476991]],[[4.915276765823364,52.37221281733575],[4.915174841880798,52.37225866919596],[4.914987087249756,52.372465001977886],[4.915400147438049,52.37262875746795],[4.915550351142883,52.37253705446832],[4.916709065437317,52.373185521592745],[4.916757345199585,52.373224822324595]],[[4.915502071380615,52.37223901840456],[4.91537868976593,52.372353647897846]],[[4.915974140167236,52.37183290009138],[4.916027784347534,52.37177067195541]],[[4.916430115699768,52.37295299154709],[4.916462302207947,52.37297591709895],[4.916505217552185,52.372949716467275]]]}},{"type":"Feature","properties":{"mvt_id":43621052,"class":"service","surface":"paved","service":"parking_aisle"},"geometry":{"type":"MultiLineString","coordinates":[[[4.908565878868103,52.363113556368276],[4.907696843147278,52.3629595930649],[4.907664656639099,52.362966144705766],[4.9076056480407715,52.3630709708274],[4.907616376876831,52.36309062569752]],[[4.915367960929871,52.3640012917586],[4.915212392807007,52.363824401258825]]]}},{"type":"Feature","properties":{"mvt_id":43636372,"subclass":"cycleway","class":"path","surface":"paved"},"geometry":{"type":"MultiLineString","coordinates":[[[4.903416037559509,52.37505881758204],[4.904086589813232,52.374678924818355],[4.904623031616211,52.37438417818151],[4.905062913894653,52.37416475440791],[4.90714967250824,52.37301194294211],[4.907358884811401,52.37286783939314]],[[4.907358884811401,52.37286783939314],[4.9076539278030396,52.37273028556688]],[[4.903163909912109,52.3755991766591],[4.903163909912109,52.37544198197315],[4.903180003166199,52.37535028481462],[4.903239011764526,52.375232388188174],[4.903330206871033,52.37511776616628]],[[4.9077558517456055,52.37267460889637],[4.90789532661438,52.372592731312224],[4.908056259155273,52.372465001977886]],[[4.907026290893555,52.37345407589672],[4.9070799350738525,52.37335254946157],[4.907412528991699,52.37314294576045],[4.907492995262146,52.37307416932928],[4.907509088516235,52.37303486846337],[4.907503724098206,52.37301849309225],[4.90738570690155,52.372930065983326],[4.907358884811401,52.37286783939314]],[[4.904505014419556,52.37028372094611],[4.903968572616577,52.370738982188676]],[[4.900637269020081,52.37051298978427],[4.900487065315247,52.370539191861425],[4.89990234375,52.370691898166605]],[[4.90538477897644,52.368118709385485],[4.905256032943726,52.36806957778592],[4.905218482017517,52.368066302344],[4.905068278312683,52.3681154339472]],[[4.905068278312683,52.3681154339472],[4.904617667198181,52.36826937928342],[4.904451370239258,52.36833161235216],[4.904220700263977,52.36843970115791],[4.903968572616577,52.36858709455771],[4.90390419960022,52.368580543750376],[4.9038344621658325,52.36858709455771],[4.903791546821594,52.36856089132258],[4.903716444969177,52.36849538316675],[4.903694987297058,52.368465904464934],[4.903700351715088,52.36843642574345],[4.903689622879028,52.36838074366029],[4.90339457988739,52.368099056752214],[4.903319478034973,52.368063026901844],[4.90340530872345,52.36782064350826],[4.903432130813599,52.36781409258728],[4.90364670753479,52.3676929003738],[4.90389883518219,52.3675389530286],[4.904231429100037,52.36766669660825],[4.904676675796509,52.36798114076899],[4.904751777648926,52.36800734434802],[4.904805421829224,52.368017170686144],[4.9048912525177,52.3680204461317],[4.904966354370117,52.36800734434802],[4.905068278312683,52.3681154339472]],[[4.904338717460632,52.36620253651021],[4.904446005821228,52.3662221899872],[4.904660582542419,52.36623856787802]],[[4.905127286911011,52.366333559525025],[4.9054330587387085,52.36638596862214],[4.905545711517334,52.3663826930554],[4.905835390090942,52.36635648851266],[4.906296730041504,52.366327008383514],[4.9063825607299805,52.366313906097574],[4.906677603721619,52.366300803807746],[4.906827807426453,52.36627787479121],[4.906978011131287,52.36626804806618],[4.9071550369262695,52.366205812090314]],[[4.9018120765686035,52.36713934252244],[4.901833534240723,52.367116413941126],[4.901822805404663,52.36709348534791],[4.901608228683472,52.36689695406071]],[[4.900428056716919,52.365806189524726],[4.900352954864502,52.36599289887823],[4.900304675102234,52.3662221899872]],[[4.905712008476257,52.36529846711688],[4.9056315422058105,52.3653934607853],[4.90513801574707,52.366127198100735],[4.904971718788147,52.36643837765708]],[[4.905878305435181,52.36505934421975],[4.9058085680007935,52.36516088971774]],[[4.914187788963318,52.368763965988286],[4.914219975471497,52.36880327065446]],[[4.919906258583069,52.363431308723676],[4.919943809509277,52.363450963433486],[4.9202388525009155,52.36350992751049]],[[4.92087721824646,52.36465643558876],[4.920936226844788,52.36462695432516],[4.920941591262817,52.36459092164292]],[[4.919643402099609,52.364086461005904],[4.919729232788086,52.364017670472755]],[[4.920571446418762,52.36925854715559],[4.919509291648865,52.36964503719344],[4.919305443763733,52.36971381896436]],[[4.92087185382843,52.371197513948914],[4.9212634563446045,52.3709616982096]],[[4.918752908706665,52.3699037871086],[4.918586611747742,52.36996929317579],[4.918050169944763,52.37016253550806],[4.917551279067993,52.37032957480894]],[[4.914348721504211,52.36894083671068],[4.914515018463135,52.369120982088816]],[[4.91089940071106,52.37007082738798],[4.9108511209487915,52.37009375443584]],[[4.912358522415161,52.37134162294761],[4.911913275718689,52.37150538260268],[4.91188645362854,52.37152830890593],[4.91188645362854,52.3715610607471],[4.911784529685974,52.37159381256396],[4.911763072013855,52.37160363810429],[4.911752343177795,52.37161673882132],[4.911752343177795,52.37163311471215],[4.911816716194153,52.37175429611557],[4.912052750587463,52.37198683247211]],[[4.91214394569397,52.37110580797767],[4.912245869636536,52.37108615667335]],[[4.9151962995529175,52.371374374927186],[4.91537868976593,52.371154936200234]],[[4.91537868976593,52.371154936200234],[4.915453791618347,52.37106978057974],[4.915587902069092,52.37099117524586],[4.915711283683777,52.37094204684116],[4.91639256477356,52.37071933072115],[4.9172937870025635,52.37041473185649]],[[4.91537868976593,52.371154936200234],[4.915609359741211,52.371253192481426],[4.916671514511108,52.371600362924426],[4.917358160018921,52.37185255106346],[4.917465448379517,52.37190167845545],[4.918178915977478,52.372343822524364],[4.919021129608154,52.37288748990476],[4.921005964279175,52.37410252955729],[4.921081066131592,52.374177854365286],[4.92112934589386,52.374256454027986],[4.921258091926575,52.374783723148525],[4.921075701713562,52.37482302245822]],[[4.918044805526733,52.372523954024246],[4.917170405387878,52.37199338277429],[4.917100667953491,52.371963906406855],[4.916462302207947,52.37174119543934],[4.915818572044373,52.371538134460835],[4.915512800216675,52.37147590590957],[4.9151962995529175,52.371374374927186]],[[4.9151962995529175,52.371374374927186],[4.91513729095459,52.37134817334547]],[[4.920576810836792,52.37405012961508],[4.920507073402405,52.374089429577566]],[[4.921875,52.3687983428191],[4.920753836631775,52.36919304003437]],[[4.921875,52.36593653307088],[4.921596050262451,52.36615995394672],[4.920458793640137,52.36656939997243],[4.920319318771362,52.366615257690995]],[[4.919196646660566,52.362183216744256],[4.919482469558716,52.36236338967985],[4.919707775115967,52.36251407920722],[4.919831156730652,52.362609078862526],[4.920029640197754,52.362730285022735],[4.920195937156677,52.36279907756035],[4.92038369178772,52.36285804250733]]]}},{"type":"Feature","properties":{"mvt_id":43645682,"subclass":"pedestrian","class":"path","surface":"paved","bicycle":"yes","foot":"yes"},"geometry":{"type":"MultiLineString","coordinates":[[[4.917937517166138,52.370866716514485],[4.918323755264282,52.37112218405793],[4.91936981678009,52.37177722228963]],[[4.911940097808838,52.374462777477014],[4.911983013153076,52.37445622754106],[4.911966919898987,52.374682199769936],[4.912487268447876,52.3747051244242],[4.912508726119995,52.374600325907544]]]}},{"type":"Feature","properties":{"mvt_id":43646122,"subclass":"cycleway","class":"path","surface":"paved","foot":"yes"},"geometry":{"type":"MultiLineString","coordinates":[[[4.901474118232727,52.36660543104102],[4.901452660560608,52.366628359887564],[4.901318550109863,52.36669387081208],[4.89990234375,52.367252786896024]],[[4.901683330535889,52.36345423921761],[4.901785254478455,52.36347389391723]],[[4.902927875518799,52.36368681926934],[4.903051257133484,52.36371302539562]],[[4.913404583930969,52.36817766723283],[4.9136728048324585,52.36847573070106]],[[4.913941025733948,52.368754139816275],[4.9140214920043945,52.36882292297444]],[[4.9172669649124146,52.368243175859824],[4.917299151420593,52.36829885811638],[4.9172937870025635,52.368351264881966],[4.917508363723755,52.368580543750376]],[[4.919224977493286,52.369631935891604],[4.91912841796875,52.369517299334724]],[[4.918677806854248,52.3690390979171],[4.91862952709198,52.36899324271464],[4.918602705001831,52.368980141219474],[4.918565154075623,52.36897686584507],[4.918538331985474,52.368980141219474],[4.918313026428223,52.369062025500476]],[[4.918313026428223,52.369062025500476],[4.918232560157776,52.36909805453603]],[[4.918313026428223,52.369062025500476],[4.917771220207214,52.368488832345825]],[[4.91713285446167,52.36950747333029],[4.917036294937134,52.369615559258825],[4.916231632232666,52.36988085996212],[4.916113615036011,52.36976294873516],[4.91587221622467,52.36984155625478],[4.915716648101807,52.369939815457585],[4.915260672569275,52.37008065326709]],[[4.921875,52.37469325044275],[4.921258091926575,52.374783723148525]]]}},{"type":"Feature","properties":{"mvt_id":70460032,"subclass":"footway","class":"path","surface":"paved"},"geometry":{"type":"MultiLineString","coordinates":[[[4.89990234375,52.375547043129984],[4.899954855071854,52.3755991766591]],[[4.903872013092041,52.37476734842582],[4.903764724731445,52.374813197634076]],[[4.903378486633301,52.37498676920555],[4.903603792190552,52.37486232173295]],[[4.903659820556669,52.3755991766591],[4.903668165206909,52.37557297758364],[4.903695933959057,52.375447953840315]],[[4.903695933959057,52.375447953840315],[4.9037110805511475,52.37537975892205]],[[4.903823733329773,52.375369934221766],[4.903931021690369,52.37530771106915]],[[4.903732538223267,52.37530443616395],[4.903764724731445,52.375232388188174],[4.903796911239624,52.37520618889511],[4.90415632724762,52.37496056976677],[4.9056476354599,52.37415492943733]],[[4.903689622879028,52.375451806657416],[4.903695933959057,52.375447953840315]],[[4.903695933959057,52.375447953840315],[4.903753995895386,52.37541250790724]],[[4.907562732696533,52.37554677849262],[4.907562732696533,52.37555987804007],[4.907432292637054,52.3755991766591]],[[4.909311532974243,52.37255670512712],[4.909257888793945,52.37256980556147],[4.909220337867737,52.372520678912636]],[[4.909472465515137,52.37262548236409],[4.90939736366272,52.37253705446832],[4.9093544483184814,52.37255015490849]],[[4.907847046852112,52.37282526325459],[4.907503724098206,52.37301849309225]],[[4.910497069358826,52.37207853661415],[4.910593628883362,52.372081811758555]],[[4.910668730735779,52.37197373186485],[4.9106365442276,52.37205233545014],[4.910545349121094,52.37204251000963],[4.910497069358826,52.37207853661415]],[[4.910497069358826,52.37207853661415],[4.909220337867737,52.372520678912636]],[[4.909220337867737,52.372520678912636],[4.908619523048401,52.37267460889637],[4.908270835876465,52.37260583173589],[4.908227920532227,52.372615657051085],[4.907948970794678,52.37276958670381]],[[4.9107009172439575,52.37195735610031],[4.911435842514038,52.37169206786886],[4.911805987358093,52.371642940243724]],[[4.909080862998962,52.37068330300797],[4.909059405326843,52.37067347726292],[4.909048676490784,52.37068330300797]],[[4.908855557441711,52.37080448701729],[4.909166693687439,52.370637449512344]],[[4.908587336540222,52.37069312875085],[4.908614158630371,52.370712780230036],[4.9086034297943115,52.37071605547571]],[[4.908581972122192,52.37072915645601],[4.908565878868103,52.370738982188676],[4.908533692359924,52.37071605547571]],[[4.908163547515869,52.37017236136677],[4.908324480056763,52.369992220276366]],[[4.907337427139282,52.36962538523922],[4.907433986663818,52.36952712533697]],[[4.907589554786682,52.36972036960363],[4.907686114311218,52.36962538523922]],[[4.907734394073486,52.369582805975085],[4.907809495925903,52.36950747333029]],[[4.907492995262146,52.369477995303875],[4.907557368278503,52.36940921316575]],[[4.906178712844849,52.36918648931691],[4.906264543533325,52.369104605266614]],[[4.9064308404922485,52.369284749976885],[4.906511306762695,52.369206141466385]],[[4.906548857688904,52.36917338787906],[4.906661510467529,52.369055474763584]],[[4.906302094459534,52.369071851604005],[4.906414747238159,52.368963764345054]],[[4.901291728019714,52.37153485927611],[4.901243448257446,52.37150210741553],[4.901007413864136,52.37145625476991],[4.900723099708557,52.37144970438808]],[[4.900605082511902,52.37144315400527],[4.900492429733276,52.3714366036215]],[[4.900674819946289,52.372094912333765],[4.900481700897217,52.37208508690272]],[[4.90041196346283,52.36976949936714],[4.900470972061157,52.3696515878429]],[[4.902166128158569,52.36911115599622],[4.902273416519165,52.36922251825094]],[[4.9024879932403564,52.36897686584507],[4.90264356136322,52.36910788063154]],[[4.900100827217102,52.36857399294209],[4.901441931724548,52.3680204461317]],[[4.901441931724548,52.3680204461317],[4.902060781816687,52.36775682069598]],[[4.902060781816687,52.36775682069598],[4.902334937073732,52.36764003213732]],[[4.902334937073732,52.36764003213732],[4.902364611625671,52.36762739093078]],[[4.901790618896484,52.367240883239525],[4.901747703552246,52.36720485268921],[4.901817324191711,52.36717887418811]],[[4.901817324191711,52.36717887418811],[4.901844263076782,52.367168822109505]],[[4.902058839797974,52.36775513425468],[4.902060781816687,52.36775682069598]],[[4.902060781816687,52.36775682069598],[4.902300238609314,52.3679647635242]],[[4.901672601699829,52.3682300741422],[4.901441931724548,52.3680204461317]],[[4.903839826583862,52.368659153374175],[4.9027615785598755,52.36910788063154],[4.902547001838684,52.36918976467576]],[[4.9036359786987305,52.3685019339867],[4.9036091566085815,52.36844952739987],[4.903614521026611,52.368403671585384],[4.903222918510437,52.36807612866902],[4.902815222740173,52.36796148807451],[4.90265429019928,52.367905805392695],[4.902552366256714,52.36783374534733],[4.902334937073732,52.36764003213732]],[[4.902334937073732,52.36764003213732],[4.901817324191711,52.36717887418811]],[[4.901817324191711,52.36717887418811],[4.901699423789978,52.36707383225853]],[[4.9050575494766235,52.3687574152072],[4.90513801574707,52.36871483510639]],[[4.905245304107666,52.36812198482351],[4.904295802116394,52.36847900611261],[4.904038310050964,52.3686100223757]],[[4.90538477897644,52.368118709385485],[4.905341863632202,52.36814818831899],[4.905245304107666,52.36812198482351]],[[4.905245304107666,52.36812198482351],[4.905036091804504,52.36790252993864]],[[4.904204607009888,52.36768634943387],[4.904231429100037,52.36766669660825]],[[4.904628396034241,52.367745307858264],[4.904601573944092,52.36776823611317],[4.904612302780151,52.367810817126426]],[[4.903957843780518,52.36748326981417],[4.904279708862305,52.36761756450594],[4.904628396034241,52.367745307858264]],[[4.904628396034241,52.367745307858264],[4.905014634132385,52.367909080846516],[4.905036091804504,52.36790252993864]],[[4.905036091804504,52.36790252993864],[4.906661510467529,52.36734242372321]],[[4.903330206871033,52.36783046988793],[4.903839826583862,52.367532402065834],[4.903931021690369,52.36746689238481]],[[4.904365539550781,52.366156678363225],[4.904478192329407,52.36615340277947],[4.904515743255615,52.36613374927187]],[[4.90489661693573,52.36611082016862],[4.904714226722717,52.36607478869663],[4.904580116271973,52.366104268994086]],[[4.904612302780151,52.36572429920845],[4.904612208618943,52.36572443787674]],[[4.904612208618943,52.36572443787674],[4.904521107673645,52.365858599247474]],[[4.904521107673645,52.365858599247474],[4.904440641403198,52.366035481602744],[4.904365539550781,52.366156678363225]],[[4.904365539550781,52.366156678363225],[4.904338717460632,52.36620253651021]],[[4.904628396034241,52.36572757482401],[4.904612208618943,52.36572443787674]],[[4.904612208618943,52.36572443787674],[4.904311527162747,52.36566616899852]],[[4.904311527162747,52.36566616899852],[4.903732538223267,52.36555396686437],[4.903571605682373,52.36551793493819]],[[4.9043869972229,52.36583567000142],[4.904327988624573,52.365953591711495]],[[4.904086589813232,52.365776709028346],[4.9040597677230835,52.36583894560873],[4.903936386108398,52.365819291961245],[4.903941750526428,52.365799638305]],[[4.904311895370483,52.36566533808673],[4.904311527162747,52.36566616899852]],[[4.904311527162747,52.36566616899852],[4.90424860220449,52.36580816765256]],[[4.90424860220449,52.36580816765256],[4.904188513755798,52.36594376491434],[4.904075860977173,52.36615012719548]],[[4.903732538223267,52.36571119674375],[4.903705716133118,52.365776709028346],[4.903818368911743,52.36579636269478],[4.9038344621658325,52.365776709028346]],[[4.903662800788879,52.36570136989269],[4.903732538223267,52.36571119674375]],[[4.903732538223267,52.36571119674375],[4.903780817985535,52.36572102359264],[4.903780817985535,52.36573740166925],[4.9038344621658325,52.365776709028346]],[[4.9038344621658325,52.365776709028346],[4.903941750526428,52.365799638305]],[[4.903941750526428,52.365799638305],[4.904000759124756,52.36579308708432],[4.904043674468994,52.36576688219185],[4.904086589813232,52.365776709028346]],[[4.904086589813232,52.365776709028346],[4.904247522354126,52.365806189524726],[4.90424860220449,52.36580816765256]],[[4.90424860220449,52.36580816765256],[4.904252886772156,52.36581601635247],[4.9043869972229,52.36583567000142]],[[4.9043869972229,52.36583567000142],[4.904521107673645,52.365858599247474]],[[4.89990234375,52.36664174384777],[4.900057911872864,52.36658250218259],[4.900181293487549,52.36650061330533],[4.900352954864502,52.36637286635369]],[[4.900352954864502,52.36637286635369],[4.900465607643127,52.36629752823468]],[[4.900267124176025,52.36634011066556],[4.900352954864502,52.36637286635369]],[[4.9024128913879395,52.36553758871975],[4.903024435043335,52.365655511225455],[4.903131794668212,52.36544081502933]],[[4.903131794668212,52.36544081502933],[4.903239011764526,52.36522640281839],[4.902632832527161,52.3651117548285],[4.902522366511988,52.36532563153255]],[[4.902522366511988,52.36532563153255],[4.9024128913879395,52.36553758871975]],[[4.902482628822327,52.36531812099607],[4.902522366511988,52.36532563153255]],[[4.902522366511988,52.36532563153255],[4.903131794668212,52.36544081502933]],[[4.903131794668212,52.36544081502933],[4.90315854549408,52.36544587099768]],[[4.906060695648193,52.364135597035435],[4.906371831893921,52.364204387384966]],[[4.907069206237793,52.36222907901575],[4.907095203032867,52.362183216744256]],[[4.907519817352295,52.36347389391723],[4.907503724098206,52.3635066517305]],[[4.908158183097839,52.36318889991696],[4.907965064048767,52.363287173917826],[4.907922148704529,52.36330027710142],[4.907814860343933,52.36330355289671],[4.90763247013092,52.36327079493286],[4.907589554786682,52.36334286242127]],[[4.910802841186523,52.365268986281706],[4.911033511161804,52.36549828114789]],[[4.908362030982971,52.366657839815616],[4.908281564712524,52.366670941999544],[4.908211827278137,52.36669387081208],[4.90814745426178,52.366726626237906],[4.9076807498931885,52.366883851943804]],[[4.9072301387786865,52.36628442594001],[4.9071550369262695,52.366205812090314]],[[4.90639865398407,52.366687319723994],[4.906972646713257,52.36701159741783]],[[4.906972646713257,52.36701159741783],[4.907176494598389,52.367162271091864]],[[4.906972646713257,52.36701159741783],[4.906951189041138,52.36702469949684]],[[4.907578825950623,52.3669788422033],[4.907750487327576,52.367122964965574]],[[4.907750487327576,52.367122964965574],[4.907766580581665,52.367136067011565]],[[4.907766580581665,52.367136067011565],[4.907911419868469,52.36719175066363],[4.908185028343752,52.367260366588305]],[[4.908185028343752,52.367260366588305],[4.908211827278137,52.36726708725765],[4.908533692359924,52.36730639325572],[4.908705353736877,52.367309668753975],[4.909070134162903,52.36723433223256],[4.909198880195618,52.367172097617974],[4.909273982048035,52.367122964965574],[4.909434914588928,52.36712624047743]],[[4.907552003860474,52.367113138428536],[4.907578825950623,52.36697556668051]],[[4.907750487327576,52.367122964965574],[4.907814860343933,52.367103311889316],[4.9079543352127075,52.36710003637576]],[[4.907037019729614,52.36723105672872],[4.907176494598389,52.367162271091864]],[[4.907176494598389,52.367162271091864],[4.907310605049133,52.36713279150043],[4.907552003860474,52.367113138428536]],[[4.907552003860474,52.367113138428536],[4.907766580581665,52.367136067011565]],[[4.905803203582764,52.36834143861816],[4.9058836698532104,52.36830868438967]],[[4.908185005187988,52.367260536254584],[4.908185028343752,52.367260366588305]],[[4.908185028343752,52.367260366588305],[4.908190369606018,52.367221230215726],[4.908174276351929,52.367208128195],[4.908088445663452,52.367195026170386],[4.908034801483154,52.367165546600816],[4.907991886138916,52.36711968945347],[4.9079543352127075,52.36710003637576]],[[4.9079543352127075,52.36710003637576],[4.907948970794678,52.36707383225853],[4.907959699630737,52.36704435260807]],[[4.909198880195618,52.36752257561988],[4.909535382755763,52.36739864327144]],[[4.909535382755763,52.36739864327144],[4.909536838531494,52.36739810711517]],[[4.909263253211975,52.3674963717533],[4.90915060043335,52.36748326981417],[4.908721446990967,52.3674963717533],[4.90839958190918,52.36748982078423],[4.90813672542572,52.367460341411366],[4.907788038253784,52.36737845416132],[4.907718300819397,52.36736862768111],[4.907546639442444,52.36736207669309],[4.9074554443359375,52.36736862768111],[4.907299876213074,52.367404658097854]],[[4.910169839859009,52.36808595499185],[4.909535382755763,52.36739864327144]],[[4.909535382755763,52.36739864327144],[4.909504652023315,52.367365352187214],[4.909526109695435,52.36732277074457],[4.909595847129822,52.36730311775721]],[[4.912358522415161,52.36725726075268],[4.9123606574656264,52.36725652390297]],[[4.9123606574656264,52.36725652390297],[4.912605285644531,52.367172097617974],[4.9126482009887695,52.367221230215726],[4.912769671201573,52.3671797455555]],[[4.912769671201573,52.3671797455555],[4.912964701652527,52.367113138428536]],[[4.912412166595459,52.367312944251985],[4.9123606574656264,52.36725652390297]],[[4.9123606574656264,52.36725652390297],[4.911709427833557,52.36654319554045]],[[4.9153733253479,52.3687574152072],[4.9154216051101685,52.368809821428755]],[[4.916022419929504,52.36869190734279],[4.916033148765564,52.368708284318004]],[[4.912943243980408,52.36678886148007],[4.912959337234497,52.366805239160804],[4.912943243980408,52.366998495334926],[4.912691116333008,52.36709020983361],[4.912769671201573,52.3671797455555]],[[4.912769671201573,52.3671797455555],[4.912771582603455,52.367181924141896]],[[4.911591410636902,52.36658577773452],[4.911451935768127,52.36643182653112]],[[4.9127233028411865,52.365196921935116],[4.912723520191008,52.36519704435743]],[[4.912723520191008,52.36519704435743],[4.913345575332642,52.365547415607246]],[[4.913061261177063,52.365036414558865],[4.912900328636169,52.364856252523566]],[[4.913570880889893,52.364866079562624],[4.912793040275574,52.36512813313099],[4.912825226783752,52.36516416537508],[4.912723520191008,52.36519704435743]],[[4.912723520191008,52.36519704435743],[4.91264283657074,52.365223127165656],[4.91263210773468,52.365210024552326],[4.912551641464233,52.365255883681975]],[[4.910910129547119,52.3645548889313],[4.910942316055298,52.36456144033559],[4.911172986030579,52.364823495710944]],[[4.910990595817566,52.36435834635058],[4.910910129547119,52.3645548889313]],[[4.910910129547119,52.3645548889313],[4.910711646080017,52.3649774525191],[4.910684823989868,52.36505279288928],[4.910684823989868,52.365101927844094]],[[4.911071062088013,52.36416835435809],[4.911012053489685,52.36428300479614]],[[4.911779165267944,52.363421481365485],[4.911795258522034,52.363378896121404]],[[4.9118757247924805,52.36320855473462],[4.911902546882629,52.36315286606188]],[[4.914305806159973,52.36260252716871],[4.914433931436889,52.36237758297521]],[[4.914433931436889,52.36237758297521],[4.914434552192688,52.36237649313741]],[[4.914793968200684,52.36270407831356],[4.914794288798021,52.362703537971186]],[[4.914794288798021,52.362703537971186],[4.914928078651428,52.36247804480177]],[[4.918645620346069,52.36370974963067],[4.91862952709198,52.3637064738655],[4.91862952709198,52.363572167284175]],[[4.91862952709198,52.363572167284175],[4.91887629032135,52.363362517170444]],[[4.91862952709198,52.363572167284175],[4.918361306190491,52.36344113607967],[4.914794288798021,52.362703537971186]],[[4.914794288798021,52.362703537971186],[4.914305806159973,52.36260252716871]],[[4.914305806159973,52.36260252716871],[4.912278056144714,52.362183216744256]],[[4.919402003288269,52.363804746715125],[4.9192893505096436,52.36375561031764],[4.919251799583435,52.363716301160295]],[[4.919251799583435,52.363716301160295],[4.919224977493286,52.363690095035984],[4.919219613075256,52.36367371620038],[4.919235706329346,52.36365733735872],[4.919273257255554,52.3636376827407]],[[4.919273257255554,52.3636376827407],[4.919402003288269,52.36359182193134],[4.919707775115967,52.36353940951948]],[[4.919418096542358,52.363785092162686],[4.919402003288269,52.363804746715125]],[[4.919402003288269,52.363804746715125],[4.91938054561615,52.36383095277144]],[[4.919251799583435,52.363716301160295],[4.918988943099976,52.36383095277144]],[[4.919702410697937,52.36351647906975],[4.919707775115967,52.36353940951948]],[[4.919707775115967,52.36353940951948],[4.919546842575073,52.36366388889611]],[[4.919611215591431,52.36223890663916],[4.919482469558716,52.36236338967985]],[[4.920002818107605,52.362474768945276],[4.920442700386047,52.36262873393812],[4.920437335968018,52.36277614672637]],[[4.9216872453689575,52.36300873034767],[4.921655058860779,52.36295304142306]],[[4.921665787696838,52.362966144705766],[4.921719431877136,52.3629563172441],[4.921719431877136,52.36291700737562],[4.921789169311523,52.362894076602856],[4.921842813491821,52.36286786999084],[4.921875,52.362840571420136]],[[4.921644330024719,52.36293338649174],[4.92163360118866,52.36292028319933]],[[4.921671152114868,52.36453523471258],[4.921515583992004,52.36462367862799],[4.921875,52.36483979910469]],[[4.920185208320618,52.36420111165646],[4.920925498008728,52.363614752341974]],[[4.91913914680481,52.3638866405895],[4.918988943099976,52.36383095277144]],[[4.918988943099976,52.36383095277144],[4.9188923835754395,52.36381457398806]],[[4.918828010559082,52.3680335479115],[4.918929934501648,52.367997518007705],[4.918452501296997,52.3674963717533]],[[4.918184280395508,52.36775840971967],[4.918211102485657,52.367751858789454]],[[4.918221831321716,52.36774858332399],[4.918237924575806,52.36774203239231]],[[4.918339848518372,52.367846847182506],[4.918103814125061,52.3679287335643]],[[4.917857050895691,52.3679647635242],[4.91811990737915,52.36822352328193]],[[4.917213320732117,52.36835781572329],[4.9172937870025635,52.368351264881966]],[[4.918822646141052,52.368112158508694],[4.918769001960754,52.368056476016804]],[[4.919477105140686,52.367804266203976],[4.918978214263916,52.36729656675948]],[[4.920641183853149,52.36906530086856],[4.921875,52.36863994661393]],[[4.920544624328613,52.36909805453603],[4.920657277107239,52.36922579360713]],[[4.919675588607788,52.36939611179396],[4.919691681861877,52.36940921316575]],[[4.919257164001465,52.36953695133703],[4.919258857518884,52.36953881254546]],[[4.919258857518884,52.36953881254546],[4.9193912744522095,52.369684341075654]],[[4.919922351837158,52.37144315400527],[4.920222759246826,52.371253192481426]],[[4.919788241386414,52.37136127413827],[4.91963267326355,52.37145625476991],[4.919579029083252,52.37150865778958],[4.919573664665222,52.371564335929875],[4.91962194442749,52.37161673882132],[4.919659495353699,52.37163638988959],[4.919702410697937,52.37164621542045],[4.919761419296265,52.37164621542045],[4.919804334640503,52.37163966506678],[4.91987407207489,52.37161346364243],[4.920035004615784,52.371511932976254]],[[4.920292496681213,52.371207339577396],[4.920587539672852,52.37102065226246]],[[4.9186402559280396,52.3718853026642],[4.918726086616516,52.37188857782293],[4.9188172817230225,52.37184272557852]],[[4.917583465576172,52.37155778556407],[4.917599558830261,52.37162983953447],[4.91763174533844,52.37167569199988],[4.9177175760269165,52.37173792026968],[4.917798042297363,52.37174774577795],[4.917857050895691,52.37174119543934],[4.917926788330078,52.37171171890361],[4.9179911613464355,52.3716691416506],[4.918028712272644,52.37162001399997],[4.918055534362793,52.37152175853479]],[[4.916462302207947,52.37174119543934],[4.91638720035553,52.3718263497654]],[[4.917406439781189,52.370175636652526],[4.919258857518884,52.36953881254546]],[[4.919258857518884,52.36953881254546],[4.920426607131958,52.36913735890495]],[[4.918050169944763,52.37016253550806],[4.918098449707031,52.370208389496696]],[[4.918329119682312,52.37039835551394],[4.918393492698669,52.3704638608477]],[[4.91838276386261,52.369127532816],[4.918313026428223,52.369062025500476]],[[4.916483759880066,52.36910788063154],[4.916414022445679,52.36922579360713]],[[4.916553497314453,52.36892118444316],[4.916553497314453,52.368980141219474],[4.916505217552185,52.36906857623641]],[[4.915276765823364,52.3688949814062],[4.915249943733215,52.36886877835371]],[[4.915314316749573,52.3689342859558],[4.915287494659424,52.36890480754688]],[[4.9138230085372925,52.36939611179396],[4.913721084594727,52.36936663369324]],[[4.913860559463501,52.369441966578215],[4.91385966652129,52.36944087617496]],[[4.91385966652129,52.36944087617496],[4.913828372955322,52.36940266248034]],[[4.914954900741577,52.369062025500476],[4.914922714233398,52.36902927180629]],[[4.914917349815369,52.3690194456933],[4.91489052772522,52.36899324271464]],[[4.91313099861145,52.36913735890495],[4.9131739139556885,52.369183213957804]],[[4.91339385509491,52.36942886521614],[4.913431406021118,52.36947144462868]],[[4.9133241176605225,52.36962538523922],[4.9133226242314265,52.369623865513056]],[[4.9133226242314265,52.369623865513056],[4.913291931152344,52.36959263196276]],[[4.913281202316284,52.36958608130455],[4.913195371627808,52.36955332799894]],[[4.9124979972839355,52.369589356633774],[4.91238534450531,52.369628660565525]],[[4.912235140800476,52.36999549557547],[4.912251234054565,52.37001187206739],[4.912712574005127,52.36983173032247]],[[4.912712574005127,52.36983173032247],[4.9133226242314265,52.369623865513056]],[[4.9133226242314265,52.369623865513056],[4.91385966652129,52.36944087617496]],[[4.91385966652129,52.36944087617496],[4.91437554359436,52.36926509786238],[4.915791749954224,52.36877051676841]],[[4.911510944366455,52.3704081813202],[4.91163969039917,52.370506439262556]],[[4.911687970161438,52.370539191861425],[4.911929368972778,52.37068330300797],[4.912320971488953,52.37093549638307],[4.912326335906982,52.37095187252647]],[[4.911907911300659,52.370175636652526],[4.9119240045547485,52.37032302426003],[4.9119508266448975,52.3703394006305]],[[4.912680387496948,52.36979242657141],[4.912594556808472,52.36976622405127]],[[4.912712574005127,52.36983173032247],[4.912685751914978,52.36980225251246]],[[4.913463592529297,52.37068657825584],[4.913415312767029,52.370637449512344]],[[4.9134474992752075,52.37069312875085],[4.913613796234131,52.37064727526542],[4.913903474807739,52.37061452274669],[4.913930296897888,52.370539191861425]],[[4.913184642791748,52.37113528491776],[4.913216829299927,52.37116148662577],[4.9131739139556885,52.371181137896585],[4.912691116333008,52.37087654221656],[4.912728667259216,52.370856890810224],[4.912766218185425,52.37087654221656]],[[4.912294149398804,52.371364549335865],[4.912235140800476,52.37128266932315],[4.912058115005493,52.3710959823266],[4.912176132202148,52.371059954920646],[4.912304878234863,52.371046854038475],[4.912412166595459,52.371004276144554],[4.912401437759399,52.370997725695695]],[[4.912819862365723,52.37090601930964],[4.91289496421814,52.37094532206984],[4.913088083267212,52.371063230140585],[4.91314172744751,52.371109083194206]],[[4.911162257194519,52.37134162294761],[4.911033511161804,52.37139730129845],[4.910674095153809,52.371531584091144],[4.910529255867004,52.3715610607471],[4.91039514541626,52.37162001399997]],[[4.911822080612183,52.37168879269555],[4.911805987358093,52.37162656435655],[4.911816716194153,52.37161346364243],[4.911907911300659,52.37158398702145],[4.9119240045547485,52.37156761111241],[4.911945462226868,52.37149228185262]],[[4.911838173866272,52.37172481958859],[4.912004470825195,52.37189840329769]],[[4.914563298225403,52.37199338277429],[4.914413094520569,52.372144039456174],[4.91439163684845,52.37219316652394],[4.914434552192688,52.372651683188096]],[[4.914810061454773,52.37117458747395],[4.914987087249756,52.37102065226246]],[[4.915105104446411,52.371380925320196],[4.914734959602356,52.37124664206947],[4.914751052856445,52.37123354124267]],[[4.91537868976593,52.371154936200234],[4.9154698848724365,52.37114838577371]],[[4.915024638175964,52.37102065226246],[4.915266036987305,52.37091584500297],[4.915539622306824,52.370814312733195],[4.916132504460677,52.370606648079224]],[[4.916132504460677,52.370606648079224],[4.916558861732483,52.3704573103187],[4.917181134223938,52.3702509681578]],[[4.91513192653656,52.370974799117036],[4.915426969528198,52.3710959823266]],[[4.916097521781921,52.37077173461511],[4.9161297082901,52.37080448701729]],[[4.9161297082901,52.37060469698633],[4.916132504460677,52.370606648079224]],[[4.916132504460677,52.370606648079224],[4.916167259216309,52.370630899009086]],[[4.916274547576904,52.37093222115366],[4.916226267814636,52.37091256977211]],[[4.915464520454407,52.37203595971474],[4.915931224822998,52.37224229353706]],[[4.91538405418396,52.37189840329769],[4.915571808815002,52.37195735610031]],[[4.916317462921143,52.37190167845545],[4.916285276412964,52.371937705174844]],[[4.914729595184326,52.37362437777994],[4.914042949676514,52.373833979196306]],[[4.912401437759399,52.372851463960096],[4.91239070892334,52.37280888780577],[4.912460446357727,52.37279906253355]],[[4.9119508266448975,52.37374227869905],[4.911902546882629,52.37374555372008]],[[4.91264283657074,52.37369970340345],[4.9125730991363525,52.37370297842765]],[[4.912557005882263,52.37370297842765],[4.911972284317017,52.37373900367776]],[[4.9135977029800415,52.374485702245174],[4.913731813430786,52.37445622754106],[4.913908839225769,52.374181129354035]],[[4.913517236709595,52.37513741567687],[4.913275837898254,52.37496384469747],[4.91389274597168,52.37404685461662]],[[4.91389274597168,52.37404685461662],[4.914042949676514,52.373833979196306]],[[4.914042949676514,52.373833979196306],[4.9143970012664795,52.37327722324599],[4.9145472049713135,52.37331324884339],[4.914815425872803,52.37359817753296],[4.915115833282471,52.373509751584635]],[[4.913774728775024,52.37422370418553],[4.9141234159469604,52.3741090795457],[4.91389274597168,52.37404685461662]],[[4.9143970012664795,52.374253179044835],[4.914316534996033,52.37413855448149]],[[4.914413094520569,52.37398135459658],[4.914514342779455,52.373950954967924]],[[4.914514342779455,52.373950954967924],[4.914740324020386,52.37388310438437],[4.914584755897522,52.37367022817477]],[[4.914515018463135,52.37395187955586],[4.914514342779455,52.373950954967924]],[[4.914514342779455,52.373950954967924],[4.914359450340271,52.37373900367776]],[[4.914450645446777,52.3746658250096],[4.914273619651794,52.37462652556002]],[[4.915443062782288,52.37423352914082],[4.915555667014132,52.3742564441487]],[[4.915555667014132,52.3742564441487],[4.915555715560913,52.374256454027986]],[[4.915223121643066,52.37478699809233],[4.915555667014132,52.3742564441487]],[[4.915555667014132,52.3742564441487],[4.9156254529953,52.37414510446456]],[[4.91788387298584,52.37242570056993],[4.918103814125061,52.37229797075255]],[[4.91813600063324,52.372582905991926],[4.918350577354431,52.37245845174566]],[[4.921665787696838,52.3741090795457],[4.921424388885498,52.37423025415597],[4.921327829360962,52.374253179044835],[4.92112934589386,52.374256454027986]],[[4.913452863693237,52.362183216744256],[4.914433931436889,52.36237758297521]],[[4.914433931436889,52.36237758297521],[4.914858341217041,52.36246166551686],[4.917685389518738,52.36309390150836],[4.917787313461304,52.36309717731895],[4.918436408042908,52.36324786434371],[4.91887629032135,52.363362517170444]],[[4.91887629032135,52.363362517170444],[4.919026494026184,52.36342475715179],[4.919058680534363,52.36342803293785],[4.91913914680481,52.363411654005105],[4.919273257255554,52.3636376827407]],[[4.9069390607917,52.362183216744256],[4.9069297313690186,52.36219959613239]]]}},{"type":"Feature","properties":{"mvt_id":70460132,"class":"service","access":"no"},"geometry":{"type":"MultiLineString","coordinates":[[[4.906699061393738,52.36441075779093],[4.9068814516067505,52.364089736742905]],[[4.907616376876831,52.36309062569752],[4.907476902008057,52.363067695014855]],[[4.9095529317855835,52.364905387696965],[4.909515380859375,52.3649872795312],[4.908968210220337,52.36517726800201]],[[4.910303950309753,52.36504296589177],[4.910336136817932,52.364967625504825],[4.9089789390563965,52.36471867374733],[4.908946752548218,52.36479729024336]],[[4.913452863693237,52.36583894560873],[4.913544058799744,52.36591756011126]],[[4.913908839225769,52.36344113607967],[4.9138712882995605,52.36352303062803]],[[4.914906620979309,52.36533449922205],[4.915727376937866,52.36505279288928]],[[4.918565154075623,52.364210938841246],[4.919520020484924,52.36461385153502]],[[4.921322464942932,52.36579636269478],[4.921166896820068,52.36579636269478]],[[4.921166896820068,52.36579636269478],[4.920212030410767,52.36604858397125]],[[4.920212030410767,52.36604858397125],[4.920094013214111,52.3662483946096],[4.920067191123962,52.36626804806618],[4.919911623001099,52.36631718166942]],[[4.921166896820068,52.36579636269478],[4.921011328697205,52.36559655001196],[4.920968413352966,52.36558672313539],[4.920061826705933,52.365891355292625]],[[4.920212030410767,52.36604858397125],[4.920061826705933,52.365891355292625]],[[4.920061826705933,52.365891355292625],[4.920008182525635,52.36583239439387]],[[4.916741251945496,52.37541250790724],[4.916740666111622,52.37541110382789]],[[4.916740666111622,52.37541110382789],[4.916596412658691,52.37506536742862],[4.9173903465271,52.374940920177494],[4.9173688888549805,52.37483939716028]],[[4.917288422584534,52.37478699809233],[4.917497634887695,52.37466909996215]],[[4.918055534362793,52.37461997564836],[4.918195009231567,52.374718224221304],[4.918211102485657,52.374744423803854]],[[4.919005036354065,52.37462325060431],[4.919176046957432,52.37504411630703]],[[4.919176046957432,52.37504411630703],[4.919176697731018,52.37504571788596]],[[4.916687607765198,52.37458722607548],[4.916837811470032,52.37450207707231]],[[4.916912913322449,52.37389947943491],[4.917819499969482,52.37337219975756],[4.917980432510376,52.373267398077964],[4.918227195739746,52.37312657042941]],[[4.9209630489349365,52.37435797838526],[4.920067191123962,52.37449225217676],[4.919992089271545,52.37449225217676]],[[4.919992089271545,52.37449225217676],[4.919911623001099,52.37449225217676],[4.919804334640503,52.37449880210736],[4.917470812797546,52.374859046794725],[4.917433261871338,52.37485577185626],[4.9173688888549805,52.37483939716028]],[[4.9173688888549805,52.37483939716028],[4.916837811470032,52.37450207707231]],[[4.916837811470032,52.37450207707231],[4.915813207626343,52.373863454315696],[4.915743470191956,52.373801229040566]],[[4.919503927230835,52.37395187955586],[4.919707775115967,52.373843804238284],[4.919788241386414,52.37389620442529]],[[4.919992089271545,52.37449225217676],[4.92013156414032,52.37482302245822],[4.92012083530426,52.3748819713572],[4.920094013214111,52.37490162097271],[4.920056462287903,52.37491144577719],[4.919176046957432,52.37504411630703]],[[4.919176046957432,52.37504411630703],[4.916740666111622,52.37541110382789]],[[4.916740666111622,52.37541110382789],[4.916666150093079,52.37542233259806]]]}},{"type":"Feature","properties":{"mvt_id":70460292,"class":"service","surface":"paved"},"geometry":{"type":"MultiLineString","coordinates":[[[4.90489661693573,52.374662550056804],[4.9053579568862915,52.374983494276556]],[[4.908812642097473,52.37267460889637],[4.90889310836792,52.372694259493976],[4.908984303474426,52.372694259493976],[4.90938127040863,52.37259600641851],[4.910545349121094,52.372199716795514],[4.91064190864563,52.37218661625139],[4.910743832588196,52.37219316652394],[4.910845756530762,52.3722193676044]],[[4.908115267753601,52.37344425076803],[4.907675385475159,52.37316259614969],[4.9076056480407715,52.37316259614969],[4.907557368278503,52.373175696404324],[4.907026290893555,52.37345407589672],[4.905561804771423,52.37429575380687],[4.904531836509705,52.37485577185626],[4.90414023399353,52.37505554265839],[4.904118776321411,52.375062092505445],[4.904081225395203,52.37504899281034],[4.903973937034607,52.374983494276556]],[[4.906935095787048,52.373509751584635],[4.907439351081848,52.373833979196306]],[[4.906237721443176,52.37391257947099],[4.906725883483887,52.37423025415597]],[[4.909451007843018,52.37022149062756],[4.909086227416992,52.3704573103187]],[[4.902557730674744,52.36829885811638],[4.902547001838684,52.36828248098938]],[[4.901795983314514,52.368262828428975],[4.902718663215637,52.36787960175343],[4.903008341789246,52.36777151157718]],[[4.901876449584961,52.36858381915417],[4.901854991912842,52.36856416672782]],[[4.901366829872131,52.36878689371448],[4.901350736618042,52.36877379215811]],[[4.908034801483154,52.36316924509056],[4.907922148704529,52.363231485344166],[4.907841682434082,52.36325114014289],[4.907777309417725,52.36324786434371],[4.907503724098206,52.363195451523815]],[[4.907616376876831,52.36309062569752],[4.908034801483154,52.36316924509056]],[[4.908034801483154,52.36316924509056],[4.908496141433716,52.36324786434371]],[[4.910566806793213,52.368809821428755],[4.910969138145447,52.369062025500476]],[[4.914504289627075,52.36793528446829],[4.9143970012664795,52.36781409258728]],[[4.913978576660156,52.36785339809863],[4.913976349062864,52.36785325236852]],[[4.913976349062864,52.36785325236852],[4.913828372955322,52.367843571724066],[4.913452863693237,52.367968038973636],[4.9131739139556885,52.368017170686144]],[[4.913908839225769,52.36781409258728],[4.913976349062864,52.36785325236852]],[[4.913976349062864,52.36785325236852],[4.914016127586365,52.367876326297434],[4.914091229438782,52.36795166172399],[4.914080500602722,52.36799424256045],[4.914219975471497,52.36814491288291]],[[4.916296005249023,52.36715899558267],[4.916397929191589,52.36727363825976]],[[4.913190007209778,52.36270080247382],[4.9139463901519775,52.36285476667901]],[[4.9138712882995605,52.36352303062803],[4.913603067398071,52.36348372126376],[4.910749197006226,52.362923559022796]],[[4.9216228723526,52.36579308708432],[4.921810626983643,52.365799638305],[4.921875,52.36579020454691]],[[4.9216872453689575,52.36783046988793],[4.920957684516907,52.368066302344]],[[4.917739033699036,52.371937705174844],[4.9174922704696655,52.37209163719032]],[[4.916285276412964,52.371937705174844],[4.916671514511108,52.37208508690272],[4.916725158691406,52.3721112880473],[4.917020201683044,52.37229142049554]],[[4.915909767150879,52.37369970340345],[4.915115833282471,52.373509751584635]],[[4.913683533668518,52.374967119627925],[4.913533329963684,52.37482302245822],[4.913699626922607,52.3747542486433],[4.913758635520935,52.37476734842582],[4.913790822029114,52.37478699809233],[4.91413950920105,52.375163615010734]],[[4.91413950920105,52.375163615010734],[4.9144782779885645,52.3755991766591]],[[4.9141234159469604,52.3741090795457],[4.914193153381348,52.37419422930656],[4.914214611053467,52.374210604241746],[4.914665222167969,52.37432522861809]],[[4.914665222167969,52.37432522861809],[4.915292859077454,52.37447915231264],[4.915668368339539,52.37387000433956],[4.915743470191956,52.373801229040566],[4.915909767150879,52.37369970340345]],[[4.915909767150879,52.37369970340345],[4.916676878929138,52.37325757290776],[4.916709065437317,52.373241197619215],[4.916859269142151,52.37319207171715],[4.9171435832977295,52.37302504324143],[4.917347431182861,52.3728809397352],[4.91762638092041,52.3727106349853],[4.917996525764465,52.37249775312447]],[[4.914665222167969,52.37432522861809],[4.91413950920105,52.375163615010734]],[[4.920330488518488,52.362183216744256],[4.920281767845154,52.36223890663916],[4.920147657394409,52.36236666554459],[4.919831156730652,52.362609078862526],[4.919702410697937,52.36267787158884]],[[4.904652125695151,52.362183216744256],[4.904617667198181,52.362252010133645],[4.904553294181824,52.36229787233373]]]}},{"type":"Feature","properties":{"mvt_id":70460562,"subclass":"pedestrian","class":"path","surface":"paved"},"geometry":{"type":"MultiLineString","coordinates":[[[4.900610446929932,52.37517343975692],[4.900594353675842,52.37513414075905]],[[4.90065336227417,52.375166889926376],[4.900610446929932,52.37517343975692]],[[4.900610446929932,52.37517343975692],[4.900299310684204,52.375294611446904],[4.900202751159668,52.375291336540734]],[[4.90139365196228,52.37263858277804],[4.9018871784210205,52.37296936694248]],[[4.9021875858306885,52.37299884263891],[4.902697205543518,52.37332634905334]],[[4.902697205543518,52.37332634905334],[4.902949333190918,52.373499926468334]],[[4.903957843780518,52.37380777907366],[4.904741048812866,52.37432522861809]],[[4.902697205543518,52.37332634905334],[4.901506304740906,52.37398462959989]],[[4.905191659927368,52.37310036988712],[4.906001687049866,52.37364402795499]],[[4.90835020939511,52.3755991766591],[4.9084049463272095,52.375504204936576]],[[4.908727455139143,52.3755991766591],[4.9087536334991455,52.37539940831608]],[[4.909185634718995,52.3755991766591],[4.909231066703796,52.37527823691363]],[[4.908533692359924,52.37071605547571],[4.908308386802673,52.37083068892153]],[[4.907873868942261,52.36911115599622],[4.907557368278503,52.36940921316575],[4.907809495925903,52.36950747333029],[4.907894291817058,52.36942849665801]],[[4.907894291817058,52.36942849665801],[4.908125996589661,52.369212692180945]],[[4.90789532661438,52.36942886521614],[4.907894291817058,52.36942849665801]],[[4.907894291817058,52.36942849665801],[4.90763783454895,52.369337155572836]],[[4.904928803443909,52.369890685883504],[4.904505014419556,52.37028372094611]],[[4.904810786247253,52.37217024056578],[4.904161691665649,52.37253050424677]],[[4.902198314666748,52.37157416147676],[4.901441931724548,52.37198355732066]],[[4.900454878807068,52.37202285912205],[4.9009376764297485,52.372081811758555],[4.901211261749268,52.371642940243724]],[[4.901205897331238,52.37089291838181],[4.90140974521637,52.37094204684116],[4.901500940322876,52.3709944504709],[4.901592135429382,52.371056679700466]],[[4.901243448257446,52.369857932803754],[4.901522397994995,52.37003479914585]],[[4.902101755142212,52.37056211866619],[4.901704788208008,52.37089619361414],[4.901683330535889,52.37093222115366]],[[4.903882741928101,52.36744396397349],[4.903383851051331,52.3672179547109],[4.9032604694366455,52.367208128195]],[[4.9042099714279175,52.36696574011068],[4.903727173805237,52.36686419876117],[4.903458952903748,52.36695591353867],[4.903169274330139,52.367149169053654]],[[4.903448224067688,52.36577015780426],[4.903802275657654,52.36503969022544]],[[4.906516671180725,52.36886550297104],[4.906758069992065,52.36896048896945]],[[4.906983375549316,52.36875086442512],[4.906661510467529,52.369055474763584],[4.906414747238159,52.368963764345054],[4.906736612319946,52.368652602577534]],[[4.919584393501282,52.37016581079453],[4.920249581336975,52.37056211866619],[4.921472668647766,52.37131869654745]],[[4.9193912744522095,52.37028372094611],[4.919793605804443,52.37003479914585]],[[4.921268820762634,52.371439878813504],[4.921472668647766,52.37131869654745]],[[4.921472668647766,52.37131869654745],[4.921585321426392,52.37120406436815],[4.9216228723526,52.371177862685386]],[[4.918323755264282,52.37112218405793],[4.917857050895691,52.37139730129845]],[[4.91639256477356,52.37071933072115],[4.916226267814636,52.37091256977211],[4.9158453941345215,52.371331797349]],[[4.915582537651062,52.36960900860402],[4.915571808815002,52.36950747333029],[4.915400147438049,52.36932405417968]],[[4.915791749954224,52.369890685883504],[4.915582537651062,52.36967451510838],[4.915582537651062,52.36966141381528]],[[4.91163432598114,52.36998566967742],[4.91139829158783,52.36981207845131],[4.911489486694336,52.36970399300365]],[[4.9200403690338135,52.37255670512712],[4.921875,52.373718380395324]],[[4.921875,52.37397454258892],[4.921665787696838,52.3741090795457],[4.921875,52.374609332039824]],[[4.919933080673218,52.37248465266875],[4.919670224189758,52.37236674839243],[4.9188172817230225,52.37184272557852]]]}},{"type":"Feature","properties":{"mvt_id":70460682,"class":"service","surface":"paved","access":"no","service":"driveway"},"geometry":{"type":"LineString","coordinates":[[4.91762638092041,52.3727106349853],[4.917733669281006,52.37280888780577],[4.919503927230835,52.37395187955586],[4.9197399616241455,52.37411235453953],[4.91986870765686,52.37421715421413],[4.919900894165039,52.3742728289401],[4.919992089271545,52.37449225217676]]}},{"type":"Feature","properties":{"mvt_id":70461482,"subclass":"footway","class":"path","surface":"unpaved","bicycle":"no","foot":"yes"},"geometry":{"type":"LineString","coordinates":[[4.916285276412964,52.371937705174844],[4.916274547576904,52.37201630882424],[4.916210174560547,52.37218006597788],[4.916199445724487,52.37222591787209],[4.9162691831588745,52.37237002351546],[4.916215538978577,52.37243880104314],[4.916183352470398,52.37245517662918],[4.9161189794540405,52.37245845174566],[4.916027784347534,52.372432250807016],[4.916000962257385,52.372435525925205],[4.915941953659058,52.372465001977886],[4.915909767150879,52.37246827709363],[4.915861487388611,52.37246172686189],[4.915759563446045,52.37242897568859]]}},{"type":"Feature","properties":{"mvt_id":70461522,"class":"service","surface":"paved","bicycle":"no","foot":"yes"},"geometry":{"type":"LineString","coordinates":[[4.915426969528198,52.37228159510822],[4.915276765823364,52.37221281733575],[4.915464520454407,52.37203595971474],[4.915818572044373,52.37178049745638],[4.916285276412964,52.371937705174844]]}},{"type":"Feature","properties":{"mvt_id":70461572,"subclass":"pedestrian","class":"path","surface":"paved","bicycle":"yes"},"geometry":{"type":"MultiLineString","coordinates":[[[4.900524616241455,52.37441037796222],[4.9009108543396,52.37485577185626],[4.900953769683838,52.37492782044645],[4.901077151298523,52.3752618623743],[4.9010878801345825,52.37531753578329],[4.901082515716553,52.3753764840222],[4.901066422462463,52.375415782804424],[4.901023507118225,52.37546818112633],[4.900873511740315,52.3755991766591]],[[4.900417327880859,52.373047968755884],[4.900932312011719,52.37284491378518]],[[4.917937517166138,52.370866716514485],[4.917170405387878,52.37129577013539]],[[4.912508726119995,52.374600325907544],[4.912514090538025,52.374561026399675],[4.912583827972412,52.37447260237911],[4.91263747215271,52.37413200449746],[4.91264283657074,52.37369970340345]],[[4.911983013153076,52.37445622754106],[4.911988377571106,52.37422370418553],[4.911972284317017,52.37404357961793],[4.911902546882629,52.37374555372008]]]}},{"type":"Feature","properties":{"mvt_id":70461832,"class":"service","surface":"paved","bicycle":"no","service":"driveway"},"geometry":{"type":"LineString","coordinates":[[4.917020201683044,52.37229142049554],[4.91737425327301,52.37253377935767],[4.917481541633606,52.37259600641851],[4.91762638092041,52.3727106349853]]}},{"type":"Feature","properties":{"mvt_id":70464102,"subclass":"cycleway","class":"path","surface":"paved","oneway":1},"geometry":{"type":"LineString","coordinates":[[4.918699264526367,52.363588546157416],[4.918972849845886,52.363431308723676]]}},{"type":"Feature","properties":{"mvt_id":70465192,"subclass":"cycleway","class":"path","surface":"paved","oneway":1},"geometry":{"type":"LineString","coordinates":[[4.919182062149048,52.36367699196799],[4.918946027755737,52.36377526488319]]}},{"type":"Feature","properties":{"mvt_id":73703962,"class":"minor","surface":"paved"},"geometry":{"type":"MultiLineString","coordinates":[[[4.901484847068787,52.37409270457285],[4.901549220085144,52.374073054597446]],[[4.901179075241089,52.374204054268404],[4.900985956192017,52.37426627897599]],[[4.900245666503906,52.37448242727903],[4.9002134799957275,52.37449225217676]],[[4.900074005126953,52.374531551745825],[4.900116920471191,52.374521726856834]],[[4.900417327880859,52.373047968755884],[4.9001652002334595,52.37299884263891]],[[4.903855919837952,52.373755378781745],[4.903957843780518,52.37380777907366]],[[4.902949333190918,52.373499926468334],[4.9031102657318115,52.37354577699236]],[[4.902670383453369,52.37253377935767],[4.902702569961548,52.37251085357631]],[[4.902820587158203,52.37244862639549],[4.902879595756531,52.37242242545102],[4.90290105342865,52.372435525925205]],[[4.902997612953186,52.37250757846372],[4.903029799461365,52.37253050424677]],[[4.903593063354492,52.372432250807016],[4.903475046157837,52.37250757846372],[4.903442859649658,52.37260583173589],[4.902428984642029,52.37315277095616]],[[4.9087536334991455,52.37539940831608],[4.908070378303535,52.3755991766591]],[[4.907466173171997,52.37291696565584],[4.906736612319946,52.37259928152454],[4.906489849090576,52.37249775312447],[4.906345009803772,52.37244535127827]],[[4.907069206237793,52.371367824533216],[4.907310605049133,52.37147590590957]],[[4.907492995262146,52.3715610607471],[4.907723665237427,52.371665866475595],[4.907782673835754,52.371705168559664]],[[4.907203316688538,52.37204906030354],[4.907224774360657,52.37208508690272],[4.907278418540955,52.372114563189285],[4.908056259155273,52.372465001977886]],[[4.908946752548218,52.37050316400133],[4.908587336540222,52.37069312875085]],[[4.9108511209487915,52.37009375443584],[4.911333918571472,52.37039835551394],[4.911419749259949,52.370460585583324]],[[4.911419749259949,52.370460585583324],[4.912106394767761,52.37090601930964]],[[4.902992248535156,52.369612283931545],[4.903067350387573,52.36967451510838]],[[4.904987812042236,52.3718263497654],[4.904703497886658,52.37199338277429],[4.904692769050598,52.37200648337572],[4.904703497886658,52.37202285912205],[4.904880523681641,52.372124388613756]],[[4.905218482017517,52.37193443001975],[4.904880523681641,52.372124388613756]],[[4.904880523681641,52.372124388613756],[4.904810786247253,52.37217024056578]],[[4.904590845108032,52.37165931612485],[4.904537200927734,52.37163311471215]],[[4.9044084548950195,52.37157743665856],[4.9043869972229,52.37156761111241]],[[4.901211261749268,52.371642940243724],[4.901291728019714,52.37153485927611],[4.901592135429382,52.371056679700466]],[[4.900481700897217,52.37208508690272],[4.900116920471191,52.37215386487409],[4.89990234375,52.372209178297176]],[[4.901259541511536,52.370506439262556],[4.901179075241089,52.37049661347815]],[[4.901179075241089,52.37049661347815],[4.901125431060791,52.37051298978427],[4.900733828544617,52.370490062954005],[4.900637269020081,52.37051298978427]],[[4.901415109634399,52.37055229289418],[4.901340007781982,52.3705326413436]],[[4.901522397994995,52.37003479914585],[4.901179075241089,52.37049661347815]],[[4.901366829872131,52.36878689371448],[4.901876449584961,52.36858381915417],[4.902380704879761,52.36902272106454],[4.9029117822647095,52.36954677733491]],[[4.902015924453735,52.36576360657919],[4.90213930606842,52.365786535862654]],[[4.900454878807068,52.365747228512305],[4.900428056716919,52.365806189524726]],[[4.902514815330505,52.36479729024336],[4.903802275657654,52.36503969022544],[4.90540623664856,52.365357428728224],[4.905545711517334,52.36537708258118]],[[4.901120066642761,52.3644828234199],[4.900599718093872,52.36549172988252],[4.900562167167664,52.36554086434916]],[[4.901994466781616,52.362759767551964],[4.901983737945557,52.362828560043674],[4.901683330535889,52.36345423921761],[4.901307821273804,52.36417490581971],[4.901248812675476,52.364220766023834]],[[4.905545711517334,52.365003657879825],[4.905744194984436,52.36504951722368]],[[4.905990958213806,52.36425679900796],[4.906076788902283,52.3642731776274]],[[4.906441569328308,52.36364423428101],[4.907788038253784,52.363896467844214]],[[4.9105775356292725,52.36506917121363],[4.910459518432617,52.36507244687777],[4.910411238670349,52.36506261988462]],[[4.908174276351929,52.36591428450977],[4.908571243286133,52.366327008383514]],[[4.908072352409363,52.36585204803553],[4.907997250556946,52.36583894560873],[4.9079543352127075,52.36590773330609],[4.907868504524231,52.36595031611268],[4.9071550369262695,52.366205812090314]],[[4.905953407287598,52.36694936248946],[4.906119704246521,52.36701487293795],[4.906248450279236,52.36708693431908],[4.906575679779053,52.36729984225846],[4.906661510467529,52.36734242372321],[4.906876087188721,52.3675029227214],[4.90689218044281,52.36753567754734]],[[4.912508726119995,52.36727691376045],[4.9125999212265015,52.36724743424552]],[[4.9139463901519775,52.36285476667901],[4.915797114372253,52.363218382140175],[4.915856122970581,52.363215106338565],[4.916231632232666,52.36308734988644],[4.916279911994934,52.36306114338907],[4.916408658027649,52.36285804250733]],[[4.9202388525009155,52.36350992751049],[4.919729232788086,52.364017670472755]],[[4.9196648597717285,52.363378896121404],[4.919648766517639,52.363352689796955],[4.919455647468567,52.36324458854429],[4.9193644523620605,52.36318562411318],[4.919106960296631,52.36297269634564]],[[4.918897747993469,52.36732932173843],[4.918978214263916,52.36729656675948],[4.919198155403137,52.36710986291571],[4.919337630271912,52.3669788422033],[4.920319318771362,52.366615257690995],[4.9210381507873535,52.36734242372321],[4.921166983049005,52.36729665523513]],[[4.921166983049005,52.36729665523513],[4.921875,52.367045126821374]],[[4.921166896820068,52.36729656675948],[4.921166983049005,52.36729665523513]],[[4.921166983049005,52.36729665523513],[4.9216872453689575,52.36783046988793],[4.921875,52.36776793834371]],[[4.92186963558197,52.36872793668024],[4.921875,52.36873126246374]],[[4.920802116394043,52.36971054364436],[4.921225905418396,52.369966017874745]],[[4.919224977493286,52.369631935891604],[4.919305443763733,52.36971381896436]],[[4.920437335968018,52.37045075978872],[4.920045733451843,52.37068657825584]],[[4.921311736106873,52.37146935553065],[4.92062509059906,52.37187547718653],[4.9192893505096436,52.37105012925938],[4.918393492698669,52.3704638608477]],[[4.917170405387878,52.37129577013539],[4.916596412658691,52.37164621542045]],[[4.918752908706665,52.3699037871086],[4.918645620346069,52.369844831565054]],[[4.916553497314453,52.36892118444316],[4.91713285446167,52.36950747333029],[4.918232560157776,52.36909805453603]],[[4.9153465032577515,52.37000859676949],[4.915260672569275,52.37008065326709],[4.9149709939956665,52.37017236136677],[4.914842247962952,52.37024769287764],[4.913930296897888,52.370539191861425],[4.913828372955322,52.37056211866619],[4.913544058799744,52.37059814647821],[4.913163185119629,52.37071933072115],[4.913109540939331,52.37071933072115],[4.913039803504944,52.370702954491534],[4.912658929824829,52.370296822054634],[4.912444353103638,52.37037542862418],[4.912310242652893,52.37043438345953]],[[4.911489486694336,52.36970399300365],[4.91313099861145,52.36913735890495],[4.914187788963318,52.368763965988286],[4.915603995323181,52.36827593013689],[4.917771220207214,52.36751602465469],[4.918157458305359,52.36747999432878],[4.91838276386261,52.36749964723746],[4.918452501296997,52.3674963717533],[4.918570518493652,52.36745379043694]],[[4.911618232727051,52.370352501722515],[4.911419749259949,52.370460585583324]],[[4.911907911300659,52.370175636652526],[4.912310242652893,52.37043438345953]],[[4.912310242652893,52.37043438345953],[4.912846684455872,52.37078156033832]],[[4.912535548210144,52.36978915125725],[4.912235140800476,52.36999549557547],[4.911934733390808,52.370113406181694],[4.911907911300659,52.370175636652526]],[[4.911907911300659,52.370175636652526],[4.911720156669617,52.37029354677787]],[[4.92138147354126,52.375448531762906],[4.921102523803711,52.37547145601939],[4.920946955680847,52.375494380263966],[4.920834302902222,52.37552057938607],[4.920568227767944,52.3755991766591]],[[4.921875,52.37258305263851],[4.921858906745911,52.372592731312224]],[[4.921875,52.371586628296534],[4.921719431877136,52.37167241682537],[4.921708703041077,52.37170844373176],[4.920957684516907,52.372144039456174]],[[4.921875,52.3639938211776],[4.9213385581970215,52.364319037729516],[4.920941591262817,52.36459092164292]],[[4.902307748794556,52.362183216744256],[4.90215003490448,52.36249769993566],[4.902123212814331,52.3625173550608],[4.902080297470093,52.36258287208146]]]}},{"type":"Feature","properties":{"mvt_id":73704222,"class":"service","surface":"paved","access":"no","foot":"permissive"},"geometry":{"type":"MultiLineString","coordinates":[[[4.91064190864563,52.363215106338565],[4.911838173866272,52.36343458450924]],[[4.9121010303497314,52.36348372126376],[4.913157820701599,52.363690095035984],[4.913190007209778,52.36370319810008],[4.913200736045837,52.36372612845292],[4.913200736045837,52.363752334555855],[4.913152456283569,52.36386371031997],[4.9131470918655396,52.36389319209288],[4.913157820701599,52.36391612234711],[4.9132490158081055,52.36403077343971],[4.9132490158081055,52.364060255101144],[4.913232922554016,52.364089736742905]],[[4.9138712882995605,52.36352303062803],[4.914515018463135,52.36365078582034]],[[4.915282130241394,52.36326424333717],[4.915089011192322,52.363228209543536],[4.915158748626709,52.36309390150836]]]}},{"type":"Feature","properties":{"mvt_id":73704262,"subclass":"pedestrian","class":"path"},"geometry":{"type":"MultiLineString","coordinates":[[[4.900594353675842,52.37513414075905],[4.900519251823425,52.37495401990465],[4.900449514389038,52.37487869642043],[4.900074005126953,52.374531551745825]],[[4.902246594429016,52.37546818112633],[4.902359247207642,52.37544198197315]],[[4.901919364929199,52.374564301359996],[4.9018120765686035,52.37458395111684]],[[4.902563095092773,52.37439072812815],[4.902493357658386,52.3744038280185]],[[4.900251030921936,52.37411562953313],[4.899977445602417,52.374204054268404]],[[4.900331497192383,52.37409270457285],[4.900277853012085,52.3741090795457]],[[4.900224208831787,52.37348027622918],[4.90015983581543,52.37348027622918],[4.89990234375,52.373544841267844]],[[4.903920292854309,52.3726615084931],[4.9036091566085815,52.37281871307579],[4.903673529624939,52.37287438956465],[4.9027615785598755,52.37336892470885]],[[4.901441931724548,52.37198355732066],[4.9006640911102295,52.372406049852835],[4.899966716766357,52.37274338594974]],[[4.901098608970642,52.3718263497654],[4.901275634765625,52.37190167845545],[4.90139901638031,52.37196718155977],[4.901425838470459,52.37199010762332]],[[4.900953769683838,52.369681065753475],[4.901195168495178,52.36982517969972]],[[4.907788038253784,52.363896467844214],[4.907476902008057,52.364528683304385]],[[4.905980229377747,52.3627499400444],[4.905985593795776,52.362753215880495]],[[4.919675588607788,52.37250430335087],[4.919809699058533,52.37242897568859]]]}},{"type":"Feature","properties":{"mvt_id":73704292,"subclass":"cycleway","class":"path"},"geometry":{"type":"MultiLineString","coordinates":[[[4.910733103752136,52.37189185298142],[4.910733103752136,52.371878752345985],[4.910507798194885,52.37163311471215]],[[4.902557730674744,52.364715398056966],[4.902514815330505,52.36479729024336]],[[4.902675747871399,52.364456617750236],[4.90265965461731,52.364495926248885]],[[4.915791749954224,52.36513140879075],[4.915727376937866,52.36505279288928]],[[4.921858906745911,52.372592731312224],[4.921821355819702,52.372609106841196],[4.921740889549255,52.37262875746795],[4.921697974205017,52.372651683188096]],[[4.921499490737915,52.37276958670381],[4.921397566795349,52.37283508852098]],[[4.921875,52.37313419084565],[4.921397566795349,52.37283508852098]],[[4.921397566795349,52.37283508852098],[4.920260310173035,52.372081811758555],[4.920206665992737,52.37207526146949],[4.920153021812439,52.37207853661415],[4.920110106468201,52.37209163719032],[4.919568300247192,52.37242897568859]]]}},{"type":"Feature","properties":{"mvt_id":73704862,"subclass":"footway","class":"path","surface":"paved","bicycle":"dismount","foot":"yes"},"geometry":{"type":"LineString","coordinates":[[4.913785457611084,52.36376543760151],[4.913812279701233,52.36379491943999],[4.913951754570007,52.363824401258825],[4.913983941078186,52.36383750428309],[4.914000034332275,52.3638571588122],[4.913962483406067,52.363906295096754],[4.913978576660156,52.36391284659723]]}},{"type":"Feature","properties":{"mvt_id":73706362,"subclass":"cycleway","class":"path","surface":"paved","foot":"yes","oneway":1},"geometry":{"type":"LineString","coordinates":[[4.913404583930969,52.36817766723283],[4.913291931152344,52.368141637446584],[4.913259744644165,52.368118709385485],[4.9131739139556885,52.368017170686144]]}},{"type":"Feature","properties":{"mvt_id":73706462,"subclass":"cycleway","class":"path","surface":"paved","oneway":1},"geometry":{"type":"LineString","coordinates":[[4.909268617630005,52.36739155613153],[4.9091774225234985,52.36742103555028],[4.909048676490784,52.36742431104004]]}},{"type":"Feature","properties":{"mvt_id":73706702,"class":"service"},"geometry":{"type":"MultiLineString","coordinates":[[[4.905561804771423,52.37429575380687],[4.906055331230164,52.37463962538043]],[[4.908844828605652,52.36989396119014],[4.908673167228699,52.36984155625478]],[[4.910089373588562,52.37033612535689],[4.9102020263671875,52.3704081813202]],[[4.909236431121826,52.36945834327535],[4.909306168556213,52.369500922659455],[4.909515380859375,52.369664689138915]],[[4.912406802177429,52.36619926092986],[4.912476539611816,52.36628115036572]],[[4.91837203502655,52.36412249409957],[4.91838276386261,52.36413232130184],[4.918565154075623,52.364210938841246]],[[4.912455081939697,52.371207339577396],[4.9125248193740845,52.371285944526576]],[[4.912202954292297,52.372261944327015],[4.912417531013489,52.372222642738365]],[[4.916666150093079,52.37542233259806],[4.915530923250543,52.3755991766591]],[[4.916483759880066,52.374701849474334],[4.916687607765198,52.37458722607548]],[[4.9208879470825195,52.373863454315696],[4.920576810836792,52.37405012961508]]]}},{"type":"Feature","properties":{"mvt_id":73706832,"subclass":"steps","class":"path","surface":"paved"},"geometry":{"type":"MultiLineString","coordinates":[[[4.9093544483184814,52.37255015490849],[4.909311532974243,52.37255670512712]],[[4.9086034297943115,52.37071605547571],[4.908581972122192,52.37072915645601]],[[4.907433986663818,52.36952712533697],[4.907492995262146,52.369477995303875]],[[4.907686114311218,52.36962538523922],[4.907734394073486,52.369582805975085]],[[4.906264543533325,52.369104605266614],[4.906302094459534,52.369071851604005]],[[4.906511306762695,52.369206141466385],[4.906548857688904,52.36917338787906]],[[4.9049824476242065,52.369844831565054],[4.904928803443909,52.369890685883504]],[[4.90041196346283,52.36981862907601],[4.90041196346283,52.36976949936714]],[[4.901195168495178,52.36982517969972],[4.901243448257446,52.369857932803754]],[[4.901130795478821,52.37052936608432],[4.901061058044434,52.37055884340909]],[[4.90264356136322,52.36910788063154],[4.902681112289429,52.369140634267445]],[[4.905014634132385,52.36635648851266],[4.905164837837219,52.366376141921165]],[[4.904682040214539,52.36573412605441],[4.904628396034241,52.36572757482401]],[[4.921655058860779,52.36295304142306],[4.921644330024719,52.36293338649174]],[[4.918211102485657,52.367751858789454],[4.918221831321716,52.36774858332399]],[[4.918769001960754,52.368056476016804],[4.918828010559082,52.3680335479115]],[[4.919536113739014,52.367863224471],[4.919477105140686,52.367804266203976]],[[4.920222759246826,52.371253192481426],[4.920292496681213,52.371207339577396]],[[4.916414022445679,52.36922579360713],[4.916397929191589,52.36926509786238]],[[4.916505217552185,52.36906857623641],[4.916483759880066,52.36910788063154]],[[4.915287494659424,52.36890480754688],[4.915276765823364,52.3688949814062]],[[4.915582537651062,52.36966141381528],[4.915582537651062,52.36960900860402]],[[4.913828372955322,52.36940266248034],[4.9138230085372925,52.36939611179396]],[[4.914922714233398,52.36902927180629],[4.914917349815369,52.3690194456933]],[[4.912610650062561,52.36955005266705],[4.912583827972412,52.36955987866201]],[[4.91163969039917,52.370506439262556],[4.911687970161438,52.370539191861425]],[[4.911977648735046,52.370355776994906],[4.9119508266448975,52.3703394006305]],[[4.912685751914978,52.36980225251246],[4.912680387496948,52.36979242657141]],[[4.912326335906982,52.37095187252647],[4.912401437759399,52.370997725695695]],[[4.912766218185425,52.37087654221656],[4.912819862365723,52.37090601930964]],[[4.914563298225403,52.37199338277429],[4.914590120315552,52.3719606312537]],[[4.915008544921875,52.37095187252647],[4.915051460266113,52.37095187252647],[4.91513729095459,52.37093222115366]],[[4.911972284317017,52.37373900367776],[4.9119508266448975,52.37374227869905]],[[4.9125730991363525,52.37370297842765],[4.912557005882263,52.37370297842765]],[[4.916601777076721,52.37329687357549],[4.916499853134155,52.373234647502095]]]}},{"type":"Feature","properties":{"mvt_id":73706942,"subclass":"pedestrian","class":"path","surface":"paved","foot":"yes"},"geometry":{"type":"MultiLineString","coordinates":[[[4.902681112289429,52.37131542134645],[4.903603792190552,52.3717641216202],[4.903829097747803,52.37189185298142]],[[4.91936981678009,52.37177722228963],[4.919525384902954,52.37185910138556],[4.919584393501282,52.371878752345985],[4.919654130935669,52.3718853026642],[4.919927716255188,52.37188857782293],[4.919970631599426,52.371895128139684],[4.920002818107605,52.37190822877026],[4.920260310173035,52.372081811758555]]]}},{"type":"Feature","properties":{"mvt_id":73707232,"class":"path_construction","surface":"paved","oneway":1},"geometry":{"type":"LineString","coordinates":[[4.909923076629639,52.37057194443602],[4.910298585891724,52.37083723939516],[4.910438060760498,52.37089291838181]]}},{"type":"Feature","properties":{"mvt_id":73707402,"subclass":"cycleway","class":"path","surface":"paved","oneway":1},"geometry":{"type":"LineString","coordinates":[[4.910438060760498,52.37089291838181],[4.9105024337768555,52.37091584500297],[4.91064727306366,52.37101737703936],[4.910754561424255,52.37111890884237],[4.9108511209487915,52.371187688318244],[4.910969138145447,52.37124009165655],[4.911071062088013,52.37131869654745],[4.911162257194519,52.37134162294761],[4.911285638809204,52.37138420051633]]}},{"type":"Feature","properties":{"mvt_id":73707552,"class":"service","surface":"paved","bicycle":"yes"},"geometry":{"type":"MultiLineString","coordinates":[[[4.9125248193740845,52.371285944526576],[4.9125730991363525,52.371380925320196],[4.912551641464233,52.371413677270645],[4.912326335906982,52.37154796001355],[4.912160038948059,52.37162328917838],[4.912063479423523,52.37167569199988],[4.912020564079285,52.37170844373176],[4.911993741989136,52.37174447060877],[4.911983013153076,52.37179032295518],[4.912004470825195,52.37189840329769],[4.91238534450531,52.372609106841196],[4.912514090538025,52.37292679090182],[4.912594556808472,52.37317242134103],[4.91264283657074,52.37369970340345]],[[4.911902546882629,52.37374555372008],[4.911843538284302,52.37353595188407],[4.911763072013855,52.37333289915686],[4.911682605743408,52.373178971467375],[4.911586046218872,52.37302504324143],[4.911237359046936,52.37256980556147],[4.911119341850281,52.37244535127827],[4.910920858383179,52.372261944327015],[4.910845756530762,52.3722193676044]]]}},{"type":"Feature","properties":{"mvt_id":73707762,"subclass":"cycleway","class":"path","surface":"paved","oneway":1},"geometry":{"type":"LineString","coordinates":[[4.9125248193740845,52.371285944526576],[4.912358522415161,52.37134162294761]]}},{"type":"Feature","properties":{"mvt_id":73707942,"subclass":"cycleway","class":"path","surface":"paved","oneway":1},"geometry":{"type":"LineString","coordinates":[[4.904301166534424,52.36840039616824],[4.904429912567139,52.36847573070106],[4.9050575494766235,52.3687574152072],[4.9064308404922485,52.369284749976885],[4.908324480056763,52.369992220276366]]}},{"type":"Feature","properties":{"mvt_id":73707972,"subclass":"cycleway","class":"path","surface":"paved","oneway":1},"geometry":{"type":"LineString","coordinates":[[4.911451935768127,52.36643182653112],[4.918275475502014,52.364070082317255],[4.918425679206848,52.36399146452719],[4.918473958969116,52.363948879832506]]}},{"type":"Feature","properties":{"mvt_id":73708132,"subclass":"footway","class":"path","surface":"unpaved","foot":"yes"},"geometry":{"type":"MultiLineString","coordinates":[[[4.9093544483184814,52.36606168633588],[4.9092793464660645,52.3659863476862],[4.909231066703796,52.365966694104294],[4.909166693687439,52.36596341850645],[4.908877015113831,52.36604858397125],[4.9083298444747925,52.36595031611268],[4.908227920532227,52.36596996970188]],[[4.91364061832428,52.36843642574345],[4.91439163684845,52.368197319831125]]]}},{"type":"Feature","properties":{"mvt_id":73708172,"subclass":"footway","class":"path","surface":"unpaved"},"geometry":{"type":"MultiLineString","coordinates":[[[4.905223846435547,52.36532139664175],[4.904837608337402,52.36594376491434],[4.904456734657288,52.36613374927187],[4.904365539550781,52.366156678363225]],[[4.908877015113831,52.36604858397125],[4.909000396728516,52.36617960744267]],[[4.908002614974976,52.3675389530286],[4.907970428466797,52.3675193001374],[4.90789532661438,52.36750947368853],[4.907739758491516,52.36745051494937],[4.907696843147278,52.367414484570034],[4.907670021057129,52.367365352187214]],[[4.908571243286133,52.36757498330641],[4.908372759819031,52.36766669660825],[4.908158183097839,52.36770927771937]],[[4.908818006515503,52.36757498330641],[4.908815714850363,52.367577881806]],[[4.908815714850363,52.367577881806],[4.908742904663086,52.36766997207979],[4.908716082572937,52.36776823611317],[4.908748269081116,52.367817368047895],[4.908801913261414,52.36787305084119],[4.908914566040039,52.36792218265934],[4.909000396728516,52.3679418353713],[4.909070134162903,52.367938559919914],[4.909113049507141,52.367932009016414],[4.909166693687439,52.367909080846516],[4.909214973449707,52.36786649992798],[4.909273982048035,52.36783702080649]],[[4.909273982048035,52.36783702080649],[4.909316897392273,52.367843571724066],[4.909359812736511,52.36785994901379],[4.909434914588928,52.3679287335643],[4.909429550170898,52.36794838627334],[4.909316897392273,52.36800079345472],[4.909236431121826,52.36803027246692],[4.9091023206710815,52.36809578131248],[4.909032583236694,52.368118709385485],[4.908839464187622,52.36813836201001]],[[4.909123778343201,52.36758153426286],[4.909198880195618,52.36752257561988]],[[4.910421967506409,52.36864277638075],[4.910293221473694,52.36869190734279],[4.909858703613281,52.36891463368537],[4.909708499908447,52.368826198360246],[4.909016489982605,52.368370917403034],[4.908946752548218,52.36829885811638],[4.908839464187622,52.36813836201001]],[[4.908839464187622,52.36813836201001],[4.908769726753235,52.36808267955115],[4.908608794212341,52.36791235630009],[4.908485412597656,52.3678402962654],[4.908158183097839,52.36770927771937]],[[4.908158183097839,52.36770927771937],[4.908056259155273,52.36766014566442],[4.907991886138916,52.36761428903052],[4.907975792884827,52.36758808521834],[4.908002614974976,52.3675389530286]],[[4.908002614974976,52.3675389530286],[4.908040165901184,52.367529126584095],[4.9081045389175415,52.367532402065834],[4.908571243286133,52.36757498330641]],[[4.908571243286133,52.36757498330641],[4.908815714850363,52.367577881806]],[[4.908815714850363,52.367577881806],[4.909123778343201,52.36758153426286]],[[4.909123778343201,52.36758153426286],[4.909161329269409,52.36760446260277],[4.909247159957886,52.36770272678187],[4.909268617630005,52.36776823611317],[4.909273982048035,52.36783702080649]],[[4.916054606437683,52.36873121207309],[4.916081428527832,52.368754139816275],[4.916161894798279,52.36873121207309],[4.916279911994934,52.36867225496454],[4.916424751281738,52.36863295018179],[4.9164944887161255,52.368596920766876],[4.916612505912781,52.36856744213282],[4.916746616363525,52.36850520939632],[4.916848540306091,52.368482281523924],[4.917213320732117,52.36835781572329]],[[4.911172986030579,52.364823495710944],[4.911012053489685,52.364882457956185],[4.910711646080017,52.3649774525191]],[[4.921445846557617,52.362530458472705],[4.9217623472213745,52.36219959613239]],[[4.91513729095459,52.37093222115366],[4.915174841880798,52.370919120233594],[4.915266036987305,52.37091584500297]],[[4.914327263832092,52.37441037796222],[4.91463840007782,52.374318678661744]],[[4.915528893470764,52.37409270457285],[4.91564154624939,52.37412217951959]],[[4.9156254529953,52.37414510446456],[4.91564154624939,52.37412217951959]],[[4.91564154624939,52.37412217951959],[4.9156951904296875,52.37410252955729],[4.915791749954224,52.37409925456272],[4.9158936738967896,52.374128729505074]],[[4.916027784347534,52.37418767933078],[4.915931224822998,52.3742073292552],[4.915904402732849,52.374177854365286],[4.9158936738967896,52.374128729505074]],[[4.9158936738967896,52.374128729505074],[4.915899038314819,52.37408287958625],[4.915925860404968,52.374037029619814]],[[4.916102886199951,52.37444640263532],[4.916081428527832,52.374328503595905],[4.916049242019653,52.37422697917087],[4.915984869003296,52.37410580455162],[4.915925860404968,52.374037029619814]],[[4.915925860404968,52.374037029619814],[4.915668368339539,52.37387000433956]],[[4.921875,52.365434012363295],[4.921681880950928,52.36529519146949],[4.921311736106873,52.365056068554644],[4.920893311500549,52.36480711729552],[4.9206143617630005,52.36460402443986],[4.919766783714294,52.36424042038245],[4.919643402099609,52.364086461005904]]]}},{"type":"Feature","properties":{"mvt_id":73708212,"subclass":"cycleway","class":"path","surface":"paved","oneway":1},"geometry":{"type":"LineString","coordinates":[[4.911591410636902,52.36658577773452],[4.910362958908081,52.36702142397744],[4.909579753875732,52.367283464761094]]}},{"type":"Feature","properties":{"mvt_id":73708582,"subclass":"path","class":"path","surface":"paved"},"geometry":{"type":"MultiLineString","coordinates":[[[4.909048676490784,52.37068330300797],[4.908989667892456,52.37071605547571],[4.9089789390563965,52.370709504984106]],[[4.913908839225769,52.363906295096754],[4.91389274597168,52.36391939809674],[4.913849830627441,52.36392594959528],[4.913565516471863,52.36393577684126],[4.913495779037476,52.363945604085046],[4.913452863693237,52.36397181005782]],[[4.913452863693237,52.36397181005782],[4.913442134857178,52.363978361548575],[4.913409948348999,52.364017670472755],[4.913409948348999,52.36405370362252],[4.913420677185059,52.36406680657879],[4.913458228111267,52.364076633793445],[4.913495779037476,52.364070082317255],[4.913511872291565,52.36405370362252],[4.913517236709595,52.364020946214865],[4.913501143455505,52.363984913038365],[4.913452863693237,52.36397181005782]],[[4.913452863693237,52.36397181005782],[4.913415312767029,52.36397508580332],[4.91338312625885,52.36399146452719],[4.913356304168701,52.364017670472755],[4.913334846496582,52.36409301247966],[4.9132972955703735,52.36412249409957],[4.913265109062195,52.364129045567985],[4.91313636302948,52.36413232130184]],[[4.911709427833557,52.37003152384966],[4.91163432598114,52.36998566967742]],[[4.911907911300659,52.370175636652526],[4.911811351776123,52.370090479144025]],[[4.915582537651062,52.37258618109894],[4.915603995323181,52.37256653045324]],[[4.915448427200317,52.373591627468784],[4.915507268233796,52.373496921129785]],[[4.915507268233796,52.373496921129785],[4.915507435798645,52.37349665142908]],[[4.9143970012664795,52.37327722324599],[4.914423823356628,52.373231372443165],[4.915507268233796,52.373496921129785]],[[4.915507268233796,52.373496921129785],[4.9158936738967896,52.373591627468784],[4.916322827339172,52.373342724310305],[4.916408658027649,52.37340495023144]],[[4.91421473954253,52.3755991766591],[4.913517236709595,52.37513741567687],[4.913683533668518,52.374967119627925]]]}},{"type":"Feature","properties":{"mvt_id":73708812,"subclass":"footway","class":"path"},"geometry":{"type":"MultiLineString","coordinates":[[[4.902493357658386,52.3744038280185],[4.901919364929199,52.374564301359996]],[[4.902756214141846,52.374014104618745],[4.902681112289429,52.374014104618745],[4.902423620223999,52.374079604590214],[4.901769161224365,52.37426627897599],[4.90165114402771,52.37429247882664]],[[4.903764724731445,52.374813197634076],[4.9036359786987305,52.3748459470394]],[[4.903212189674377,52.37508501696252],[4.903024435043335,52.375189814329055]],[[4.90289568901062,52.37522583836637],[4.902981519699097,52.375216013631835]],[[4.90415632724762,52.37496056976677],[4.903872013092041,52.37476734842582]],[[4.907946751035496,52.3755991766591],[4.907970428466797,52.37554677849262]],[[4.908716082572937,52.37544198197315],[4.9087536334991455,52.37539940831608],[4.908764362335205,52.37531753578329]],[[4.907503724098206,52.37301849309225],[4.907321333885193,52.3731298454961],[4.906924366950989,52.37340495023144],[4.906699061393738,52.37355232706334],[4.9056476354599,52.37415492943733]],[[4.9070799350738525,52.37210473776261],[4.907128214836121,52.372124388613756],[4.907224774360657,52.37208508690272]],[[4.91039514541626,52.37162001399997],[4.910421967506409,52.37166259130034],[4.9107009172439575,52.37195735610031],[4.910668730735779,52.37197373186485]],[[4.904703497886658,52.37199338277429],[4.9046391248703,52.37203595971474]],[[4.901860356330872,52.37120406436815],[4.901576042175293,52.37160691328391]],[[4.901044964790344,52.37093222115366],[4.901007413864136,52.37145625476991]],[[4.900985956192017,52.37085361557499],[4.900985956192017,52.37089291838181],[4.9010127782821655,52.370919120233594],[4.901044964790344,52.37093222115366]],[[4.901044964790344,52.37093222115366],[4.90115761756897,52.37092239546397],[4.901205897331238,52.37089291838181]],[[4.900342226028442,52.370578494948035],[4.90041196346283,52.37060797224002]],[[4.900476336479187,52.370699679244886],[4.900605082511902,52.37072915645601]],[[4.901195168495178,52.36982517969972],[4.9010396003723145,52.36992998954714],[4.9010878801345825,52.37005772621243]],[[4.901125431060791,52.37051298978427],[4.901130795478821,52.37052936608432]],[[4.901967644691467,52.369815353763784],[4.901602864265442,52.369500922659455]],[[4.901120066642761,52.36947144462868],[4.902434349060059,52.36892773519997],[4.9024879932403564,52.36897686584507]],[[4.901205897331238,52.36954677733491],[4.90114688873291,52.36949109665138]],[[4.9009644985198975,52.3685281372568],[4.900728464126587,52.36831523523731]],[[4.902209043502808,52.3675258511021],[4.902606010437012,52.36734897471414]],[[4.90389347076416,52.36861984857976],[4.903839826583862,52.368659153374175]],[[4.904038310050964,52.3686100223757],[4.903990030288696,52.36862967478164],[4.90389347076416,52.36861984857976]],[[4.90389347076416,52.36861984857976],[4.903791546821594,52.36863295018179],[4.903705716133118,52.36855106510539],[4.9036359786987305,52.3685019339867]],[[4.903957843780518,52.36748326981417],[4.903882741928101,52.36744396397349]],[[4.903330206871033,52.36783046988793],[4.903308749198914,52.367843571724066],[4.903222918510437,52.36807612866902]],[[4.904327988624573,52.36699194429202],[4.9042099714279175,52.36696574011068]],[[4.904478192329407,52.36615340277947],[4.904682040214539,52.36619598534926]],[[4.905229210853577,52.366300803807746],[4.905245304107666,52.366304079380576],[4.905261397361755,52.366271323641435],[4.905079007148743,52.36623856787802]],[[4.904043674468994,52.36576688219185],[4.904043674468994,52.36575705535317],[4.904016852378845,52.36572429920845],[4.903973937034607,52.36570464550995],[4.903936386108398,52.36569481865743]],[[4.903936386108398,52.36569481865743],[4.903850555419922,52.36569154303944],[4.903813004493713,52.365698094275174],[4.903780817985535,52.36572102359264]],[[4.90389347076416,52.365789811473604],[4.903936386108398,52.36569481865743]],[[4.903936386108398,52.36569481865743],[4.904091954231262,52.36537380693964],[4.904451370239258,52.36544587099768],[4.904698133468628,52.365485178616176]],[[4.902268052101135,52.36677248379326],[4.901742339134216,52.36656612441927],[4.901624321937561,52.36653991998536]],[[4.89990234375,52.3662318931157],[4.900111556053162,52.36626804806618],[4.90015983581543,52.36629752823468],[4.900267124176025,52.36634011066556]],[[4.9022626876831055,52.365278813228954],[4.902332425117493,52.36529191582188]],[[4.904617667198181,52.362252010133645],[4.904692769050598,52.36226511362424]],[[4.904741048812866,52.36230114820335],[4.904746413230896,52.36230769994184],[4.904735684394836,52.36230769994184]],[[4.905191659927368,52.362186492622364],[4.905191942265162,52.362183216744256]],[[4.904011487960815,52.36512813313099],[4.903925657272339,52.365285364525896],[4.903968572616577,52.36529846711688],[4.90389883518219,52.36543931972454],[4.904043674468994,52.365472076080565]],[[4.905223846435547,52.3653934607853],[4.905368685722351,52.36541966589926],[4.905610084533691,52.36547862734885],[4.905663728713989,52.36540001206525]],[[4.9059319496154785,52.36506917121363],[4.905996322631836,52.36495452281572],[4.906060695648193,52.36491521472509],[4.906323552131653,52.36447299629559],[4.906323552131653,52.36440420636429]],[[4.906323552131653,52.36440420636429],[4.906436204910278,52.36421749029655]],[[4.906436204910278,52.36421749029655],[4.906484484672546,52.3641912844695],[4.906752705574036,52.36370319810008]],[[4.906436204910278,52.36421749029655],[4.906371831893921,52.364204387384966]],[[4.9059319496154785,52.36435834635058],[4.906323552131653,52.36440420636429]],[[4.906484484672546,52.36331338028113],[4.9065327644348145,52.36322165794154],[4.90690290927887,52.362609078862526],[4.906983375549316,52.36246166551686]],[[4.906184077262878,52.36277287089198],[4.906012415885925,52.36274011253465],[4.905985593795776,52.362753215880495],[4.906001687049866,52.36276631922246],[4.906178712844849,52.36280235339279],[4.90613579750061,52.3628809732988],[4.9061572551727295,52.36288424912517],[4.906200170516968,52.362805629225],[4.906221628189087,52.36280890505697],[4.906253814697266,52.36280235339279]],[[4.906216263771057,52.36277942256053],[4.906253814697266,52.36280235339279]],[[4.906253814697266,52.36280235339279],[4.9064308404922485,52.36285804250733],[4.906543493270874,52.36286459416325]],[[4.9070799350738525,52.36228149298202],[4.907069206237793,52.36222907901575]],[[4.909681677818298,52.36493159310044],[4.909735321998596,52.364826771393304]],[[4.908694624900818,52.36696574011068],[4.908614158630371,52.36692643380953]],[[4.908737540245056,52.36692315828285],[4.908705353736877,52.366883851943804],[4.90865170955658,52.36687074982302],[4.9086034297943115,52.36684127003704],[4.908581972122192,52.36679541255309],[4.908496141433716,52.36677248379326]],[[4.908496141433716,52.36677248379326],[4.908410310745239,52.36672007515468],[4.908362030982971,52.366657839815616],[4.90839958190918,52.3665497466499]],[[4.908785820007324,52.366916607228774],[4.908780455589294,52.36686747429222],[4.908742904663086,52.36681179023139],[4.908737540245056,52.36676593271684]],[[4.908742904663086,52.36705417916041],[4.908839464187622,52.36705417916041],[4.90888237953186,52.36704435260807],[4.90888237953186,52.36701814845782],[4.908844828605652,52.36696246458692],[4.908860921859741,52.36695263801419],[4.908850193023682,52.366936260388094],[4.908823370933533,52.36692315828285],[4.908785820007324,52.366916607228774]],[[4.908785820007324,52.366916607228774],[4.908737540245056,52.36692315828285]],[[4.908737540245056,52.36692315828285],[4.908705353736877,52.366939535913794],[4.908694624900818,52.36696574011068]],[[4.908694624900818,52.36696574011068],[4.908716082572937,52.36700504637687],[4.908742904663086,52.36701487293795],[4.908785820007324,52.36701814845782],[4.9088287353515625,52.36701159741783],[4.908866286277771,52.366998495334926]],[[4.908796548843384,52.36719830167691],[4.908758997917175,52.36720485268921],[4.908737540245056,52.36723105672872]],[[4.90865170955658,52.367172097617974],[4.90863561630249,52.367214679205844]],[[4.90863561630249,52.367214679205844],[4.908587336540222,52.36723433223256],[4.908490777015686,52.36724415874264],[4.908362030982971,52.367237607736165],[4.908345937728882,52.367283464761094]],[[4.908431768417358,52.36695918906292],[4.9085551500320435,52.366880576413976]],[[4.908447861671448,52.36684127003704],[4.908496141433716,52.36677248379326]],[[4.908201098442078,52.366893678531845],[4.908072352409363,52.36674955502153]],[[4.907176494598389,52.367162271091864],[4.907240867614746,52.367208128195],[4.907428622245789,52.367375178668155]],[[4.90689218044281,52.36753567754734],[4.907160401344299,52.36745051494937]],[[4.906661510467529,52.36734242372321],[4.90689754486084,52.36727691376045]],[[4.9087536334991455,52.36723433223256],[4.90863561630249,52.367214679205844]],[[4.909595847129822,52.36730311775721],[4.909434914588928,52.36712624047743]],[[4.915094375610352,52.368452802813366],[4.91513729095459,52.36849865857685]],[[4.913544058799744,52.36591756011126],[4.913667440414429,52.36605841074509],[4.913662075996399,52.36609771781857]],[[4.913259744644165,52.36561947938211],[4.913082718849182,52.36556051812051]],[[4.913082718849182,52.36556051812051],[4.912975430488586,52.36552448619968]],[[4.91287887096405,52.365616203758535],[4.912921786308289,52.36559655001196],[4.912975430488586,52.36552448619968]],[[4.912975430488586,52.36552448619968],[4.9130988121032715,52.36540656334422]],[[4.91214394569397,52.366395795320926],[4.912004470825195,52.36623856787802]],[[4.912996888160706,52.36549828114789],[4.912852048873901,52.36543931972454],[4.912717938423157,52.36529191582188],[4.91264283657074,52.365223127165656]],[[4.913195371627808,52.36546224917631],[4.913082718849182,52.36556051812051]],[[4.913409948348999,52.36226511362424],[4.9135226011276245,52.362288044723435]],[[4.913495779037476,52.36234373448621],[4.91338312625885,52.36231752754776]],[[4.913560152053833,52.36316269347982],[4.913485050201416,52.36330355289671],[4.913415312767029,52.363290449714086],[4.913340210914612,52.363431308723676]],[[4.9142467975616455,52.36243873450777],[4.91438090801239,52.36246821723155]],[[4.914348721504211,52.36252390676724],[4.914209246635437,52.362494424080616]],[[4.913694262504578,52.36545897354106],[4.913737177848816,52.365288640174015],[4.913903474807739,52.36522967847086]],[[4.915700554847717,52.36516088971774],[4.9155449867248535,52.36501348488609]],[[4.9188923835754395,52.36381457398806],[4.918645620346069,52.36370974963067]],[[4.91962194442749,52.36222907901575],[4.91962730884552,52.36222252726559]],[[4.920533895492554,52.36279907756035],[4.920560717582703,52.362769595057344]],[[4.920582175254822,52.36274666420806],[4.920603632926941,52.3627237333469]],[[4.918044805526733,52.36758808521834],[4.9180662631988525,52.36758153426286],[4.918227195739746,52.36773548145967],[4.918248653411865,52.36774858332399],[4.918339848518372,52.367846847182506],[4.918361306190491,52.36785994901379],[4.918431043624878,52.36794838627334],[4.918414950370789,52.367990967112945],[4.91838812828064,52.36800734434802],[4.918028712272644,52.368131811136145]],[[4.918195009231567,52.368197319831125],[4.9182915687561035,52.36830213354106]],[[4.920957684516907,52.368066302344],[4.9206143617630005,52.36817439179893],[4.920474886894226,52.3680204461317]],[[4.9208396673202515,52.372068711179466],[4.921740889549255,52.37262875746795],[4.92186963558197,52.37272046027718],[4.921875,52.37272393691841]],[[4.920566082000732,52.37193443001975],[4.920458793640137,52.37186565170667]],[[4.920716285705566,52.37199010762332],[4.92063581943512,52.37193443001975],[4.92062509059906,52.37187547718653]],[[4.919970631599426,52.371895128139684],[4.920029640197754,52.37190167845545],[4.920099377632141,52.37193115486442],[4.92037294164254,52.37210475002907]],[[4.92037294164254,52.37210475002907],[4.9214619398117065,52.372795787442335],[4.921875,52.37306227687235]],[[4.919208884239197,52.371878752345985],[4.918978214263916,52.37187220202682],[4.918919205665588,52.371904953612976]],[[4.91936981678009,52.37177722228963],[4.919208884239197,52.371878752345985]],[[4.919208884239197,52.371878752345985],[4.919203519821167,52.37208508690272]],[[4.917352795600891,52.37119096352871],[4.917336702346802,52.371177862685386]],[[4.917224049568176,52.371109083194206],[4.917047023773193,52.3709944504709]],[[4.917588829994202,52.370712780230036],[4.917047023773193,52.3709944504709]],[[4.917047023773193,52.3709944504709],[4.9167948961257935,52.37111890884237],[4.916424751281738,52.370984624795064]],[[4.915308952331543,52.36954350200253],[4.915310364771386,52.36954340618163]],[[4.915310364771386,52.36954340618163],[4.915502071380615,52.369530400670556]],[[4.915502071380615,52.369530400670556],[4.915609359741211,52.36949764732367],[4.915834665298462,52.36974657215096]],[[4.915437698364258,52.369664689138915],[4.915310364771386,52.36954340618163]],[[4.915310364771386,52.36954340618163],[4.9151694774627686,52.36940921316575]],[[4.9154698848724365,52.36960573327626],[4.915502071380615,52.369530400670556]],[[4.915464520454407,52.36962210991267],[4.915448427200317,52.36966141381528],[4.915426969528198,52.36967123978547]],[[4.9158936738967896,52.36980552782565],[4.915915131568909,52.36982517969972]],[[4.914262890815735,52.36916028643733],[4.914305806159973,52.36918976467576]],[[4.913227558135986,52.369242170384396],[4.9132490158081055,52.36923561967422]],[[4.913270473480225,52.36925854715559],[4.913308024406433,52.369301126732296]],[[4.913490414619446,52.37096824866379],[4.913538694381714,52.370984624795064],[4.913570880889893,52.370978074343284]],[[4.913656711578369,52.37095187252647],[4.913753271102905,52.37091584500297],[4.91388738155365,52.37090274407806]],[[4.914815425872803,52.37359817753296],[4.914729595184326,52.37362437777994]],[[4.912004470825195,52.37373900367776],[4.912036657333374,52.37399445460836]],[[4.912551641464233,52.37370297842765],[4.912551641464233,52.3736374778976],[4.91263747215271,52.37363420286856]],[[4.912583827972412,52.37447260237911],[4.912535548210144,52.37473132401452],[4.912476539611816,52.37493109537958]],[[4.912042021751404,52.374014104618745],[4.912042021751404,52.374040304618994],[4.911972284317017,52.37404357961793]],[[4.913699626922607,52.3747542486433],[4.913817644119263,52.374567576320075]],[[4.914316534996033,52.37413855448149],[4.914413094520569,52.37398135459658]],[[4.915308952331543,52.374452952572724],[4.915416240692139,52.374475877346]],[[4.915528893470764,52.37486232173295],[4.915931224822998,52.3742073292552]],[[4.9166339635849,52.37542888239073],[4.9165695905685425,52.37526841219076]],[[4.916650056838989,52.37485577185626],[4.915528893470764,52.37486232173295]],[[4.915528893470764,52.37486232173295],[4.915110468864441,52.37476079853505]],[[4.918924570083618,52.373077444399854],[4.91913378238678,52.37295299154709]],[[4.919809699058533,52.37242897568859],[4.92037294164254,52.37210475002907]],[[4.92037294164254,52.37210475002907],[4.92037296295166,52.37210473776261]],[[4.920786023139954,52.37302504324143],[4.9212634563446045,52.37274338594974]],[[4.9217140674591064,52.373617827719656],[4.921875,52.3735228517363]],[[4.921875,52.3747321060916],[4.921140074729919,52.3748459470394]],[[4.921875,52.374316222427865],[4.9217623472213745,52.374328503595905]],[[4.921875,52.36610356456666],[4.921719431877136,52.366156678363225],[4.921596050262451,52.36615995394672]],[[4.921875,52.36440878196394],[4.921671152114868,52.36453523471258]]]}},{"type":"Feature","properties":{"mvt_id":73708952,"subclass":"pedestrian","class":"path","surface":"paved","bicycle":"permissive"},"geometry":{"type":"MultiLineString","coordinates":[[[4.90189790725708,52.37247810243943],[4.901790618896484,52.37240932497296]],[[4.902520179748535,52.37224884380136],[4.902182221412659,52.372419150331865],[4.901983737945557,52.37253050424677],[4.901951551437378,52.37251085357631]]]}},{"type":"Feature","properties":{"mvt_id":73708962,"subclass":"pedestrian","class":"path","access":"no"},"geometry":{"type":"MultiLineString","coordinates":[[[4.901372194290161,52.374980219347314],[4.900980591773987,52.37513414075905],[4.900755286216736,52.37515706517872]],[[4.903190732002258,52.37186565170667],[4.902713298797607,52.372127663754775]],[[4.89990234375,52.37155735836627],[4.900261759757996,52.37143332842925],[4.900320768356323,52.37142677804402],[4.900492429733276,52.3714366036215]],[[4.900556802749634,52.371059954920646],[4.900454878807068,52.371059954920646],[4.900272488594055,52.37110580797767]]]}},{"type":"Feature","properties":{"mvt_id":73711832,"subclass":"pedestrian","class":"path","surface":"paved","access":"no"},"geometry":{"type":"LineString","coordinates":[[4.9021607637405396,52.373378749854275],[4.901420474052429,52.373788128971476]]}},{"type":"Feature","properties":{"mvt_id":105312212,"subclass":"footway","class":"path","surface":"paved","bicycle":"yes"},"geometry":{"type":"MultiLineString","coordinates":[[[4.910845756530762,52.3722193676044],[4.9107009172439575,52.3721112880473],[4.910658001899719,52.372094912333765]],[[4.9007874727249146,52.36957953064537],[4.900953769683838,52.369681065753475]],[[4.911119341850281,52.37244535127827],[4.911017417907715,52.37249120289709]],[[4.911344647407532,52.37270735988752],[4.911253452301025,52.37274011085439]],[[4.911586046218872,52.37302504324143],[4.911473393440247,52.373061069044525]],[[4.911763072013855,52.37333289915686],[4.911693334579468,52.37335582451152]],[[4.921697974205017,52.362183216744256],[4.921875,52.362226681210394]]]}},{"type":"Feature","properties":{"mvt_id":232642022,"subclass":"cycleway","class":"path","surface":"paved","oneway":1},"geometry":{"type":"LineString","coordinates":[[4.905502796173096,52.365105203505806],[4.905545711517334,52.365003657879825],[4.90639328956604,52.36356233995731]]}},{"type":"Feature","properties":{"mvt_id":232892882,"subclass":"cycleway","class":"path","surface":"paved","oneway":1},"geometry":{"type":"LineString","coordinates":[[4.904671311378479,52.3663826930554],[4.904719591140747,52.36628770151404],[4.904842972755432,52.36618615860604],[4.90489661693573,52.36611082016862],[4.905422329902649,52.365242781078365]]}},{"type":"Feature","properties":{"mvt_id":232893742,"subclass":"pedestrian","class":"path","surface":"unpaved","foot":"yes"},"geometry":{"type":"LineString","coordinates":[[4.90490198135376,52.36667421754492],[4.905524253845215,52.36678558594319],[4.905830025672913,52.36686419876117],[4.905953407287598,52.366910056173715],[4.905953407287598,52.36694936248946]]}},{"type":"Feature","properties":{"mvt_id":232940132,"subclass":"cycleway","class":"path","surface":"paved","oneway":1},"geometry":{"type":"LineString","coordinates":[[4.913957118988037,52.37084378986782],[4.913785457611084,52.37085361557499],[4.913554787635803,52.37093549638307],[4.913420677185059,52.371004276144554],[4.913329482078552,52.371027202707914],[4.913157820701599,52.37105012925938],[4.913045167922974,52.37107960623663]]}},{"type":"Feature","properties":{"mvt_id":232940152,"subclass":"cycleway","class":"path","surface":"paved","oneway":1},"geometry":{"type":"LineString","coordinates":[[4.9127984046936035,52.371151660987096],[4.9127233028411865,52.37117458747395],[4.9126750230789185,52.371197513948914],[4.91263747215271,52.37123681644973],[4.9125999212265015,52.37125974289239],[4.9125248193740845,52.371285944526576]]}},{"type":"Feature","properties":{"mvt_id":232940162,"subclass":"steps","class":"path"},"geometry":{"type":"MultiLineString","coordinates":[[[4.900277853012085,52.3741090795457],[4.900251030921936,52.37411562953313]],[[4.903603792190552,52.37486232173295],[4.9036359786987305,52.3748459470394]],[[4.903024435043335,52.375189814329055],[4.902981519699097,52.375216013631835]],[[4.903931021690369,52.37530771106915],[4.904049038887024,52.37524221291907]],[[4.906345009803772,52.37236019814562],[4.90639328956604,52.37237984888311]],[[4.900674819946289,52.372094912333765],[4.900819659233093,52.372117838331015]],[[4.904612302780151,52.367810817126426],[4.9047088623046875,52.367869775384705]],[[4.90515410900116,52.36628770151404],[4.905229210853577,52.366300803807746]],[[4.903877377510071,52.36582256756976],[4.90389347076416,52.365789811473604]],[[4.903475046157837,52.36268442327148],[4.903576970100403,52.36270407831356]],[[4.904692769050598,52.36226511362424],[4.904724955558777,52.362278217110955],[4.904741048812866,52.36230114820335]],[[4.906184077262878,52.36277287089198],[4.906216263771057,52.36277942256053]],[[4.915255308151245,52.36863622558169],[4.915249943733215,52.36862967478164]],[[4.919611215591431,52.36223890663916],[4.91962194442749,52.36222907901575]],[[4.920560717582703,52.362769595057344],[4.920582175254822,52.36274666420806]],[[4.91811990737915,52.36822352328193],[4.918195009231567,52.368197319831125]],[[4.92063581943512,52.37193443001975],[4.920566082000732,52.37193443001975]],[[4.9154698848724365,52.36960573327626],[4.915464520454407,52.36962210991267]],[[4.9158936738967896,52.36980552782565],[4.915834665298462,52.36974657215096]],[[4.914262890815735,52.36916028643733],[4.914241433143616,52.36913080817923]],[[4.9132490158081055,52.36923561967422],[4.913270473480225,52.36925854715559]],[[4.913570880889893,52.370978074343284],[4.913656711578369,52.37095187252647]],[[4.912036657333374,52.37399445460836],[4.912042021751404,52.374014104618745]]]}},{"type":"Feature","properties":{"mvt_id":232941652,"subclass":"cycleway","class":"path","surface":"paved","access":"no","bicycle":"designated","foot":"designated"},"geometry":{"type":"LineString","coordinates":[[4.908608794212341,52.37228814536668],[4.908941388130188,52.37220299193093],[4.909708499908447,52.37193115486442]]}},{"type":"Feature","properties":{"mvt_id":263122262,"subclass":"footway","class":"path","foot":"yes"},"geometry":{"type":"MultiLineString","coordinates":[[[4.89990234375,52.369744471003884],[4.900127649307251,52.36993654015434]],[[4.9107760190963745,52.363647510050804],[4.910706281661987,52.36365406158966],[4.910223484039307,52.363552512628274]],[[4.913989305496216,52.365550691235924],[4.913951754570007,52.36551465930709],[4.913914203643799,52.36549500551532],[4.9137961864471436,52.3654655248113],[4.91362988948822,52.36545897354106],[4.913538694381714,52.365472076080565],[4.913452863693237,52.36549500551532],[4.913345575332642,52.365547415607246],[4.913291931152344,52.36558672313539],[4.913259744644165,52.36561947938211],[4.913227558135986,52.36567188932637],[4.913211464881897,52.36576360657919],[4.913238286972046,52.365786535862654],[4.913088083267212,52.36584222121579]],[[4.915818572044373,52.37178049745638],[4.915679097175598,52.37172809475922]],[[4.91637110710144,52.37299556756249],[4.916430115699768,52.37295299154709],[4.91637110710144,52.37292351582006],[4.916660785675049,52.37274011085439],[4.916832447052002,52.37284818887276],[4.916864633560181,52.37285473904719],[4.916827082633972,52.3728809397352]],[[4.91737425327301,52.37253377935767],[4.917551279067993,52.37243880104314]],[[4.9171382188797,52.37236674839243],[4.917304515838623,52.372278319978626]]]}},{"type":"Feature","properties":{"mvt_id":265250072,"subclass":"footway","class":"path","access":"no"},"geometry":{"type":"MultiLineString","coordinates":[[[4.90090548992157,52.37557297758364],[4.900975555789728,52.3755991766591]],[[4.901589932186283,52.3755991766591],[4.901683330535889,52.37555005337985]],[[4.900599718093872,52.374488977211094],[4.900374412536621,52.374567576320075]],[[4.906302094459534,52.365003657879825],[4.906350374221802,52.36491849040065],[4.906409382820129,52.36492504175103]],[[4.906237721443176,52.36513468445028],[4.906259179115295,52.36509865218215]],[[4.9067312479019165,52.3666316354361],[4.906741976737976,52.36660870659126],[4.90689218044281,52.36656284886589],[4.907026290893555,52.366553022204265],[4.907063841819763,52.36656939997243],[4.907058477401733,52.36658577773452],[4.906951189041138,52.366615257690995],[4.906859993934631,52.36660543104102]],[[4.913404583930969,52.36769945131275],[4.913405880823234,52.36770090307749]],[[4.913405880823234,52.36770090307749],[4.913436770439148,52.36773548145967]],[[4.914761781692505,52.36736207669309],[4.914783239364624,52.36738828063933]],[[4.914751052856445,52.36739810711517],[4.914783239364624,52.36738828063933]],[[4.914783239364624,52.36738828063933],[4.914804697036743,52.36738172965423],[4.914836883544922,52.36742103555028],[4.914858341217041,52.367414484570034],[4.914783239364624,52.36732932173843],[4.914734959602356,52.36729656675948]],[[4.914734959602356,52.36729656675948],[4.914702773094177,52.36727691376045],[4.91463840007782,52.36726708725765],[4.914557933807373,52.36726381175624],[4.9143970012664795,52.36727691376045]],[[4.9143970012664795,52.36727691376045],[4.914311170578003,52.36731621974976]],[[4.914311170578003,52.36731621974976],[4.913817644119263,52.36754550399039],[4.91364598274231,52.367597911649725]],[[4.91364598274231,52.367597911649725],[4.91362988948822,52.36762411545607],[4.913405880823234,52.36770090307749]],[[4.913405880823234,52.36770090307749],[4.9133241176605225,52.36772893052605]],[[4.914810061454773,52.36726708725765],[4.914734959602356,52.36729656675948]],[[4.914734959602356,52.36729656675948],[4.914751052856445,52.36734897471414]],[[4.9143970012664795,52.36727691376045],[4.914251894972466,52.3672389416516]],[[4.914251894972466,52.3672389416516],[4.9142467975616455,52.367237607736165],[4.913538694381714,52.36748326981417]],[[4.91364598274231,52.367597911649725],[4.913538694381714,52.36748326981417]],[[4.913538694381714,52.36748326981417],[4.91316987509353,52.36712576478687]],[[4.91316987509353,52.36712576478687],[4.913109540939331,52.367067281226795]],[[4.9140483140945435,52.367440688485196],[4.914118051528931,52.3675193001374]],[[4.914112687110901,52.367057454677365],[4.914251894972466,52.3672389416516]],[[4.914251894972466,52.3672389416516],[4.914311170578003,52.36731621974976]],[[4.913790822029114,52.36682489236968],[4.913613796234131,52.3666316354361]],[[4.914016127586365,52.36642199984035],[4.9138712882995605,52.36640562201753],[4.913801550865173,52.36633683509542],[4.913651347160339,52.36614685161124],[4.913662075996399,52.36609771781857]],[[4.9140965938568115,52.3663826930554],[4.914016127586365,52.36642199984035]],[[4.914016127586365,52.36642199984035],[4.913994669914246,52.366471133272356],[4.913983941078186,52.3665464710953],[4.9141234159469604,52.366713524070484]],[[4.9141234159469604,52.366713524070484],[4.914257526397705,52.36683144343735],[4.914289712905884,52.366893678531845],[4.914252161979675,52.36698211772584],[4.914209246635437,52.36702142397744],[4.914112687110901,52.367057454677365]],[[4.914112687110901,52.367057454677365],[4.913983941078186,52.36704762812576],[4.913919568061829,52.36703780157197],[4.91387665271759,52.36702142397744],[4.9137766452277845,52.36690801799289]],[[4.9137766452277845,52.36690801799289],[4.913726449012756,52.36685109663456]],[[4.914783239364624,52.36679541255309],[4.914810061454773,52.36678231040607],[4.914960265159607,52.36675283056108]],[[4.914938807487488,52.36671024852803],[4.915024638175964,52.36667749309006],[4.915072917938232,52.36660870659126],[4.915164113044739,52.36657922663042],[4.915255308151245,52.36657267552534],[4.915491342544556,52.366484235511656]],[[4.915030002593994,52.36680196362515],[4.915078282356262,52.3667921370167],[4.9151211977005005,52.3667921370167]],[[4.91537868976593,52.36702469949684],[4.9153947830200195,52.36707710777403]],[[4.9159687757492065,52.36683799450406],[4.915866851806641,52.366713524070484]],[[4.915732741355896,52.36676593271684],[4.915786385536194,52.366821616835466]],[[4.915786385536194,52.366821616835466],[4.915797114372253,52.366893678531845]],[[4.916312098503113,52.366490786629846],[4.9159687757492065,52.36661198214125]],[[4.9159687757492065,52.36661198214125],[4.915925860404968,52.366644737627794],[4.915866851806641,52.366713524070484]],[[4.915866851806641,52.366713524070484],[4.915786385536194,52.366821616835466]],[[4.915587902069092,52.36645475546775],[4.915727376937866,52.366389244188646]],[[4.915727376937866,52.366389244188646],[4.915807843208313,52.36635976408135]],[[4.915603995323181,52.366448204344216],[4.915614724159241,52.366474408832545],[4.915689826011658,52.36649733774708],[4.915807843208313,52.36656612441927],[4.91588830947876,52.36659887993983],[4.9159687757492065,52.36661198214125]],[[4.9151962995529175,52.36677903486872],[4.915491342544556,52.366687319723994],[4.915523529052734,52.366687319723994],[4.915668368339539,52.366743003941714]],[[4.915276765823364,52.36628115036572],[4.915292859077454,52.36636631521801],[4.915287494659424,52.36642855096776],[4.9153196811676025,52.366451479906104],[4.9153733253479,52.36646458215124],[4.915410876274109,52.36651371553589]],[[4.915325045585632,52.366035481602744],[4.915437698364258,52.366100993406455],[4.915561079978943,52.36615012719548]],[[4.91538405418396,52.365966694104294],[4.915491342544556,52.365960142908385],[4.91564154624939,52.36591428450977],[4.915689826011658,52.365891355292625],[4.915747619727085,52.36585214437689]],[[4.915747619727085,52.36585214437689],[4.915786385536194,52.36582584317804],[4.915791749954224,52.365786535862654]],[[4.915791749954224,52.365786535862654],[4.915775656700134,52.36575050412617],[4.915786385536194,52.36570464550995],[4.915834665298462,52.36565223560456],[4.915909767150879,52.36560310126178],[4.916027784347534,52.36545242226986]],[[4.915528893470764,52.36619270976843],[4.915727376937866,52.366389244188646]],[[4.915727376937866,52.366389244188646],[4.915829300880432,52.366448204344216],[4.9159687757492065,52.36661198214125]],[[4.9159687757492065,52.36661198214125],[4.916129388833411,52.36678484152424]],[[4.916129388833411,52.36678484152424],[4.916714429855347,52.367414484570034],[4.9174036998776955,52.36717868970994]],[[4.9174036998776955,52.36717868970994],[4.918361306190491,52.36685109663456],[4.918431043624878,52.36675283056108],[4.918484687805176,52.36670042189918],[4.918565154075623,52.36663818653243],[4.918709993362427,52.366556297758386],[4.918838739395142,52.36651043997861],[4.919085502624512,52.366471133272356],[4.9191659688949585,52.366451479906104]],[[4.9191659688949585,52.366451479906104],[4.919353723526001,52.366471133272356],[4.919477105140686,52.36645803102916],[4.919911623001099,52.36631718166942],[4.9198901653289795,52.366300803807746]],[[4.9163442850112915,52.36624511903264],[4.9163491986378745,52.36624511903264]],[[4.9163491986378745,52.36624511903264],[4.91638720035553,52.36624511903264],[4.916435480117798,52.366264772490695],[4.916467666625977,52.36625494576276],[4.916489124298096,52.36622874114426],[4.916526675224304,52.36621891440831],[4.916532039642334,52.36619598534926]],[[4.915791749954224,52.365786535862654],[4.915856122970581,52.365786535862654],[4.915925860404968,52.365776709028346],[4.916076064109802,52.36576688219185]],[[4.915335774421692,52.36588480408553],[4.915337450547241,52.3658846711673]],[[4.915337450547241,52.3658846711673],[4.915747619727085,52.36585214437689]],[[4.915747619727085,52.36585214437689],[4.915748834609985,52.36585204803553]],[[4.914557933807373,52.365789811473604],[4.915035367012024,52.36564240874037],[4.915201663970947,52.365645684362015]],[[4.915201663970947,52.365645684362015],[4.915308952331543,52.36561292813471],[4.915448427200317,52.36554413997832],[4.9156200885772705,52.365475351714835],[4.915673732757568,52.36546224917631],[4.915732741355896,52.3654491466339],[4.915797114372253,52.36544587099768],[4.916027784347534,52.36545242226986]],[[4.916027784347534,52.36545242226986],[4.916526675224304,52.36532794793239]],[[4.914815425872803,52.3663630396498],[4.914831519126892,52.36617305627833],[4.914852976799011,52.366156678363225],[4.914938807487488,52.36613702485708],[4.915158748626709,52.36611082016862],[4.915325045585632,52.366035481602744]],[[4.915325045585632,52.366035481602744],[4.91538405418396,52.365966694104294]],[[4.91538405418396,52.365966694104294],[4.915337450547241,52.3658846711673]],[[4.915337450547241,52.3658846711673],[4.915201663970947,52.365645684362015]],[[4.9142467975616455,52.36633028395438],[4.914498925209045,52.36635648851266],[4.914675951004028,52.3663826930554]],[[4.914675951004028,52.3663826930554],[4.914815425872803,52.3663630396498]],[[4.914815425872803,52.3663630396498],[4.915276765823364,52.36628115036572]],[[4.915276765823364,52.36628115036572],[4.915528893470764,52.36619270976843]],[[4.915528893470764,52.36619270976843],[4.915561079978943,52.36615012719548]],[[4.915561079978943,52.36615012719548],[4.9161189794540405,52.36597979649321]],[[4.9161189794540405,52.36597979649321],[4.916231632232666,52.36595031611268]],[[4.916231632232666,52.36595031611268],[4.916430115699768,52.36592411131348]],[[4.916430115699768,52.36592411131348],[4.916725158691406,52.36577998464003]],[[4.916725158691406,52.36577998464003],[4.916859269142151,52.365717747976575],[4.916950464248657,52.365655511225455]],[[4.916950464248657,52.365655511225455],[4.9171382188797,52.365616203758535]],[[4.9171382188797,52.365616203758535],[4.9172669649124146,52.36560637688633]],[[4.9172669649124146,52.36560637688633],[4.917325973510742,52.36558999876115],[4.917363524436951,52.365570345002915],[4.917401075363159,52.365534313090095],[4.917411804199219,52.365501556780224],[4.9172937870025635,52.365360704370985]],[[4.914203882217407,52.366343386235464],[4.9142467975616455,52.36633028395438]],[[4.9142467975616455,52.36633028395438],[4.914311170578003,52.36627787479121],[4.91437554359436,52.36620253651021],[4.914402365684509,52.3661239225148],[4.9143970012664795,52.36600927685406]],[[4.913442134857178,52.367027975015986],[4.9133888443747935,52.366969404377635]],[[4.9133888443747935,52.366969404377635],[4.91338849067688,52.3669690156342]],[[4.913168549537659,52.36712624047743],[4.91316987509353,52.36712576478687]],[[4.91316987509353,52.36712576478687],[4.9137766452277845,52.36690801799289]],[[4.9137766452277845,52.36690801799289],[4.913780093193054,52.36690678064583]],[[4.912964701652527,52.367113138428536],[4.913017919662565,52.36709628921397]],[[4.913017919662565,52.36709628921397],[4.913109540939331,52.367067281226795]],[[4.913109540939331,52.367067281226795],[4.9133888443747935,52.366969404377635]],[[4.9133888443747935,52.366969404377635],[4.913726449012756,52.36685109663456]],[[4.913726449012756,52.36685109663456],[4.9141234159469604,52.366713524070484]],[[4.9141234159469604,52.366713524070484],[4.914219975471497,52.36668076863494]],[[4.913018345832825,52.36709676086196],[4.913017919662565,52.36709628921397]],[[4.913017919662565,52.36709628921397],[4.912932515144348,52.36700177085602]],[[4.912953972816467,52.36686419876117],[4.913045167922974,52.36687074982302],[4.913114905357361,52.36689040300275],[4.913179278373718,52.366939535913794],[4.9132490158081055,52.36701814845782]],[[4.916274547576904,52.3653934607853],[4.916322827339172,52.3654360440876],[4.916317462921143,52.36545242226986],[4.916274547576904,52.365475351714835],[4.916204810142517,52.365475351714835],[4.916172623634338,52.365485178616176],[4.91613507270813,52.36550810804413],[4.916092157363892,52.365547415607246],[4.916027784347534,52.365570345002915],[4.915984869003296,52.365573620629895]],[[4.9167197942733765,52.365501556780224],[4.916666150093079,52.36553758871975],[4.916564226150513,52.36563585749637],[4.91639256477356,52.36566533808673],[4.9161940813064575,52.36567844056503],[4.9161189794540405,52.36569154303944],[4.916081428527832,52.36573740166925],[4.916076064109802,52.36576688219185]],[[4.916076064109802,52.36576688219185],[4.916231632232666,52.36595031611268]],[[4.916837811470032,52.36552448619968],[4.916950464248657,52.365655511225455]],[[4.917004108428955,52.3654655248113],[4.9171382188797,52.365616203758535]],[[4.917041659355164,52.36534760179846],[4.917106032371521,52.365324672287194]],[[4.916929006576538,52.36522967847086],[4.916929102898962,52.365229646800195]],[[4.916929102898962,52.365229646800195],[4.916992391118356,52.36520883772122]],[[4.916992391118356,52.36520883772122],[4.916998744010925,52.365206748898395]],[[4.916827082633972,52.36512158181072],[4.9168860912323,52.365101927844094]],[[4.916945099830627,52.36492176607596],[4.916961193084717,52.36478091181822],[4.916923642158508,52.36474160357313]],[[4.916762709617615,52.36508227386873],[4.916467666625977,52.36519037062506]],[[4.917250871658325,52.36498072819005],[4.917325973510742,52.364967625504825],[4.917401075363159,52.3649709011765],[4.917460083961487,52.364993830871384]],[[4.917165040969849,52.36493814444888],[4.916864633560181,52.36504624155785]],[[4.917363524436951,52.36478091181822],[4.917331337928772,52.36479073887403]],[[4.917331337928772,52.36479073887403],[4.916945099830627,52.36492176607596]],[[4.916945099830627,52.36492176607596],[4.916532039642334,52.36506589554924],[4.916489124298096,52.36509865218215],[4.916456937789917,52.365223127165656],[4.916467666625977,52.365268986281706],[4.916526675224304,52.36532794793239]],[[4.916526675224304,52.36532794793239],[4.9167197942733765,52.365501556780224]],[[4.9167197942733765,52.365501556780224],[4.916762709617615,52.36551793493819],[4.916837811470032,52.36552448619968]],[[4.916837811470032,52.36552448619968],[4.917004108428955,52.3654655248113]],[[4.917004108428955,52.3654655248113],[4.917036294937134,52.36542949281299],[4.917089939117432,52.36540001206525]],[[4.917089939117432,52.36540001206525],[4.917159676551819,52.36537708258118]],[[4.917159676551819,52.36537708258118],[4.9172937870025635,52.365360704370985]],[[4.9172937870025635,52.365360704370985],[4.917513728141785,52.36526571063214]],[[4.917331337928772,52.36479073887403],[4.9174171686172485,52.364859528203496],[4.917454719543457,52.36486935524182],[4.917588829994202,52.36486280388318]],[[4.917588829994202,52.36486280388318],[4.91762101650238,52.364859528203496],[4.917653203010559,52.36486935524182],[4.917690753936768,52.36489556066666]],[[4.917690753936768,52.36489556066666],[4.917712211608887,52.36489883634368],[4.917808771133423,52.36487918227795],[4.91788387298584,52.36487918227795],[4.917948246002197,52.36490211202044],[4.918044805526733,52.36491521472509],[4.918076992034912,52.36490866337326],[4.918178915977478,52.36486280388318],[4.918254017829895,52.364846425482334],[4.918307662010193,52.36484314980143],[4.9183666706085205,52.36484970116299],[4.918436408042908,52.36486935524182]],[[4.917690753936768,52.36491521472509],[4.917690753936768,52.36489556066666]],[[4.917502999305725,52.36501020921757],[4.917599558830261,52.36502003622238]],[[4.917599558830261,52.36502003622238],[4.917739033699036,52.36496107416075]],[[4.917599558830261,52.36502003622238],[4.917653203010559,52.36507899820532],[4.917739033699036,52.365105203505806],[4.9177926778793335,52.365115030489484],[4.917830228805542,52.365105203505806],[4.91787314414978,52.36507899820532],[4.91788387298584,52.36505934421975],[4.91787850856781,52.36503969022544],[4.917840957641602,52.36501348488609],[4.917739033699036,52.36496107416075]],[[4.917739033699036,52.36496107416075],[4.9177175760269165,52.364941420122726]],[[4.917159676551819,52.36537708258118],[4.916992391118356,52.36520883772122]],[[4.916992391118356,52.36520883772122],[4.9168860912323,52.365101927844094]],[[4.9168860912323,52.365101927844094],[4.916864633560181,52.36504624155785]],[[4.916864633560181,52.36504624155785],[4.916746616363525,52.364993830871384],[4.916762709617615,52.36508227386873]],[[4.916762709617615,52.36508227386873],[4.916827082633972,52.36512158181072]],[[4.916827082633972,52.36512158181072],[4.916929102898962,52.365229646800195]],[[4.916929102898962,52.365229646800195],[4.917089939117432,52.36540001206525]],[[4.918184280395508,52.365403287704865],[4.918182593766261,52.365401399563275]],[[4.918182593766261,52.365401399563275],[4.918152093887329,52.36536725565579],[4.918152093887329,52.36532794793239],[4.9181681871414185,52.36531156970398],[4.918189644813538,52.365301742764025],[4.918248653411865,52.365305018410915],[4.918317185359058,52.365346865698776]],[[4.918317185359058,52.365346865698776],[4.918318390846252,52.36534760179846],[4.918431043624878,52.36546880044605],[4.918457865715027,52.36548190298263],[4.918538331985474,52.36549500551532]],[[4.918656349182129,52.365485178616176],[4.9185919761657715,52.365475351714835],[4.918554425239563,52.365485178616176],[4.918527603149414,52.3655048324123],[4.918522238731384,52.3655310374602],[4.918538331985474,52.36555396686437],[4.918570518493652,52.365567069375686],[4.918613433837891,52.365570345002915],[4.918650984764099,52.36556051812051],[4.918683171272278,52.3655310374602]],[[4.918683171272278,52.3655310374602],[4.918677806854248,52.365501556780224],[4.918656349182129,52.365485178616176]],[[4.918656349182129,52.365485178616176],[4.918795824050903,52.36543931972454],[4.918838739395142,52.36541639026087],[4.918908476829529,52.365357428728224],[4.919031858444214,52.365301742764025],[4.919047951698303,52.36513468445028],[4.919064044952393,52.365108479167276]],[[4.919064044952393,52.365108479167276],[4.919219613075256,52.36505279288928],[4.919305443763733,52.36504951722368],[4.919348359107971,52.365056068554644],[4.919396638870239,52.36508882519482],[4.919418096542358,52.36513468445028],[4.919450283050537,52.365141235768604]],[[4.919450283050537,52.365141235768604],[4.919487833976746,52.365147787085945]],[[4.91862952709198,52.36513796010956],[4.918457865715027,52.365016760554354],[4.918436408042908,52.36494797146971],[4.918436408042908,52.36487590659949],[4.918511509895325,52.364823495710944],[4.918763637542725,52.36467936544686],[4.9189406633377075,52.36459419734253],[4.9190157651901245,52.3645778188421],[4.919069409370422,52.36457454314129],[4.919428825378418,52.36471212236635]],[[4.919428825378418,52.36471212236635],[4.919595122337341,52.36471867374733],[4.9197399616241455,52.36473505219554]],[[4.9197399616241455,52.36473505219554],[4.919836521148682,52.36475798201283],[4.920077919960022,52.3648922849894]],[[4.920077919960022,52.3648922849894],[4.920158386230469,52.36494797146971]],[[4.920158386230469,52.36494797146971],[4.920185208320618,52.36496107416075],[4.920228123664856,52.36500693354883]],[[4.918983578681946,52.365036414558865],[4.919064044952393,52.365108479167276]],[[4.918806552886963,52.364312486289265],[4.918538331985474,52.364515580485104],[4.91838812828064,52.36458764594309],[4.917588829994202,52.36486280388318]],[[4.919520020484924,52.36461385153502],[4.919428825378418,52.36471212236635]],[[4.919428825378418,52.36471212236635],[4.919434189796448,52.36473832788446],[4.919412732124329,52.364777636132466],[4.919359087944031,52.364846425482334],[4.9192893505096436,52.364905387696965],[4.919160604476929,52.36496434983291],[4.9190908670425415,52.36498072819005],[4.918983578681946,52.365036414558865]],[[4.918983578681946,52.365036414558865],[4.9188655614852905,52.36508227386873],[4.91862952709198,52.36513796010956]],[[4.91862952709198,52.36513796010956],[4.918554425239563,52.365180543658134],[4.91838812828064,52.36531812099607],[4.918317185359058,52.365346865698776]],[[4.918317185359058,52.365346865698776],[4.918182593766261,52.365401399563275]],[[4.918182593766261,52.365401399563275],[4.917964878564959,52.3654896133355]],[[4.917964878564959,52.3654896133355],[4.917814135551453,52.365550691235924],[4.917749922348946,52.365573643399884]],[[4.917749922348946,52.365573643399884],[4.9175941944122314,52.3656293062514]],[[4.9175941944122314,52.3656293062514],[4.917465448379517,52.365662062466555]],[[4.917465448379517,52.365662062466555],[4.917363524436951,52.36561947938211],[4.9172669649124146,52.36560637688633]],[[4.920158386230469,52.36494797146971],[4.920099377632141,52.3649709011765]],[[4.920051097869873,52.36491193904929],[4.920077919960022,52.3648922849894]],[[4.9197399616241455,52.36473505219554],[4.919691681861877,52.36476453338702]],[[4.919595122337341,52.36479729024336],[4.919584393501282,52.36480711729552],[4.919579029083252,52.36487263092078],[4.919600486755371,52.36495452281572],[4.919643402099609,52.36503313889206]],[[4.919643402099609,52.36503313889206],[4.919772148132324,52.365216575859485]],[[4.919772148132324,52.365216575859485],[4.919798970222473,52.365242781078365],[4.919820427894592,52.3652362297751]],[[4.919761419296265,52.36520347324421],[4.919718503952026,52.365216575859485]],[[4.919450283050537,52.365141235768604],[4.919471740722656,52.365108479167276],[4.919503927230835,52.36508227386873],[4.919552206993103,52.365056068554644],[4.919643402099609,52.36503313889206]],[[4.919643402099609,52.36503313889206],[4.919702410697937,52.365016760554354],[4.919938445091248,52.364974176847916],[4.920002818107605,52.365056068554644],[4.9199652671813965,52.365115030489484],[4.919992089271545,52.36515106274426]],[[4.920067191123962,52.365501556780224],[4.920035004615784,52.36551793493819]],[[4.920035004615784,52.36551793493819],[4.919927716255188,52.36555724249256]],[[4.919927716255188,52.36555724249256],[4.919761419296265,52.36560637688633]],[[4.919761419296265,52.36560637688633],[4.919691681861877,52.36563585749637]],[[4.920035004615784,52.36551793493819],[4.920169115066528,52.36567188932637]],[[4.920169115066528,52.36567188932637],[4.920222759246826,52.365593274386676],[4.920308589935303,52.3655048324123],[4.92040473145326,52.36547156559209]],[[4.92040473145326,52.36547156559209],[4.920469522476196,52.3654491466339]],[[4.920356869697571,52.36538363386356],[4.920185208320618,52.36519037062506],[4.920147657394409,52.36517071668903],[4.9200886487960815,52.365154338402334],[4.920024275779724,52.365147787085945],[4.919992089271545,52.36515106274426]],[[4.919992089271545,52.36515106274426],[4.919772148132324,52.365216575859485]],[[4.9203139543533325,52.36540001206525],[4.920356869697571,52.36538363386356]],[[4.920356869697571,52.36538363386356],[4.920399785041809,52.36537380693964]],[[4.920158386230469,52.365472076080565],[4.9202388525009155,52.36542621717533]],[[4.920405149459839,52.365472076080565],[4.92040473145326,52.36547156559209]],[[4.92040473145326,52.36547156559209],[4.920362234115601,52.36541966589926]],[[4.9191659688949585,52.366451479906104],[4.91913378238678,52.36641544871195],[4.919101595878601,52.36640889758258]],[[4.91938054561615,52.366032206010004],[4.919450283050537,52.36601255244849],[4.919461011886597,52.365996174473885],[4.919461011886597,52.3659863476862],[4.919444918632507,52.36597979649321],[4.919407367706299,52.365983072089826]],[[4.920490980148315,52.36558017188312],[4.920271039009094,52.36565223560456],[4.920169115066528,52.36567188932637]],[[4.920169115066528,52.36567188932637],[4.920039598099493,52.36570703847571]],[[4.920039598099493,52.36570703847571],[4.919927716255188,52.36573740166925]],[[4.919927716255188,52.36573740166925],[4.919786738424449,52.36578470039091]],[[4.919786738424449,52.36578470039091],[4.919466935541408,52.36589199556636]],[[4.919466935541408,52.36589199556636],[4.9194395542144775,52.36590118210143]],[[4.9194395542144775,52.36590118210143],[4.9185919761657715,52.366176331860615],[4.918042164512997,52.36557424777494]],[[4.918042164512997,52.36557424777494],[4.917964878564959,52.3654896133355]],[[4.917964878564959,52.3654896133355],[4.9179428815841675,52.3654655248113],[4.9178677797317505,52.36541966589926],[4.917819499969482,52.365403287704865],[4.917690753936768,52.36538035822249],[4.917647838592529,52.36536725565579],[4.917615652084351,52.36535087744196],[4.917513728141785,52.36526571063214]],[[4.917513728141785,52.36526571063214],[4.917250871658325,52.36498072819005]],[[4.917250871658325,52.36498072819005],[4.917207956314087,52.36494797146971],[4.917165040969849,52.36493814444888]],[[4.917165040969849,52.36493814444888],[4.917063117027283,52.36488573363416]],[[4.919927716255188,52.36573740166925],[4.920008182525635,52.36583239439387]],[[4.919927716255188,52.36555724249256],[4.919954538345337,52.36560965251064],[4.920039598099493,52.36570703847571]],[[4.920039598099493,52.36570703847571],[4.9200403690338135,52.365707921126976]],[[4.919761419296265,52.36560637688633],[4.919707775115967,52.365567069375686],[4.919648766517639,52.365534313090095],[4.91962730884552,52.3655048324123],[4.919600486755371,52.36549500551532],[4.919568300247192,52.36549500551532]],[[4.919788241386414,52.365786535862654],[4.919786738424449,52.36578470039091]],[[4.919786738424449,52.36578470039091],[4.919761419296265,52.365753779739784]],[[4.919509291648865,52.36594048931481],[4.919466935541408,52.36589199556636]],[[4.919466935541408,52.36589199556636],[4.9194663763046265,52.365891355292625]],[[4.9194395542144775,52.36590118210143],[4.919101595878601,52.365547415607246],[4.918581247329712,52.36572757482401]],[[4.919273257255554,52.365956867310054],[4.919348359107971,52.36600600125938],[4.919359087944031,52.36600272566446]],[[4.918806552886963,52.36564895998341],[4.918720722198486,52.36554413997832],[4.918683171272278,52.3655310374602]],[[4.918339848518372,52.36580946513421],[4.918329119682312,52.36581274074346]],[[4.9182164669036865,52.36576360657919],[4.918275475502014,52.36577343341643],[4.918302297592163,52.365786535862654],[4.918329119682312,52.36581274074346]],[[4.918329119682312,52.36581274074346],[4.918350577354431,52.36583894560873],[4.918355941772461,52.365858599247474],[4.918339848518372,52.365894630895795]],[[4.917749762535095,52.365573620629895],[4.917749922348946,52.365573643399884]],[[4.917749922348946,52.365573643399884],[4.917910695075989,52.36559655001196],[4.917948246002197,52.36559655001196],[4.918042164512997,52.36557424777494]],[[4.918042164512997,52.36557424777494],[4.918044805526733,52.365573620629895]],[[4.917406439781189,52.365845496822615],[4.917460083961487,52.36586515045845],[4.917465448379517,52.36590118210143],[4.917433261871338,52.365933938115006],[4.917364352180982,52.36594041155577]],[[4.917364352180982,52.36594041155577],[4.917363524436951,52.36594048931481]],[[4.9173903465271,52.365550691235924],[4.9174439907073975,52.36555724249256],[4.917513728141785,52.36557689625663],[4.917556643486023,52.36559655001196],[4.9175941944122314,52.3656293062514]],[[4.916430115699768,52.36592411131348],[4.916424751281738,52.36604858397125],[4.916451573371887,52.366100993406455],[4.916591048240662,52.366189434187355]],[[4.916591048240662,52.366189434187355],[4.916805624961853,52.3662516701863]],[[4.916805624961853,52.3662516701863],[4.916902184486389,52.36623856787802],[4.9170684814453125,52.36618615860604],[4.917116761207581,52.36614030044204],[4.917159676551819,52.366055135154056]],[[4.917159676551819,52.366055135154056],[4.9173420667648315,52.36599289887823]],[[4.9173420667648315,52.36599289887823],[4.917364352180982,52.36594041155577]],[[4.917364352180982,52.36594041155577],[4.917454719543457,52.36572757482401],[4.917465448379517,52.365662062466555]],[[4.916725158691406,52.36577998464003],[4.916859269142151,52.3658880796892],[4.916945099830627,52.36599289887823],[4.917159676551819,52.366055135154056]],[[4.916591048240662,52.366189434187355],[4.916322827339172,52.36621563882918]],[[4.916322827339172,52.36621563882918],[4.916226267814636,52.36624511903264]],[[4.916805624961853,52.3662516701863],[4.916832447052002,52.36630735495314],[4.9169933795928955,52.36649406218859],[4.916671514511108,52.36660543104102]],[[4.916671514511108,52.36660543104102],[4.916129388833411,52.36678484152424]],[[4.916129388833411,52.36678484152424],[4.9159687757492065,52.36683799450406]],[[4.9159687757492065,52.36683799450406],[4.915797114372253,52.366893678531845]],[[4.915797114372253,52.366893678531845],[4.91564154624939,52.36691988275594],[4.915566444396973,52.366939535913794],[4.915405511856079,52.36701814845782],[4.91537868976593,52.36702469949684]],[[4.91537868976593,52.36702469949684],[4.915341138839722,52.36701814845782],[4.9152714014053345,52.3669788422033],[4.91512656211853,52.36691988275594],[4.9150460958480835,52.3668478211023],[4.915030002593994,52.36680196362515]],[[4.915030002593994,52.36680196362515],[4.914960265159607,52.36675283056108]],[[4.914960265159607,52.36675283056108],[4.914938807487488,52.36671024852803]],[[4.914938807487488,52.36671024852803],[4.914869070053101,52.366664390908056],[4.914842247962952,52.36660543104102],[4.914788603782654,52.36655957331226],[4.914718866348267,52.36653009331863],[4.914665222167969,52.3664809599522],[4.914675951004028,52.3663826930554]],[[4.917599558830261,52.366107544581475],[4.917819499969482,52.365976520896346],[4.918007254600525,52.36591100890805],[4.918286204338074,52.36584222121579]],[[4.916574954986572,52.36649733774708],[4.916574850258229,52.366497371852674]],[[4.916574850258229,52.366497371852674],[4.9164944887161255,52.36652354220627],[4.916446208953857,52.36653336887445],[4.91639256477356,52.36653009331863],[4.916349649429321,52.36651699109292],[4.916312098503113,52.366490786629846]],[[4.916312098503113,52.366490786629846],[4.916296005249023,52.366461306590324],[4.916301369667053,52.36642855096776],[4.916322827339172,52.36640234645223],[4.916355013847351,52.36638596862214],[4.916446208953857,52.36635648851266]],[[4.916671514511108,52.36660543104102],[4.916574850258229,52.366497371852674]],[[4.916574850258229,52.366497371852674],[4.9163491986378745,52.36624511903264]],[[4.9163491986378745,52.36624511903264],[4.916322827339172,52.36621563882918]],[[4.916322827339172,52.36621563882918],[4.9161189794540405,52.36597979649321]],[[4.917406439781189,52.367181924141896],[4.9174036998776955,52.36717868970994]],[[4.9174036998776955,52.36717868970994],[4.917325973510742,52.36708693431908],[4.917245507240295,52.36701487293795],[4.917191863059998,52.36698539324815],[4.917159676551819,52.366946086964475],[4.917154312133789,52.366910056173715],[4.917170405387878,52.36683799450406],[4.917261600494385,52.36668076863494],[4.917315244674683,52.366644737627794],[4.917760491371155,52.366477684392486],[4.917615652084351,52.36629752823468],[4.9175941944122314,52.3662483946096],[4.917588829994202,52.36617960744267],[4.917604923248291,52.36614030044204],[4.917599558830261,52.366107544581475]],[[4.917599558830261,52.366107544581475],[4.917551279067993,52.3660715131068],[4.917481541633606,52.366038757195234],[4.9173420667648315,52.36599289887823]],[[4.91388738155365,52.37090274407806],[4.914295077323914,52.37068330300797],[4.914273619651794,52.370666926765004],[4.914203882217407,52.37064727526542],[4.913903474807739,52.37061452274669]],[[4.914675951004028,52.37116803705035],[4.91462767124176,52.37114838577371],[4.9146223068237305,52.37113856013211],[4.914960265159607,52.37094204684116],[4.915008544921875,52.37095187252647]],[[4.915909767150879,52.373863454315696],[4.915861487388611,52.373892929415426]],[[4.914606213569641,52.375091566805224],[4.914563298225403,52.374980219347314],[4.914552569389343,52.37492454551308],[4.914563298225403,52.374813197634076],[4.9145954847335815,52.37475097369706],[4.914724230766296,52.374603600864944],[4.914810061454773,52.374544651594405],[4.914949536323547,52.37446932741199],[4.915008544921875,52.37441037796222]],[[4.916086792945862,52.3739715295852],[4.9161189794540405,52.37395187955586]],[[4.916650056838989,52.37505554265839],[4.91662323474884,52.3749998689191],[4.91662859916687,52.374967119627925],[4.916671514511108,52.37485577185626],[4.91667205288698,52.374854626796406]],[[4.91667205288698,52.374854626796406],[4.9167984932553,52.37458570271453]],[[4.9167984932553,52.37458570271453],[4.916837811470032,52.37450207707231],[4.917190624516934,52.37429826524265]],[[4.917190624516934,52.37429826524265],[4.917835593223572,52.37392567950316]],[[4.917175769805908,52.37482629739912],[4.9167984932553,52.37458570271453]],[[4.9167984932553,52.37458570271453],[4.916333556175232,52.37428920384615],[4.916322827339172,52.37418440434253]],[[4.9173420667648315,52.37481974751708],[4.91667205288698,52.374854626796406]],[[4.91667205288698,52.374854626796406],[4.916650056838989,52.37485577185626]],[[4.9176424741744995,52.37527823691363],[4.917470812797546,52.374859046794725]],[[4.9180930852890015,52.37443330275759],[4.918082356452942,52.37443985269694]],[[4.918071627616882,52.37455120151724],[4.91811990737915,52.37458395111684],[4.918055534362793,52.37461997564836]],[[4.9182432889938354,52.37452827678307],[4.918229027492259,52.37453698339083]],[[4.918229027492259,52.37453698339083],[4.918227195739746,52.3745381016706]],[[4.918280839920044,52.3742073292552],[4.917980432510376,52.37437762823391],[4.918119097655676,52.374466515883405]],[[4.918119097655676,52.374466515883405],[4.918229027492259,52.37453698339083]],[[4.918229027492259,52.37453698339083],[4.918302297592163,52.37458395111684]],[[4.917497634887695,52.37466909996215],[4.91763710975647,52.37476079853505],[4.917846322059631,52.374642900334926],[4.91787850856781,52.374662550056804],[4.918082356452942,52.374544651594405],[4.918034076690674,52.374515176929634],[4.918119097655676,52.374466515883405]],[[4.918119097655676,52.374466515883405],[4.91811990737915,52.374466052444625]],[[4.916414022445679,52.37385362927809],[4.9165427684783936,52.3738274291671],[4.916821718215942,52.37385362927809]],[[4.917277693748474,52.3735818023707],[4.9166446924209595,52.37396170457163],[4.917190624516934,52.37429826524265]],[[4.917190624516934,52.37429826524265],[4.917191863059998,52.374299028786865]],[[4.91763174533844,52.37348027622918],[4.917744398117065,52.37355232706334]],[[4.917610287666321,52.37320189690193],[4.917414109168504,52.37306917854384]],[[4.917414109168504,52.37306917854384],[4.917411804199219,52.37306761918738]],[[4.91712212562561,52.37308726961014],[4.917123036564533,52.37308782575404]],[[4.917123036564533,52.37308782575404],[4.917197227478027,52.37313312056255]],[[4.9169182777404785,52.373283773356796],[4.9166446924209595,52.373447525811166],[4.916467666625977,52.37344425076803],[4.9158775806427,52.37379467900651],[4.915861487388611,52.373833979196306],[4.915909767150879,52.373863454315696]],[[4.915909767150879,52.373863454315696],[4.916086792945862,52.3739715295852]],[[4.916086792945862,52.3739715295852],[4.916167259216309,52.37402065462026],[4.916113615036011,52.374053404613285]],[[4.917583465576172,52.37301194294211],[4.9175673723220825,52.37300211771507],[4.917460083961487,52.37306761918738],[4.917414109168504,52.37306917854384]],[[4.917414109168504,52.37306917854384],[4.917363524436951,52.37307089425845],[4.917299151420593,52.37302504324143],[4.9172186851501465,52.37303159338963],[4.917123036564533,52.37308782575404]],[[4.917123036564533,52.37308782575404],[4.916929006576538,52.37320189690193],[4.916907548904419,52.37325429785053],[4.9169182777404785,52.373283773356796]],[[4.9169182777404785,52.373283773356796],[4.916945099830627,52.3733099737903],[4.91712212562561,52.373431150593056],[4.91712212562561,52.373447525811166],[4.917336702346802,52.3735818023707],[4.91737425327301,52.37362765280974]],[[4.919503927230835,52.374253179044835],[4.9197399616241455,52.37411235453953]],[[4.919697046279907,52.374515176929634],[4.919605851173401,52.37443657772738],[4.919562935829163,52.37428920384615],[4.919503927230835,52.374253179044835]],[[4.919503927230835,52.374253179044835],[4.919493198394775,52.374246629077795]]]}},{"type":"Feature","properties":{"mvt_id":265291132,"subclass":"steps","class":"path","access":"no"},"geometry":{"type":"MultiLineString","coordinates":[[[4.914751052856445,52.36734897471414],[4.914761781692505,52.36736207669309]],[[4.920018911361694,52.36496107416075],[4.920051097869873,52.36491193904929]],[[4.919938445091248,52.364974176847916],[4.920018911361694,52.36496107416075],[4.920099377632141,52.3649709011765]],[[4.919691681861877,52.36476453338702],[4.919595122337341,52.36479729024336]],[[4.919718503952026,52.365216575859485],[4.919659495353699,52.36523295412311],[4.91962194442749,52.36522640281839],[4.919487833976746,52.365147787085945]],[[4.920067191123962,52.365501556780224],[4.920158386230469,52.365472076080565]],[[4.919820427894592,52.3652362297751],[4.91987943649292,52.365216575859485]],[[4.919407367706299,52.365983072089826],[4.919359087944031,52.36600272566446]]]}},{"type":"Feature","properties":{"mvt_id":283659882,"subclass":"footway","class":"path","bicycle":"yes"},"geometry":{"type":"LineString","coordinates":[[4.913758635520935,52.36319872732689],[4.913007616996765,52.36305459176229],[4.913452863693237,52.362183216744256]]}},{"type":"Feature","properties":{"mvt_id":283660942,"class":"service","surface":"paved","bicycle":"yes","foot":"yes"},"geometry":{"type":"MultiLineString","coordinates":[[[4.9139463901519775,52.36285476667901],[4.913603067398071,52.36348372126376]],[[4.916462302207947,52.37174119543934],[4.916596412658691,52.37164621542045]],[[4.915603995323181,52.37256653045324],[4.915759563446045,52.37242897568859],[4.915426969528198,52.37228159510822]]]}},{"type":"Feature","properties":{"mvt_id":283823962,"subclass":"footway","class":"path","access":"no","foot":"yes"},"geometry":{"type":"MultiLineString","coordinates":[[[4.910223484039307,52.363552512628274],[4.910084009170532,52.36353940951948]],[[4.913962483406067,52.363906295096754],[4.913865923881531,52.363903019346154],[4.913603067398071,52.3638735375798],[4.913479685783386,52.36387681333258],[4.9133241176605225,52.36389974359531],[4.9132490158081055,52.363903019346154],[4.9131470918655396,52.36389319209288]]]}},{"type":"Feature","properties":{"mvt_id":301334312,"subclass":"footway","class":"path","surface":"paved","bicycle":"yes","foot":"yes"},"geometry":{"type":"MultiLineString","coordinates":[[[4.900170564651489,52.36950419799499],[4.900385141372681,52.36940593782316],[4.900508522987366,52.369376459729004],[4.900803565979004,52.369530400670556]],[[4.919922351837158,52.37144315400527],[4.919595122337341,52.37163311471215]],[[4.919402003288269,52.37175757128403],[4.91936981678009,52.37177722228963]],[[4.916864633560181,52.37285473904719],[4.9171435832977295,52.37302504324143]]]}},{"type":"Feature","properties":{"mvt_id":306897962,"subclass":"path","class":"path","foot":"yes"},"geometry":{"type":"MultiLineString","coordinates":[[[4.901914000511169,52.37299884263891],[4.9018871784210205,52.37296936694248]],[[4.902026653289795,52.37308399454028],[4.901999831199646,52.373057793972734]]]}},{"type":"Feature","properties":{"mvt_id":314862402,"subclass":"cycleway","class":"path","surface":"paved","foot":"yes","oneway":1},"geometry":{"type":"LineString","coordinates":[[4.913308024406433,52.367990967112945],[4.913356304168701,52.36802372157702],[4.913415312767029,52.36809578131248],[4.913404583930969,52.36817766723283]]}},{"type":"Feature","properties":{"mvt_id":324313382,"class":"service","service":"driveway"},"geometry":{"type":"LineString","coordinates":[[4.907788038253784,52.363896467844214],[4.907857775688171,52.363903019346154]]}},{"type":"Feature","properties":{"mvt_id":330434452,"subclass":"steps","class":"path","surface":"paved","ramp":1},"geometry":{"type":"MultiLineString","coordinates":[[[4.910658001899719,52.372094912333765],[4.910593628883362,52.372081811758555]],[[4.900803565979004,52.369530400670556],[4.900841116905212,52.36955005266705],[4.9007874727249146,52.36957953064537]],[[4.904515743255615,52.36613374927187],[4.904580116271973,52.366104268994086]],[[4.916033148765564,52.368708284318004],[4.916054606437683,52.36873121207309]],[[4.918296933174133,52.37036232753896],[4.918329119682312,52.37039835551394]],[[4.913291931152344,52.36959263196276],[4.913281202316284,52.36958608130455]],[[4.912503361701965,52.369589356633774],[4.9124979972839355,52.369589356633774]],[[4.9133992195129395,52.37070622973795],[4.9134474992752075,52.37069312875085]],[[4.913184642791748,52.37113528491776],[4.91314172744751,52.371109083194206]],[[4.911822080612183,52.37168879269555],[4.911838173866272,52.37172481958859]],[[4.914751052856445,52.37123354124267],[4.9147725105285645,52.371210614786406],[4.914675951004028,52.37116803705035]]]}},{"type":"Feature","properties":{"mvt_id":342859542,"subclass":"cycleway","class":"path","oneway":1},"geometry":{"type":"LineString","coordinates":[[4.906495213508606,52.3633919992778],[4.907042384147644,52.362474768945276]]}},{"type":"Feature","properties":{"mvt_id":342859552,"subclass":"cycleway","class":"path","surface":"paved","oneway":1},"geometry":{"type":"LineString","coordinates":[[4.90713894367218,52.36224218251314],[4.907160747435768,52.362183216744256]]}},{"type":"Feature","properties":{"mvt_id":370437652,"subclass":"cycleway","class":"path","surface":"paved","oneway":1},"geometry":{"type":"LineString","coordinates":[[4.901136159896851,52.369572979985215],[4.901173710823059,52.369520574669046],[4.902380704879761,52.36902272106454]]}},{"type":"Feature","properties":{"mvt_id":383223852,"subclass":"cycleway","class":"path","oneway":1},"geometry":{"type":"LineString","coordinates":[[4.90713357925415,52.36229459646387],[4.90713894367218,52.36224218251314]]}},{"type":"Feature","properties":{"mvt_id":383433472,"subclass":"cycleway","class":"path","surface":"paved","oneway":1},"geometry":{"type":"LineString","coordinates":[[4.903957843780518,52.36748326981417],[4.904118776321411,52.36723433223256],[4.9042582511901855,52.36711968945347],[4.904515743255615,52.36667421754492],[4.904623031616211,52.36646785771191]]}},{"type":"Feature","properties":{"mvt_id":383433482,"subclass":"cycleway","class":"path","surface":"paved","oneway":1},"geometry":{"type":"LineString","coordinates":[[4.904928803443909,52.36652681776256],[4.904923439025879,52.36654319554045],[4.9049341678619385,52.366618533240505],[4.904923439025879,52.36664146208024],[4.904751777648926,52.36687730088391],[4.904413819313049,52.367463616898206],[4.904279708862305,52.36761756450594]]}},{"type":"Feature","properties":{"mvt_id":385720002,"subclass":"cycleway","class":"path","surface":"paved","oneway":1},"geometry":{"type":"LineString","coordinates":[[4.906876087188721,52.3675029227214],[4.906704425811768,52.36754550399039],[4.905470609664917,52.367971314422846],[4.9052828550338745,52.36805320057391],[4.905256032943726,52.36806957778592]]}},{"type":"Feature","properties":{"mvt_id":546308152,"subclass":"cycleway","class":"path","surface":"paved","oneway":1},"geometry":{"type":"LineString","coordinates":[[4.9038344621658325,52.36858709455771],[4.903764724731445,52.36860674697385]]}},{"type":"Feature","properties":{"mvt_id":546308202,"subclass":"cycleway","class":"path","surface":"paved","oneway":1},"geometry":{"type":"LineString","coordinates":[[4.904966354370117,52.36800734434802],[4.906682968139648,52.367414484570034],[4.906725883483887,52.36739155613153]]}},{"type":"Feature","properties":{"mvt_id":881826582,"class":"service","surface":"paved","foot":"yes","oneway":1},"geometry":{"type":"LineString","coordinates":[[4.912830591201782,52.368194044398685],[4.912991523742676,52.368406947002285],[4.911859631538391,52.368799995266954],[4.911355376243591,52.36896703972043],[4.911296367645264,52.368953938217494],[4.91113007068634,52.36878361832575]]}},{"type":"Feature","properties":{"mvt_id":1139529722,"subclass":"cycleway","class":"path","surface":"paved","oneway":1},"geometry":{"type":"LineString","coordinates":[[4.918946027755737,52.36377526488319],[4.918849468231201,52.363824401258825],[4.918769001960754,52.36383750428309]]}},{"type":"Feature","properties":{"mvt_id":1139529752,"subclass":"pedestrian","class":"path","surface":"unpaved"},"geometry":{"type":"LineString","coordinates":[[4.904279708862305,52.36761756450594],[4.9044352769851685,52.36755533043126],[4.906119704246521,52.36701487293795]]}},{"type":"Feature","properties":{"mvt_id":1139649182,"subclass":"cycleway","class":"path","surface":"paved","oneway":1},"geometry":{"type":"LineString","coordinates":[[4.912245869636536,52.37108615667335],[4.912481904029846,52.37106978057974],[4.912540912628174,52.371059954920646],[4.912616014480591,52.37103702837428]]}},{"type":"Feature","properties":{"mvt_id":1139649192,"subclass":"cycleway","class":"path","surface":"paved","oneway":1},"geometry":{"type":"LineString","coordinates":[[4.913002252578735,52.37090601930964],[4.913409948348999,52.370758633647455],[4.91362452507019,52.37070622973795],[4.913860559463501,52.37068330300797],[4.913962483406067,52.37068657825584],[4.9140483140945435,52.37069640399798],[4.9141716957092285,52.37072260596634]]}},{"type":"Feature","properties":{"mvt_id":1139649212,"subclass":"cycleway","class":"path","surface":"paved","bicycle":"designated","foot":"designated"},"geometry":{"type":"MultiLineString","coordinates":[[[4.908608794212341,52.37228814536668],[4.908281564712524,52.372356923021854],[4.908163547515869,52.37239949961186],[4.908056259155273,52.372465001977886]],[[4.909708499908447,52.37193115486442],[4.910057187080383,52.37179032295518],[4.910572171211243,52.371610188463286],[4.911012053489685,52.37146608034084],[4.911441206932068,52.371338347748306],[4.91214394569397,52.37110580797767]]]}},{"type":"Feature","properties":{"mvt_id":1139649232,"subclass":"cycleway","class":"path","surface":"paved","oneway":1},"geometry":{"type":"LineString","coordinates":[[4.903094172477722,52.3680106197943],[4.902745485305786,52.367909080846516],[4.902691841125488,52.36788942811998],[4.902616739273071,52.36785012264068],[4.902595281600952,52.36783046988793]]}},{"type":"Feature","properties":{"mvt_id":1139649252,"subclass":"cycleway","class":"path","surface":"paved","oneway":1},"geometry":{"type":"LineString","coordinates":[[4.915024638175964,52.37102065226246],[4.915072917938232,52.37103375315241],[4.91537868976593,52.371154936200234]]}},{"type":"Feature","properties":{"mvt_id":1139649272,"subclass":"cycleway","class":"path","surface":"paved","oneway":1},"geometry":{"type":"LineString","coordinates":[[4.914901256561279,52.37100755136863],[4.914954900741577,52.37101737703936],[4.915024638175964,52.37102065226246]]}},{"type":"Feature","properties":{"mvt_id":1139649392,"subclass":"cycleway","class":"path","surface":"paved","oneway":1},"geometry":{"type":"LineString","coordinates":[[4.908490777015686,52.37026406927604],[4.908281564712524,52.370218215345204],[4.908163547515869,52.37017236136677]]}},{"type":"Feature","properties":{"mvt_id":1157170422,"subclass":"cycleway","class":"path","surface":"paved","oneway":1},"geometry":{"type":"LineString","coordinates":[[4.912358522415161,52.37134162294761],[4.91214394569397,52.37110580797767]]}},{"type":"Feature","properties":{"mvt_id":1158428432,"subclass":"cycleway","class":"path","surface":"paved","oneway":1},"geometry":{"type":"LineString","coordinates":[[4.902380704879761,52.36902272106454],[4.9036359786987305,52.3685019339867]]}},{"type":"Feature","properties":{"mvt_id":1158429232,"subclass":"cycleway","class":"path","surface":"paved","foot":"yes","oneway":1},"geometry":{"type":"LineString","coordinates":[[4.902595281600952,52.36783046988793],[4.901844263076782,52.367168822109505]]}},{"type":"Feature","properties":{"mvt_id":1158429272,"subclass":"cycleway","class":"path","surface":"paved","oneway":1},"geometry":{"type":"LineString","coordinates":[[4.9018120765686035,52.36670042189918],[4.901935458183289,52.366746279481745],[4.901978373527527,52.36677575933111],[4.9023109674453735,52.36706400571057],[4.902606010437012,52.36734897471414],[4.9027615785598755,52.36747016787117]]}},{"type":"Feature","properties":{"mvt_id":1186036912,"subclass":"cycleway","class":"path","surface":"paved","oneway":1},"geometry":{"type":"LineString","coordinates":[[4.920067191123962,52.36301528198125],[4.92038369178772,52.36285804250733]]}},{"type":"Feature","properties":{"mvt_id":1186036932,"subclass":"cycleway","class":"path","surface":"paved","oneway":1},"geometry":{"type":"LineString","coordinates":[[4.920067191123962,52.36301528198125],[4.920018911361694,52.362966144705766],[4.919219613075256,52.362353562084124],[4.919031858444214,52.36223563076493],[4.918911695480347,52.362183216744256]]}},{"type":"Feature","properties":{"mvt_id":1186043802,"subclass":"cycleway","class":"path","surface":"paved","oneway":1},"geometry":{"type":"LineString","coordinates":[[4.919182062149048,52.36367699196799],[4.919224977493286,52.36372612845292],[4.919273257255554,52.363762161840455]]}},{"type":"Feature","properties":{"mvt_id":1186050512,"subclass":"cycleway","class":"path","surface":"paved","oneway":1},"geometry":{"type":"LineString","coordinates":[[4.919643402099609,52.364086461005904],[4.91913914680481,52.3638866405895],[4.918946027755737,52.36377526488319],[4.918833374977112,52.36368681926934],[4.918704628944397,52.363608200797295]]}},{"type":"Feature","properties":{"mvt_id":1186056702,"subclass":"cycleway","class":"path","surface":"paved","oneway":1},"geometry":{"type":"LineString","coordinates":[[4.921875,52.36527302188164],[4.92087721824646,52.36465643558876],[4.920480251312256,52.36443041206503],[4.920104742050171,52.36426662618035],[4.919643402099609,52.364086461005904]]}},{"type":"Feature","properties":{"mvt_id":1186072642,"subclass":"cycleway","class":"path","surface":"paved","oneway":1},"geometry":{"type":"LineString","coordinates":[[4.909048676490784,52.36742431104004],[4.908533692359924,52.367447239461555],[4.90839958190918,52.367437412996644],[4.908211827278137,52.36741120907955],[4.9076539278030396,52.36729984225846],[4.907573461532593,52.36729656675948],[4.9074554443359375,52.367309668753975],[4.9072569608688354,52.36737845416132]]}},{"type":"Feature","properties":{"mvt_id":1186893322,"subclass":"cycleway","class":"path","surface":"paved","oneway":1},"geometry":{"type":"LineString","coordinates":[[4.9093276262283325,52.367172097617974],[4.909434914588928,52.36712624047743],[4.911451935768127,52.36643182653112]]}},{"type":"Feature","properties":{"mvt_id":1200685492,"class":"pier"},"geometry":{"type":"MultiLineString","coordinates":[[[4.907461319650935,52.3755991766591],[4.909338355064392,52.375052267734475],[4.909306168556213,52.37500969370172],[4.9072602146961515,52.3755991766591]],[[4.910658001899719,52.37555005337985],[4.910561442375183,52.37545835644571],[4.910497069358826,52.37540923300982],[4.910411238670349,52.37535683461797],[4.910255670547485,52.37528478672767],[4.910234212875366,52.37530116125852],[4.91037905216217,52.375369934221766],[4.910454154014587,52.375415782804424],[4.910534620285034,52.37547145601939],[4.9106365442276,52.37556970269811],[4.910658001899719,52.37555005337985]],[[4.910738468170166,52.375510754717105],[4.91064727306366,52.37553695382949]],[[4.91087794303894,52.375451806657416],[4.910846937687012,52.3755991766591]],[[4.9106526374816895,52.374040304618994],[4.9118006229400635,52.373657128066824]],[[4.910266399383545,52.373847079251796],[4.911693334579468,52.37335582451152]],[[4.910180568695068,52.3723208966444],[4.91038978099823,52.372540329578726]],[[4.909923076629639,52.37240932497296],[4.910094738006592,52.37259600641851]],[[4.909681677818298,52.37249120289709],[4.9098265171051025,52.3726615084931]],[[4.909231066703796,52.37280233762454],[4.909526109695435,52.37269753459273],[4.909472465515137,52.37262548236409]],[[4.9049341678619385,52.36982517969972],[4.904960989952087,52.36980552782565],[4.905111193656921,52.36986775873022],[4.905089735984802,52.369887410576624],[4.9049341678619385,52.36982517969972]],[[4.89990234375,52.36719715524965],[4.89990770816803,52.367195026170386],[4.89990234375,52.36719011291016]],[[4.918393492698669,52.366883851943804],[4.918436408042908,52.366929709335956],[4.918490052223206,52.36691333170137],[4.918447136878967,52.36686419876117],[4.918393492698669,52.366883851943804]],[[4.91863489151001,52.3668871274734],[4.91862416267395,52.36689040300275],[4.918613433837891,52.36687402535358],[4.918726086616516,52.366834718970814],[4.9187153577804565,52.366821616835466],[4.919155240058899,52.36666766645393],[4.919192790985107,52.36670697298532],[4.919074773788452,52.36674955502153],[4.919080138206482,52.36675610610039],[4.919026494026184,52.36677248379326],[4.919026494026184,52.36676593271684],[4.918919205665588,52.36680196362515],[4.918924570083618,52.36680851469622],[4.91887629032135,52.366828167903634],[4.91887092590332,52.366821616835466],[4.918752908706665,52.36686092322988],[4.9187421798706055,52.3668478211023],[4.91863489151001,52.3668871274734]],[[4.918736815452576,52.36886550297104],[4.9187904596328735,52.36893101057801]],[[4.919321537017822,52.36866242877213],[4.9193952132466165,52.36875595035889]],[[4.9193952132466165,52.36875595035889],[4.919459639977646,52.368837730849826]],[[4.919459639977646,52.368837730849826],[4.919525384902954,52.36892118444316]],[[4.919530749320984,52.36857726834636],[4.919707775115967,52.36883602451623]],[[4.920222759246826,52.36867553036152],[4.9200403690338135,52.368397120750856]],[[4.9203890562057495,52.368659153374175],[4.920179843902588,52.36838729449724],[4.920056462287903,52.368420048667446]],[[4.921054244041443,52.36821697242068],[4.920979142189026,52.36814491288291]],[[4.92088258266449,52.368465904464934],[4.920705556869507,52.36828248098938]],[[4.920769929885864,52.36853468807191],[4.920576810836792,52.368321786083975]],[[4.919262528419495,52.368924459821685],[4.9193952132466165,52.36875595035889]],[[4.9193952132466165,52.36875595035889],[4.919396638870239,52.368754139816275]],[[4.9193161725997925,52.369016170321814],[4.919459639977646,52.368837730849826]],[[4.919459639977646,52.368837730849826],[4.919461011886597,52.36883602451623]],[[4.918050169944763,52.36934698161516],[4.918355312180523,52.36923584897156]],[[4.918355312180523,52.36923584897156],[4.918355941772461,52.36923561967422]],[[4.918650984764099,52.36954677733491],[4.918752908706665,52.36950747333029]],[[4.918752908706665,52.36950747333029],[4.918822646141052,52.36948127064112]],[[4.918860197067261,52.369628660565525],[4.918752908706665,52.36950747333029]],[[4.918500781059265,52.36938628576257],[4.9185919761657715,52.36935353230882]],[[4.9185919761657715,52.36935353230882],[4.918683171272278,52.369320778830776]],[[4.9185919761657715,52.36935353230882],[4.91838276386261,52.369127532816]],[[4.918361306190491,52.369242170384396],[4.918355312180523,52.36923584897156]],[[4.918355312180523,52.36923584897156],[4.918302297592163,52.369179938598464]],[[4.915952682495117,52.369897236496534],[4.91566362663508,52.36998968162236]],[[4.91566362663508,52.36998968162236],[4.915325668299204,52.37009776637096]],[[4.915325668299204,52.37009776637096],[4.915051460266113,52.370185462508324]],[[4.915325045585632,52.37009702972743],[4.915325668299204,52.37009776637096]],[[4.915325668299204,52.37009776637096],[4.915410876274109,52.37019856364599]],[[4.915663003921509,52.36998894497702],[4.91566362663508,52.36998968162236]],[[4.91566362663508,52.36998968162236],[4.915748834609985,52.370090479144025]],[[4.912760853767395,52.3714366036215],[4.91288959980011,52.371439878813504]],[[4.912959337234497,52.37177394712264],[4.91288423538208,52.371407126882495]],[[4.915582537651062,52.37258618109894],[4.915213859763554,52.37282607554985]],[[4.915213859763554,52.37282607554985],[4.915174841880798,52.372851463960096],[4.914751052856445,52.37270735988752],[4.914450645446777,52.373178971467375],[4.914423823356628,52.373231372443165]],[[4.915212392807007,52.37282526325459],[4.915213859763554,52.37282607554985]],[[4.915213859763554,52.37282607554985],[4.915443062782288,52.37295299154709]],[[4.912669658660889,52.3727106349853],[4.912438988685608,52.37274011085439]],[[4.912712574005127,52.37286783939314],[4.9124979972839355,52.372890764989194]],[[4.912766218185425,52.37302831831565],[4.912551641464233,52.37304469368313]],[[4.912610650062561,52.37255015490849],[4.9123746156692505,52.37258618109894]],[[4.912546277046204,52.372396224491006],[4.912294149398804,52.372435525925205]],[[4.911017417907715,52.37249120289709],[4.909316897392273,52.37308399454028]],[[4.911253452301025,52.37274011085439],[4.909542202949524,52.37331652389624]],[[4.911457300186157,52.37303486846337],[4.911489486694336,52.37308399454028],[4.910368323326111,52.373463901023214],[4.910448789596558,52.37354905202797],[4.910303950309753,52.373594902501],[4.9102771282196045,52.373568702236525],[4.9101269245147705,52.37362110274993],[4.9100518226623535,52.373532676847496],[4.910089373588562,52.373516301660956],[4.910008907318115,52.373431150593056],[4.910159111022949,52.37338529995003],[4.910175204277039,52.37340822527749],[4.910314679145813,52.37342460050411],[4.911457300186157,52.37303486846337]],[[4.912835955619812,52.37382415415213],[4.91264283657074,52.37382087913692]],[[4.912835955619812,52.37366040309418],[4.91264283657074,52.37366367812128]],[[4.912819862365723,52.37350647654611],[4.91262674331665,52.37350647654611]],[[4.912787675857544,52.373185521592745],[4.912594556808472,52.37319207171715]],[[4.912803769111633,52.37334599936098],[4.912610650062561,52.373349274411396]]]}},{"type":"Feature","properties":{"mvt_id":1215216742,"subclass":"cycleway","class":"path","surface":"paved","oneway":1},"geometry":{"type":"LineString","coordinates":[[4.909654855728149,52.36929457603085],[4.909767508506775,52.36935680765528],[4.910094738006592,52.369582805975085],[4.910824298858643,52.370028248553226]]}},{"type":"Feature","properties":{"mvt_id":1236434972,"subclass":"pedestrian","class":"path","surface":"paved","bicycle":"yes","oneway":1},"geometry":{"type":"LineString","coordinates":[[4.900256395339966,52.37301849309225],[4.900224208831787,52.37348027622918]]}},{"type":"Feature","properties":{"mvt_id":1263003312,"subclass":"footway","class":"path","surface":"paved","ramp":1},"geometry":{"type":"LineString","coordinates":[[4.913409948348999,52.370758633647455],[4.91337776184082,52.370712780230036],[4.9133992195129395,52.37070622973795]]}},{"type":"Feature","properties":{"mvt_id":1304668412,"subclass":"footway","class":"path","surface":"unpaved","access":"no"},"geometry":{"type":"MultiLineString","coordinates":[[[4.908619523048401,52.36703452605356],[4.9086302518844604,52.36697556668051],[4.908614158630371,52.36692643380953],[4.9085551500320435,52.366880576413976],[4.908501505851746,52.36685437216658],[4.908447861671448,52.36684127003704],[4.90838885307312,52.36683799450406],[4.908324480056763,52.36684454556979],[4.9082547426223755,52.36686747429222],[4.908201098442078,52.366893678531845],[4.908168911933899,52.36692315828285],[4.90815281867981,52.36695591353867]],[[4.908168911933899,52.36692315828285],[4.908158183097839,52.366900229589326],[4.90813672542572,52.366883851943804],[4.908083081245422,52.366883851943804],[4.908066987991333,52.36689695406071],[4.908061623573303,52.366916607228774],[4.908072352409363,52.36694281143926]],[[4.908410310745239,52.36672007515468],[4.908340573310852,52.36675283056108],[4.908222556114197,52.36678231040607],[4.907857775688171,52.366910056173715]],[[4.90839958190918,52.3665497466499],[4.908362030982971,52.36656612441927],[4.908174276351929,52.36660543104102],[4.908072352409363,52.366648013175116]],[[4.908362030982971,52.36656612441927],[4.908281564712524,52.36653664443003],[4.908206462860107,52.36653009331863],[4.90815281867981,52.36651371553589],[4.908109903335571,52.36648751107088],[4.908050894737244,52.366477684392486],[4.907997250556946,52.3664809599522],[4.907932877540588,52.366507164421094],[4.907841682434082,52.36653336887445],[4.907745122909546,52.36654319554045],[4.907691478729248,52.366556297758386],[4.907600283622742,52.36658577773452],[4.907492995262146,52.36660870659126],[4.907321333885193,52.366657839815616],[4.907224774360657,52.366664390908056]],[[4.908206462860107,52.366389244188646],[4.90814745426178,52.36641217314738],[4.908093810081482,52.36640562201753],[4.908066987991333,52.36637286635369]],[[4.90814745426178,52.36636631521801],[4.908120632171631,52.36640889758258],[4.908050894737244,52.366477684392486],[4.9080294370651245,52.36660543104102],[4.90814745426178,52.366726626237906],[4.908222556114197,52.36678231040607],[4.908324480056763,52.36684454556979],[4.908372759819031,52.36694936248946],[4.9084049463272095,52.36694936248946],[4.908431768417358,52.36695918906292],[4.908447861671448,52.3669788422033],[4.908442497253418,52.36700504637687]],[[4.907627105712891,52.36667749309006],[4.907568097114563,52.36671679961271],[4.907374978065491,52.36676593271684]],[[4.90763247013092,52.36665128872219],[4.907702207565308,52.36665456426903],[4.907948970794678,52.36659232883767],[4.9080294370651245,52.36660543104102]],[[4.907702207565308,52.36665456426903],[4.907750487327576,52.36669387081208]],[[4.908083081245422,52.366883851943804],[4.907991886138916,52.36677903486872]],[[4.907965064048767,52.36687074982302],[4.908024072647095,52.366936260388094]],[[4.907535910606384,52.36682489236968],[4.907374978065491,52.36676593271684],[4.907240867614746,52.36669387081208],[4.907224774360657,52.366664390908056],[4.907192587852478,52.366575951078]],[[4.907535910606384,52.366857647698346],[4.908072352409363,52.36694281143926],[4.908909201622009,52.36708365880431],[4.908973574638367,52.36706073019409],[4.909011125564575,52.367031250534886],[4.908796548843384,52.36678886148007],[4.908673167228699,52.366743003941714],[4.908614158630371,52.36669059526816],[4.908512234687805,52.36658250218259],[4.90839958190918,52.3665497466499],[4.90838348865509,52.36651371553589],[4.908185005187988,52.36637286635369],[4.908125996589661,52.36635976408135],[4.90788459777832,52.36642199984035],[4.907192587852478,52.366575951078],[4.90689754486084,52.36659232883767],[4.906774163246155,52.3666316354361],[4.906554222106934,52.3666316354361],[4.906500577926636,52.36664146208024],[4.906452298164368,52.36666111536195]],[[4.907578825950623,52.36697556668051],[4.9075305461883545,52.36690678064583],[4.907535910606384,52.36682489236968],[4.907621741294861,52.36672007515468],[4.907627105712891,52.36667749309006],[4.90763247013092,52.36665128872219],[4.907552003860474,52.36649406218859],[4.907519817352295,52.36646785771191],[4.907444715499878,52.36643510209422]]]}},{"type":"Feature","properties":{"mvt_id":1391453212,"class":"service","surface":"paved","oneway":1},"geometry":{"type":"LineString","coordinates":[[4.902332425117493,52.36739483162347],[4.902268052101135,52.36739155613153],[4.902209043502808,52.367375178668155],[4.90214467048645,52.36733587273131],[4.901951551437378,52.367155720073235],[4.90164041519165,52.366883851943804]]}},{"type":"Feature","properties":{"mvt_id":1462759722,"class":"service","oneway":1},"geometry":{"type":"LineString","coordinates":[[4.920056462287903,52.36282528421316],[4.920147657394409,52.362805629225],[4.920351505279541,52.36277942256053],[4.920469522476196,52.36277942256053],[4.920533895492554,52.36279907756035],[4.920678734779358,52.36285804250733],[4.920710921287537,52.36288752495131],[4.920775294303894,52.36296942052582]]}},{"type":"Feature","properties":{"mvt_id":1469773772,"subclass":"cycleway","class":"path","surface":"paved","oneway":1},"geometry":{"type":"LineString","coordinates":[[4.9203139543533325,52.363113556368276],[4.920212030410767,52.363156141868096],[4.920158386230469,52.36320200312971]]}},{"type":"Feature","properties":{"mvt_id":1469773782,"subclass":"cycleway","class":"path","surface":"paved","oneway":1},"geometry":{"type":"LineString","coordinates":[[4.920222759246826,52.36309062569752],[4.920099377632141,52.36304148850583],[4.920067191123962,52.36301528198125]]}},{"type":"Feature","properties":{"mvt_id":1469773792,"subclass":"cycleway","class":"path","surface":"paved","oneway":1},"geometry":{"type":"LineString","coordinates":[[4.920485615730286,52.3628809732988],[4.9203890562057495,52.36311683217741]]}},{"type":"Feature","properties":{"mvt_id":1480037182,"class":"service","surface":"paved","bicycle":"no"},"geometry":{"type":"LineString","coordinates":[[4.904875159263611,52.36883929990107],[4.904242157936096,52.369104605266614],[4.904215335845947,52.369104605266614],[4.904049038887024,52.36904237328688]]}},{"type":"Feature","properties":{"mvt_id":1576827912,"subclass":"cycleway","class":"path","surface":"paved","oneway":1},"geometry":{"type":"LineString","coordinates":[[4.910507798194885,52.37163311471215],[4.910454154014587,52.371564335929875],[4.909569025039673,52.37096497343682],[4.909429550170898,52.37085361557499],[4.909316897392273,52.37073243170047]]}},{"type":"Feature","properties":{"mvt_id":1576991662,"subclass":"cycleway","class":"path","oneway":1},"geometry":{"type":"LineString","coordinates":[[4.913157820701599,52.37105012925938],[4.912953972816467,52.37092567069412]]}},{"type":"Feature","properties":{"mvt_id":1639697042,"subclass":"cycleway","class":"path","surface":"paved","oneway":1},"geometry":{"type":"LineString","coordinates":[[4.9070799350738525,52.367260536254584],[4.907176494598389,52.367224505720294],[4.907337427139282,52.36719175066363],[4.907444715499878,52.36718519964938],[4.907546639442444,52.367188475156624],[4.90763247013092,52.367195026170386],[4.908168911933899,52.36731621974976],[4.9083030223846436,52.36733914822738],[4.908522963523865,52.367355525704106],[4.908758997917175,52.367352250209244],[4.90888237953186,52.36733914822738],[4.909107685089111,52.36729001576077],[4.909214973449707,52.367253985250535],[4.909268617630005,52.36720485268921],[4.9093276262283325,52.367172097617974]]}},{"type":"Feature","properties":{"mvt_id":1684595532,"subclass":"cycleway","class":"path","surface":"paved","oneway":1},"geometry":{"type":"LineString","coordinates":[[4.919021129608154,52.363447687649135],[4.919187426567078,52.363640958510985]]}},{"type":"Feature","properties":{"mvt_id":1715695502,"subclass":"cycleway","class":"path","oneway":1},"geometry":{"type":"LineString","coordinates":[[4.907541275024414,52.36232080341592],[4.907503724098206,52.36236338967985]]}},{"type":"Feature","properties":{"mvt_id":1801179372,"subclass":"cycleway","class":"path","surface":"paved","oneway":1},"geometry":{"type":"LineString","coordinates":[[4.908506870269775,52.370054450917934],[4.908860921859741,52.370159260221335],[4.909923076629639,52.37057194443602]]}},{"type":"Feature","properties":{"mvt_id":1916065002,"subclass":"cycleway","class":"path","surface":"paved","oneway":1},"geometry":{"type":"LineString","coordinates":[[4.918543696403503,52.36386698607349],[4.918645620346069,52.36370974963067]]}},{"type":"Feature","properties":{"mvt_id":2187313962,"subclass":"cycleway","class":"path","oneway":1},"geometry":{"type":"LineString","coordinates":[[4.906715154647827,52.363618028113954],[4.906302094459534,52.36431576200951],[4.906162619590759,52.364528683304385],[4.90614116191864,52.36462367862799],[4.905878305435181,52.36505934421975]]}},{"type":"Feature","properties":{"mvt_id":2187314012,"subclass":"cycleway","class":"path","oneway":1},"geometry":{"type":"LineString","coordinates":[[4.9073803424835205,52.3625370101772],[4.9072569608688354,52.362687699112435],[4.906817078590393,52.363450963433486]]}},{"type":"Feature","properties":{"mvt_id":2214913152,"subclass":"cycleway","class":"path","surface":"paved","oneway":1},"geometry":{"type":"LineString","coordinates":[[4.919906258583069,52.363431308723676],[4.919863343238831,52.363460790785126],[4.919766783714294,52.363503375950266],[4.919407367706299,52.363572167284175],[4.919187426567078,52.363640958510985]]}},{"type":"Feature","properties":{"mvt_id":2214913182,"subclass":"cycleway","class":"path","surface":"paved","oneway":1},"geometry":{"type":"LineString","coordinates":[[4.920002818107605,52.36314303864176],[4.920035004615784,52.3631004531293],[4.920067191123962,52.36301528198125]]}},{"type":"Feature","properties":{"mvt_id":2293744822,"subclass":"footway","class":"path","surface":"paved","bicycle":"dismount"},"geometry":{"type":"LineString","coordinates":[[4.901120066642761,52.36947144462868],[4.900717735290527,52.3691340835422],[4.900299310684204,52.368754139816275],[4.89990234375,52.36838354438055]]}},{"type":"Feature","properties":{"mvt_id":2737361482,"subclass":"footway","class":"path","surface":"paved","bicycle":"no","foot":"yes"},"geometry":{"type":"LineString","coordinates":[[4.900358319282532,52.36962538523922],[4.900626540184021,52.369684341075654]]}},{"type":"Feature","properties":{"mvt_id":2968626912,"subclass":"footway","class":"path","access":"no","foot":"permissive"},"geometry":{"type":"MultiLineString","coordinates":[[[4.914515018463135,52.36365078582034],[4.9146705865859985,52.36365406158966],[4.914815425872803,52.3636376827407],[4.91488516330719,52.36360164925163],[4.9149709939956665,52.36342803293785],[4.914997816085815,52.36339855085454],[4.915013909339905,52.36338872348906],[4.915051460266113,52.363378896121404],[4.9151694774627686,52.363372344541744],[4.915239214897156,52.363375620331695],[4.915335774421692,52.363408378217834],[4.915351867675781,52.363408378217834],[4.915485978126526,52.363355965588354],[4.915555715560913,52.363346138213416],[4.915598630905151,52.363310104486565],[4.9156951904296875,52.363257691740515],[4.915732741355896,52.363205278932284]],[[4.915239214897156,52.363375620331695],[4.915292859077454,52.363352689796955],[4.9153196811676025,52.36329700130589],[4.9153196811676025,52.36328389812132],[4.915282130241394,52.36326424333717]]]}},{"type":"Feature","properties":{"mvt_id":2968626932,"class":"service","access":"no","foot":"permissive"},"geometry":{"type":"LineString","coordinates":[[4.913232922554016,52.364089736742905],[4.913206100463867,52.36410939115982],[4.912401437759399,52.36438782779342],[4.912347793579102,52.36439765493667],[4.911113977432251,52.36417818155015],[4.910931587219238,52.36413887276879]]}},{"type":"Feature","properties":{"mvt_id":2978913832,"class":"service","surface":"paved","service":"alley"},"geometry":{"type":"LineString","coordinates":[[4.909933805465698,52.365855323641625],[4.9102020263671875,52.36615012719548],[4.9103522300720215,52.36619598534926],[4.910405874252319,52.36625822133898],[4.9104005098342896,52.36629097708783],[4.910330772399902,52.366313906097574],[4.910320043563843,52.36635321294373],[4.910368323326111,52.36641217314738]]}},{"type":"Feature","properties":{"mvt_id":2990147542,"class":"service","access":"no","service":"driveway"},"geometry":{"type":"MultiLineString","coordinates":[[[4.908549785614014,52.371305595742015],[4.908426403999329,52.371220440411975]],[[4.907857775688171,52.363903019346154],[4.908345937728882,52.36399474027123]],[[4.918211102485657,52.374744423803854],[4.918307662010193,52.374976944417824]]]}},{"type":"Feature","properties":{"mvt_id":3039882492,"subclass":"footway","class":"path","surface":"paved","bicycle":"no"},"geometry":{"type":"MultiLineString","coordinates":[[[4.900755286216736,52.36971709428411],[4.900878667831421,52.369753122785376]],[[4.912476539611816,52.36628115036572],[4.912943243980408,52.36678886148007]]]}},{"type":"Feature","properties":{"mvt_id":3129017722,"subclass":"cycleway","class":"path","surface":"paved","oneway":1},"geometry":{"type":"LineString","coordinates":[[4.905164837837219,52.36902272106454],[4.905079007148743,52.36900634420591],[4.904038310050964,52.3686100223757]]}},{"type":"Feature","properties":{"mvt_id":3183371412,"class":"service","surface":"paved","oneway":1},"geometry":{"type":"LineString","coordinates":[[4.909182786941528,52.37236347326914],[4.909070134162903,52.37240277473247],[4.908936023712158,52.372465001977886],[4.908791184425354,52.37255015490849],[4.908769726753235,52.37256980556147],[4.908758997917175,52.372609106841196]]}},{"type":"Feature","properties":{"mvt_id":3211736502,"subclass":"cycleway","class":"path","surface":"paved","oneway":1},"geometry":{"type":"LineString","coordinates":[[4.91513729095459,52.37134817334547],[4.914944171905518,52.37124991727556],[4.914729595184326,52.37112218405793]]}},{"type":"Feature","properties":{"mvt_id":3243100272,"subclass":"cycleway","class":"path","surface":"paved","oneway":1},"geometry":{"type":"LineString","coordinates":[[4.919273257255554,52.363762161840455],[4.91938054561615,52.36383095277144],[4.919756054878235,52.36399474027123],[4.920206665992737,52.36418145728036],[4.920582175254822,52.36435179491616],[4.920973777770996,52.36457454314129],[4.921875,52.36512960153022]]}},{"type":"Feature","properties":{"mvt_id":3774911442,"class":"service","surface":"paved","access":"no"},"geometry":{"type":"MultiLineString","coordinates":[[[4.906409382820129,52.36492504175103],[4.906564950942993,52.36467936544686],[4.906699061393738,52.36441075779093]],[[4.913334846496582,52.362340458619755],[4.913190007209778,52.36260252716871]],[[4.916757345199585,52.373224822324595],[4.916832447052002,52.37328704841183],[4.917277693748474,52.3735818023707],[4.91737425327301,52.37362765280974],[4.918806552886963,52.37454792655594],[4.918849468231201,52.37458722607548],[4.91887629032135,52.374642900334926]]]}},{"type":"Feature","properties":{"mvt_id":3908468022,"class":"service","oneway":1},"geometry":{"type":"LineString","coordinates":[[4.915084004402189,52.3755991766591],[4.914911985397339,52.37517343975692],[4.914906620979309,52.37511121632747],[4.914917349815369,52.375062092505445],[4.914944171905518,52.37500969370172],[4.915292859077454,52.37447915231264]]}},{"type":"Feature","properties":{"mvt_id":3917834742,"class":"service","surface":"paved","foot":"yes"},"geometry":{"type":"LineString","coordinates":[[4.9186402559280396,52.3718853026642],[4.917857050895691,52.37139730129845],[4.917583465576172,52.37155778556407],[4.917170405387878,52.37129577013539]]}},{"type":"Feature","properties":{"mvt_id":4257030802,"subclass":"cycleway","class":"path","surface":"paved","access":"no","bicycle":"designated","foot":"yes"},"geometry":{"type":"LineString","coordinates":[[4.910733103752136,52.37189185298142],[4.9105024337768555,52.37198683247211],[4.910212755203247,52.372117838331015],[4.90889847278595,52.37256980556147]]}},{"type":"Feature","properties":{"mvt_id":4934618932,"subclass":"cycleway","class":"path","surface":"paved","oneway":1},"geometry":{"type":"LineString","coordinates":[[4.92038369178772,52.36285804250733],[4.920845031738281,52.362943213958495],[4.921504855155945,52.36300217871313],[4.921875,52.363014075101454]]}},{"type":"Feature","properties":{"mvt_id":5048631292,"class":"service","surface":"paved","bicycle":"designated","oneway":1},"geometry":{"type":"LineString","coordinates":[[4.918752908706665,52.3699037871086],[4.919305443763733,52.36971381896436]]}},{"type":"Feature","properties":{"mvt_id":5428241792,"subclass":"cycleway","class":"path","surface":"paved","oneway":1},"geometry":{"type":"LineString","coordinates":[[4.918511509895325,52.36330355289671],[4.91862952709198,52.36330027710142],[4.919021129608154,52.363447687649135]]}},{"type":"Feature","properties":{"mvt_id":5546561362,"subclass":"steps","class":"path","surface":"paved","level":0},"geometry":{"type":"MultiLineString","coordinates":[[[4.908007979393005,52.375415782804424],[4.907997250556946,52.37545508155168]],[[4.908780455589294,52.37518653941511],[4.908775091171265,52.3752225634551]]]}},{"type":"Feature","properties":{"mvt_id":5552672672,"subclass":"cycleway","class":"path","surface":"paved","oneway":1},"geometry":{"type":"LineString","coordinates":[[4.914606213569641,52.36260252716871],[4.914579391479492,52.36252718262009],[4.9145954847335815,52.36243545864837],[4.914741959977675,52.362183216744256]]}},{"type":"Feature","properties":{"mvt_id":5606713832,"subclass":"cycleway","class":"path","foot":"yes"},"geometry":{"type":"LineString","coordinates":[[4.90265965461731,52.364495926248885],[4.90264356136322,52.36453851041631]]}},{"type":"Feature","properties":{"mvt_id":5819219282,"subclass":"cycleway","class":"path","surface":"paved","oneway":1},"geometry":{"type":"LineString","coordinates":[[4.901318550109863,52.36669387081208],[4.901350736618042,52.366644737627794],[4.901356101036072,52.366615257690995],[4.901350736618042,52.36658905328621],[4.901323914527893,52.366556297758386],[4.901323914527893,52.36652354220627]]}},{"type":"Feature","properties":{"mvt_id":5978990722,"class":"service","surface":"paved","access":"no","horse":"no","bicycle":"no","foot":"no","oneway":1},"geometry":{"type":"LineString","coordinates":[[4.902718663215637,52.36787960175343],[4.902380704879761,52.36758480974071],[4.902418255805969,52.3675029227214],[4.902439713478088,52.36747671884315]]}},{"type":"Feature","properties":{"mvt_id":6102521942,"subclass":"cycleway","class":"path","surface":"paved","oneway":1},"geometry":{"type":"LineString","coordinates":[[4.921875,52.3632755362186],[4.921719431877136,52.363238036944715],[4.921526312828064,52.36321183053672],[4.920469522476196,52.363120107986305],[4.9203139543533325,52.363113556368276],[4.920222759246826,52.36309062569752]]}},{"type":"Feature","properties":{"mvt_id":6102521952,"subclass":"cycleway","class":"path","surface":"paved","oneway":1},"geometry":{"type":"LineString","coordinates":[[4.917106032371521,52.36458109454267],[4.917020201683044,52.36470229529306],[4.916923642158508,52.36474160357313],[4.915700554847717,52.36516088971774],[4.913200736045837,52.366038757195234],[4.911768436431885,52.36652354220627]]}},{"type":"Feature","properties":{"mvt_id":6141284852,"subclass":"cycleway","class":"path","oneway":1},"geometry":{"type":"LineString","coordinates":[[4.907619919417044,52.362183216744256],[4.907541275024414,52.36232080341592]]}},{"type":"Feature","properties":{"mvt_id":6141350052,"subclass":"cycleway","class":"path","surface":"paved","oneway":1},"geometry":{"type":"LineString","coordinates":[[4.919149875640869,52.36343458450924],[4.919648766517639,52.363352689796955]]}},{"type":"Feature","properties":{"mvt_id":6141350062,"subclass":"cycleway","class":"path","surface":"paved","oneway":1},"geometry":{"type":"LineString","coordinates":[[4.918704628944397,52.363608200797295],[4.918699264526367,52.363588546157416]]}},{"type":"Feature","properties":{"mvt_id":6141350072,"subclass":"cycleway","class":"path","surface":"paved","oneway":1},"geometry":{"type":"LineString","coordinates":[[4.918699264526367,52.363588546157416],[4.918645620346069,52.36355578840487],[4.918436408042908,52.363450963433486],[4.91838812828064,52.363421481365485],[4.918345212936401,52.363378896121404]]}},{"type":"Feature","properties":{"mvt_id":6141350132,"subclass":"platform","class":"path"},"geometry":{"type":"MultiLineString","coordinates":[[[4.905175566673279,52.368049925130784],[4.906162619590759,52.36770272678187]],[[4.901935458183289,52.36686092322988],[4.902369976043701,52.36725726075268]],[[4.901844263076782,52.36689695406071],[4.902289509773254,52.36730639325572]],[[4.910792112350464,52.36672335069641],[4.911494851112366,52.3664809599522]],[[4.910835027694702,52.36677575933111],[4.911543130874634,52.36653336887445]],[[4.906055331230164,52.367650319246884],[4.905111193656921,52.36797786532051]],[[4.9135226011276245,52.362288044723435],[4.9135226011276245,52.36228149298202],[4.9142467975616455,52.36243218278871],[4.914241433143616,52.36244528622587],[4.913517236709595,52.36229459646387],[4.9135226011276245,52.362288044723435]],[[4.914214611053467,52.362484596514044],[4.914203882217407,52.36250097579046],[4.913495779037476,52.362350286218394],[4.913501143455505,52.362333906886114],[4.914214611053467,52.362484596514044]],[[4.915164113044739,52.365216575859485],[4.915593266487122,52.36505934421975]],[[4.915652275085449,52.3651117548285],[4.915228486061096,52.36525915933227]],[[4.918146729469299,52.36324786434371],[4.918473958969116,52.36331993186953],[4.918565154075623,52.363346138213416],[4.918709993362427,52.363405102430306]],[[4.919219613075256,52.363552512628274],[4.919745326042175,52.36345751500149]],[[4.919702410697937,52.36339527506629],[4.919182062149048,52.3634902728269]],[[4.919643402099609,52.36405370362252],[4.9191659688949585,52.363860434566206],[4.919096231460571,52.363821125502135]]]}},{"type":"Feature","properties":{"mvt_id":6244246682,"class":"service","surface":"paved","oneway":1,"service":"parking_aisle"},"geometry":{"type":"LineString","coordinates":[[4.916296005249023,52.36715899558267],[4.9143970012664795,52.36781409258728]]}},{"type":"Feature","properties":{"mvt_id":6244246692,"class":"service","surface":"paved","oneway":1,"service":"parking_aisle"},"geometry":{"type":"LineString","coordinates":[[4.914504289627075,52.36793528446829],[4.916397929191589,52.36727363825976]]}},{"type":"Feature","properties":{"mvt_id":6244246742,"class":"service","surface":"paved","oneway":1},"geometry":{"type":"LineString","coordinates":[[4.9143970012664795,52.36781409258728],[4.914268255233765,52.3678402962654],[4.913978576660156,52.36785339809863]]}},{"type":"Feature","properties":{"mvt_id":6244246752,"class":"service","surface":"paved","oneway":1},"geometry":{"type":"LineString","coordinates":[[4.913908839225769,52.36781409258728],[4.9142467975616455,52.367800990742396],[4.914354085922241,52.36776823611317]]}},{"type":"Feature","properties":{"mvt_id":6244246762,"class":"service","surface":"paved","oneway":1},"geometry":{"type":"LineString","coordinates":[[4.9143970012664795,52.36781409258728],[4.9143218994140625,52.36773548145967]]}},{"type":"Feature","properties":{"mvt_id":6244246772,"class":"service","surface":"paved","oneway":1},"geometry":{"type":"LineString","coordinates":[[4.913828372955322,52.367843571724066],[4.913908839225769,52.36781409258728],[4.9139732122421265,52.36778133796777],[4.914032220840454,52.36777151157718],[4.914214611053467,52.36776496064892],[4.9143218994140625,52.36773548145967],[4.914402365684509,52.36766997207979],[4.914450645446777,52.36764704377388],[4.9161458015441895,52.367067281226795],[4.916188716888428,52.36706073019409],[4.916199445724487,52.36706400571057],[4.916296005249023,52.36715899558267]]}},{"type":"Feature","properties":{"mvt_id":7442775722,"subclass":"cycleway","class":"path","oneway":1},"geometry":{"type":"LineString","coordinates":[[4.904038310050964,52.3686100223757],[4.903968572616577,52.36858709455771]]}},{"type":"Feature","properties":{"mvt_id":7442775752,"subclass":"cycleway","class":"path","surface":"paved","oneway":1},"geometry":{"type":"LineString","coordinates":[[4.9036359786987305,52.3685019339867],[4.903700351715088,52.36843642574345]]}},{"type":"Feature","properties":{"mvt_id":7501311442,"class":"busway","access":"no"},"geometry":{"type":"LineString","coordinates":[[4.910792112350464,52.36283511170396],[4.910963773727417,52.36259925132144],[4.911184068211554,52.362183216744256]]}},{"type":"Feature","properties":{"mvt_id":7501311452,"class":"busway","surface":"paved"},"geometry":{"type":"MultiLineString","coordinates":[[[4.912315607070923,52.36623201672242],[4.910781383514404,52.36676593271684],[4.910566806793213,52.36680196362515]],[[4.914364814758301,52.362494424080616],[4.912864802018646,52.362183216744256]],[[4.918929934501648,52.363608200797295],[4.919021129608154,52.36356233995731],[4.919101595878601,52.36353940951948],[4.919756054878235,52.36341820557893],[4.919798970222473,52.363405102430306],[4.91987943649292,52.36336579296112],[4.919916987419128,52.363339586628896]],[[4.920206665992737,52.36308407407512],[4.920260310173035,52.36305131594854],[4.920308589935303,52.36303166106092],[4.920431971549988,52.363005454530516],[4.920528531074524,52.36300217871313],[4.921440482139587,52.36308734988644]],[[4.914848312087685,52.362183216744256],[4.9147456884384155,52.36236338967985],[4.914734959602356,52.36243873450777],[4.914751052856445,52.362484596514044],[4.914777874946594,52.36252390676724],[4.9148476123809814,52.36258287208146],[4.914922714233398,52.36261235470906]]]}},{"type":"Feature","properties":{"mvt_id":7627350602,"class":"service","service":"parking_aisle"},"geometry":{"type":"MultiLineString","coordinates":[[[4.91487443447113,52.37023131647315],[4.914960265159607,52.37032957480894]],[[4.914649128913879,52.37030664788348],[4.914751052856445,52.37041473185649]],[[4.9154698848724365,52.37543870707791],[4.915539622306824,52.3755991766591]],[[4.9165695905685425,52.37526841219076],[4.9154698848724365,52.37543870707791],[4.915308952331543,52.37546490623303],[4.915239214897156,52.37530771106915]]]}},{"type":"Feature","properties":{"mvt_id":7627350792,"class":"service","access":"no","service":"parking_aisle"},"geometry":{"type":"MultiLineString","coordinates":[[[4.90339994430542,52.369815353763784],[4.9037110805511475,52.369566429324095],[4.904231429100037,52.369782600628184],[4.903920292854309,52.370038074441815]],[[4.914515018463135,52.37034922644987],[4.9145954847335815,52.37043438345953],[4.914268255233765,52.37058504545906]],[[4.918527603149414,52.37436452833578],[4.9182432889938354,52.37452827678307]],[[4.91838276386261,52.3742728289401],[4.9180930852890015,52.37443330275759]],[[4.916912913322449,52.37389947943491],[4.917272329330444,52.37413200449746]],[[4.917079210281372,52.373801229040566],[4.9174439907073975,52.37403375462039]],[[4.917245507240295,52.37370297842765],[4.917610287666321,52.3739322295178]],[[4.917980432510376,52.373267398077964],[4.917583465576172,52.37301194294211]],[[4.919788241386414,52.37389620442529],[4.920496344566345,52.374335053550794]],[[4.919900894165039,52.3742728289401],[4.920045733451843,52.374246629077795],[4.920228123664856,52.37435797838526]],[[4.920818209648132,52.362183216744256],[4.920608997344971,52.36242235520829]]]}},{"type":"Feature","properties":{"mvt_id":7629656182,"subclass":"cycleway","class":"path","surface":"paved","oneway":1},"geometry":{"type":"LineString","coordinates":[[4.908265471458435,52.37014615907201],[4.908319115638733,52.37009702972743],[4.908421039581299,52.37002497325654]]}},{"type":"Feature","properties":{"mvt_id":7738341592,"class":"busway"},"geometry":{"type":"MultiLineString","coordinates":[[[4.901216626167297,52.36643837765708],[4.901382923126221,52.366490786629846],[4.901527762413025,52.36656612441927],[4.901592135429382,52.366615257690995],[4.902788400650024,52.36770927771937],[4.90290641784668,52.367807541665314],[4.902970790863037,52.36785012264068],[4.9031102657318115,52.36791235630009],[4.903271198272705,52.36795166172399],[4.903673529624939,52.368004068901485]],[[4.900304675102234,52.3662221899872],[4.900546073913574,52.36627787479121]],[[4.91863489151001,52.36389974359531],[4.918833374977112,52.36368681926934],[4.918929934501648,52.363608200797295],[4.91888701915741,52.36355906418122],[4.918758273124695,52.36346406656851],[4.91861879825592,52.363405102430306],[4.918532967567444,52.363372344541744],[4.9184417724609375,52.363346138213416],[4.918280839920044,52.363310104486565],[4.914364814758301,52.362494424080616],[4.914423823356628,52.362494424080616],[4.914493560791016,52.362484596514044],[4.914584755897522,52.36246166551686],[4.9146705865859985,52.36242563106867],[4.9147456884384155,52.36236338967985]]]}},{"type":"Feature","properties":{"mvt_id":7738631532,"subclass":"cycleway","class":"path","surface":"paved","oneway":1},"geometry":{"type":"LineString","coordinates":[[4.919187426567078,52.363640958510985],[4.919182062149048,52.36367699196799]]}},{"type":"Feature","properties":{"mvt_id":7738688032,"class":"busway","surface":"paved","oneway":1},"geometry":{"type":"LineString","coordinates":[[4.921440482139587,52.36308734988644],[4.921601414680481,52.36308407407512],[4.921875,52.36309279058123]]}},{"type":"Feature","properties":{"mvt_id":7738688072,"class":"busway","surface":"paved","oneway":1},"geometry":{"type":"LineString","coordinates":[[4.921875,52.36317136472912],[4.921810626983643,52.36315286606188],[4.921440482139587,52.36308734988644]]}},{"type":"Feature","properties":{"mvt_id":8358767072,"subclass":"cycleway","class":"path","surface":"paved","oneway":1},"geometry":{"type":"LineString","coordinates":[[4.9208664894104,52.374315403683205],[4.920786023139954,52.3742728289401],[4.919900894165039,52.37369315335434],[4.918044805526733,52.372523954024246]]}},{"type":"Feature","properties":{"mvt_id":8361870032,"subclass":"cycleway","class":"path","surface":"paved","oneway":1},"geometry":{"type":"LineString","coordinates":[[4.917958974838257,52.37247482732441],[4.918178915977478,52.372343822524364]]}},{"type":"Feature","properties":{"mvt_id":8361870042,"subclass":"cycleway","class":"path","surface":"paved","oneway":1},"geometry":{"type":"LineString","coordinates":[[4.918264746665955,52.37240277473247],[4.918044805526733,52.372523954024246]]}},{"type":"Feature","properties":{"mvt_id":8600066982,"subclass":"cycleway","class":"path","surface":"paved","oneway":1},"geometry":{"type":"LineString","coordinates":[[4.908217191696167,52.370195288361934],[4.908265471458435,52.37014615907201]]}},{"type":"Feature","properties":{"mvt_id":8730879422,"subclass":"path","class":"path"},"geometry":{"type":"MultiLineString","coordinates":[[[4.90639328956604,52.37237984888311],[4.906345009803772,52.37244535127827]],[[4.906253814697266,52.37236019814562],[4.906345009803772,52.37236019814562]],[[4.916338920593262,52.37332634905334],[4.9166178703308105,52.37316259614969]],[[4.915528893470764,52.37486232173295],[4.9154967069625854,52.374947470041555],[4.915485978126526,52.37502606833456],[4.915491342544556,52.37510139156743],[4.915507435798645,52.37517671467184],[4.915609359741211,52.375419057701365]],[[4.921590685844421,52.37473459896223],[4.921204447746277,52.374253179044835]]]}},{"type":"Feature","properties":{"mvt_id":8747678472,"subclass":"cycleway","class":"path","surface":"paved","oneway":1},"geometry":{"type":"LineString","coordinates":[[4.906725883483887,52.36739155613153],[4.906784892082214,52.36736207669309],[4.906940460205078,52.36730639325572]]}},{"type":"Feature","properties":{"mvt_id":8747678482,"subclass":"cycleway","class":"path","surface":"paved","oneway":1},"geometry":{"type":"LineString","coordinates":[[4.907117486000061,52.36742431104004],[4.906876087188721,52.3675029227214]]}},{"type":"Feature","properties":{"mvt_id":8810969882,"subclass":"path","class":"path","surface":"paved","bicycle":"no","foot":"yes"},"geometry":{"type":"MultiLineString","coordinates":[[[4.908855557441711,52.37080448701729],[4.90865170955658,52.370909294541],[4.908415675163269,52.37077500985643]],[[4.908796548843384,52.37083068892153],[4.90865170955658,52.370738982188676],[4.908496141433716,52.37081758797135]]]}},{"type":"Feature","properties":{"mvt_id":8841582372,"subclass":"cycleway","class":"path","surface":"paved","oneway":1},"geometry":{"type":"LineString","coordinates":[[4.9027615785598755,52.36747016787117],[4.903040528297424,52.36770927771937],[4.9031102657318115,52.36776168518442],[4.903190732002258,52.367800990742396],[4.903330206871033,52.36783046988793]]}},{"type":"Feature","properties":{"mvt_id":8841582382,"subclass":"cycleway","class":"path","surface":"paved","oneway":1},"geometry":{"type":"LineString","coordinates":[[4.903319478034973,52.368063026901844],[4.903094172477722,52.3680106197943]]}},{"type":"Feature","properties":{"mvt_id":8841582402,"subclass":"cycleway","class":"path","surface":"paved","oneway":1},"geometry":{"type":"LineString","coordinates":[[4.9024879932403564,52.3691340835422],[4.901447296142578,52.36956315399317],[4.901221990585327,52.36960900860402]]}},{"type":"Feature","properties":{"mvt_id":8842920142,"subclass":"cycleway","class":"path","surface":"paved","oneway":1},"geometry":{"type":"LineString","coordinates":[[4.90389883518219,52.3675389530286],[4.903957843780518,52.36748326981417]]}},{"type":"Feature","properties":{"mvt_id":8842920152,"subclass":"cycleway","class":"path","surface":"paved","oneway":1},"geometry":{"type":"LineString","coordinates":[[4.903330206871033,52.36783046988793],[4.90340530872345,52.36782064350826]]}},{"type":"Feature","properties":{"mvt_id":8842920202,"subclass":"cycleway","class":"path","surface":"paved","oneway":1},"geometry":{"type":"LineString","coordinates":[[4.903764724731445,52.36860674697385],[4.9024879932403564,52.3691340835422]]}},{"type":"Feature","properties":{"mvt_id":8843349972,"subclass":"cycleway","class":"path","surface":"paved","oneway":1},"geometry":{"type":"LineString","coordinates":[[4.910824298858643,52.370028248553226],[4.911258816719055,52.370290271500856],[4.911435842514038,52.37036232753896],[4.911510944366455,52.3704081813202]]}},{"type":"Feature","properties":{"mvt_id":8843354722,"subclass":"cycleway","class":"path","surface":"paved","foot":"yes","oneway":1},"geometry":{"type":"LineString","coordinates":[[4.901844263076782,52.367168822109505],[4.901318550109863,52.36669387081208]]}},{"type":"Feature","properties":{"mvt_id":8844621972,"subclass":"cycleway","class":"path","surface":"paved","oneway":1},"geometry":{"type":"LineString","coordinates":[[4.904279708862305,52.36761756450594],[4.904231429100037,52.36766669660825]]}},{"type":"Feature","properties":{"mvt_id":8877691342,"subclass":"cycleway","class":"path","surface":"paved","oneway":1},"geometry":{"type":"LineString","coordinates":[[4.908324480056763,52.369992220276366],[4.908506870269775,52.370054450917934]]}},{"type":"Feature","properties":{"mvt_id":8877691352,"subclass":"cycleway","class":"path","surface":"paved","oneway":1},"geometry":{"type":"LineString","coordinates":[[4.908163547515869,52.37017236136677],[4.908045530319214,52.37009375443584]]}},{"type":"Feature","properties":{"mvt_id":8892552532,"subclass":"cycleway","class":"path","surface":"paved","oneway":1},"geometry":{"type":"LineString","coordinates":[[4.909579753875732,52.367283464761094],[4.909434914588928,52.36732932173843]]}},{"type":"Feature","properties":{"mvt_id":8952147172,"subclass":"cycleway","class":"path","surface":"paved","oneway":1},"geometry":{"type":"LineString","coordinates":[[4.909434914588928,52.36732932173843],[4.909268617630005,52.36739155613153]]}},{"type":"Feature","properties":{"mvt_id":9041305332,"class":"service","surface":"paved","oneway":1},"geometry":{"type":"LineString","coordinates":[[4.908812642097473,52.37267460889637],[4.908699989318848,52.37264840808595]]}},{"type":"Feature","properties":{"mvt_id":9041305352,"class":"service","surface":"paved","bicycle":"no","oneway":1},"geometry":{"type":"LineString","coordinates":[[4.908699989318848,52.37264840808595],[4.908356666564941,52.37255670512712],[4.9083030223846436,52.37255343001792],[4.9082547426223755,52.37255998023607]]}},{"type":"Feature","properties":{"mvt_id":10406770012,"subclass":"cycleway","class":"path","surface":"paved","oneway":1},"geometry":{"type":"LineString","coordinates":[[4.9187904596328735,52.37291041549063],[4.918774366378784,52.37297919217681]]}},{"type":"Feature","properties":{"mvt_id":10633959762,"class":"service","surface":"paved","oneway":1},"geometry":{"type":"LineString","coordinates":[[4.908758997917175,52.372609106841196],[4.908775091171265,52.372651683188096],[4.908812642097473,52.37267460889637]]}},{"type":"Feature","properties":{"mvt_id":10898032662,"subclass":"pedestrian","class":"path","surface":"paved","bicycle":"yes","oneway":1},"geometry":{"type":"LineString","coordinates":[[4.900224208831787,52.37348027622918],[4.900218844413757,52.37366040309418],[4.900234937667847,52.373801229040566],[4.900272488594055,52.37394205453793],[4.900331497192383,52.37409270457285],[4.900449514389038,52.37430557874613],[4.900524616241455,52.37441037796222]]}},{"type":"Feature","properties":{"mvt_id":11029756712,"subclass":"cycleway","class":"path","surface":"paved","oneway":1},"geometry":{"type":"LineString","coordinates":[[4.912852048873901,52.370958422982135],[4.913002252578735,52.37090601930964]]}},{"type":"Feature","properties":{"mvt_id":11179995462,"subclass":"cycleway","class":"path","oneway":1},"geometry":{"type":"LineString","coordinates":[[4.91888165473938,52.37296936694248],[4.918774366378784,52.37297919217681]]}},{"type":"Feature","properties":{"mvt_id":11180007322,"class":"service","surface":"paved","bicycle":"use_sidepath"},"geometry":{"type":"LineString","coordinates":[[4.917996525764465,52.37249775312447],[4.918157458305359,52.372406049852835]]}},{"type":"Feature","properties":{"mvt_id":11359390072,"subclass":"cycleway","class":"path","surface":"paved","oneway":1},"geometry":{"type":"LineString","coordinates":[[4.919021129608154,52.363447687649135],[4.919149875640869,52.36343458450924]]}},{"type":"Feature","properties":{"mvt_id":11359390102,"subclass":"cycleway","class":"path","surface":"paved","oneway":1},"geometry":{"type":"LineString","coordinates":[[4.918645620346069,52.36370974963067],[4.918704628944397,52.363608200797295]]}},{"type":"Feature","properties":{"mvt_id":11359390132,"subclass":"cycleway","class":"path","surface":"paved","oneway":1},"geometry":{"type":"LineString","coordinates":[[4.911709427833557,52.36654319554045],[4.911591410636902,52.36658577773452]]}},{"type":"Feature","properties":{"mvt_id":11359390142,"subclass":"cycleway","class":"path","surface":"paved","oneway":1},"geometry":{"type":"LineString","coordinates":[[4.911768436431885,52.36652354220627],[4.911709427833557,52.36654319554045]]}},{"type":"Feature","properties":{"mvt_id":11529935292,"subclass":"pedestrian","class":"path","surface":"paved","bicycle":"yes","foot":"designated"},"geometry":{"type":"LineString","coordinates":[[4.909821152687073,52.37522583836637],[4.909729957580566,52.37528478672767]]}},{"type":"Feature","properties":{"mvt_id":11631018502,"subclass":"cycleway","class":"path","bicycle":"designated","oneway":1},"geometry":{"type":"LineString","coordinates":[[4.916816353797913,52.37320844702392],[4.916596412658691,52.37333289915686],[4.916435480117798,52.3733918500448]]}},{"type":"Feature","properties":{"mvt_id":11671311012,"subclass":"footway","class":"path","surface":"paved","access":"no","horse":"no"},"geometry":{"type":"LineString","coordinates":[[4.911156892776489,52.37049333821621],[4.91139829158783,52.3706571010163]]}},{"type":"Feature","properties":{"mvt_id":11756134092,"subclass":"cycleway","class":"path","surface":"paved","oneway":1},"geometry":{"type":"LineString","coordinates":[[4.919981360435486,52.36336579296112],[4.919906258583069,52.363431308723676]]}},{"type":"Feature","properties":{"mvt_id":11756134112,"subclass":"cycleway","class":"path","surface":"paved","oneway":1},"geometry":{"type":"LineString","coordinates":[[4.919648766517639,52.363352689796955],[4.919734597206116,52.363336310836274],[4.919820427894592,52.36330027710142]]}},{"type":"Feature","properties":{"mvt_id":12290544312,"class":"service","surface":"paved","oneway":1},"geometry":{"type":"LineString","coordinates":[[4.916397929191589,52.36727363825976],[4.916483759880066,52.36737845416132],[4.916478395462036,52.36739810711517],[4.916456937789917,52.36741120907955],[4.914713501930237,52.368013895240345],[4.914665222167969,52.36802372157702],[4.914611577987671,52.36802372157702],[4.914590120315552,52.368017170686144],[4.914504289627075,52.36793528446829]]}},{"type":"Feature","properties":{"mvt_id":12407448512,"subclass":"cycleway","class":"path","surface":"paved","oneway":1},"geometry":{"type":"LineString","coordinates":[[4.909418821334839,52.367568432348996],[4.909332990646362,52.36754222850961],[4.909193515777588,52.36745051494937],[4.9091774225234985,52.36742103555028],[4.9091774225234985,52.36732932173843],[4.909214973449707,52.367253985250535]]}},{"type":"Feature","properties":{"mvt_id":13077060622,"subclass":"pedestrian","class":"path","surface":"paved","bicycle":"dismount"},"geometry":{"type":"MultiLineString","coordinates":[[[4.902573823928833,52.36785339809863],[4.900342226028442,52.368793444491196]],[[4.901366829872131,52.36878689371448],[4.9006587266922,52.36907840233847]]]}},{"type":"Feature","properties":{"mvt_id":13077060652,"subclass":"steps","class":"path","surface":"paved","bicycle":"dismount"},"geometry":{"type":"LineString","coordinates":[[4.90114688873291,52.36949109665138],[4.901120066642761,52.36947144462868]]}},{"type":"Feature","properties":{"mvt_id":13443669662,"class":"service","surface":"paved","oneway":1},"geometry":{"type":"LineString","coordinates":[[4.920067191123962,52.362428906928805],[4.919421784579754,52.362183216744256]]}},{"type":"Feature","properties":{"mvt_id":14248162802,"subclass":"footway","class":"path","surface":"paved","access":"no"},"geometry":{"type":"LineString","coordinates":[[4.902359247207642,52.37544198197315],[4.902595281600952,52.375337185205005]]}},{"type":"Feature","properties":{"mvt_id":14319846742,"subclass":"cycleway","class":"path","surface":"paved","access":"no","bicycle":"designated","foot":"yes","oneway":1},"geometry":{"type":"LineString","coordinates":[[4.908699989318848,52.37264840808595],[4.908699989318848,52.37263203257156],[4.908812642097473,52.372592731312224],[4.90889847278595,52.37256980556147]]}},{"type":"Feature","properties":{"mvt_id":14319846752,"subclass":"cycleway","class":"path","surface":"paved","oneway":1},"geometry":{"type":"LineString","coordinates":[[4.90889847278595,52.37256980556147],[4.908834099769592,52.37259928152454],[4.908807277679443,52.37262875746795],[4.908812642097473,52.372651683188096],[4.908839464187622,52.37268115909654]]}},{"type":"Feature","properties":{"mvt_id":14792625332,"class":"service","access":"no","foot":"yes"},"geometry":{"type":"LineString","coordinates":[[4.919520020484924,52.36461385153502],[4.919959902763367,52.36478091181822],[4.920399785041809,52.36502331189017],[4.920651912689209,52.365180543658134],[4.920802116394043,52.36529191582188],[4.920968413352966,52.36545242226986],[4.921204447746277,52.36579636269478]]}},{"type":"Feature","properties":{"mvt_id":15022108612,"class":"busway","surface":"paved","oneway":1},"geometry":{"type":"LineString","coordinates":[[4.920276403427124,52.36291373155168],[4.920431971549988,52.363005454530516]]}},{"type":"Feature","properties":{"mvt_id":70459932,"class":"minor","surface":"paved","oneway":1},"geometry":{"type":"LineString","coordinates":[[4.914928078651428,52.36415525143194],[4.915727376937866,52.36505279288928]]}},{"type":"Feature","properties":{"mvt_id":70460362,"class":"minor","surface":"paved","oneway":1},"geometry":{"type":"LineString","coordinates":[[4.921875,52.37038082190313],[4.921225905418396,52.369966017874745]]}},{"type":"Feature","properties":{"mvt_id":70460392,"class":"minor","surface":"paved","oneway":1},"geometry":{"type":"LineString","coordinates":[[4.921225905418396,52.369966017874745],[4.920437335968018,52.37045075978872]]}},{"type":"Feature","properties":{"mvt_id":70461332,"class":"minor","surface":"paved","oneway":1},"geometry":{"type":"LineString","coordinates":[[4.9190908670425415,52.3680204461317],[4.917771220207214,52.368488832345825]]}},{"type":"Feature","properties":{"mvt_id":70461612,"class":"minor","surface":"paved","oneway":1},"geometry":{"type":"LineString","coordinates":[[4.921875,52.37180917937969],[4.921311736106873,52.37146935553065],[4.920045733451843,52.37068657825584]]}},{"type":"Feature","properties":{"mvt_id":70461902,"class":"minor","surface":"paved","oneway":1},"geometry":{"type":"LineString","coordinates":[[4.9192893505096436,52.37105012925938],[4.9199652671813965,52.37064072476362]]}},{"type":"Feature","properties":{"mvt_id":70461932,"class":"minor","surface":"paved","oneway":1},"geometry":{"type":"LineString","coordinates":[[4.9212634563446045,52.3709616982096],[4.921875,52.37057787654308]]}},{"type":"Feature","properties":{"mvt_id":70462032,"class":"minor","surface":"paved","oneway":1},"geometry":{"type":"LineString","coordinates":[[4.920045733451843,52.37068657825584],[4.9193912744522095,52.37028372094611],[4.918752908706665,52.3699037871086]]}},{"type":"Feature","properties":{"mvt_id":70463662,"class":"minor"},"geometry":{"type":"MultiLineString","coordinates":[[[4.903882741928101,52.37490817084261],[4.903973937034607,52.374983494276556]],[[4.901683330535889,52.37093222115366],[4.90164577960968,52.37097152389054]],[[4.901608228683472,52.37101737703936],[4.901592135429382,52.371056679700466]],[[4.9023860692977905,52.37146935553065],[4.902353882789612,52.37148573147612]],[[4.902225136756897,52.37155778556407],[4.902198314666748,52.37157416147676]],[[4.904998540878296,52.362563216985464],[4.905980229377747,52.3627499400444]],[[4.906076788902283,52.3642731776274],[4.906371831893921,52.36432886488806]],[[4.9072569608688354,52.36226511362424],[4.907417893409729,52.36229787233373]],[[4.9072569608688354,52.3625664928354],[4.9071067571640015,52.3625370101772]],[[4.9213385581970215,52.364319037729516],[4.921875,52.36466253202045]]]}},{"type":"Feature","properties":{"mvt_id":70463672,"class":"minor","oneway":1},"geometry":{"type":"LineString","coordinates":[[4.917106032371521,52.36458109454267],[4.916279911994934,52.36369664656851]]}},{"type":"Feature","properties":{"mvt_id":70465202,"class":"minor","surface":"paved","oneway":1},"geometry":{"type":"LineString","coordinates":[[4.921875,52.36377488398084],[4.921853542327881,52.36376543760151],[4.920925498008728,52.363614752341974],[4.9202388525009155,52.36350992751049]]}},{"type":"Feature","properties":{"mvt_id":70465292,"class":"minor","surface":"paved","oneway":1},"geometry":{"type":"LineString","coordinates":[[4.910936951637268,52.3655310374602],[4.913404583930969,52.3646826411399],[4.914370179176331,52.364338692044406],[4.916279911994934,52.36369664656851]]}},{"type":"Feature","properties":{"mvt_id":73702082,"class":"minor","surface":"paved","oneway":1},"geometry":{"type":"LineString","coordinates":[[4.90713894367218,52.36224218251314],[4.9072569608688354,52.36226511362424]]}},{"type":"Feature","properties":{"mvt_id":73702092,"class":"minor","surface":"paved","oneway":1},"geometry":{"type":"LineString","coordinates":[[4.907417893409729,52.36229787233373],[4.907766580581665,52.36236338967985]]}},{"type":"Feature","properties":{"mvt_id":73702112,"class":"minor","surface":"paved","oneway":1},"geometry":{"type":"LineString","coordinates":[[4.9071067571640015,52.3625370101772],[4.907015562057495,52.36252063091415]]}},{"type":"Feature","properties":{"mvt_id":73702122,"class":"minor","surface":"paved","oneway":1},"geometry":{"type":"LineString","coordinates":[[4.91064190864563,52.363215106338565],[4.910459518432617,52.36318562411318],[4.908699989318848,52.36285149085044],[4.9072569608688354,52.3625664928354]]}},{"type":"Feature","properties":{"mvt_id":73702472,"class":"minor","surface":"paved","foot":"yes","oneway":1},"geometry":{"type":"LineString","coordinates":[[4.902675747871399,52.364456617750236],[4.905545711517334,52.365003657879825]]}},{"type":"Feature","properties":{"mvt_id":73702572,"class":"minor","oneway":1},"geometry":{"type":"LineString","coordinates":[[4.906538128852844,52.36332320766337],[4.906629323959351,52.363339586628896]]}},{"type":"Feature","properties":{"mvt_id":73702582,"class":"minor","surface":"paved","oneway":1},"geometry":{"type":"LineString","coordinates":[[4.906441569328308,52.36364423428101],[4.9063557386398315,52.36362785542842]]}},{"type":"Feature","properties":{"mvt_id":73702592,"class":"minor","oneway":1},"geometry":{"type":"LineString","coordinates":[[4.906790256500244,52.363372344541744],[4.906859993934631,52.36338544770009]]}},{"type":"Feature","properties":{"mvt_id":73703502,"class":"minor","surface":"paved","oneway":1},"geometry":{"type":"LineString","coordinates":[[4.903539419174194,52.36277942256053],[4.904472827911377,52.36294976560178]]}},{"type":"Feature","properties":{"mvt_id":73703522,"class":"minor","surface":"paved","oneway":1},"geometry":{"type":"LineString","coordinates":[[4.907766580581665,52.36236338967985],[4.9079543352127075,52.362389596591086],[4.910749197006226,52.362923559022796]]}},{"type":"Feature","properties":{"mvt_id":73703572,"class":"minor","surface":"paved","foot":"yes"},"geometry":{"type":"MultiLineString","coordinates":[[[4.903539419174194,52.36277942256053],[4.903496503829956,52.362844939192584]],[[4.90339994430542,52.36302183361384],[4.903373122215271,52.36309062569752]],[[4.912261962890625,52.369500922659455],[4.912213683128357,52.36945179259722]],[[4.912535548210144,52.36978915125725],[4.912342429161072,52.36958608130455]]]}},{"type":"Feature","properties":{"mvt_id":73703602,"class":"minor","surface":"paved","oneway":1},"geometry":{"type":"LineString","coordinates":[[4.910522103309631,52.362183216744256],[4.911044239997864,52.362288044723435]]}},{"type":"Feature","properties":{"mvt_id":73703622,"class":"minor","oneway":1},"geometry":{"type":"MultiLineString","coordinates":[[[4.907015562057495,52.36252063091415],[4.905251700144561,52.362183216744256]],[[4.905213117599487,52.362183216744256],[4.905191659927368,52.362186492622364]]]}},{"type":"Feature","properties":{"mvt_id":73703642,"class":"minor","surface":"paved","oneway":1},"geometry":{"type":"LineString","coordinates":[[4.914783239364624,52.36243545864837],[4.914702773094177,52.362550113583275],[4.914675951004028,52.36257304453456],[4.914606213569641,52.36260252716871]]}},{"type":"Feature","properties":{"mvt_id":73703682,"class":"minor","oneway":1},"geometry":{"type":"LineString","coordinates":[[4.905191659927368,52.362186492622364],[4.905164837837219,52.362206147885956],[4.904998540878296,52.362563216985464],[4.904773235321045,52.36300217871313]]}},{"type":"Feature","properties":{"mvt_id":73703852,"class":"minor","surface":"paved","foot":"yes","oneway":1},"geometry":{"type":"LineString","coordinates":[[4.903539419174194,52.36277942256053],[4.9038370789550925,52.362183216744256]]}},{"type":"Feature","properties":{"mvt_id":73703952,"class":"minor","surface":"paved","oneway":1},"geometry":{"type":"LineString","coordinates":[[4.914929714608718,52.362183216744256],[4.914783239364624,52.36243545864837]]}},{"type":"Feature","properties":{"mvt_id":73704042,"class":"minor","surface":"paved","oneway":1},"geometry":{"type":"LineString","coordinates":[[4.907766580581665,52.36236338967985],[4.907875672107991,52.362183216744256]]}},{"type":"Feature","properties":{"mvt_id":73704212,"class":"minor","surface":"paved","oneway":1},"geometry":{"type":"LineString","coordinates":[[4.9063557386398315,52.36362785542842],[4.903373122215271,52.36309062569752]]}},{"type":"Feature","properties":{"mvt_id":73704232,"class":"minor","surface":"paved","oneway":1},"geometry":{"type":"LineString","coordinates":[[4.908286929130554,52.36365406158966],[4.908699989318848,52.36285149085044]]}},{"type":"Feature","properties":{"mvt_id":73704252,"class":"minor","surface":"paved","foot":"yes","oneway":1},"geometry":{"type":"LineString","coordinates":[[4.903373122215271,52.36309062569752],[4.903051257133484,52.36371302539562]]}},{"type":"Feature","properties":{"mvt_id":73704282,"class":"minor","surface":"paved","oneway":1},"geometry":{"type":"LineString","coordinates":[[4.907476902008057,52.364528683304385],[4.906774163246155,52.364400930650596]]}},{"type":"Feature","properties":{"mvt_id":73704312,"class":"minor","surface":"paved","oneway":1},"geometry":{"type":"LineString","coordinates":[[4.9095529317855835,52.364905387696965],[4.907476902008057,52.364528683304385]]}},{"type":"Feature","properties":{"mvt_id":73704942,"class":"minor","surface":"paved","oneway":1},"geometry":{"type":"LineString","coordinates":[[4.903051257133484,52.36371302539562],[4.905990958213806,52.36425679900796]]}},{"type":"Feature","properties":{"mvt_id":73704962,"class":"minor","surface":"paved","foot":"yes","oneway":1},"geometry":{"type":"LineString","coordinates":[[4.902514815330505,52.36479729024336],[4.902015924453735,52.36576360657919]]}},{"type":"Feature","properties":{"mvt_id":73705042,"class":"minor","surface":"paved","foot":"yes","oneway":1},"geometry":{"type":"LineString","coordinates":[[4.903051257133484,52.36371302539562],[4.902675747871399,52.364456617750236]]}},{"type":"Feature","properties":{"mvt_id":73705072,"class":"minor","surface":"paved","oneway":1},"geometry":{"type":"LineString","coordinates":[[4.9046337604522705,52.36297924798456],[4.906538128852844,52.36332320766337]]}},{"type":"Feature","properties":{"mvt_id":73705572,"class":"minor","oneway":1},"geometry":{"type":"LineString","coordinates":[[4.906629323959351,52.363339586628896],[4.906790256500244,52.363372344541744]]}},{"type":"Feature","properties":{"mvt_id":73705992,"class":"minor","surface":"paved","oneway":1},"geometry":{"type":"LineString","coordinates":[[4.902670383453369,52.37253377935767],[4.90239143371582,52.37201958397327],[4.902225136756897,52.37162983953447],[4.90215003490448,52.37149228185262],[4.901919364929199,52.37124336686314],[4.901860356330872,52.37120406436815],[4.901629686355591,52.37109270710909],[4.901592135429382,52.371056679700466]]}},{"type":"Feature","properties":{"mvt_id":73706042,"class":"minor","surface":"paved","oneway":1},"geometry":{"type":"LineString","coordinates":[[4.9032604694366455,52.367208128195],[4.903249740600586,52.36718519964938],[4.903217554092407,52.367168822109505],[4.902568459510803,52.366883851943804],[4.902316331863403,52.36678558594319],[4.902268052101135,52.36677248379326]]}},{"type":"Feature","properties":{"mvt_id":73706052,"class":"minor","oneway":1},"geometry":{"type":"LineString","coordinates":[[4.901297092437744,52.3707258812113],[4.901307821273804,52.370738982188676],[4.901415109634399,52.3707979365388],[4.901683330535889,52.37093222115366],[4.902257323265076,52.37124009165655],[4.902305603027344,52.371308870943736],[4.902622103691101,52.37195408094667]]}},{"type":"Feature","properties":{"mvt_id":73706102,"class":"minor","surface":"paved","oneway":1},"geometry":{"type":"LineString","coordinates":[[4.9015867710113525,52.37036560281063],[4.901629686355591,52.37036232753896],[4.9016886949539185,52.37037870389487],[4.903764724731445,52.371299045337835],[4.9043869972229,52.37156761111241]]}},{"type":"Feature","properties":{"mvt_id":73706112,"class":"minor","surface":"paved","oneway":1},"geometry":{"type":"LineString","coordinates":[[4.902455806732178,52.37009375443584],[4.902498722076416,52.37004790032822],[4.90290105342865,52.369743296833406],[4.903067350387573,52.36967451510838]]}},{"type":"Feature","properties":{"mvt_id":73706182,"class":"minor","surface":"paved","oneway":1},"geometry":{"type":"LineString","coordinates":[[4.9108511209487915,52.37009375443584],[4.909772872924805,52.36939611179396]]}},{"type":"Feature","properties":{"mvt_id":73706302,"class":"minor","surface":"paved","oneway":1},"geometry":{"type":"LineString","coordinates":[[4.913093447685242,52.368099056752214],[4.91113007068634,52.36878361832575],[4.911012053489685,52.368813096815536]]}},{"type":"Feature","properties":{"mvt_id":73706442,"class":"minor","oneway":1},"geometry":{"type":"LineString","coordinates":[[4.902697205543518,52.36749964723746],[4.9027615785598755,52.36747016787117],[4.902874231338501,52.367437412996644],[4.903228282928467,52.367253985250535],[4.903255105018616,52.36723105672872],[4.9032604694366455,52.367208128195]]}},{"type":"Feature","properties":{"mvt_id":73706562,"class":"minor","surface":"paved","bicycle":"use_sidepath"},"geometry":{"type":"LineString","coordinates":[[4.9037593603134155,52.3685281372568],[4.902439713478088,52.36907840233847]]}},{"type":"Feature","properties":{"mvt_id":73706612,"class":"minor","surface":"paved","oneway":1},"geometry":{"type":"LineString","coordinates":[[4.903957843780518,52.37380777907366],[4.903587698936462,52.37435470340964],[4.903582334518433,52.37437435325974],[4.903587698936462,52.37441692790497],[4.903716444969177,52.374747698750575],[4.903737902641296,52.374783723148525],[4.903802275657654,52.37484267209995]]}},{"type":"Feature","properties":{"mvt_id":73706642,"class":"minor","surface":"paved","oneway":1},"geometry":{"type":"LineString","coordinates":[[4.903022215284153,52.3755991766591],[4.90289568901062,52.37522583836637],[4.902606010437012,52.374515176929634],[4.902563095092773,52.37439072812815],[4.902557730674744,52.37434815345766],[4.902579188346863,52.374282653884464],[4.903067350387573,52.37353595188407]]}},{"type":"Feature","properties":{"mvt_id":73706672,"class":"minor","surface":"paved","oneway":1},"geometry":{"type":"LineString","coordinates":[[4.9010127782821655,52.369641761868344],[4.900932312011719,52.36969416704074],[4.900878667831421,52.369753122785376],[4.900830388069153,52.369815353763784],[4.900776743888855,52.36993326485086],[4.900723099708557,52.370074102681265],[4.900701642036438,52.370159260221335],[4.900637269020081,52.37051298978427]]}},{"type":"Feature","properties":{"mvt_id":73706802,"class":"minor","surface":"paved","oneway":1},"geometry":{"type":"LineString","coordinates":[[4.914402365684509,52.36929130067978],[4.9146705865859985,52.36958608130455]]}},{"type":"Feature","properties":{"mvt_id":73706922,"class":"minor","surface":"paved","oneway":1},"geometry":{"type":"LineString","coordinates":[[4.907069206237793,52.371367824533216],[4.906908273696899,52.37150865778958]]}},{"type":"Feature","properties":{"mvt_id":73706962,"class":"minor","surface":"paved","oneway":1},"geometry":{"type":"LineString","coordinates":[[4.902622103691101,52.37195408094667],[4.903265833854675,52.37159708774432],[4.903764724731445,52.371299045337835]]}},{"type":"Feature","properties":{"mvt_id":73706972,"class":"minor","surface":"paved","oneway":1},"geometry":{"type":"LineString","coordinates":[[4.907782673835754,52.371705168559664],[4.907219409942627,52.372013033674975],[4.907197952270508,52.37203268456693],[4.907203316688538,52.37204906030354]]}},{"type":"Feature","properties":{"mvt_id":73707002,"class":"minor","surface":"paved","oneway":1},"geometry":{"type":"LineString","coordinates":[[4.902622103691101,52.37195408094667],[4.902847409248352,52.37239294936992],[4.902879595756531,52.37242242545102]]}},{"type":"Feature","properties":{"mvt_id":73707032,"class":"minor","surface":"paved","bicycle":"use_sidepath","oneway":1},"geometry":{"type":"LineString","coordinates":[[4.909488558769226,52.370833964158464],[4.909429550170898,52.37085361557499]]}},{"type":"Feature","properties":{"mvt_id":73707042,"class":"minor","surface":"paved","bicycle":"use_sidepath","oneway":1},"geometry":{"type":"LineString","coordinates":[[4.909864068031311,52.370601421732395],[4.909923076629639,52.37057194443602]]}},{"type":"Feature","properties":{"mvt_id":73707052,"class":"minor","surface":"paved","oneway":1},"geometry":{"type":"LineString","coordinates":[[4.909923076629639,52.37057194443602],[4.910518527030945,52.37022149062756],[4.910690188407898,52.370185462508324],[4.9108511209487915,52.37009375443584]]}},{"type":"Feature","properties":{"mvt_id":73707152,"class":"minor","surface":"paved","oneway":1},"geometry":{"type":"LineString","coordinates":[[4.902445077896118,52.37204906030354],[4.902418255805969,52.37206543603409]]}},{"type":"Feature","properties":{"mvt_id":73707192,"class":"minor","surface":"paved","oneway":1},"geometry":{"type":"LineString","coordinates":[[4.904590845108032,52.37165931612485],[4.904987812042236,52.3718263497654],[4.905502796173096,52.37206216088846],[4.905551075935364,52.3721014626199]]}},{"type":"Feature","properties":{"mvt_id":73707222,"class":"minor","surface":"paved","oneway":1},"geometry":{"type":"LineString","coordinates":[[4.904199242591858,52.37092567069412],[4.904268980026245,52.37086999174875]]}},{"type":"Feature","properties":{"mvt_id":73707242,"class":"minor","oneway":1},"geometry":{"type":"LineString","coordinates":[[4.910438060760498,52.37089291838181],[4.911333918571472,52.37039835551394]]}},{"type":"Feature","properties":{"mvt_id":73707252,"class":"minor","surface":"paved","oneway":1},"geometry":{"type":"LineString","coordinates":[[4.9103844165802,52.37093222115366],[4.910438060760498,52.37089291838181]]}},{"type":"Feature","properties":{"mvt_id":73707292,"class":"minor","surface":"paved","oneway":1},"geometry":{"type":"LineString","coordinates":[[4.914305806159973,52.36918976467576],[4.914402365684509,52.36929130067978]]}},{"type":"Feature","properties":{"mvt_id":73707322,"class":"minor","surface":"paved","oneway":1},"geometry":{"type":"LineString","coordinates":[[4.909654855728149,52.36929457603085],[4.909590482711792,52.36927492392073]]}},{"type":"Feature","properties":{"mvt_id":73707342,"class":"minor","surface":"paved","oneway":1},"geometry":{"type":"LineString","coordinates":[[4.901876449584961,52.36858381915417],[4.903019070625305,52.368105607630945],[4.903067350387573,52.36807612866902],[4.903088808059692,52.368036823355844],[4.903104901313782,52.3679647635242]]}},{"type":"Feature","properties":{"mvt_id":73707372,"class":"minor","surface":"paved","oneway":1},"geometry":{"type":"LineString","coordinates":[[4.903067350387573,52.36967451510838],[4.903201460838318,52.36973347087924]]}},{"type":"Feature","properties":{"mvt_id":73707442,"class":"minor","surface":"paved","oneway":1},"geometry":{"type":"LineString","coordinates":[[4.903764724731445,52.371299045337835],[4.903829097747803,52.37124664206947]]}},{"type":"Feature","properties":{"mvt_id":73707462,"class":"minor","oneway":1},"geometry":{"type":"LineString","coordinates":[[4.9023860692977905,52.37146935553065],[4.902681112289429,52.37131542134645],[4.9031102657318115,52.371073055798945],[4.90315318107605,52.371027202707914]]}},{"type":"Feature","properties":{"mvt_id":73707542,"class":"minor","oneway":1},"geometry":{"type":"LineString","coordinates":[[4.902879595756531,52.37242242545102],[4.9043333530426025,52.37160691328391],[4.9043869972229,52.37156761111241]]}},{"type":"Feature","properties":{"mvt_id":73707572,"class":"minor","surface":"paved","oneway":1},"geometry":{"type":"LineString","coordinates":[[4.904268980026245,52.37086999174875],[4.903968572616577,52.370738982188676],[4.902541637420654,52.37013960849588],[4.902455806732178,52.37009375443584]]}},{"type":"Feature","properties":{"mvt_id":73707662,"class":"minor","oneway":1},"geometry":{"type":"LineString","coordinates":[[4.905744194984436,52.36504951722368],[4.905878305435181,52.36505934421975],[4.906237721443176,52.36513468445028],[4.908812642097473,52.365622755005454],[4.910411238670349,52.36506261988462]]}},{"type":"Feature","properties":{"mvt_id":73707682,"class":"minor","surface":"paved","oneway":1},"geometry":{"type":"LineString","coordinates":[[4.907997250556946,52.36583894560873],[4.9056315422058105,52.3653934607853]]}},{"type":"Feature","properties":{"mvt_id":73707742,"class":"minor","surface":"paved","bicycle":"no","oneway":1},"geometry":{"type":"LineString","coordinates":[[4.9037593603134155,52.3685281372568],[4.903802275657654,52.36845607822662],[4.903813004493713,52.368406947002285],[4.903802275657654,52.368321786083975]]}},{"type":"Feature","properties":{"mvt_id":73707782,"class":"minor","surface":"paved","foot":"yes","oneway":1},"geometry":{"type":"LineString","coordinates":[[4.907782673835754,52.371705168559664],[4.908608794212341,52.37228814536668]]}},{"type":"Feature","properties":{"mvt_id":73708012,"class":"minor","surface":"paved","oneway":1},"geometry":{"type":"LineString","coordinates":[[4.910936951637268,52.3655310374602],[4.909933805465698,52.365855323641625],[4.908571243286133,52.366327008383514]]}},{"type":"Feature","properties":{"mvt_id":73708192,"class":"minor","surface":"paved","oneway":1},"geometry":{"type":"LineString","coordinates":[[4.908571243286133,52.366327008383514],[4.909273982048035,52.367122964965574],[4.9093276262283325,52.367172097617974]]}},{"type":"Feature","properties":{"mvt_id":73708202,"class":"minor","surface":"paved","oneway":1},"geometry":{"type":"LineString","coordinates":[[4.9131739139556885,52.368017170686144],[4.913168549537659,52.367971314422846],[4.911945462226868,52.36667421754492],[4.911768436431885,52.36652354220627]]}},{"type":"Feature","properties":{"mvt_id":73708232,"class":"minor","surface":"paved","oneway":1},"geometry":{"type":"LineString","coordinates":[[4.910411238670349,52.36506261988462],[4.9095529317855835,52.364905387696965]]}},{"type":"Feature","properties":{"mvt_id":73708252,"class":"minor","surface":"paved","oneway":1},"geometry":{"type":"LineString","coordinates":[[4.906345009803772,52.37244535127827],[4.9062806367874146,52.3724944780109],[4.905722737312317,52.37280888780577],[4.904006123542786,52.37376192882163],[4.903957843780518,52.37380777907366]]}},{"type":"Feature","properties":{"mvt_id":73708272,"class":"minor","surface":"paved","oneway":1},"geometry":{"type":"LineString","coordinates":[[4.903416037559509,52.37231434639081],[4.904193878173828,52.372851463960096]]}},{"type":"Feature","properties":{"mvt_id":73708302,"class":"minor","surface":"paved","oneway":1},"geometry":{"type":"LineString","coordinates":[[4.903067350387573,52.37353595188407],[4.90314245223999,52.37345080085406],[4.903206825256348,52.373398400138605],[4.905551075935364,52.3721014626199]]}},{"type":"Feature","properties":{"mvt_id":73708682,"class":"minor","oneway":1},"geometry":{"type":"LineString","coordinates":[[4.901195168495178,52.37332962410522],[4.901340007781982,52.373273948190224],[4.902670383453369,52.37253377935767]]}},{"type":"Feature","properties":{"mvt_id":73708732,"class":"minor","surface":"paved","oneway":1},"geometry":{"type":"LineString","coordinates":[[4.904590845108032,52.37165931612485],[4.9021875858306885,52.37299884263891]]}},{"type":"Feature","properties":{"mvt_id":73708902,"class":"minor","surface":"paved","oneway":1},"geometry":{"type":"LineString","coordinates":[[4.906216263771057,52.372396224491006],[4.906345009803772,52.37244535127827]]}},{"type":"Feature","properties":{"mvt_id":73709262,"class":"minor","surface":"paved","oneway":1},"geometry":{"type":"LineString","coordinates":[[4.912106394767761,52.37090601930964],[4.912192225456238,52.37093877161223],[4.912363886833191,52.37104357881732],[4.912455081939697,52.371207339577396]]}},{"type":"Feature","properties":{"mvt_id":73710052,"class":"trunk","surface":"paved","oneway":1,"ramp":1},"geometry":{"type":"LineString","coordinates":[[4.911457300186157,52.372517403800764],[4.910786747932434,52.37181324911054]]}},{"type":"Feature","properties":{"mvt_id":73710092,"class":"trunk","surface":"paved","horse":"no","bicycle":"no","foot":"no","oneway":1,"ramp":1},"geometry":{"type":"LineString","coordinates":[[4.911457300186157,52.372517403800764],[4.911092519760132,52.37220626706611],[4.910990595817566,52.37213093889554],[4.910915493965149,52.37208836204663],[4.910792112350464,52.3720392348623],[4.910658001899719,52.37200320822573],[4.9105024337768555,52.37198683247211],[4.910314679145813,52.37199665792501],[4.910105466842651,52.37204906030354]]}},{"type":"Feature","properties":{"mvt_id":73710152,"class":"trunk","surface":"paved","bicycle":"no","foot":"no","oneway":1,"ramp":1},"geometry":{"type":"LineString","coordinates":[[4.91212785243988,52.37348682630987],[4.911934733390808,52.37316914627749],[4.911752343177795,52.37291041549063],[4.911457300186157,52.372517403800764]]}},{"type":"Feature","properties":{"mvt_id":73710522,"class":"minor","surface":"paved","oneway":1},"geometry":{"type":"LineString","coordinates":[[4.89990234375,52.36536002898074],[4.900599718093872,52.36549172988252]]}},{"type":"Feature","properties":{"mvt_id":73710832,"class":"minor","surface":"paved","oneway":1},"geometry":{"type":"LineString","coordinates":[[4.900005466797779,52.3755991766591],[4.89990234375,52.375500081000204]]}},{"type":"Feature","properties":{"mvt_id":73710892,"class":"minor","surface":"paved","oneway":1},"geometry":{"type":"LineString","coordinates":[[4.900020360946655,52.3693633583475],[4.900074005126953,52.36941248850809]]}},{"type":"Feature","properties":{"mvt_id":73711872,"class":"minor","surface":"paved","oneway":1},"geometry":{"type":"LineString","coordinates":[[4.900202751159668,52.375291336540734],[4.900181293487549,52.37531098597411],[4.90015983581543,52.37531753578329]]}},{"type":"Feature","properties":{"mvt_id":73712672,"class":"minor","surface":"paved","oneway":1},"geometry":{"type":"LineString","coordinates":[[4.900637269020081,52.37051298978427],[4.900428056716919,52.371904953612976],[4.900433421134949,52.37195735610031],[4.900481700897217,52.37208508690272]]}},{"type":"Feature","properties":{"mvt_id":73712722,"class":"minor","oneway":1},"geometry":{"type":"LineString","coordinates":[[4.901415109634399,52.37055229289418],[4.9015384912490845,52.370401630782936],[4.901559948921204,52.37037870389487],[4.9015867710113525,52.37036560281063]]}},{"type":"Feature","properties":{"mvt_id":73713232,"class":"minor","surface":"paved","oneway":1},"geometry":{"type":"LineString","coordinates":[[4.900020360946655,52.3693633583475],[4.89990234375,52.36925694756426]]}},{"type":"Feature","properties":{"mvt_id":73714142,"class":"minor","surface":"paved","oneway":1},"geometry":{"type":"LineString","coordinates":[[4.900074005126953,52.374531551745825],[4.89990234375,52.374379811549886]]}},{"type":"Feature","properties":{"mvt_id":73714162,"class":"minor","surface":"paved","bicycle":"yes","oneway":1},"geometry":{"type":"LineString","coordinates":[[4.900975227355957,52.372920240738075],[4.901077151298523,52.373097094818235],[4.901211261749268,52.37336892470885]]}},{"type":"Feature","properties":{"mvt_id":73714492,"class":"minor","surface":"paved","oneway":1},"geometry":{"type":"LineString","coordinates":[[4.900524616241455,52.37441037796222],[4.900583624839783,52.3743972780738],[4.900985956192017,52.37426627897599]]}},{"type":"Feature","properties":{"mvt_id":73714572,"class":"minor","surface":"paved","oneway":1},"geometry":{"type":"LineString","coordinates":[[4.900245666503906,52.37448242727903],[4.9002885818481445,52.374475877346],[4.900476336479187,52.37441692790497],[4.900524616241455,52.37441037796222]]}},{"type":"Feature","properties":{"mvt_id":73715002,"class":"minor","surface":"paved","oneway":1},"geometry":{"type":"LineString","coordinates":[[4.902015924453735,52.36576360657919],[4.901994466781616,52.36580946513421]]}},{"type":"Feature","properties":{"mvt_id":73715332,"class":"minor","surface":"paved","oneway":1},"geometry":{"type":"LineString","coordinates":[[4.900428056716919,52.365806189524726],[4.89990234375,52.365705130786566]]}},{"type":"Feature","properties":{"mvt_id":73715522,"class":"minor","foot":"yes"},"geometry":{"type":"LineString","coordinates":[[4.901592135429382,52.36651699109292],[4.901474118232727,52.36660543104102]]}},{"type":"Feature","properties":{"mvt_id":73715882,"class":"minor","surface":"paved","oneway":1},"geometry":{"type":"LineString","coordinates":[[4.899966716766357,52.37274338594974],[4.89990234375,52.37275734819561]]}},{"type":"Feature","properties":{"mvt_id":73716342,"class":"minor","surface":"paved","oneway":1},"geometry":{"type":"LineString","coordinates":[[4.901709093409721,52.3755991766591],[4.900985956192017,52.37426627897599]]}},{"type":"Feature","properties":{"mvt_id":73716512,"class":"minor","surface":"paved","oneway":1},"geometry":{"type":"LineString","coordinates":[[4.89990234375,52.37413410385142],[4.899977445602417,52.374204054268404],[4.900116920471191,52.37435797838526],[4.900245666503906,52.37448242727903]]}},{"type":"Feature","properties":{"mvt_id":73716622,"class":"minor","surface":"paved","oneway":1},"geometry":{"type":"LineString","coordinates":[[4.89990234375,52.37192460455301],[4.900116920471191,52.37215386487409]]}},{"type":"Feature","properties":{"mvt_id":73716972,"class":"minor","surface":"paved","oneway":1},"geometry":{"type":"LineString","coordinates":[[4.89990234375,52.37307343128517],[4.9001652002334595,52.37299884263891]]}},{"type":"Feature","properties":{"mvt_id":73719462,"class":"minor","surface":"paved","oneway":1},"geometry":{"type":"LineString","coordinates":[[4.901983737945557,52.362828560043674],[4.89990234375,52.36244050289196]]}},{"type":"Feature","properties":{"mvt_id":73720132,"class":"minor","surface":"paved","oneway":1},"geometry":{"type":"LineString","coordinates":[[4.9010878801345825,52.36454178611979],[4.89990234375,52.36431063579456]]}},{"type":"Feature","properties":{"mvt_id":73720182,"class":"minor","surface":"paved","oneway":1},"geometry":{"type":"LineString","coordinates":[[4.89990234375,52.36391388651785],[4.901248812675476,52.36417490581971]]}},{"type":"Feature","properties":{"mvt_id":73720242,"class":"minor","surface":"paved","oneway":1},"geometry":{"type":"LineString","coordinates":[[4.901683330535889,52.36345423921761],[4.89990234375,52.36313016703432]]}},{"type":"Feature","properties":{"mvt_id":232701572,"class":"minor","oneway":1},"geometry":{"type":"LineString","coordinates":[[4.900170564651489,52.36950419799499],[4.9001383781433105,52.36953695133703],[4.89990234375,52.369662723944764]]}},{"type":"Feature","properties":{"mvt_id":232890082,"class":"minor","surface":"paved","oneway":1},"geometry":{"type":"LineString","coordinates":[[4.904623031616211,52.36664146208024],[4.904580116271973,52.36662508433878]]}},{"type":"Feature","properties":{"mvt_id":232890092,"class":"minor","surface":"paved","oneway":1},"geometry":{"type":"LineString","coordinates":[[4.902268052101135,52.36677248379326],[4.902209043502808,52.36678231040607],[4.902123212814331,52.366821616835466],[4.902042746543884,52.366900229589326]]}},{"type":"Feature","properties":{"mvt_id":232890122,"class":"minor","surface":"paved","bicycle":"yes"},"geometry":{"type":"LineString","coordinates":[[4.90213930606842,52.365786535862654],[4.904338717460632,52.36620253651021]]}},{"type":"Feature","properties":{"mvt_id":232902852,"class":"minor","surface":"paved","oneway":1},"geometry":{"type":"LineString","coordinates":[[4.911012053489685,52.368813096815536],[4.910593628883362,52.368763965988286]]}},{"type":"Feature","properties":{"mvt_id":301968812,"class":"minor","oneway":1},"geometry":{"type":"LineString","coordinates":[[4.906774163246155,52.364400930650596],[4.90665078163147,52.36441403350388],[4.90663468837738,52.36441075779093]]}},{"type":"Feature","properties":{"mvt_id":378257462,"class":"minor","surface":"paved","oneway":1},"geometry":{"type":"LineString","coordinates":[[4.906825713995033,52.362183216744256],[4.90713894367218,52.36224218251314]]}},{"type":"Feature","properties":{"mvt_id":383142382,"class":"minor","surface":"paved","oneway":1},"geometry":{"type":"LineString","coordinates":[[4.89991307258606,52.375415782804424],[4.89990234375,52.37542124096586]]}},{"type":"Feature","properties":{"mvt_id":383162622,"class":"minor","surface":"paved","oneway":1},"geometry":{"type":"LineString","coordinates":[[4.90014910697937,52.369477995303875],[4.900170564651489,52.36950419799499]]}},{"type":"Feature","properties":{"mvt_id":383162742,"class":"minor","surface":"paved","oneway":1},"geometry":{"type":"LineString","coordinates":[[4.902622103691101,52.37195408094667],[4.902589917182922,52.371970456712425]]}},{"type":"Feature","properties":{"mvt_id":383433462,"class":"minor","surface":"paved","bicycle":"use_sidepath","oneway":1},"geometry":{"type":"LineString","coordinates":[[4.902439713478088,52.36907840233847],[4.901425838470459,52.369477995303875],[4.901136159896851,52.369572979985215]]}},{"type":"Feature","properties":{"mvt_id":699929062,"class":"minor","surface":"paved","oneway":1},"geometry":{"type":"LineString","coordinates":[[4.89990234375,52.369416500802124],[4.900020360946655,52.3693633583475]]}},{"type":"Feature","properties":{"mvt_id":885703372,"class":"minor","surface":"paved","oneway":1},"geometry":{"type":"LineString","coordinates":[[4.901549220085144,52.374073054597446],[4.902949333190918,52.373499926468334]]}},{"type":"Feature","properties":{"mvt_id":947683632,"class":"minor","surface":"paved","oneway":1},"geometry":{"type":"LineString","coordinates":[[4.90139365196228,52.37263858277804],[4.901082515716553,52.37280233762454],[4.900932312011719,52.37284491378518]]}},{"type":"Feature","properties":{"mvt_id":1139518392,"class":"minor","surface":"paved","bicycle":"use_sidepath","oneway":1},"geometry":{"type":"LineString","coordinates":[[4.903941750526428,52.36826610385632],[4.904000759124756,52.368351264881966],[4.903995394706726,52.368397120750856],[4.903968572616577,52.36842987491377],[4.9037593603134155,52.3685281372568]]}},{"type":"Feature","properties":{"mvt_id":1139518542,"class":"minor","surface":"paved","oneway":1},"geometry":{"type":"LineString","coordinates":[[4.90538477897644,52.368118709385485],[4.9058836698532104,52.36830868438967],[4.909021854400635,52.369576255315415]]}},{"type":"Feature","properties":{"mvt_id":1139649162,"class":"minor","surface":"paved","oneway":1},"geometry":{"type":"LineString","coordinates":[[4.905792474746704,52.36923561967422],[4.905492067337036,52.3691340835422]]}},{"type":"Feature","properties":{"mvt_id":1139649172,"class":"trunk","surface":"paved","bicycle":"no","oneway":1,"ramp":1},"geometry":{"type":"LineString","coordinates":[[4.911044239997864,52.37160363810429],[4.91113007068634,52.37158398702145],[4.9111998081207275,52.37157743665856],[4.911280274391174,52.37157416147676],[4.91139829158783,52.37158726220253]]}},{"type":"Feature","properties":{"mvt_id":1139649292,"class":"minor","surface":"paved","bicycle":"no","oneway":1},"geometry":{"type":"LineString","coordinates":[[4.908217191696167,52.37011013089133],[4.908045530319214,52.37009375443584]]}},{"type":"Feature","properties":{"mvt_id":1139649302,"class":"minor","surface":"paved","oneway":1},"geometry":{"type":"LineString","coordinates":[[4.91214394569397,52.37110580797767],[4.91239607334137,52.37110580797767],[4.9125248193740845,52.37112218405793]]}},{"type":"Feature","properties":{"mvt_id":1158433462,"class":"minor","surface":"paved","foot":"yes","oneway":1},"geometry":{"type":"LineString","coordinates":[[4.901865720748901,52.36606168633588],[4.901667237281799,52.36644492878208],[4.901592135429382,52.36651699109292]]}},{"type":"Feature","properties":{"mvt_id":1215228632,"class":"minor","surface":"paved","oneway":1},"geometry":{"type":"LineString","coordinates":[[4.914305806159973,52.36918976467576],[4.915598630905151,52.36875086442512],[4.915791749954224,52.36877051676841],[4.917771220207214,52.36806957778592],[4.9178677797317505,52.36795166172399],[4.91812527179718,52.36785667355633],[4.918162822723389,52.36783374534733],[4.918195009231567,52.36777151157718],[4.917964339256287,52.3674963717533]]}},{"type":"Feature","properties":{"mvt_id":1236434872,"class":"minor","surface":"paved","oneway":1},"geometry":{"type":"LineString","coordinates":[[4.9001652002334595,52.37299884263891],[4.900111556053162,52.37295299154709],[4.899966716766357,52.37274338594974]]}},{"type":"Feature","properties":{"mvt_id":1236434892,"class":"minor","surface":"paved","oneway":1},"geometry":{"type":"LineString","coordinates":[[4.900481700897217,52.37208508690272],[4.9006640911102295,52.372406049852835],[4.900932312011719,52.37284491378518]]}},{"type":"Feature","properties":{"mvt_id":1393436982,"class":"primary","surface":"paved","bicycle":"use_sidepath","oneway":1,"ramp":1},"geometry":{"type":"LineString","coordinates":[[4.909225702285767,52.37036560281063],[4.909864068031311,52.370601421732395]]}},{"type":"Feature","properties":{"mvt_id":1916064992,"class":"minor","surface":"paved","oneway":1},"geometry":{"type":"LineString","coordinates":[[4.913168549537659,52.36593721371503],[4.912353157997131,52.36504296589177]]}},{"type":"Feature","properties":{"mvt_id":2669527302,"class":"minor","surface":"paved","oneway":1},"geometry":{"type":"LineString","coordinates":[[4.89990234375,52.37459168216632],[4.900074005126953,52.374531551745825]]}},{"type":"Feature","properties":{"mvt_id":2686790772,"class":"minor","oneway":1},"geometry":{"type":"LineString","coordinates":[[4.906371831893921,52.36432886488806],[4.906436204910278,52.364322313449264],[4.906452298164368,52.364325589168786]]}},{"type":"Feature","properties":{"mvt_id":2690003102,"class":"minor","oneway":1},"geometry":{"type":"LineString","coordinates":[[4.906425476074219,52.36436817350038],[4.906371831893921,52.36432886488806]]}},{"type":"Feature","properties":{"mvt_id":2690003162,"class":"minor","oneway":1},"geometry":{"type":"LineString","coordinates":[[4.906661510467529,52.36436817350038],[4.906774163246155,52.364400930650596]]}},{"type":"Feature","properties":{"mvt_id":3079860402,"class":"minor","surface":"paved","bicycle":"use_sidepath","oneway":1},"geometry":{"type":"LineString","coordinates":[[4.905164837837219,52.36902272106454],[4.905121922492981,52.368924459821685]]}},{"type":"Feature","properties":{"mvt_id":3183058602,"class":"minor","surface":"paved","oneway":1},"geometry":{"type":"LineString","coordinates":[[4.900932312011719,52.37284491378518],[4.900975227355957,52.372920240738075]]}},{"type":"Feature","properties":{"mvt_id":3183371372,"class":"minor","surface":"paved","oneway":1},"geometry":{"type":"LineString","coordinates":[[4.902418255805969,52.37206543603409],[4.901790618896484,52.37240932497296],[4.90139365196228,52.37263858277804]]}},{"type":"Feature","properties":{"mvt_id":3183371382,"class":"minor","surface":"paved","oneway":1},"geometry":{"type":"LineString","coordinates":[[4.902026653289795,52.37308399454028],[4.90139901638031,52.37343770068102],[4.901275634765625,52.37349665142908]]}},{"type":"Feature","properties":{"mvt_id":3183371392,"class":"minor","oneway":1},"geometry":{"type":"LineString","coordinates":[[4.9021875858306885,52.37299884263891],[4.902026653289795,52.37308399454028]]}},{"type":"Feature","properties":{"mvt_id":3211736472,"class":"minor","surface":"paved","bicycle":"use_sidepath","oneway":1},"geometry":{"type":"LineString","coordinates":[[4.913367033004761,52.37092567069412],[4.913152456283569,52.37096497343682],[4.913093447685242,52.3709616982096],[4.913055896759033,52.37094859729828],[4.913002252578735,52.37090601930964]]}},{"type":"Feature","properties":{"mvt_id":3283317232,"class":"secondary","surface":"paved","bicycle":"no","oneway":1,"ramp":1},"geometry":{"type":"LineString","coordinates":[[4.911178350448608,52.37152175853479],[4.911205172538757,52.37160691328391],[4.911178350448608,52.37166259130034],[4.9111515283584595,52.371685517522]]}},{"type":"Feature","properties":{"mvt_id":3639571682,"class":"minor","surface":"paved","oneway":1},"geometry":{"type":"LineString","coordinates":[[4.899966716766357,52.37274338594974],[4.89990234375,52.37265337356331]]}},{"type":"Feature","properties":{"mvt_id":3747404942,"class":"minor","surface":"paved","oneway":1},"geometry":{"type":"LineString","coordinates":[[4.910169839859009,52.36808595499185],[4.91087794303894,52.36783374534733],[4.912412166595459,52.367312944251985]]}},{"type":"Feature","properties":{"mvt_id":3747404962,"class":"minor","surface":"paved","oneway":1},"geometry":{"type":"LineString","coordinates":[[4.9118757247924805,52.36648751107088],[4.911934733390808,52.36653009331863],[4.9125999212265015,52.36724743424552],[4.913308024406433,52.367990967112945]]}},{"type":"Feature","properties":{"mvt_id":4521255072,"class":"minor","surface":"paved","oneway":1},"geometry":{"type":"LineString","coordinates":[[4.90689218044281,52.36753567754734],[4.906758069992065,52.367591360695705],[4.905443787574768,52.36805320057391],[4.90540087223053,52.36808267955115],[4.90538477897644,52.368118709385485]]}},{"type":"Feature","properties":{"mvt_id":5084804182,"class":"minor","surface":"paved","oneway":1},"geometry":{"type":"LineString","coordinates":[[4.913002252578735,52.37090601930964],[4.912846684455872,52.37078156033832]]}},{"type":"Feature","properties":{"mvt_id":5084804202,"class":"minor","surface":"paved","oneway":1},"geometry":{"type":"LineString","coordinates":[[4.9210381507873535,52.36734242372321],[4.920700192451477,52.367460341411366]]}},{"type":"Feature","properties":{"mvt_id":5421464172,"class":"minor","surface":"paved","oneway":1},"geometry":{"type":"LineString","coordinates":[[4.906371831893921,52.37174447060877],[4.904268980026245,52.37086999174875]]}},{"type":"Feature","properties":{"mvt_id":5597870972,"class":"minor","surface":"paved","oneway":1},"geometry":{"type":"LineString","coordinates":[[4.920437335968018,52.37045075978872],[4.9216228723526,52.371177862685386],[4.921875,52.37133895708774]]}},{"type":"Feature","properties":{"mvt_id":5598580352,"class":"minor","surface":"paved","oneway":1},"geometry":{"type":"LineString","coordinates":[[4.9003194365008085,52.362183216744256],[4.902123212814331,52.3625173550608]]}},{"type":"Feature","properties":{"mvt_id":5689814522,"class":"minor","surface":"paved","oneway":1},"geometry":{"type":"LineString","coordinates":[[4.905551075935364,52.3721014626199],[4.905690550804138,52.37216369028984]]}},{"type":"Feature","properties":{"mvt_id":5778277272,"class":"minor","surface":"paved","oneway":1},"geometry":{"type":"LineString","coordinates":[[4.9146705865859985,52.36958608130455],[4.912658929824829,52.370296822054634]]}},{"type":"Feature","properties":{"mvt_id":5825041782,"class":"minor","surface":"paved","oneway":1},"geometry":{"type":"LineString","coordinates":[[4.910437320840771,52.3755991766591],[4.910416603088379,52.37557625246892],[4.910309314727783,52.375494380263966],[4.910169839859009,52.37542233259806],[4.910041093826294,52.375369934221766],[4.909874796867371,52.37531426087883],[4.909729957580566,52.37528478672767],[4.909483194351196,52.375265137282646],[4.909231066703796,52.37527823691363],[4.90914523601532,52.375291336540734],[4.9090272188186646,52.37531753578329],[4.9087536334991455,52.37539940831608]]}},{"type":"Feature","properties":{"mvt_id":6006232792,"class":"minor","surface":"paved","oneway":1},"geometry":{"type":"LineString","coordinates":[[4.904505014419556,52.37028372094611],[4.907069206237793,52.371367824533216]]}},{"type":"Feature","properties":{"mvt_id":6102347902,"class":"minor","surface":"paved","oneway":1},"geometry":{"type":"LineString","coordinates":[[4.9093276262283325,52.367172097617974],[4.909370541572571,52.367221230215726]]}},{"type":"Feature","properties":{"mvt_id":6102347922,"class":"minor","surface":"paved","oneway":1},"geometry":{"type":"LineString","coordinates":[[4.9056315422058105,52.3653934607853],[4.905545711517334,52.36537708258118]]}},{"type":"Feature","properties":{"mvt_id":6120803152,"class":"minor","surface":"paved","oneway":1},"geometry":{"type":"LineString","coordinates":[[4.901248812675476,52.36417490581971],[4.901307821273804,52.36417490581971]]}},{"type":"Feature","properties":{"mvt_id":6271596132,"class":"minor","surface":"paved","oneway":1},"geometry":{"type":"LineString","coordinates":[[4.909370541572571,52.367221230215726],[4.90939736366272,52.367253985250535],[4.909434914588928,52.36732932173843]]}},{"type":"Feature","properties":{"mvt_id":6276186582,"class":"minor","surface":"paved","foot":"yes","oneway":1},"geometry":{"type":"LineString","coordinates":[[4.90189254283905,52.36600927685406],[4.901865720748901,52.36606168633588]]}},{"type":"Feature","properties":{"mvt_id":6872953402,"class":"minor","surface":"paved","foot":"yes","oneway":1},"geometry":{"type":"LineString","coordinates":[[4.909590482711792,52.36927492392073],[4.906967282295227,52.36755533043126],[4.906940460205078,52.36754222850961],[4.90689218044281,52.36753567754734]]}},{"type":"Feature","properties":{"mvt_id":7272222632,"class":"minor","surface":"paved","oneway":1},"geometry":{"type":"LineString","coordinates":[[4.909772872924805,52.36939611179396],[4.909654855728149,52.36929457603085]]}},{"type":"Feature","properties":{"mvt_id":7442775672,"class":"minor","surface":"paved","oneway":1},"geometry":{"type":"LineString","coordinates":[[4.919536113739014,52.367863224471],[4.919434189796448,52.36789925448434]]}},{"type":"Feature","properties":{"mvt_id":7442775712,"class":"minor","surface":"paved","oneway":1},"geometry":{"type":"LineString","coordinates":[[4.908045530319214,52.37009375443584],[4.905792474746704,52.36923561967422]]}},{"type":"Feature","properties":{"mvt_id":7738560112,"class":"minor","surface":"paved","foot":"use_sidepath"},"geometry":{"type":"LineString","coordinates":[[4.89990234375,52.36618747595942],[4.900304675102234,52.3662221899872]]}},{"type":"Feature","properties":{"mvt_id":8358766982,"class":"minor","oneway":1},"geometry":{"type":"LineString","coordinates":[[4.91913914680481,52.37281543798603],[4.91888165473938,52.37296936694248]]}},{"type":"Feature","properties":{"mvt_id":8358766992,"class":"minor","oneway":1},"geometry":{"type":"LineString","coordinates":[[4.919155240058899,52.37268443419626],[4.919568300247192,52.37242897568859],[4.919675588607788,52.37250430335087],[4.919251799583435,52.37274666104485]]}},{"type":"Feature","properties":{"mvt_id":8358767012,"class":"minor","oneway":1},"geometry":{"type":"LineString","coordinates":[[4.9187904596328735,52.37291041549063],[4.919042587280273,52.37275648632872]]}},{"type":"Feature","properties":{"mvt_id":8361870232,"class":"minor","surface":"paved","oneway":1},"geometry":{"type":"LineString","coordinates":[[4.919305443763733,52.36971381896436],[4.91937518119812,52.36976622405127],[4.920437335968018,52.37045075978872]]}},{"type":"Feature","properties":{"mvt_id":8419766332,"class":"minor","surface":"paved","oneway":1},"geometry":{"type":"LineString","coordinates":[[4.909429550170898,52.37085361557499],[4.909349083900452,52.37088964314925],[4.907782673835754,52.371705168559664]]}},{"type":"Feature","properties":{"mvt_id":8549136292,"class":"minor","surface":"paved","oneway":1},"geometry":{"type":"LineString","coordinates":[[4.920700192451477,52.367460341411366],[4.920399785041809,52.36756515686993]]}},{"type":"Feature","properties":{"mvt_id":8549136302,"class":"minor","surface":"paved","oneway":1},"geometry":{"type":"LineString","coordinates":[[4.920399785041809,52.36756515686993],[4.919536113739014,52.367863224471]]}},{"type":"Feature","properties":{"mvt_id":8549136312,"class":"minor","surface":"paved","oneway":1},"geometry":{"type":"LineString","coordinates":[[4.917771220207214,52.368488832345825],[4.916553497314453,52.36892118444316]]}},{"type":"Feature","properties":{"mvt_id":8549136322,"class":"minor","surface":"paved","oneway":1},"geometry":{"type":"LineString","coordinates":[[4.916553497314453,52.36892118444316],[4.9146705865859985,52.36958608130455]]}},{"type":"Feature","properties":{"mvt_id":8842910772,"class":"minor","surface":"paved","oneway":1},"geometry":{"type":"LineString","coordinates":[[4.903802275657654,52.37484267209995],[4.903882741928101,52.37490817084261]]}},{"type":"Feature","properties":{"mvt_id":8843321702,"class":"minor","surface":"paved","oneway":1},"geometry":{"type":"LineString","coordinates":[[4.910593628883362,52.368763965988286],[4.910454154014587,52.368698458133615]]}},{"type":"Feature","properties":{"mvt_id":8856701222,"class":"minor","surface":"paved","oneway":1},"geometry":{"type":"LineString","coordinates":[[4.901415109634399,52.37055229289418],[4.901297092437744,52.370699679244886],[4.901297092437744,52.3707258812113]]}},{"type":"Feature","properties":{"mvt_id":8863050892,"class":"minor","surface":"paved","bicycle":"yes","oneway":1},"geometry":{"type":"LineString","coordinates":[[4.901248812675476,52.37344097572464],[4.90165114402771,52.37429247882664],[4.9018120765686035,52.37458395111684],[4.902314524599575,52.3755991766591]]}},{"type":"Feature","properties":{"mvt_id":8878431522,"class":"minor","surface":"paved","oneway":1},"geometry":{"type":"LineString","coordinates":[[4.912535548210144,52.36978915125725],[4.9141234159469604,52.36922579360713],[4.914305806159973,52.36918976467576]]}},{"type":"Feature","properties":{"mvt_id":8892565012,"class":"minor","surface":"paved","oneway":1},"geometry":{"type":"LineString","coordinates":[[4.916279911994934,52.36369664656851],[4.916558861732483,52.363598373478446],[4.9166446924209595,52.363585270383254],[4.917234778404236,52.36373923150633],[4.9181413650512695,52.36411266689512],[4.9182432889938354,52.36418473301032]]}},{"type":"Feature","properties":{"mvt_id":8900941142,"class":"minor","surface":"paved","oneway":1},"geometry":{"type":"LineString","coordinates":[[4.903201460838318,52.36973347087924],[4.903458952903748,52.36984155625478]]}},{"type":"Feature","properties":{"mvt_id":8900941152,"class":"minor","surface":"paved","oneway":1},"geometry":{"type":"LineString","coordinates":[[4.903458952903748,52.36984155625478],[4.904016852378845,52.3700773779743]]}},{"type":"Feature","properties":{"mvt_id":8900941162,"class":"minor","surface":"paved","oneway":1},"geometry":{"type":"LineString","coordinates":[[4.904016852378845,52.3700773779743],[4.904505014419556,52.37028372094611]]}},{"type":"Feature","properties":{"mvt_id":8901017072,"class":"minor","surface":"paved","oneway":1},"geometry":{"type":"LineString","coordinates":[[4.905492067337036,52.3691340835422],[4.905164837837219,52.36902272106454]]}},{"type":"Feature","properties":{"mvt_id":8901572182,"class":"minor","surface":"paved","oneway":1},"geometry":{"type":"LineString","coordinates":[[4.906908273696899,52.37150865778958],[4.906425476074219,52.37174119543934],[4.906371831893921,52.37174447060877]]}},{"type":"Feature","properties":{"mvt_id":8901628462,"class":"minor","surface":"paved","oneway":1},"geometry":{"type":"LineString","coordinates":[[4.9131739139556885,52.368017170686144],[4.9131470918655396,52.368063026901844],[4.913093447685242,52.368099056752214]]}},{"type":"Feature","properties":{"mvt_id":8952171472,"class":"minor","surface":"paved","oneway":1},"geometry":{"type":"LineString","coordinates":[[4.904564023017883,52.366615257690995],[4.904531836509705,52.36660215549055]]}},{"type":"Feature","properties":{"mvt_id":8961704092,"class":"minor","surface":"paved","oneway":1},"geometry":{"type":"LineString","coordinates":[[4.909021854400635,52.369576255315415],[4.909113049507141,52.36962210991267]]}},{"type":"Feature","properties":{"mvt_id":9011041152,"class":"minor","surface":"paved","oneway":1},"geometry":{"type":"LineString","coordinates":[[4.912240505218506,52.371056679700466],[4.912202954292297,52.371001000920245],[4.91213858127594,52.37095514775442],[4.912106394767761,52.37090601930964]]}},{"type":"Feature","properties":{"mvt_id":10200112212,"class":"secondary","bicycle":"use_sidepath","oneway":1,"ramp":1},"geometry":{"type":"LineString","coordinates":[[4.9076056480407715,52.37290714040767],[4.907535910606384,52.37292351582006],[4.907466173171997,52.37291696565584]]}},{"type":"Feature","properties":{"mvt_id":10700964722,"class":"minor","surface":"paved","bicycle":"use_sidepath","oneway":1},"geometry":{"type":"LineString","coordinates":[[4.91313099861145,52.370860166045226],[4.913200736045837,52.37086999174875],[4.913291931152344,52.37087326698278]]}},{"type":"Feature","properties":{"mvt_id":10816425302,"class":"minor","surface":"paved","oneway":1},"geometry":{"type":"LineString","coordinates":[[4.912245869636536,52.37108615667335],[4.912240505218506,52.371056679700466]]}},{"type":"Feature","properties":{"mvt_id":10816425322,"class":"secondary","bicycle":"use_sidepath","oneway":1,"ramp":1},"geometry":{"type":"LineString","coordinates":[[4.910261034965515,52.3717968732865],[4.910411238670349,52.37171499407522],[4.910448789596558,52.37168879269555],[4.910507798194885,52.37163311471215],[4.910529255867004,52.3715610607471]]}},{"type":"Feature","properties":{"mvt_id":10816425402,"class":"trunk","surface":"paved","oneway":1,"ramp":1},"geometry":{"type":"LineString","coordinates":[[4.91189181804657,52.371413677270645],[4.911838173866272,52.37146280515077],[4.911779165267944,52.3714955570405],[4.9116450548172,52.37154796001355],[4.911586046218872,52.371610188463286],[4.9115753173828125,52.37167241682537],[4.911591410636902,52.37173792026968]]}},{"type":"Feature","properties":{"mvt_id":11157375232,"class":"minor","surface":"paved","oneway":1},"geometry":{"type":"LineString","coordinates":[[4.89990234375,52.37498738711665],[4.9001652002334595,52.375235663098714],[4.900202751159668,52.375291336540734]]}},{"type":"Feature","properties":{"mvt_id":11214936362,"class":"minor","surface":"paved","oneway":1},"geometry":{"type":"LineString","coordinates":[[4.900985956192017,52.37426627897599],[4.900417327880859,52.373047968755884]]}},{"type":"Feature","properties":{"mvt_id":11359390122,"class":"minor","surface":"paved","oneway":1},"geometry":{"type":"LineString","coordinates":[[4.912412166595459,52.367312944251985],[4.912508726119995,52.36727691376045]]}},{"type":"Feature","properties":{"mvt_id":11359390162,"class":"minor","surface":"paved","oneway":1},"geometry":{"type":"LineString","coordinates":[[4.910100102424622,52.368099056752214],[4.910169839859009,52.36808595499185]]}},{"type":"Feature","properties":{"mvt_id":12283746072,"class":"minor","surface":"paved","oneway":1},"geometry":{"type":"LineString","coordinates":[[4.912846684455872,52.37078156033832],[4.91313099861145,52.370860166045226]]}},{"type":"Feature","properties":{"mvt_id":12301787002,"class":"trunk","surface":"paved","bicycle":"no","foot":"no","oneway":1,"ramp":1},"geometry":{"type":"LineString","coordinates":[[4.91139829158783,52.37158726220253],[4.911451935768127,52.37160691328391],[4.9115002155303955,52.37163966506678],[4.911591410636902,52.37173792026968],[4.911854267120361,52.3720719863246],[4.912047386169434,52.37237984888311],[4.912186861038208,52.3726615084931],[4.912245869636536,52.37279906253355],[4.912315607070923,52.37301194294211],[4.912363886833191,52.373267398077964],[4.912353157997131,52.37348355126965]]}},{"type":"Feature","properties":{"mvt_id":12302995722,"class":"minor","surface":"paved","bicycle":"use_sidepath","oneway":1},"geometry":{"type":"LineString","coordinates":[[4.912208318710327,52.37117131226228],[4.912235140800476,52.37113200970317],[4.912245869636536,52.37108615667335]]}},{"type":"Feature","properties":{"mvt_id":12313756932,"class":"minor","oneway":1},"geometry":{"type":"LineString","coordinates":[[4.906859993934631,52.36338544770009],[4.908286929130554,52.36365406158966],[4.910931587219238,52.36413887276879]]}},{"type":"Feature","properties":{"mvt_id":13528953342,"class":"minor","surface":"paved","oneway":1},"geometry":{"type":"LineString","coordinates":[[4.911838173866272,52.36645803102916],[4.9118757247924805,52.36648751107088]]}},{"type":"Feature","properties":{"mvt_id":13528953352,"class":"minor","surface":"paved","oneway":1},"geometry":{"type":"LineString","coordinates":[[4.911768436431885,52.36652354220627],[4.911757707595825,52.366484235511656]]}},{"type":"Feature","properties":{"mvt_id":14533238492,"class":"minor","surface":"paved","access":"no","horse":"no","bicycle":"no","foot":"no","oneway":1},"geometry":{"type":"LineString","coordinates":[[4.908608794212341,52.37228814536668],[4.908721446990967,52.37233072202299]]}},{"type":"Feature","properties":{"mvt_id":15096310412,"class":"minor","surface":"paved","oneway":1},"geometry":{"type":"LineString","coordinates":[[4.904531836509705,52.36660215549055],[4.904419183731079,52.366553022204265]]}},{"type":"Feature","properties":{"mvt_id":15096310422,"class":"minor","surface":"paved","oneway":1},"geometry":{"type":"LineString","coordinates":[[4.904580116271973,52.36662508433878],[4.904564023017883,52.366615257690995]]}},{"type":"Feature","properties":{"mvt_id":15096310432,"class":"minor","surface":"paved","oneway":1},"geometry":{"type":"LineString","coordinates":[[4.904419183731079,52.366553022204265],[4.901865720748901,52.36606168633588]]}},{"type":"Feature","properties":{"mvt_id":70462122,"class":"tertiary","surface":"paved","bicycle":"use_sidepath"},"geometry":{"type":"MultiLineString","coordinates":[[[4.912315607070923,52.36623201672242],[4.914906620979309,52.36533449922205]],[[4.917106032371521,52.36458109454267],[4.915727376937866,52.36505279288928]],[[4.920094013214111,52.36317907250486],[4.920206665992737,52.36308407407512],[4.9202656745910645,52.363018557797666],[4.920276403427124,52.36291373155168]],[[4.920507073402405,52.36919959075087],[4.9193161725997925,52.36959918261999],[4.918645620346069,52.369844831565054],[4.917470812797546,52.37023459175454]],[[4.917224049568176,52.37032302426003],[4.916236996650696,52.3706571010163],[4.915448427200317,52.37090274407806],[4.915335774421692,52.37095187252647],[4.915255308151245,52.37100755136863],[4.915089011192322,52.371151660987096]],[[4.921875,52.36872526312616],[4.920700192451477,52.36913080817923]]]}},{"type":"Feature","properties":{"mvt_id":70465332,"class":"tertiary","surface":"paved","bicycle":"use_sidepath","oneway":1},"geometry":{"type":"LineString","coordinates":[[4.91912305355072,52.36369664656851],[4.919208884239197,52.36377198912286],[4.9193161725997925,52.36383095277144]]}},{"type":"Feature","properties":{"mvt_id":73703652,"class":"tertiary","surface":"paved","bicycle":"use_sidepath","oneway":1},"geometry":{"type":"LineString","coordinates":[[4.918828010559082,52.36359182193134],[4.918763637542725,52.363552512628274],[4.918522238731384,52.36343458450924],[4.918473958969116,52.36341492979214],[4.918345212936401,52.363378896121404]]}},{"type":"Feature","properties":{"mvt_id":73704892,"class":"tertiary","surface":"paved"},"geometry":{"type":"MultiLineString","coordinates":[[[4.909971356391907,52.36909805453603],[4.909906983375549,52.36913735890495]],[[4.9097782373428345,52.369212692180945],[4.909654855728149,52.36929457603085]],[[4.900304675102234,52.3662221899872],[4.900299310684204,52.36623856787802],[4.900326132774353,52.36631063052548]],[[4.910792112350464,52.36283511170396],[4.910684823989868,52.36304148850583]],[[4.910658001899719,52.3631004531293],[4.91064190864563,52.363156141868096],[4.91064190864563,52.363215106338565],[4.910931587219238,52.36413887276879],[4.910920858383179,52.36426662618035]],[[4.910711646080017,52.365288640174015],[4.9117255210876465,52.366379417488396]],[[4.91089940071106,52.36434524348077],[4.910593628883362,52.3649709011765],[4.9105775356292725,52.36506917121363],[4.910604357719421,52.36515106274426]],[[4.917106032371521,52.36458109454267],[4.9182432889938354,52.36418473301032],[4.918334484100342,52.364142148501905],[4.9184417724609375,52.364076633793445],[4.918559789657593,52.363978361548575]]]}},{"type":"Feature","properties":{"mvt_id":73706162,"class":"tertiary","oneway":1},"geometry":{"type":"LineString","coordinates":[[4.908995032310486,52.3697301955607],[4.908764362335205,52.369972568476605]]}},{"type":"Feature","properties":{"mvt_id":73709242,"class":"tertiary","surface":"paved","bicycle":"use_sidepath","foot":"no"},"geometry":{"type":"LineString","coordinates":[[4.915089011192322,52.371151660987096],[4.914987087249756,52.371181137896585]]}},{"type":"Feature","properties":{"mvt_id":73714962,"class":"tertiary","surface":"paved","oneway":1},"geometry":{"type":"LineString","coordinates":[[4.900304675102234,52.3662221899872],[4.900444149971008,52.36621563882918],[4.900508522987366,52.36621891440831],[4.900578260421753,52.36623201672242]]}},{"type":"Feature","properties":{"mvt_id":73714972,"class":"tertiary","surface":"paved","oneway":1},"geometry":{"type":"LineString","coordinates":[[4.901243448257446,52.36639907088671],[4.9014365673065186,52.36644492878208],[4.901549220085144,52.366490786629846],[4.901592135429382,52.36651699109292]]}},{"type":"Feature","properties":{"mvt_id":273112822,"class":"tertiary","surface":"paved","oneway":1},"geometry":{"type":"LineString","coordinates":[[4.901592135429382,52.36651699109292],[4.901677966117859,52.36657922663042],[4.9018120765686035,52.36670042189918]]}},{"type":"Feature","properties":{"mvt_id":273446262,"class":"tertiary","surface":"paved","oneway":1},"geometry":{"type":"LineString","coordinates":[[4.900524616241455,52.366313906097574],[4.900465607643127,52.36629752823468],[4.9004065990448,52.36629752823468],[4.900326132774353,52.36631063052548]]}},{"type":"Feature","properties":{"mvt_id":341399652,"class":"tertiary","surface":"paved","bicycle":"use_sidepath","oneway":1},"geometry":{"type":"LineString","coordinates":[[4.903373122215271,52.37525858746569],[4.903442859649658,52.375189814329055]]}},{"type":"Feature","properties":{"mvt_id":383162862,"class":"tertiary","surface":"paved","bicycle":"use_sidepath","oneway":1},"geometry":{"type":"LineString","coordinates":[[4.907820224761963,52.37270735988752],[4.907959699630737,52.37263203257156]]}},{"type":"Feature","properties":{"mvt_id":383223752,"class":"tertiary","surface":"paved","oneway":1},"geometry":{"type":"LineString","coordinates":[[4.901474118232727,52.36660543104102],[4.90140438079834,52.36655957331226],[4.901323914527893,52.36652354220627]]}},{"type":"Feature","properties":{"mvt_id":1139649332,"class":"tertiary","surface":"paved","bicycle":"use_sidepath","oneway":1},"geometry":{"type":"LineString","coordinates":[[4.908855557441711,52.372353647897846],[4.908968210220337,52.37232744689704],[4.90913450717926,52.3722717697187],[4.9107009172439575,52.37173136992961]]}},{"type":"Feature","properties":{"mvt_id":1158444072,"class":"tertiary","surface":"paved","bicycle":"no","foot":"no","oneway":1},"geometry":{"type":"LineString","coordinates":[[4.902697205543518,52.36749964723746],[4.903008341789246,52.36777151157718],[4.9030619859695435,52.367807541665314],[4.903201460838318,52.367863224471],[4.9034857749938965,52.367905805392695]]}},{"type":"Feature","properties":{"mvt_id":1186050502,"class":"tertiary","surface":"paved","bicycle":"use_sidepath","oneway":1},"geometry":{"type":"LineString","coordinates":[[4.9193161725997925,52.36383095277144],[4.919729232788086,52.364017670472755],[4.920185208320618,52.36420111165646],[4.920555353164673,52.36436817350038],[4.920941591262817,52.36459092164292],[4.921875,52.36516567933426]]}},{"type":"Feature","properties":{"mvt_id":1393437992,"class":"tertiary","surface":"paved","bicycle":"use_sidepath","oneway":1},"geometry":{"type":"LineString","coordinates":[[4.903305172920227,52.3755991766591],[4.903308749198914,52.37540923300982],[4.903340935707092,52.37530771106915],[4.903373122215271,52.37525858746569]]}},{"type":"Feature","properties":{"mvt_id":1393438052,"class":"tertiary","surface":"paved","bicycle":"use_sidepath","oneway":1},"geometry":{"type":"LineString","coordinates":[[4.907959699630737,52.37263203257156],[4.908115267753601,52.372523954024246],[4.908190369606018,52.37248465266875],[4.908367395401001,52.372419150331865],[4.908485412597656,52.372396224491006]]}},{"type":"Feature","properties":{"mvt_id":1393438152,"class":"tertiary","surface":"paved","bicycle":"use_sidepath","oneway":1},"geometry":{"type":"LineString","coordinates":[[4.903882741928101,52.37490817084261],[4.904521107673645,52.37455120151724],[4.906049966812134,52.37374227869905],[4.906554222106934,52.373463901023214],[4.906859993934631,52.373283773356796],[4.907192587852478,52.37307416932928]]}},{"type":"Feature","properties":{"mvt_id":1431634712,"class":"tertiary","surface":"paved","bicycle":"use_sidepath","oneway":1},"geometry":{"type":"LineString","coordinates":[[4.903507232666016,52.375143965511796],[4.903743267059326,52.374983494276556],[4.903882741928101,52.37490817084261]]}},{"type":"Feature","properties":{"mvt_id":1916064802,"class":"tertiary","surface":"paved","bicycle":"use_sidepath","oneway":1},"geometry":{"type":"LineString","coordinates":[[4.919916987419128,52.363339586628896],[4.919900894165039,52.363375620331695],[4.919831156730652,52.36344113607967],[4.919788241386414,52.363460790785126],[4.9196648597717285,52.36349354860811],[4.919230341911316,52.363572167284175],[4.919101595878601,52.36360492502459],[4.918951392173767,52.363680267735354]]}},{"type":"Feature","properties":{"mvt_id":1916064852,"class":"tertiary","surface":"paved","bicycle":"use_sidepath","oneway":1},"geometry":{"type":"LineString","coordinates":[[4.918828010559082,52.36359182193134],[4.918972849845886,52.36350992751049],[4.919021129608154,52.36349682438907],[4.9196648597717285,52.363378896121404]]}},{"type":"Feature","properties":{"mvt_id":1916064942,"class":"tertiary","surface":"paved","bicycle":"use_sidepath","oneway":1},"geometry":{"type":"LineString","coordinates":[[4.918656349182129,52.363804746715125],[4.918688535690308,52.36372940421663],[4.918828010559082,52.36359182193134]]}},{"type":"Feature","properties":{"mvt_id":3233279812,"class":"tertiary","surface":"paved","oneway":1},"geometry":{"type":"LineString","coordinates":[[4.910792112350464,52.36283511170396],[4.910829663276672,52.36271718167009],[4.911101882187836,52.362183216744256]]}},{"type":"Feature","properties":{"mvt_id":3233279852,"class":"tertiary","surface":"paved","bicycle":"use_sidepath","oneway":1},"geometry":{"type":"LineString","coordinates":[[4.918951392173767,52.363680267735354],[4.918828010559082,52.36359182193134]]}},{"type":"Feature","properties":{"mvt_id":3283317262,"class":"tertiary","surface":"paved","bicycle":"no","foot":"no","oneway":1},"geometry":{"type":"LineString","coordinates":[[4.9034857749938965,52.367905805392695],[4.903544783592224,52.3679287335643],[4.903673529624939,52.368004068901485]]}},{"type":"Feature","properties":{"mvt_id":3331342972,"class":"tertiary","surface":"paved","oneway":1},"geometry":{"type":"LineString","coordinates":[[4.900326132774353,52.36631063052548],[4.900267124176025,52.36634011066556],[4.900170564651489,52.366418724276265],[4.900068640708923,52.36652681776256],[4.900020360946655,52.36655957331226],[4.899972081184387,52.36658250218259],[4.89990234375,52.3666068348483]]}},{"type":"Feature","properties":{"mvt_id":3746363692,"class":"tertiary","surface":"paved","bicycle":"use_sidepath","oneway":1},"geometry":{"type":"LineString","coordinates":[[4.910566806793213,52.36680196362515],[4.910749197006226,52.36672007515468],[4.911071062088013,52.36659560438887],[4.9117255210876465,52.366379417488396]]}},{"type":"Feature","properties":{"mvt_id":3747404932,"class":"tertiary","surface":"paved","oneway":1},"geometry":{"type":"LineString","coordinates":[[4.910593628883362,52.368763965988286],[4.910566806793213,52.368809821428755],[4.910421967506409,52.36890153216689],[4.909971356391907,52.36909805453603]]}},{"type":"Feature","properties":{"mvt_id":3747404972,"class":"tertiary","surface":"paved","oneway":1},"geometry":{"type":"LineString","coordinates":[[4.910100102424622,52.368099056752214],[4.910572171211243,52.368580543750376],[4.910620450973511,52.36868863194702],[4.910593628883362,52.368763965988286]]}},{"type":"Feature","properties":{"mvt_id":3747404982,"class":"tertiary","surface":"paved","oneway":1},"geometry":{"type":"LineString","coordinates":[[4.910454154014587,52.368698458133615],[4.9103844165802,52.36857726834636],[4.910303950309753,52.368485556935],[4.909788966178894,52.36797786532051]]}},{"type":"Feature","properties":{"mvt_id":3747405002,"class":"tertiary","surface":"paved","oneway":1},"geometry":{"type":"LineString","coordinates":[[4.909971356391907,52.36909805453603],[4.910041093826294,52.3690390979171],[4.910373687744141,52.36883929990107],[4.9104273319244385,52.368793444491196],[4.910448789596558,52.368747589033724],[4.910454154014587,52.368698458133615]]}},{"type":"Feature","properties":{"mvt_id":3747405042,"class":"tertiary","surface":"paved","bicycle":"use_sidepath","oneway":1},"geometry":{"type":"LineString","coordinates":[[4.909268617630005,52.36739155613153],[4.909273982048035,52.367332597234984],[4.909295439720154,52.36727363825976],[4.909370541572571,52.367221230215726]]}},{"type":"Feature","properties":{"mvt_id":4163974432,"class":"tertiary","surface":"paved","bicycle":"use_sidepath","oneway":1},"geometry":{"type":"LineString","coordinates":[[4.919064044952393,52.36362130388568],[4.91912305355072,52.36369664656851]]}},{"type":"Feature","properties":{"mvt_id":4562186272,"class":"tertiary","surface":"paved","oneway":1},"geometry":{"type":"LineString","coordinates":[[4.913143867726831,52.362183216744256],[4.918307662010193,52.36325441594182],[4.918511509895325,52.36330355289671]]}},{"type":"Feature","properties":{"mvt_id":4993646002,"class":"tertiary","surface":"paved","bicycle":"use_sidepath","oneway":1},"geometry":{"type":"LineString","coordinates":[[4.918511509895325,52.36330355289671],[4.91861879825592,52.363336310836274],[4.918913841247559,52.363460790785126],[4.918994307518005,52.36353285796363],[4.919064044952393,52.36362130388568]]}},{"type":"Feature","properties":{"mvt_id":6102347882,"class":"tertiary","surface":"paved","oneway":1},"geometry":{"type":"LineString","coordinates":[[4.909461736679077,52.36742758652956],[4.910100102424622,52.368099056752214]]}},{"type":"Feature","properties":{"mvt_id":6102347892,"class":"tertiary","surface":"paved","bicycle":"use_sidepath","oneway":1},"geometry":{"type":"LineString","coordinates":[[4.912315607070923,52.36623201672242],[4.9122244119644165,52.366313906097574],[4.912111759185791,52.3663630396498],[4.910507798194885,52.366916607228774],[4.909536838531494,52.367237607736165],[4.909472465515137,52.36726381175624],[4.909445643424988,52.36729329126025],[4.909434914588928,52.36732932173843]]}},{"type":"Feature","properties":{"mvt_id":6117004052,"class":"tertiary","surface":"paved","oneway":1},"geometry":{"type":"LineString","coordinates":[[4.918345212936401,52.363378896121404],[4.912585278491036,52.362183216744256]]}},{"type":"Feature","properties":{"mvt_id":6117004062,"class":"tertiary","surface":"paved","oneway":1},"geometry":{"type":"LineString","coordinates":[[4.911284472631365,52.362183216744256],[4.911054968833923,52.36258614792994],[4.910792112350464,52.36283511170396]]}},{"type":"Feature","properties":{"mvt_id":7738318292,"class":"tertiary","surface":"paved","oneway":1},"geometry":{"type":"LineString","coordinates":[[4.911757707595825,52.366484235511656],[4.9117255210876465,52.366379417488396]]}},{"type":"Feature","properties":{"mvt_id":7738318312,"class":"tertiary","surface":"paved","oneway":1},"geometry":{"type":"LineString","coordinates":[[4.9117255210876465,52.366379417488396],[4.911838173866272,52.36645803102916]]}},{"type":"Feature","properties":{"mvt_id":7738326502,"class":"tertiary","surface":"paved","bicycle":"use_sidepath","oneway":1},"geometry":{"type":"LineString","coordinates":[[4.909418821334839,52.367568432348996],[4.909322261810303,52.36747671884315],[4.909268617630005,52.36739155613153]]}},{"type":"Feature","properties":{"mvt_id":7738377882,"class":"tertiary","surface":"paved","bicycle":"use_sidepath","oneway":1},"geometry":{"type":"LineString","coordinates":[[4.909370541572571,52.367221230215726],[4.910566806793213,52.36680196362515]]}},{"type":"Feature","properties":{"mvt_id":7738397422,"class":"tertiary","surface":"paved","bicycle":"use_sidepath","oneway":1},"geometry":{"type":"LineString","coordinates":[[4.915727376937866,52.36505279288928],[4.915668368339539,52.36512813313099],[4.915207028388977,52.36528208887755],[4.914906620979309,52.36533449922205]]}},{"type":"Feature","properties":{"mvt_id":7738397462,"class":"tertiary","surface":"paved","bicycle":"use_sidepath","oneway":1},"geometry":{"type":"LineString","coordinates":[[4.9117255210876465,52.366379417488396],[4.912160038948059,52.366241843455455],[4.912315607070923,52.36623201672242]]}},{"type":"Feature","properties":{"mvt_id":7738418192,"class":"tertiary","surface":"paved","oneway":1},"geometry":{"type":"LineString","coordinates":[[4.914906620979309,52.36533449922205],[4.91513729095459,52.36520019758978],[4.915577173233032,52.36504296589177],[4.915727376937866,52.36505279288928]]}},{"type":"Feature","properties":{"mvt_id":7738587572,"class":"tertiary","surface":"paved","bicycle":"no","foot":"no","oneway":1},"geometry":{"type":"LineString","coordinates":[[4.9018120765686035,52.36670042189918],[4.902697205543518,52.36749964723746]]}},{"type":"Feature","properties":{"mvt_id":7738587612,"class":"tertiary","surface":"paved","bicycle":"no","foot":"no","oneway":1},"geometry":{"type":"LineString","coordinates":[[4.903619885444641,52.367869775384705],[4.903566241264343,52.367905805392695],[4.903496503829956,52.36798114076899]]}},{"type":"Feature","properties":{"mvt_id":7738631522,"class":"tertiary","surface":"paved","bicycle":"use_sidepath","oneway":1},"geometry":{"type":"LineString","coordinates":[[4.918951392173767,52.363680267735354],[4.918833374977112,52.363788367922034],[4.918769001960754,52.36383750428309]]}},{"type":"Feature","properties":{"mvt_id":7738688222,"class":"tertiary","surface":"paved","oneway":1},"geometry":{"type":"LineString","coordinates":[[4.918769001960754,52.36383750428309],[4.918677806854248,52.3638735375798],[4.91863489151001,52.36389974359531]]}},{"type":"Feature","properties":{"mvt_id":7738688232,"class":"tertiary","surface":"paved","oneway":1},"geometry":{"type":"LineString","coordinates":[[4.91863489151001,52.36389974359531],[4.918656349182129,52.363804746715125]]}},{"type":"Feature","properties":{"mvt_id":8549073692,"class":"tertiary","surface":"paved","bicycle":"use_sidepath","oneway":1},"geometry":{"type":"LineString","coordinates":[[4.908485412597656,52.372396224491006],[4.908877015113831,52.37228814536668],[4.909719228744507,52.37200320822573]]}},{"type":"Feature","properties":{"mvt_id":8600066962,"class":"tertiary","surface":"paved","oneway":1},"geometry":{"type":"LineString","coordinates":[[4.908463954925537,52.37010030501876],[4.908506870269775,52.370054450917934]]}},{"type":"Feature","properties":{"mvt_id":8600067032,"class":"tertiary","surface":"paved","oneway":1},"geometry":{"type":"LineString","coordinates":[[4.9084532260894775,52.37016581079453],[4.908463954925537,52.37010030501876]]}},{"type":"Feature","properties":{"mvt_id":8600067042,"class":"tertiary","surface":"paved","oneway":1},"geometry":{"type":"LineString","coordinates":[[4.909113049507141,52.36962210991267],[4.908995032310486,52.3697301955607]]}},{"type":"Feature","properties":{"mvt_id":8600067052,"class":"tertiary","surface":"paved","oneway":1},"geometry":{"type":"LineString","coordinates":[[4.909654855728149,52.36929457603085],[4.909113049507141,52.36962210991267]]}},{"type":"Feature","properties":{"mvt_id":8600067062,"class":"tertiary","surface":"paved","oneway":1},"geometry":{"type":"LineString","coordinates":[[4.908764362335205,52.369972568476605],[4.908764362335205,52.370021697959615],[4.908732175827026,52.37008065326709],[4.908726811408997,52.37011995676169]]}},{"type":"Feature","properties":{"mvt_id":8600067072,"class":"tertiary","surface":"paved","bicycle":"no","oneway":1},"geometry":{"type":"LineString","coordinates":[[4.908598065376282,52.37008065326709],[4.908549785614014,52.370126507340736],[4.9084532260894775,52.37016581079453]]}},{"type":"Feature","properties":{"mvt_id":8600067082,"class":"tertiary","surface":"paved","oneway":1},"geometry":{"type":"LineString","coordinates":[[4.908506870269775,52.370054450917934],[4.90864098072052,52.36994964136584],[4.909021854400635,52.369576255315415],[4.909493923187256,52.36931422813226],[4.909654855728149,52.36929457603085]]}},{"type":"Feature","properties":{"mvt_id":8843318322,"class":"tertiary","surface":"paved","bicycle":"use_sidepath","oneway":1},"geometry":{"type":"LineString","coordinates":[[4.908726811408997,52.37011995676169],[4.908737540245056,52.370155984934364],[4.908764362335205,52.370195288361934]]}},{"type":"Feature","properties":{"mvt_id":8843354712,"class":"tertiary","surface":"paved","oneway":1},"geometry":{"type":"LineString","coordinates":[[4.901323914527893,52.36652354220627],[4.901195168495178,52.366477684392486]]}},{"type":"Feature","properties":{"mvt_id":8892552522,"class":"tertiary","oneway":1},"geometry":{"type":"LineString","coordinates":[[4.909434914588928,52.36732932173843],[4.909445643424988,52.36739483162347],[4.909461736679077,52.36742758652956]]}},{"type":"Feature","properties":{"mvt_id":10816425312,"class":"tertiary","surface":"paved","bicycle":"use_sidepath","oneway":1},"geometry":{"type":"LineString","coordinates":[[4.909719228744507,52.37200320822573],[4.909906983375549,52.37191805424064],[4.910261034965515,52.3717968732865]]}},{"type":"Feature","properties":{"mvt_id":10816425342,"class":"tertiary","surface":"paved","bicycle":"use_sidepath","oneway":1},"geometry":{"type":"LineString","coordinates":[[4.908485412597656,52.372396224491006],[4.908710718154907,52.3723765737608],[4.908855557441711,52.372353647897846]]}},{"type":"Feature","properties":{"mvt_id":10816425352,"class":"tertiary","bicycle":"use_sidepath","oneway":1},"geometry":{"type":"LineString","coordinates":[[4.910261034965515,52.3717968732865],[4.910443425178528,52.37175102094688],[4.91064727306366,52.3716822423482],[4.910835027694702,52.37167241682537]]}},{"type":"Feature","properties":{"mvt_id":10816425462,"class":"tertiary","surface":"paved","bicycle":"use_sidepath","oneway":1},"geometry":{"type":"LineString","coordinates":[[4.907192587852478,52.37307416932928],[4.907723665237427,52.372763036516744]]}},{"type":"Feature","properties":{"mvt_id":11161050562,"class":"tertiary","surface":"paved","bicycle":"no","foot":"no","oneway":1},"geometry":{"type":"LineString","coordinates":[[4.903496503829956,52.36798114076899],[4.9034857749938965,52.36799424256045],[4.903421401977539,52.3680106197943],[4.903340935707092,52.36800734434802],[4.903163909912109,52.36797786532051],[4.903045892715454,52.36794838627334],[4.9029600620269775,52.3679189072065],[4.9028849601745605,52.36787960175343],[4.902772307395935,52.36778788889362],[4.90240216255188,52.36744396397349],[4.902257323265076,52.367332597234984],[4.901720881462097,52.36684127003704],[4.9016135931015015,52.36672007515468],[4.901549220085144,52.36666111536195],[4.901474118232727,52.36660543104102]]}},{"type":"Feature","properties":{"mvt_id":11756134102,"class":"tertiary","surface":"paved","bicycle":"use_sidepath","oneway":1},"geometry":{"type":"LineString","coordinates":[[4.9196648597717285,52.363378896121404],[4.919916987419128,52.363339586628896]]}},{"type":"Feature","properties":{"mvt_id":12313519422,"class":"tertiary","surface":"paved","oneway":1},"geometry":{"type":"LineString","coordinates":[[4.908764362335205,52.369972568476605],[4.908683896064758,52.36999877087435],[4.908598065376282,52.37008065326709]]}},{"type":"Feature","properties":{"mvt_id":12407448502,"class":"tertiary","surface":"paved","oneway":1},"geometry":{"type":"LineString","coordinates":[[4.909788966178894,52.36797786532051],[4.909418821334839,52.367568432348996]]}},{"type":"Feature","properties":{"mvt_id":15096310452,"class":"tertiary","surface":"paved","bicycle":"no","foot":"no","oneway":1},"geometry":{"type":"LineString","coordinates":[[4.903743267059326,52.367843571724066],[4.903619885444641,52.367869775384705]]}},{"type":"Feature","properties":{"mvt_id":70459912,"class":"secondary","surface":"paved","bicycle":"use_sidepath","oneway":1},"geometry":{"type":"LineString","coordinates":[[4.915663003921509,52.37143332842925],[4.915174841880798,52.371285944526576],[4.915067553520203,52.37124009165655],[4.914987087249756,52.371181137896585]]}},{"type":"Feature","properties":{"mvt_id":70459922,"class":"secondary","surface":"paved","bicycle":"use_sidepath","oneway":1},"geometry":{"type":"LineString","coordinates":[[4.915089011192322,52.371151660987096],[4.915325045585632,52.371223715620005],[4.91588294506073,52.37142022765781]]}},{"type":"Feature","properties":{"mvt_id":70462132,"class":"secondary","surface":"paved","bicycle":"use_sidepath","oneway":1},"geometry":{"type":"LineString","coordinates":[[4.91588294506073,52.37142022765781],[4.916596412658691,52.37164621542045],[4.917165040969849,52.37185582622464],[4.917497634887695,52.372026134270584],[4.918205738067627,52.372435525925205],[4.9189674854278564,52.37291696565584],[4.920641183853149,52.374010829617625],[4.920845031738281,52.37414510446456],[4.92087721824646,52.374174579376316],[4.920936226844788,52.37428592886543]]}},{"type":"Feature","properties":{"mvt_id":70462252,"class":"secondary","surface":"paved","bicycle":"use_sidepath","oneway":1},"geometry":{"type":"LineString","coordinates":[[4.920936226844788,52.37428592886543],[4.92112934589386,52.374813197634076]]}},{"type":"Feature","properties":{"mvt_id":70462342,"class":"secondary","surface":"paved","oneway":1},"geometry":{"type":"LineString","coordinates":[[4.92112934589386,52.374813197634076],[4.921150803565979,52.37486559667092]]}},{"type":"Feature","properties":{"mvt_id":70462352,"class":"secondary","surface":"paved","oneway":1},"geometry":{"type":"LineString","coordinates":[[4.92138147354126,52.375448531762906],[4.921435117721558,52.37558280223876]]}},{"type":"Feature","properties":{"mvt_id":70462372,"class":"secondary","surface":"paved","oneway":1},"geometry":{"type":"LineString","coordinates":[[4.921435117721558,52.37558280223876],[4.921440948610723,52.3755991766591]]}},{"type":"Feature","properties":{"mvt_id":73709172,"class":"secondary","surface":"paved","bicycle":"use_sidepath","oneway":1},"geometry":{"type":"LineString","coordinates":[[4.913774728775024,52.3707979365388],[4.913662075996399,52.37082413844693],[4.913367033004761,52.37092567069412]]}},{"type":"Feature","properties":{"mvt_id":73709182,"class":"secondary","surface":"paved","bicycle":"use_sidepath","oneway":1},"geometry":{"type":"LineString","coordinates":[[4.913291931152344,52.37087326698278],[4.913662075996399,52.370755358404935],[4.913753271102905,52.370738982188676],[4.9138712882995605,52.37073243170047],[4.913989305496216,52.37073570694469],[4.914107322692871,52.370758633647455]]}},{"type":"Feature","properties":{"mvt_id":73709252,"class":"secondary","surface":"paved","bicycle":"use_sidepath","oneway":1},"geometry":{"type":"LineString","coordinates":[[4.914987087249756,52.371181137896585],[4.914954900741577,52.371158211413125],[4.914788603782654,52.37108615667335]]}},{"type":"Feature","properties":{"mvt_id":73709272,"class":"secondary","surface":"paved","bicycle":"use_sidepath","oneway":1},"geometry":{"type":"LineString","coordinates":[[4.910786747932434,52.37181324911054],[4.9107009172439575,52.37173136992961]]}},{"type":"Feature","properties":{"mvt_id":73709302,"class":"secondary","surface":"paved","bicycle":"use_sidepath","oneway":1},"geometry":{"type":"LineString","coordinates":[[4.912294149398804,52.37126301809751],[4.912170767784119,52.371305595742015]]}},{"type":"Feature","properties":{"mvt_id":73709332,"class":"secondary","surface":"paved","bicycle":"use_sidepath","oneway":1},"geometry":{"type":"LineString","coordinates":[[4.9148476123809814,52.37104357881732],[4.914928078651428,52.371073055798945],[4.915089011192322,52.371151660987096]]}},{"type":"Feature","properties":{"mvt_id":73709662,"class":"secondary","surface":"paved","bicycle":"use_sidepath","oneway":1},"geometry":{"type":"LineString","coordinates":[[4.910786747932434,52.37181324911054],[4.910706281661987,52.37184927590206],[4.91037905216217,52.3719409803297],[4.910105466842651,52.37204906030354]]}},{"type":"Feature","properties":{"mvt_id":232637602,"class":"secondary","surface":"paved","bicycle":"use_sidepath","oneway":1},"geometry":{"type":"LineString","coordinates":[[4.907798767089844,52.37279906253355],[4.9076056480407715,52.37290714040767],[4.907471537590027,52.37299556756249],[4.906699061393738,52.37345735093912]]}},{"type":"Feature","properties":{"mvt_id":301141782,"class":"secondary","surface":"paved","oneway":1},"geometry":{"type":"LineString","coordinates":[[4.9213385581970215,52.3753437350103],[4.92138147354126,52.375448531762906]]}},{"type":"Feature","properties":{"mvt_id":341399632,"class":"secondary","surface":"paved","bicycle":"use_sidepath","foot":"use_sidepath","oneway":1},"geometry":{"type":"LineString","coordinates":[[4.903550148010254,52.375265137282646],[4.9034857749938965,52.3753764840222],[4.903464317321777,52.37543543218243],[4.903453588485718,52.37548128069709],[4.9034491994164,52.3755991766591]]}},{"type":"Feature","properties":{"mvt_id":1393436762,"class":"secondary","surface":"paved","bicycle":"use_sidepath","oneway":1},"geometry":{"type":"LineString","coordinates":[[4.910572171211243,52.371610188463286],[4.910486340522766,52.37150865778958],[4.9104273319244385,52.37145625476991],[4.90988552570343,52.37107960623663],[4.909713864326477,52.37097152389054]]}},{"type":"Feature","properties":{"mvt_id":1393436772,"class":"secondary","surface":"paved","bicycle":"use_sidepath","oneway":1},"geometry":{"type":"LineString","coordinates":[[4.909713864326477,52.37097152389054],[4.909316897392273,52.37073243170047]]}},{"type":"Feature","properties":{"mvt_id":1393437012,"class":"secondary","surface":"paved","bicycle":"use_sidepath","oneway":1},"geometry":{"type":"LineString","coordinates":[[4.909864068031311,52.370601421732395],[4.910309314727783,52.37088636791644]]}},{"type":"Feature","properties":{"mvt_id":1393437042,"class":"secondary","surface":"paved","bicycle":"use_sidepath","oneway":1},"geometry":{"type":"LineString","coordinates":[[4.9103844165802,52.37093222115366],[4.9110013246536255,52.371371099730325],[4.911087155342102,52.37144315400527]]}},{"type":"Feature","properties":{"mvt_id":1393437562,"class":"secondary","surface":"paved","bicycle":"use_sidepath","foot":"use_sidepath","oneway":1},"geometry":{"type":"LineString","coordinates":[[4.903973937034607,52.374983494276556],[4.903829097747803,52.37507191727422]]}},{"type":"Feature","properties":{"mvt_id":1393438232,"class":"secondary","surface":"paved","bicycle":"use_sidepath","oneway":1},"geometry":{"type":"LineString","coordinates":[[4.910105466842651,52.37204906030354],[4.909182786941528,52.37236347326914],[4.909021854400635,52.37239949961186],[4.908581972122192,52.37247482732441]]}},{"type":"Feature","properties":{"mvt_id":1982456452,"class":"secondary","surface":"paved","bicycle":"use_sidepath","oneway":1},"geometry":{"type":"LineString","coordinates":[[4.9107009172439575,52.37173136992961],[4.910835027694702,52.37167241682537]]}},{"type":"Feature","properties":{"mvt_id":3211736462,"class":"secondary","surface":"paved","oneway":1},"geometry":{"type":"LineString","coordinates":[[4.909316897392273,52.37073243170047],[4.908946752548218,52.37050316400133]]}},{"type":"Feature","properties":{"mvt_id":3211736482,"class":"secondary","surface":"paved","bicycle":"no","oneway":1},"geometry":{"type":"LineString","coordinates":[[4.911087155342102,52.37144315400527],[4.911178350448608,52.37152175853479]]}},{"type":"Feature","properties":{"mvt_id":3211774332,"class":"secondary","surface":"paved","bicycle":"use_sidepath","oneway":1},"geometry":{"type":"LineString","coordinates":[[4.908490777015686,52.37026406927604],[4.908345937728882,52.370195288361934],[4.908217191696167,52.37011013089133]]}},{"type":"Feature","properties":{"mvt_id":3248716172,"class":"secondary","surface":"paved","bicycle":"use_sidepath","oneway":1},"geometry":{"type":"LineString","coordinates":[[4.912090301513672,52.371207339577396],[4.912208318710327,52.37117131226228]]}},{"type":"Feature","properties":{"mvt_id":4183035202,"class":"secondary","surface":"paved","bicycle":"use_sidepath","oneway":1},"geometry":{"type":"LineString","coordinates":[[4.9111515283584595,52.371685517522],[4.910942316055298,52.37176084645224]]}},{"type":"Feature","properties":{"mvt_id":4183035242,"class":"secondary","surface":"paved","oneway":1},"geometry":{"type":"LineString","coordinates":[[4.908946752548218,52.37050316400133],[4.908699989318848,52.37036560281063],[4.908490777015686,52.37026406927604]]}},{"type":"Feature","properties":{"mvt_id":4506552492,"class":"secondary","surface":"paved","oneway":1},"geometry":{"type":"LineString","coordinates":[[4.921097159385681,52.37487542148342],[4.9208664894104,52.374315403683205]]}},{"type":"Feature","properties":{"mvt_id":6789352382,"class":"secondary","surface":"paved","oneway":1},"geometry":{"type":"LineString","coordinates":[[4.921373183077037,52.3755991766591],[4.9213707447052,52.37559262689169]]}},{"type":"Feature","properties":{"mvt_id":6789352392,"class":"secondary","surface":"paved","oneway":1},"geometry":{"type":"LineString","coordinates":[[4.9213707447052,52.37559262689169],[4.921284914016724,52.37535028481462]]}},{"type":"Feature","properties":{"mvt_id":6882410842,"class":"secondary","surface":"paved","bicycle":"use_sidepath","oneway":1},"geometry":{"type":"LineString","coordinates":[[4.9208664894104,52.374315403683205],[4.920818209648132,52.37424335409392],[4.920753836631775,52.374177854365286],[4.920678734779358,52.37411562953313],[4.918076992034912,52.37245190151245],[4.917540550231934,52.372117838331015],[4.917347431182861,52.372009758525465],[4.9172186851501465,52.3719409803297],[4.917079210281372,52.37188202750522],[4.916532039642334,52.37168879269555],[4.915663003921509,52.37143332842925]]}},{"type":"Feature","properties":{"mvt_id":7559656742,"class":"secondary","surface":"paved","bicycle":"use_sidepath","oneway":1},"geometry":{"type":"LineString","coordinates":[[4.91139829158783,52.37158726220253],[4.9111515283584595,52.371685517522]]}},{"type":"Feature","properties":{"mvt_id":7774290212,"class":"secondary","surface":"paved","bicycle":"use_sidepath","oneway":1},"geometry":{"type":"LineString","coordinates":[[4.9107009172439575,52.37173136992961],[4.910572171211243,52.371610188463286]]}},{"type":"Feature","properties":{"mvt_id":8238659942,"class":"secondary","surface":"paved","bicycle":"use_sidepath","oneway":1},"geometry":{"type":"LineString","coordinates":[[4.912744760513306,52.37111890884237],[4.912455081939697,52.371207339577396]]}},{"type":"Feature","properties":{"mvt_id":8859029412,"class":"secondary","surface":"paved","bicycle":"use_sidepath","foot":"use_sidepath","oneway":1},"geometry":{"type":"LineString","coordinates":[[4.903829097747803,52.37507191727422],[4.903668165206909,52.375166889926376]]}},{"type":"Feature","properties":{"mvt_id":8859029422,"class":"secondary","surface":"paved","bicycle":"use_sidepath","oneway":1},"geometry":{"type":"LineString","coordinates":[[4.904665946960449,52.37459377599198],[4.904086589813232,52.374914720711516],[4.903973937034607,52.374983494276556]]}},{"type":"Feature","properties":{"mvt_id":8859029432,"class":"secondary","surface":"paved","bicycle":"use_sidepath","oneway":1},"geometry":{"type":"LineString","coordinates":[[4.906699061393738,52.37345735093912],[4.904665946960449,52.37459377599198]]}},{"type":"Feature","properties":{"mvt_id":10200112172,"class":"secondary","surface":"paved","bicycle":"use_sidepath","foot":"use_sidepath","oneway":1},"geometry":{"type":"LineString","coordinates":[[4.903668165206909,52.375166889926376],[4.903603792190552,52.37521273871984]]}},{"type":"Feature","properties":{"mvt_id":10816425242,"class":"secondary","surface":"paved","bicycle":"use_sidepath","oneway":1},"geometry":{"type":"LineString","coordinates":[[4.91188645362854,52.371276118915574],[4.912090301513672,52.371207339577396]]}},{"type":"Feature","properties":{"mvt_id":10816425252,"class":"secondary","surface":"paved","bicycle":"use_sidepath","oneway":1},"geometry":{"type":"LineString","coordinates":[[4.912916421890259,52.370997725695695],[4.913291931152344,52.37087326698278]]}},{"type":"Feature","properties":{"mvt_id":10816425262,"class":"secondary","surface":"paved","bicycle":"use_sidepath","oneway":1},"geometry":{"type":"LineString","coordinates":[[4.913367033004761,52.37092567069412],[4.913104176521301,52.37101737703936]]}},{"type":"Feature","properties":{"mvt_id":10816425272,"class":"secondary","surface":"paved","bicycle":"use_sidepath","oneway":1},"geometry":{"type":"LineString","coordinates":[[4.913104176521301,52.37101737703936],[4.912986159324646,52.37104357881732]]}},{"type":"Feature","properties":{"mvt_id":10816425282,"class":"secondary","surface":"paved","bicycle":"use_sidepath","oneway":1},"geometry":{"type":"LineString","coordinates":[[4.914026856422424,52.37080448701729],[4.913935661315918,52.370794661299186],[4.913774728775024,52.3707979365388]]}},{"type":"Feature","properties":{"mvt_id":10816425332,"class":"secondary","surface":"paved","bicycle":"use_sidepath","oneway":1},"geometry":{"type":"LineString","coordinates":[[4.910835027694702,52.37167241682537],[4.911044239997864,52.37160363810429]]}},{"type":"Feature","properties":{"mvt_id":10816425362,"class":"secondary","surface":"paved","bicycle":"use_sidepath","oneway":1},"geometry":{"type":"LineString","coordinates":[[4.910309314727783,52.37088636791644],[4.9103844165802,52.37093222115366]]}},{"type":"Feature","properties":{"mvt_id":10816425372,"class":"secondary","surface":"paved","bicycle":"use_sidepath","oneway":1},"geometry":{"type":"LineString","coordinates":[[4.912208318710327,52.37117131226228],[4.9125248193740845,52.37112218405793],[4.9126750230789185,52.3710763310179]]}},{"type":"Feature","properties":{"mvt_id":10816425382,"class":"secondary","surface":"paved","bicycle":"use_sidepath","oneway":1},"geometry":{"type":"LineString","coordinates":[[4.911596775054932,52.37138420051633],[4.91188645362854,52.371276118915574]]}},{"type":"Feature","properties":{"mvt_id":10816425392,"class":"secondary","surface":"paved","bicycle":"use_sidepath","oneway":1},"geometry":{"type":"LineString","coordinates":[[4.911044239997864,52.37160363810429],[4.911178350448608,52.37152175853479]]}},{"type":"Feature","properties":{"mvt_id":10816425412,"class":"secondary","surface":"paved","bicycle":"use_sidepath","oneway":1},"geometry":{"type":"LineString","coordinates":[[4.91189181804657,52.371413677270645],[4.911784529685974,52.3714366036215],[4.911677241325378,52.37146935553065],[4.91139829158783,52.37158726220253]]}},{"type":"Feature","properties":{"mvt_id":10816425422,"class":"secondary","surface":"paved","bicycle":"use_sidepath","oneway":1},"geometry":{"type":"LineString","coordinates":[[4.912455081939697,52.371207339577396],[4.912294149398804,52.37126301809751]]}},{"type":"Feature","properties":{"mvt_id":10816425432,"class":"secondary","surface":"paved","bicycle":"use_sidepath","oneway":1},"geometry":{"type":"LineString","coordinates":[[4.910942316055298,52.37176084645224],[4.910786747932434,52.37181324911054]]}},{"type":"Feature","properties":{"mvt_id":10816425482,"class":"secondary","surface":"paved","bicycle":"use_sidepath","oneway":1},"geometry":{"type":"LineString","coordinates":[[4.908581972122192,52.37247482732441],[4.9082547426223755,52.37255998023607]]}},{"type":"Feature","properties":{"mvt_id":10816425492,"class":"secondary","surface":"paved","bicycle":"use_sidepath","oneway":1},"geometry":{"type":"LineString","coordinates":[[4.9082547426223755,52.37255998023607],[4.908120632171631,52.372615657051085],[4.90788996219635,52.37274338594974]]}},{"type":"Feature","properties":{"mvt_id":10816427772,"class":"secondary","surface":"paved","bicycle":"use_sidepath","oneway":1},"geometry":{"type":"LineString","coordinates":[[4.912170767784119,52.371305595742015],[4.91189181804657,52.371413677270645]]}},{"type":"Feature","properties":{"mvt_id":10818291702,"class":"secondary","surface":"paved","bicycle":"use_sidepath","oneway":1},"geometry":{"type":"LineString","coordinates":[[4.911178350448608,52.37152175853479],[4.911596775054932,52.37138420051633]]}},{"type":"Feature","properties":{"mvt_id":70465852,"class":"primary","surface":"paved","bicycle":"use_sidepath","foot":"use_sidepath","oneway":1},"geometry":{"type":"LineString","coordinates":[[4.920308589935303,52.36303166106092],[4.920153021812439,52.36297269634564],[4.919986724853516,52.3628809732988],[4.919702410697937,52.36267787158884],[4.9193912744522095,52.36243545864837],[4.91913914680481,52.362252010133645],[4.9189897094454125,52.362183216744256]]}},{"type":"Feature","properties":{"mvt_id":73705372,"class":"primary","surface":"paved","bicycle":"use_sidepath","oneway":1},"geometry":{"type":"LineString","coordinates":[[4.905604720115662,52.365016760554354],[4.906001687049866,52.364400930650596],[4.906441569328308,52.36364423428101]]}},{"type":"Feature","properties":{"mvt_id":73705502,"class":"primary","surface":"paved","bicycle":"use_sidepath","oneway":1},"geometry":{"type":"LineString","coordinates":[[4.9072569608688354,52.36226511362424],[4.907303673497751,52.362183216744256]]}},{"type":"Feature","properties":{"mvt_id":73705532,"class":"primary","surface":"paved","bicycle":"use_sidepath","oneway":1},"geometry":{"type":"LineString","coordinates":[[4.906629323959351,52.363339586628896],[4.90713357925415,52.36249114822533]]}},{"type":"Feature","properties":{"mvt_id":73705592,"class":"primary","surface":"paved","bicycle":"no","oneway":1},"geometry":{"type":"LineString","coordinates":[[4.906441569328308,52.36364423428101],[4.906479120254517,52.363578718834205]]}},{"type":"Feature","properties":{"mvt_id":73709892,"class":"primary","surface":"paved","bicycle":"use_sidepath","oneway":1},"geometry":{"type":"LineString","coordinates":[[4.904778599739075,52.36660215549055],[4.904311895370483,52.367447239461555],[4.904220700263977,52.36755205495121],[4.904124140739441,52.36762411545607]]}},{"type":"Feature","properties":{"mvt_id":73710102,"class":"primary","surface":"paved","bicycle":"use_sidepath","oneway":1},"geometry":{"type":"LineString","coordinates":[[4.9050575494766235,52.36890480754688],[4.904875159263611,52.36883929990107],[4.904226064682007,52.36856416672782],[4.904102683067322,52.36850848480568],[4.903968572616577,52.36842987491377]]}},{"type":"Feature","properties":{"mvt_id":73710242,"class":"primary","surface":"paved","bicycle":"no","oneway":1},"geometry":{"type":"LineString","coordinates":[[4.909225702285767,52.37036560281063],[4.909708499908447,52.37059814647821],[4.909944534301758,52.37076190888974]]}},{"type":"Feature","properties":{"mvt_id":232890102,"class":"primary","surface":"paved","bicycle":"use_sidepath","oneway":1},"geometry":{"type":"LineString","coordinates":[[4.903990030288696,52.36757170782783],[4.904097318649292,52.367486545299315],[4.904193878173828,52.36737845416132],[4.904623031616211,52.36664146208024]]}},{"type":"Feature","properties":{"mvt_id":383223842,"class":"primary","bicycle":"use_sidepath","oneway":1},"geometry":{"type":"LineString","coordinates":[[4.9072301387786865,52.36231097581073],[4.9072569608688354,52.36226511362424]]}},{"type":"Feature","properties":{"mvt_id":383223862,"class":"primary","bicycle":"use_sidepath","oneway":1},"geometry":{"type":"LineString","coordinates":[[4.907283782958984,52.36252063091415],[4.9072569608688354,52.3625664928354]]}},{"type":"Feature","properties":{"mvt_id":383223902,"class":"primary","surface":"paved","bicycle":"use_sidepath","oneway":1},"geometry":{"type":"LineString","coordinates":[[4.9065810441970825,52.363408378217834],[4.906629323959351,52.363339586628896]]}},{"type":"Feature","properties":{"mvt_id":1275738192,"class":"primary","surface":"paved","bicycle":"use_sidepath","oneway":1},"geometry":{"type":"LineString","coordinates":[[4.907484271309585,52.362183216744256],[4.907417893409729,52.36229787233373]]}},{"type":"Feature","properties":{"mvt_id":1391561252,"class":"primary","bicycle":"use_sidepath","oneway":1},"geometry":{"type":"LineString","coordinates":[[4.907417893409729,52.36229787233373],[4.90739107131958,52.36234373448621]]}},{"type":"Feature","properties":{"mvt_id":1393438402,"class":"primary","surface":"paved","bicycle":"use_sidepath","oneway":1},"geometry":{"type":"LineString","coordinates":[[4.906629323959351,52.36360492502459],[4.9062806367874146,52.364145424234785],[4.905685186386108,52.36513796010956]]}},{"type":"Feature","properties":{"mvt_id":1393438432,"class":"primary","surface":"paved","bicycle":"use_sidepath","oneway":1},"geometry":{"type":"LineString","coordinates":[[4.9072569608688354,52.3625664928354],[4.906790256500244,52.363372344541744],[4.906725883483887,52.36343458450924]]}},{"type":"Feature","properties":{"mvt_id":1397090352,"class":"primary","surface":"paved","bicycle":"use_sidepath","foot":"no","oneway":1},"geometry":{"type":"LineString","coordinates":[[4.903716444969177,52.367905805392695],[4.9036842584609985,52.36794511082245],[4.903673529624939,52.368004068901485]]}},{"type":"Feature","properties":{"mvt_id":1397090402,"class":"primary","surface":"paved","bicycle":"use_sidepath","oneway":1},"geometry":{"type":"LineString","coordinates":[[4.904295802116394,52.36847900611261],[4.9044352769851685,52.368547789699186],[4.905127286911011,52.36884585067002],[4.905320405960083,52.36894083671068]]}},{"type":"Feature","properties":{"mvt_id":1397099752,"class":"primary","surface":"paved","bicycle":"use_sidepath","oneway":1},"geometry":{"type":"LineString","coordinates":[[4.907986521720886,52.369972568476605],[4.908125996589661,52.36999549557547],[4.908463954925537,52.37010030501876]]}},{"type":"Feature","properties":{"mvt_id":1397099782,"class":"primary","surface":"paved","bicycle":"use_sidepath"},"geometry":{"type":"LineString","coordinates":[[4.905502796173096,52.36902927180629],[4.907986521720886,52.369972568476605]]}},{"type":"Feature","properties":{"mvt_id":1863561512,"class":"primary","surface":"paved","bicycle":"use_sidepath","oneway":1},"geometry":{"type":"LineString","coordinates":[[4.908764362335205,52.370195288361934],[4.909225702285767,52.37036560281063]]}},{"type":"Feature","properties":{"mvt_id":3226471322,"class":"primary","surface":"paved","bicycle":"use_sidepath","oneway":1},"geometry":{"type":"LineString","coordinates":[[4.908217191696167,52.37011013089133],[4.908088445663452,52.37004134973752],[4.907986521720886,52.369972568476605]]}},{"type":"Feature","properties":{"mvt_id":4163985232,"class":"primary","surface":"paved","bicycle":"use_sidepath","oneway":1},"geometry":{"type":"LineString","coordinates":[[4.904124140739441,52.36762411545607],[4.903743267059326,52.367843571724066]]}},{"type":"Feature","properties":{"mvt_id":4163985242,"class":"primary","surface":"paved","bicycle":"use_sidepath","oneway":1},"geometry":{"type":"LineString","coordinates":[[4.903968572616577,52.36842987491377],[4.90388810634613,52.36838401907888],[4.903802275657654,52.368321786083975]]}},{"type":"Feature","properties":{"mvt_id":5884751042,"class":"primary","surface":"paved","bicycle":"use_sidepath","oneway":1},"geometry":{"type":"LineString","coordinates":[[4.905577898025513,52.36511830615022],[4.905604720115662,52.365016760554354]]}},{"type":"Feature","properties":{"mvt_id":5994639772,"class":"primary","surface":"paved","bicycle":"use_sidepath","foot":"no","oneway":1},"geometry":{"type":"LineString","coordinates":[[4.9191168393239195,52.362183216744256],[4.919605851173401,52.362507527499325]]}},{"type":"Feature","properties":{"mvt_id":6276171832,"class":"primary","surface":"paved","bicycle":"use_sidepath","oneway":1},"geometry":{"type":"LineString","coordinates":[[4.904778599739075,52.36640234645223],[4.90540623664856,52.365357428728224],[4.905497431755066,52.365255883681975]]}},{"type":"Feature","properties":{"mvt_id":7738366672,"class":"primary","surface":"paved","bicycle":"use_sidepath","oneway":1},"geometry":{"type":"LineString","coordinates":[[4.903475046157837,52.367997518007705],[4.903469681739807,52.36797786532051]]}},{"type":"Feature","properties":{"mvt_id":7738366682,"class":"primary","surface":"paved","bicycle":"no","foot":"no","oneway":1},"geometry":{"type":"LineString","coordinates":[[4.9089038372039795,52.37036887808206],[4.90864098072052,52.37023786703568],[4.9084532260894775,52.37016581079453]]}},{"type":"Feature","properties":{"mvt_id":7738587582,"class":"primary","surface":"paved","bicycle":"use_sidepath","oneway":1},"geometry":{"type":"LineString","coordinates":[[4.903802275657654,52.368321786083975],[4.903512597084045,52.368056476016804],[4.903475046157837,52.367997518007705]]}},{"type":"Feature","properties":{"mvt_id":7738587602,"class":"primary","surface":"paved","bicycle":"use_sidepath","oneway":1},"geometry":{"type":"LineString","coordinates":[[4.9034857749938965,52.367905805392695],[4.903523325920105,52.36785994901379],[4.903920292854309,52.36762083998113],[4.903990030288696,52.36757170782783]]}},{"type":"Feature","properties":{"mvt_id":7738587632,"class":"primary","surface":"paved","bicycle":"use_sidepath","foot":"no","oneway":1},"geometry":{"type":"LineString","coordinates":[[4.903673529624939,52.368004068901485],[4.903689622879028,52.368043374243804],[4.903941750526428,52.36826610385632]]}},{"type":"Feature","properties":{"mvt_id":7738688082,"class":"primary","surface":"paved","bicycle":"use_sidepath","foot":"use_sidepath","oneway":1},"geometry":{"type":"LineString","coordinates":[[4.919605851173401,52.362507527499325],[4.919766783714294,52.3626451131611],[4.920056462287903,52.36282528421316],[4.920276403427124,52.36291373155168]]}},{"type":"Feature","properties":{"mvt_id":7738688092,"class":"primary","surface":"paved","bicycle":"use_sidepath","foot":"use_sidepath","oneway":1},"geometry":{"type":"LineString","coordinates":[[4.920276403427124,52.36291373155168],[4.920775294303894,52.36296942052582],[4.921815991401672,52.36304476432031],[4.921875,52.36304668613135]]}},{"type":"Feature","properties":{"mvt_id":7738688122,"class":"primary","surface":"paved","bicycle":"use_sidepath","foot":"use_sidepath","oneway":1},"geometry":{"type":"LineString","coordinates":[[4.921322464942932,52.363139762834564],[4.920410513877869,52.36306114338907],[4.920308589935303,52.36303166106092]]}},{"type":"Feature","properties":{"mvt_id":7738688132,"class":"primary","surface":"paved","bicycle":"use_sidepath","foot":"no","oneway":1},"geometry":{"type":"LineString","coordinates":[[4.921875,52.363225752692905],[4.921740889549255,52.36318889991696],[4.921547770500183,52.363156141868096],[4.921322464942932,52.363139762834564]]}},{"type":"Feature","properties":{"mvt_id":8600067022,"class":"primary","surface":"paved","bicycle":"use_sidepath","oneway":1},"geometry":{"type":"LineString","coordinates":[[4.908463954925537,52.37010030501876],[4.908764362335205,52.370195288361934]]}},{"type":"Feature","properties":{"mvt_id":9011110722,"class":"primary","surface":"paved","bicycle":"use_sidepath","foot":"no","oneway":1},"geometry":{"type":"LineString","coordinates":[[4.905502796173096,52.36902927180629],[4.9050575494766235,52.36890480754688]]}},{"type":"Feature","properties":{"mvt_id":9011110732,"class":"primary","surface":"paved","bicycle":"use_sidepath","oneway":1},"geometry":{"type":"LineString","coordinates":[[4.903941750526428,52.36826610385632],[4.9040597677230835,52.368351264881966],[4.904295802116394,52.36847900611261]]}},{"type":"Feature","properties":{"mvt_id":9011110742,"class":"primary","surface":"paved","bicycle":"use_sidepath","oneway":1},"geometry":{"type":"LineString","coordinates":[[4.905320405960083,52.36894083671068],[4.905502796173096,52.36902927180629]]}},{"type":"Feature","properties":{"mvt_id":12302890032,"class":"primary","surface":"paved","bicycle":"no","oneway":1},"geometry":{"type":"LineString","coordinates":[[4.9084532260894775,52.37016581079453],[4.908217191696167,52.37011013089133]]}},{"type":"Feature","properties":{"mvt_id":12336829972,"class":"primary","surface":"paved","bicycle":"use_sidepath","oneway":1},"geometry":{"type":"LineString","coordinates":[[4.903469681739807,52.36797786532051],[4.9034857749938965,52.367905805392695]]}},{"type":"Feature","properties":{"mvt_id":15095380522,"class":"primary","surface":"paved","bicycle":"no","foot":"no","oneway":1},"geometry":{"type":"LineString","coordinates":[[4.909569025039673,52.370709504984106],[4.909424185752869,52.370627623757095],[4.9089038372039795,52.37036887808206]]}},{"type":"Feature","properties":{"mvt_id":15096310402,"class":"primary","surface":"paved","bicycle":"use_sidepath","oneway":1},"geometry":{"type":"LineString","coordinates":[[4.904623031616211,52.36664146208024],[4.9047088623046875,52.36648751107088]]}},{"type":"Feature","properties":{"mvt_id":15096310442,"class":"primary","surface":"paved","bicycle":"use_sidepath","foot":"no","oneway":1},"geometry":{"type":"LineString","coordinates":[[4.903743267059326,52.367843571724066],[4.903716444969177,52.367905805392695]]}},{"type":"Feature","properties":{"mvt_id":15096310462,"class":"primary","surface":"paved","bicycle":"use_sidepath","oneway":1},"geometry":{"type":"LineString","coordinates":[[4.904832243919373,52.36651043997861],[4.904778599739075,52.36660215549055]]}},{"type":"Feature","properties":{"mvt_id":70459942,"subclass":"tram","class":"transit"},"geometry":{"type":"MultiLineString","coordinates":[[[4.90440309047699,52.36808595499185],[4.904553294181824,52.368108883069944],[4.904628396034241,52.368112158508694],[4.904767870903015,52.368105607630945],[4.904880523681641,52.36807940411019],[4.907010197639465,52.367352250209244]],[[4.903437495231628,52.367260536254584],[4.903528690338135,52.36730639325572]],[[4.903818368911743,52.368036823355844],[4.903351664543152,52.36797786532051],[4.9031853675842285,52.36794838627334],[4.903045892715454,52.36789925448434],[4.902938604354858,52.36785012264068],[4.902842044830322,52.36777806250449],[4.901570677757263,52.36662180878976],[4.9015116691589355,52.366575951078],[4.901415109634399,52.36652681776256],[4.901318550109863,52.366484235511656],[4.901205897331238,52.366451479906104]],[[4.901221990585327,52.36642855096776],[4.90139901638031,52.366484235511656],[4.9015384912490845,52.366556297758386],[4.901608228683472,52.36660870659126],[4.902788400650024,52.367679798492965],[4.9029600620269775,52.3678239189684],[4.903078079223633,52.36788615266471],[4.903222918510437,52.3679287335643],[4.903362393379211,52.36795493717441],[4.903823733329773,52.3680106197943]],[[4.89990234375,52.3661741352937],[4.900347590446472,52.36621891440831],[4.900556802749634,52.366264772490695]],[[4.900540709495544,52.36628770151404],[4.900449514389038,52.366264772490695],[4.900299310684204,52.36623856787802],[4.89990234375,52.366200438666645]],[[4.910663366317749,52.3630382126911],[4.910765290260315,52.362844939192584],[4.910942316055298,52.36258942377818],[4.911164045333862,52.362183216744256]],[[4.910674095153809,52.36310372893941],[4.910663366317749,52.363156141868096],[4.910668730735779,52.363218382140175],[4.910947680473328,52.36411594263018],[4.910953044891357,52.36420111165646],[4.910942316055298,52.364269901903995]],[[4.910738468170166,52.365278813228954],[4.911580681800842,52.36619926092986]],[[4.911580681800842,52.36619926092986],[4.911687266081572,52.36631411082082]],[[4.911687266081572,52.36631411082082],[4.911772396666862,52.36640584306793]],[[4.911772396666862,52.36640584306793],[4.9117933998168155,52.36642847492979]],[[4.9117933998168155,52.36642847492979],[4.911854267120361,52.36649406218859],[4.911907911300659,52.36656284886589]],[[4.911907911300659,52.36656284886589],[4.912068843841553,52.36675610610039],[4.91313099861145,52.36789925448434],[4.913168549537659,52.367971314422846],[4.913163185119629,52.368004068901485],[4.91313099861145,52.368056476016804],[4.913034439086914,52.368118709385485],[4.9112266302108765,52.36874431364209],[4.911156892776489,52.368763965988286],[4.911054968833923,52.36877379215811],[4.910985231399536,52.36877379215811],[4.910824298858643,52.36875086442512]],[[4.910824298858643,52.36875086442512],[4.910615086555481,52.36871155971232],[4.910545349121094,52.36867225496454],[4.90963876247406,52.367722379591456]],[[4.90963876247406,52.367722379591456],[4.909413456916809,52.36748982078423]],[[4.909413456916809,52.36748982078423],[4.909338355064392,52.367430862018836],[4.909300804138184,52.36741120907955],[4.909209609031677,52.36738172965423],[4.909080862998962,52.367365352187214],[4.909005761146545,52.36737190317475]],[[4.909005761146545,52.36737190317475],[4.908742904663086,52.36740793358882],[4.9086034297943115,52.367414484570034],[4.908442497253418,52.36741120907955],[4.908281564712524,52.36739483162347],[4.907670021057129,52.36726381175624],[4.907525181770325,52.367253985250535],[4.90739643573761,52.36727036275883],[4.907187223434448,52.36732932173843]],[[4.910572171211243,52.36516416537508],[4.910556077957153,52.36507244687777],[4.910556077957153,52.36502986322501],[4.910572171211243,52.364967625504825],[4.91087794303894,52.36434196776272]],[[4.90714967250824,52.36730639325572],[4.907262325286865,52.36726708725765],[4.907374978065491,52.367240883239525],[4.907492995262146,52.36722778122462],[4.9076056480407715,52.36722778122462],[4.907702207565308,52.367240883239525],[4.908270835876465,52.367365352187214],[4.908410310745239,52.36738172965423],[4.9086785316467285,52.36738172965423],[4.90889847278595,52.36736207669309],[4.909037947654724,52.36733587273131],[4.909198880195618,52.36729329126025],[4.909531474113464,52.367178648634166]],[[4.909531474113464,52.367178648634166],[4.9114251136779785,52.36653009331863]],[[4.9114251136779785,52.36653009331863],[4.911489486694336,52.366503888863335]],[[4.911489486694336,52.366503888863335],[4.911543130874634,52.3664809599522],[4.911586046218872,52.366448204344216],[4.911612868309021,52.366418724276265],[4.91162896156311,52.3663826930554],[4.911623597145081,52.36631718166942],[4.911569952964783,52.36623201672242]],[[4.907047748565674,52.36737845416132],[4.904960989952087,52.368099056752214],[4.904826879501343,52.36812853569884],[4.904751777648926,52.36813836201001],[4.904596209526062,52.3681350865732],[4.904365539550781,52.368105607630945]],[[4.909413456916809,52.36748982078423],[4.909365177154541,52.36739810711517],[4.909365177154541,52.36735880119872],[4.90938127040863,52.36730639325572],[4.9094274326896254,52.36724375641708]],[[4.9094274326896254,52.36724375641708],[4.909429550170898,52.367240883239525],[4.909467101097107,52.36721140370055],[4.909531474113464,52.367178648634166]],[[4.910416603088379,52.368541238886024],[4.910239577293396,52.36840039616824],[4.909944534301758,52.36809578131248],[4.909831881523132,52.36797786532051],[4.909767508506775,52.367863224471]],[[4.910824298858643,52.36875086442512],[4.910620450973511,52.36868863194702],[4.9105775356292725,52.368652602577534],[4.909799695014954,52.367846847182506],[4.90963876247406,52.367722379591456]],[[4.911489486694336,52.366503888863335],[4.911772396666862,52.36640584306793]],[[4.911772396666862,52.36640584306793],[4.911896944298036,52.366362679545034]],[[4.911896944298036,52.366362679545034],[4.912084937095642,52.36629752823468]],[[4.912084937095642,52.36629752823468],[4.913157820701599,52.36592738691424],[4.913495779037476,52.36580291391498],[4.914203882217407,52.36556379374822],[4.915689826011658,52.36504951722368],[4.916049242019653,52.36493159310044],[4.918232560157776,52.36417490581971],[4.918323755264282,52.36413232130184],[4.918420314788818,52.364076633793445],[4.918538331985474,52.36397181005782]],[[4.9114251136779785,52.36653009331863],[4.911586046218872,52.366490786629846],[4.911616415055306,52.36648946209645]],[[4.911616415055306,52.36648946209645],[4.911661148071289,52.36648751107088],[4.911730885505676,52.36649406218859],[4.911838173866272,52.36652681776256],[4.911940097808838,52.36660215549055]],[[4.911580681800842,52.36619926092986],[4.911687970161438,52.36627787479121],[4.911752343177795,52.36630735495314],[4.911822080612183,52.366327008383514],[4.911918640136719,52.36633028395438],[4.912084937095642,52.36629752823468]],[[4.912068843841553,52.366333559525025],[4.912004470825195,52.36634993737456],[4.911902546882629,52.3663630396498],[4.911896944298036,52.366362679545034]],[[4.911896944298036,52.366362679545034],[4.9118006229400635,52.36635648851266],[4.911698698997498,52.36632045724103],[4.911687266081572,52.36631411082082]],[[4.911687266081572,52.36631411082082],[4.91163969039917,52.36628770151404],[4.911569952964783,52.36623201672242]],[[4.911569952964783,52.36623201672242],[4.910690188407898,52.36529519146949]],[[4.912020564079285,52.36634993737456],[4.912019414942904,52.366350592270834]],[[4.912019414942904,52.366350592270834],[4.911940097808838,52.366395795320926],[4.911902546882629,52.36643510209422],[4.91188645362854,52.366484235511656],[4.91189181804657,52.36652681776256],[4.911907911300659,52.36656284886589]],[[4.910920858383179,52.36434851919859],[4.910620450973511,52.364967625504825],[4.910609722137451,52.36500038221058],[4.910609722137451,52.36504951722368],[4.91063117980957,52.365141235768604]],[[4.910904765129089,52.364260074732336],[4.910904765129089,52.36411594263018],[4.910615086555481,52.36319217572052],[4.910615086555481,52.36314959025542],[4.9106365442276,52.36309717731895]],[[4.914300441741943,52.36246821723155],[4.914413094520569,52.362474768945276],[4.914461374282837,52.36247149308854],[4.914531111717224,52.362458389659146],[4.914665222167969,52.36240597590272],[4.914702773094177,52.362379769001194],[4.914729595184326,52.362347010352416]],[[4.9147725105285645,52.362353562084124],[4.914761781692505,52.36241580348678],[4.914788603782654,52.36249114822533],[4.914842247962952,52.36255338943419],[4.914938807487488,52.36260252716871]],[[4.914922714233398,52.362625458092786],[4.914788603782654,52.36257304453456],[4.914786093472145,52.36257039670709]],[[4.914786093472145,52.36257039670709],[4.914729595184326,52.362510803353395],[4.914708137512207,52.36246821723155],[4.914711332053287,52.362423349008644]],[[4.914711332053287,52.362423349008644],[4.914713501930237,52.3623928724539],[4.914729595184326,52.362347010352416]],[[4.914729595184326,52.362347010352416],[4.914819002151489,52.362183216744256]],[[4.918613433837891,52.36389319209288],[4.918828010559082,52.363660613127536],[4.918901479762525,52.36360293107586]],[[4.918901479762525,52.36360293107586],[4.918903112411499,52.36360164925163],[4.918937561230166,52.363584820356756]],[[4.918937561230166,52.363584820356756],[4.919010400772095,52.36354923685144],[4.9190686430249855,52.363536133741675]],[[4.9190686430249855,52.363536133741675],[4.919214248657227,52.363503375950266]],[[4.919214248657227,52.363503375950266],[4.919680953025818,52.363421481365485],[4.919847249984741,52.36336579296112],[4.919900894165039,52.36333303504341]],[[4.918575882911682,52.363984913038365],[4.918452501296997,52.364089736742905],[4.918345212936401,52.36415525143194],[4.918232560157776,52.364204387384966],[4.912068843841553,52.366333559525025]],[[4.912068843841553,52.366333559525025],[4.912019414942904,52.366350592270834]],[[4.912019414942904,52.366350592270834],[4.9117933998168155,52.36642847492979]],[[4.9117933998168155,52.36642847492979],[4.911616415055306,52.36648946209645]],[[4.911616415055306,52.36648946209645],[4.9094274326896254,52.36724375641708]],[[4.9094274326896254,52.36724375641708],[4.90915060043335,52.36733914822738],[4.909005761146545,52.36737190317475]],[[4.918731451034546,52.36343458450924],[4.918801188468933,52.36347061813457],[4.918849903183997,52.36350674026509]],[[4.918849903183997,52.36350674026509],[4.91887629032135,52.363526306406804],[4.918935298919678,52.36358199460886],[4.918937561230166,52.363584820356756]],[[4.918937561230166,52.363584820356756],[4.918960411254687,52.36361336126064]],[[4.918960411254687,52.36361336126064],[4.919053316116333,52.36372940421663],[4.919192790985107,52.363821125502135],[4.920174479484558,52.36422404175088],[4.9206143617630005,52.36443696348778],[4.920936226844788,52.36462695432516],[4.921875,52.36520739306466]],[[4.919230341911316,52.36352958218535],[4.919176697731018,52.363536133741675],[4.9190686430249855,52.363536133741675]],[[4.9190686430249855,52.363536133741675],[4.919058680534363,52.363536133741675],[4.918946027755737,52.363526306406804],[4.918849903183997,52.36350674026509]],[[4.918849903183997,52.36350674026509],[4.918833374977112,52.363503375950266],[4.918699264526367,52.36345423921761]],[[4.918699264526367,52.36345423921761],[4.918543696403503,52.3633919992778],[4.91838276386261,52.36334286242127],[4.914922714233398,52.362625458092786]],[[4.914922714233398,52.362625458092786],[4.914327263832092,52.36250097579046]],[[4.914327263832092,52.36250097579046],[4.912795305992518,52.362183216744256]],[[4.919938445091248,52.363346138213416],[4.919863343238831,52.3633919992778],[4.919756054878235,52.363431308723676],[4.919230341911316,52.36352958218535]],[[4.919230341911316,52.36352958218535],[4.919080138206482,52.36356233995731],[4.918994307518005,52.363595097705016],[4.918960411254687,52.36361336126064]],[[4.918960411254687,52.36361336126064],[4.91892544590695,52.363632200838886]],[[4.91892544590695,52.363632200838886],[4.918903112411499,52.36364423428101],[4.918844103813171,52.36369664656851],[4.918645620346069,52.363906295096754]],[[4.920077919960022,52.363172520895574],[4.920185208320618,52.363077522451746],[4.920244216918945,52.36304476432031],[4.920303225517273,52.363018557797666],[4.920437335968018,52.36298907544112],[4.920544624328613,52.36298907544112],[4.9213385581970215,52.36306441920208],[4.921875,52.36308439366647]],[[4.921875,52.365243489688666],[4.920904040336609,52.36464333280737],[4.920587539672852,52.364456617750236],[4.920153021812439,52.36424369610805],[4.919235706329346,52.3638735375798],[4.91912305355072,52.36381784974522],[4.9190157651901245,52.36374250726908],[4.91892544590695,52.363632200838886]],[[4.91892544590695,52.363632200838886],[4.918901479762525,52.36360293107586]],[[4.918901479762525,52.36360293107586],[4.91887092590332,52.36356561573319],[4.918779730796814,52.363500100169794],[4.918699264526367,52.36345423921761]],[[4.921875,52.363175235133816],[4.921810626983643,52.363156141868096],[4.92162823677063,52.36312338379496],[4.921402931213379,52.36309717731895],[4.920544624328613,52.36301528198125],[4.920426607131958,52.363018557797666],[4.9203139543533325,52.36304476432031],[4.9202656745910645,52.36306441920208],[4.920174479484558,52.36312665960337],[4.920110106468201,52.36318562411318]],[[4.9148712158203125,52.362183216744256],[4.9147725105285645,52.362353562084124]],[[4.9147725105285645,52.362353562084124],[4.914713501930237,52.36242235520829],[4.914711332053287,52.362423349008644]],[[4.914711332053287,52.362423349008644],[4.914584755897522,52.36248132065803],[4.914477467536926,52.362504251645014],[4.914472912487241,52.36250450451798]],[[4.914472912487241,52.36250450451798],[4.914418458938599,52.362507527499325],[4.914327263832092,52.36250097579046]],[[4.912928145452867,52.362183216744256],[4.914300441741943,52.36246821723155]],[[4.914300441741943,52.36246821723155],[4.914472912487241,52.36250450451798]],[[4.914472912487241,52.36250450451798],[4.914786093472145,52.36257039670709]],[[4.914786093472145,52.36257039670709],[4.914938807487488,52.36260252716871]],[[4.914938807487488,52.36260252716871],[4.918355941772461,52.363310104486565],[4.918473958969116,52.363339586628896],[4.918731451034546,52.36343458450924]],[[4.918731451034546,52.36343458450924],[4.918844103813171,52.36347716969966],[4.9189674854278564,52.363503375950266],[4.919074773788452,52.36350992751049],[4.919214248657227,52.363503375950266]],[[4.911205600375752,52.362183216744256],[4.910985231399536,52.36258942377818],[4.910797476768494,52.3628711458182],[4.910706281661987,52.36304476432031]]]}},{"type":"Feature","properties":{"mvt_id":5131721842,"subclass":"rail","class":"rail"},"geometry":{"type":"MultiLineString","coordinates":[[[4.921596050262451,52.3755991766591],[4.921875,52.37555660315357]],[[4.921847462654114,52.3755991766591],[4.921875,52.37559504278961]]]}},{"type":"Feature","properties":{"mvt_id":73710162,"class":"trunk","surface":"paved","horse":"no","bicycle":"no","foot":"no","oneway":1},"geometry":{"type":"LineString","coordinates":[[4.91212785243988,52.37348682630987],[4.912047386169434,52.37317242134103],[4.911977648735046,52.37299556756249],[4.911859631538391,52.37275648632872],[4.911709427833557,52.372523954024246],[4.911553859710693,52.37230452100858],[4.91113543510437,52.37182962492851]]}},{"type":"Feature","properties":{"mvt_id":73710252,"class":"trunk","surface":"paved","oneway":1},"geometry":{"type":"LineString","coordinates":[[4.912353157997131,52.37348355126965],[4.91239070892334,52.373673503201154]]}},{"type":"Feature","properties":{"mvt_id":73710272,"class":"trunk","surface":"paved","oneway":1},"geometry":{"type":"LineString","coordinates":[[4.912165403366089,52.37364730298331],[4.91212785243988,52.37348682630987]]}},{"type":"Feature","properties":{"mvt_id":73710282,"class":"trunk","surface":"paved","horse":"no","bicycle":"no","foot":"no","oneway":1},"geometry":{"type":"LineString","coordinates":[[4.911264181137085,52.37178049745638],[4.91163969039917,52.37218661625139],[4.911838173866272,52.37244207616083],[4.911966919898987,52.37264513298356],[4.912068843841553,52.37282853834363],[4.912267327308655,52.37325757290776],[4.912353157997131,52.37348355126965]]}},{"type":"Feature","properties":{"mvt_id":1393436882,"class":"trunk","surface":"paved","oneway":1},"geometry":{"type":"LineString","coordinates":[[4.910754561424255,52.371479181098664],[4.9101322889328,52.37103702837428],[4.909767508506775,52.37081758797135],[4.909569025039673,52.370709504984106]]}},{"type":"Feature","properties":{"mvt_id":3719252412,"class":"trunk","surface":"paved","bicycle":"no","oneway":1},"geometry":{"type":"LineString","coordinates":[[4.909944534301758,52.37076190888974],[4.910872578620911,52.37143005323675]]}},{"type":"Feature","properties":{"mvt_id":43648022,"subclass":"cycleway","class":"path","layer":1,"surface":"paved","foot":"yes"},"geometry":{"type":"LineString","coordinates":[[4.91912841796875,52.369517299334724],[4.91912305355072,52.36951074866534]]}},{"type":"Feature","properties":{"mvt_id":1035410012,"subclass":"steps","class":"path","layer":1,"surface":"paved"},"geometry":{"type":"MultiLineString","coordinates":[[[4.9125248193740845,52.37362110274993],[4.912508726119995,52.37342132545926],[4.912476539611816,52.37321827220505],[4.912401437759399,52.372851463960096]],[[4.912578463554382,52.37422370418553],[4.912562370300293,52.37399445460836],[4.9125248193740845,52.37368332827884]]]}},{"type":"Feature","properties":{"mvt_id":6096935462,"subclass":"footway","class":"path","layer":1,"surface":"paved"},"geometry":{"type":"MultiLineString","coordinates":[[[4.9073772511239895,52.3755991766591],[4.909300804138184,52.37503589311135]],[[4.9174439907073975,52.37036560281063],[4.917304515838623,52.37021166477977]]]}},{"type":"Feature","properties":{"mvt_id":9495969472,"subclass":"footway","class":"path","layer":1,"access":"no"},"geometry":{"type":"MultiLineString","coordinates":[[[4.914289712905884,52.366893678531845],[4.914649128913879,52.36683799450406]],[[4.915410876274109,52.36556379374822],[4.915818572044373,52.36566533808673]],[[4.915212392807007,52.36566533808673],[4.915802478790283,52.365681716184]]]}},{"type":"Feature","properties":{"mvt_id":73709922,"class":"primary","layer":1,"surface":"paved","bicycle":"use_sidepath","oneway":1},"geometry":{"type":"LineString","coordinates":[[4.905599355697632,52.36527553758011],[4.905545711517334,52.36537708258118],[4.9049824476242065,52.36624511903264],[4.904880523681641,52.36642199984035]]}},{"type":"Feature","properties":{"mvt_id":232892892,"subclass":"footway","class":"path","layer":1,"brunnel":"bridge","surface":"paved","bicycle":"no"},"geometry":{"type":"LineString","coordinates":[[4.906200170516968,52.36658577773452],[4.90639865398407,52.366687319723994]]}},{"type":"Feature","properties":{"mvt_id":232903482,"subclass":"cycleway","class":"path","layer":1,"brunnel":"bridge","surface":"paved","oneway":1},"geometry":{"type":"LineString","coordinates":[[4.9072569608688354,52.36737845416132],[4.907117486000061,52.36742431104004]]}},{"type":"Feature","properties":{"mvt_id":232925142,"subclass":"cycleway","class":"path","layer":1,"brunnel":"bridge","surface":"paved"},"geometry":{"type":"MultiLineString","coordinates":[[[4.903330206871033,52.37511776616628],[4.903416037559509,52.37505881758204]],[[4.9076539278030396,52.37273028556688],[4.9077558517456055,52.37267460889637]],[[4.904971718788147,52.36643837765708],[4.904928803443909,52.36652681776256]],[[4.9058085680007935,52.36516088971774],[4.905712008476257,52.36529846711688]],[[4.920753836631775,52.36919304003437],[4.920571446418762,52.36925854715559]],[[4.917551279067993,52.37032957480894],[4.9172937870025635,52.37041473185649]]]}},{"type":"Feature","properties":{"mvt_id":232940122,"subclass":"cycleway","class":"path","layer":1,"brunnel":"bridge","surface":"paved","oneway":1},"geometry":{"type":"LineString","coordinates":[[4.914729595184326,52.37112218405793],[4.914214611053467,52.37091584500297],[4.914075136184692,52.37086999174875],[4.913957118988037,52.37084378986782]]}},{"type":"Feature","properties":{"mvt_id":232940142,"subclass":"cycleway","class":"path","layer":1,"brunnel":"bridge","surface":"paved","oneway":1},"geometry":{"type":"LineString","coordinates":[[4.913045167922974,52.37107960623663],[4.9127984046936035,52.371151660987096]]}},{"type":"Feature","properties":{"mvt_id":265258922,"subclass":"footway","class":"path","layer":1,"brunnel":"bridge","access":"no"},"geometry":{"type":"MultiLineString","coordinates":[[[4.907444715499878,52.36643510209422],[4.9072301387786865,52.36628442594001]],[[4.9140965938568115,52.3663826930554],[4.914203882217407,52.366343386235464]],[[4.914649128913879,52.36683799450406],[4.914783239364624,52.36679541255309]],[[4.915491342544556,52.366484235511656],[4.915587902069092,52.36645475546775]],[[4.915668368339539,52.366743003941714],[4.915732741355896,52.36676593271684]],[[4.9151211977005005,52.3667921370167],[4.9151962995529175,52.36677903486872]],[[4.9143970012664795,52.36600927685406],[4.914402365684509,52.36592083571249],[4.914418458938599,52.365891355292625],[4.914498925209045,52.365819291961245],[4.914557933807373,52.365789811473604]],[[4.9177175760269165,52.364941420122726],[4.917690753936768,52.36491521472509]],[[4.917460083961487,52.364993830871384],[4.917502999305725,52.36501020921757]],[[4.9202388525009155,52.36542621717533],[4.9203139543533325,52.36540001206525]],[[4.919101595878601,52.36640889758258],[4.919058680534363,52.36640234645223]]]}},{"type":"Feature","properties":{"mvt_id":266138422,"class":"track","layer":1,"brunnel":"bridge","access":"no"},"geometry":{"type":"MultiLineString","coordinates":[[[4.91438090801239,52.3665497466499],[4.913919568061829,52.366664390908056]],[[4.91462767124176,52.36708693431908],[4.9147725105285645,52.36706073019409]],[[4.918431043624878,52.365216575859485],[4.91862416267395,52.36525260803144]]]}},{"type":"Feature","properties":{"mvt_id":273117682,"subclass":"cycleway","class":"path","layer":1,"brunnel":"bridge","surface":"paved","foot":"yes"},"geometry":{"type":"MultiLineString","coordinates":[[[4.901785254478455,52.36347389391723],[4.902927875518799,52.36368681926934]],[[4.9136728048324585,52.36847573070106],[4.913941025733948,52.368754139816275]],[[4.91912305355072,52.36951074866534],[4.918677806854248,52.3690390979171]],[[4.921697974205017,52.372651683188096],[4.921499490737915,52.37276958670381]]]}},{"type":"Feature","properties":{"mvt_id":301334292,"subclass":"footway","class":"path","layer":1,"brunnel":"bridge","surface":"paved","bicycle":"yes","foot":"yes"},"geometry":{"type":"LineString","coordinates":[[4.919595122337341,52.37163311471215],[4.919402003288269,52.37175757128403]]}},{"type":"Feature","properties":{"mvt_id":319870042,"subclass":"cycleway","class":"path","layer":1,"brunnel":"bridge","surface":"paved","oneway":1},"geometry":{"type":"LineString","coordinates":[[4.904623031616211,52.36646785771191],[4.904671311378479,52.3663826930554]]}},{"type":"Feature","properties":{"mvt_id":319872562,"subclass":"cycleway","class":"path","layer":1,"brunnel":"bridge","surface":"paved","oneway":1},"geometry":{"type":"LineString","coordinates":[[4.905422329902649,52.365242781078365],[4.905502796173096,52.365105203505806]]}},{"type":"Feature","properties":{"mvt_id":383162402,"subclass":"pedestrian","class":"path","layer":1,"brunnel":"bridge","surface":"paved"},"geometry":{"type":"LineString","coordinates":[[4.900755286216736,52.37515706517872],[4.90065336227417,52.375166889926376]]}},{"type":"Feature","properties":{"mvt_id":383162782,"subclass":"path","class":"path","layer":1,"brunnel":"bridge","bicycle":"yes","foot":"yes"},"geometry":{"type":"LineString","coordinates":[[4.901999831199646,52.373057793972734],[4.901914000511169,52.37299884263891]]}},{"type":"Feature","properties":{"mvt_id":383223822,"subclass":"footway","class":"path","layer":1,"brunnel":"bridge"},"geometry":{"type":"MultiLineString","coordinates":[[[4.906983375549316,52.36246166551686],[4.9070799350738525,52.36228149298202]],[[4.907299876213074,52.367404658097854],[4.907160401344299,52.36745051494937]],[[4.90689754486084,52.36727691376045],[4.907037019729614,52.36723105672872]]]}},{"type":"Feature","properties":{"mvt_id":383223882,"subclass":"cycleway","class":"path","layer":1,"brunnel":"bridge","oneway":1},"geometry":{"type":"LineString","coordinates":[[4.907042384147644,52.362474768945276],[4.90713357925415,52.36229459646387]]}},{"type":"Feature","properties":{"mvt_id":383223922,"subclass":"cycleway","class":"path","layer":1,"brunnel":"bridge","surface":"paved","oneway":1},"geometry":{"type":"LineString","coordinates":[[4.90639328956604,52.36356233995731],[4.906495213508606,52.3633919992778]]}},{"type":"Feature","properties":{"mvt_id":383433452,"subclass":"cycleway","class":"path","layer":1,"brunnel":"bridge","surface":"paved","oneway":1},"geometry":{"type":"LineString","coordinates":[[4.901221990585327,52.36960900860402],[4.9010127782821655,52.369641761868344]]}},{"type":"Feature","properties":{"mvt_id":383495012,"subclass":"footway","class":"path","layer":1,"brunnel":"bridge","surface":"paved","foot":"yes"},"geometry":{"type":"LineString","coordinates":[[4.915089011192322,52.37139730129845],[4.915035367012024,52.37145297957912]]}},{"type":"Feature","properties":{"mvt_id":385720132,"subclass":"footway","class":"path","layer":1,"brunnel":"bridge","surface":"paved","bicycle":"dismount","foot":"yes"},"geometry":{"type":"MultiLineString","coordinates":[[[4.913865923881531,52.363598373478446],[4.913785457611084,52.36376543760151]],[[4.913978576660156,52.36391284659723],[4.914252161979675,52.36421421456901]]]}},{"type":"Feature","properties":{"mvt_id":394359572,"class":"service","layer":1,"brunnel":"bridge","access":"no"},"geometry":{"type":"MultiLineString","coordinates":[[[4.9107277393341064,52.37558935200762],[4.91069957613945,52.3755991766591]],[[4.921322464942932,52.36579636269478],[4.9216228723526,52.36579308708432]]]}},{"type":"Feature","properties":{"mvt_id":519736672,"subclass":"footway","class":"path","layer":1,"brunnel":"bridge","surface":"paved"},"geometry":{"type":"MultiLineString","coordinates":[[[4.9037110805511475,52.37537975892205],[4.903732538223267,52.37530443616395]],[[4.903753995895386,52.37541250790724],[4.903823733329773,52.375369934221766]],[[4.907970428466797,52.37554677849262],[4.907997250556946,52.37545508155168]],[[4.908764362335205,52.37531753578329],[4.908775091171265,52.3752225634551]],[[4.907948970794678,52.37276958670381],[4.907847046852112,52.37282526325459]],[[4.910684823989868,52.365101927844094],[4.910722374916077,52.36517726800201],[4.910802841186523,52.365268986281706]],[[4.911012053489685,52.36428300479614],[4.910990595817566,52.36435834635058]],[[4.911795258522034,52.363378896121404],[4.9118757247924805,52.36320855473462]],[[4.920426607131958,52.36913735890495],[4.920641183853149,52.36906530086856]],[[4.917181134223938,52.3702509681578],[4.917406439781189,52.370175636652526]],[[4.915255308151245,52.37185582622464],[4.91538405418396,52.37189840329769]]]}},{"type":"Feature","properties":{"mvt_id":1139649242,"subclass":"cycleway","class":"path","layer":1,"brunnel":"bridge","surface":"paved","oneway":1},"geometry":{"type":"LineString","coordinates":[[4.912616014480591,52.37103702837428],[4.912852048873901,52.370958422982135]]}},{"type":"Feature","properties":{"mvt_id":1139649322,"subclass":"cycleway","class":"path","layer":1,"brunnel":"bridge","surface":"paved","oneway":1},"geometry":{"type":"LineString","coordinates":[[4.9141716957092285,52.37072260596634],[4.914305806159973,52.370755358404935],[4.914456009864807,52.370814312733195],[4.914901256561279,52.37100755136863]]}},{"type":"Feature","properties":{"mvt_id":1170641482,"subclass":"pedestrian","class":"path","layer":1,"brunnel":"bridge","surface":"paved","bicycle":"yes","foot":"yes"},"geometry":{"type":"LineString","coordinates":[[4.909821152687073,52.37522583836637],[4.910722374916077,52.374701849474334],[4.910802841186523,52.37467564986653],[4.911940097808838,52.374462777477014]]}},{"type":"Feature","properties":{"mvt_id":1639697052,"subclass":"cycleway","class":"path","layer":1,"brunnel":"bridge","surface":"paved","oneway":1},"geometry":{"type":"LineString","coordinates":[[4.906940460205078,52.36730639325572],[4.9070799350738525,52.367260536254584]]}},{"type":"Feature","properties":{"mvt_id":2187313952,"subclass":"cycleway","class":"path","layer":1,"brunnel":"bridge","oneway":1},"geometry":{"type":"LineString","coordinates":[[4.906817078590393,52.363450963433486],[4.906715154647827,52.363618028113954]]}},{"type":"Feature","properties":{"mvt_id":2187314002,"subclass":"cycleway","class":"path","layer":1,"brunnel":"bridge","oneway":1},"geometry":{"type":"LineString","coordinates":[[4.907503724098206,52.36236338967985],[4.9073803424835205,52.3625370101772]]}},{"type":"Feature","properties":{"mvt_id":2214913162,"subclass":"cycleway","class":"path","layer":1,"brunnel":"bridge","surface":"paved","oneway":1},"geometry":{"type":"LineString","coordinates":[[4.919820427894592,52.36330027710142],[4.920002818107605,52.36314303864176]]}},{"type":"Feature","properties":{"mvt_id":2214913172,"subclass":"cycleway","class":"path","layer":1,"brunnel":"bridge","surface":"paved","oneway":1},"geometry":{"type":"LineString","coordinates":[[4.920158386230469,52.36320200312971],[4.919981360435486,52.36336579296112]]}},{"type":"Feature","properties":{"mvt_id":3621022282,"subclass":"steps","class":"path","layer":1,"brunnel":"bridge","surface":"paved"},"geometry":{"type":"LineString","coordinates":[[4.9125248193740845,52.37368332827884],[4.9125248193740845,52.37362110274993]]}},{"type":"Feature","properties":{"mvt_id":4521255032,"subclass":"steps","class":"path","layer":1,"brunnel":"bridge","access":"no"},"geometry":{"type":"LineString","coordinates":[[4.906951189041138,52.36702469949684],[4.906919002532959,52.36704435260807]]}},{"type":"Feature","properties":{"mvt_id":5607456112,"subclass":"cycleway","class":"path","layer":1,"brunnel":"bridge","foot":"yes"},"geometry":{"type":"LineString","coordinates":[[4.90264356136322,52.36453851041631],[4.902557730674744,52.364715398056966]]}},{"type":"Feature","properties":{"mvt_id":7738601922,"class":"busway","layer":1,"brunnel":"bridge"},"geometry":{"type":"LineString","coordinates":[[4.900546073913574,52.36627787479121],[4.901216626167297,52.36643837765708]]}},{"type":"Feature","properties":{"mvt_id":11359390112,"subclass":"cycleway","class":"path","layer":1,"brunnel":"bridge","surface":"paved","oneway":1},"geometry":{"type":"LineString","coordinates":[[4.918473958969116,52.363948879832506],[4.918543696403503,52.36386698607349]]}},{"type":"Feature","properties":{"mvt_id":70460762,"class":"minor","layer":1,"brunnel":"bridge","surface":"paved"},"geometry":{"type":"MultiLineString","coordinates":[[[4.901484847068787,52.37409270457285],[4.901179075241089,52.374204054268404]],[[4.9002134799957275,52.37449225217676],[4.900116920471191,52.374521726856834]],[[4.9031102657318115,52.37354577699236],[4.903855919837952,52.373755378781745]],[[4.902702569961548,52.37251085357631],[4.902820587158203,52.37244862639549]],[[4.90290105342865,52.372435525925205],[4.902997612953186,52.37250757846372]],[[4.907310605049133,52.37147590590957],[4.907492995262146,52.3715610607471]],[[4.9029117822647095,52.36954677733491],[4.902992248535156,52.369612283931545]],[[4.904537200927734,52.37163311471215],[4.9044084548950195,52.37157743665856]],[[4.901340007781982,52.3705326413436],[4.901259541511536,52.370506439262556]],[[4.900562167167664,52.36554086434916],[4.900454878807068,52.365747228512305]],[[4.901248812675476,52.364220766023834],[4.901120066642761,52.3644828234199]],[[4.902080297470093,52.36258287208146],[4.901994466781616,52.362759767551964]],[[4.908072352409363,52.36585204803553],[4.90813136100769,52.36588152848163],[4.908174276351929,52.36591428450977]],[[4.918570518493652,52.36745379043694],[4.918897747993469,52.36732932173843]],[[4.911720156669617,52.37029354677787],[4.911618232727051,52.370352501722515]]]}},{"type":"Feature","properties":{"mvt_id":70461202,"class":"minor","layer":1,"brunnel":"bridge","surface":"paved","oneway":1},"geometry":{"type":"LineString","coordinates":[[4.919434189796448,52.36789925448434],[4.9190908670425415,52.3680204461317]]}},{"type":"Feature","properties":{"mvt_id":73703562,"class":"minor","layer":1,"brunnel":"bridge","oneway":1},"geometry":{"type":"LineString","coordinates":[[4.904472827911377,52.36294976560178],[4.9046337604522705,52.36297924798456]]}},{"type":"Feature","properties":{"mvt_id":383142372,"class":"minor","layer":1,"brunnel":"bridge","surface":"paved","oneway":1},"geometry":{"type":"LineString","coordinates":[[4.90015983581543,52.37531753578329],[4.89991307258606,52.375415782804424]]}},{"type":"Feature","properties":{"mvt_id":383162452,"class":"minor","layer":1,"brunnel":"bridge","surface":"paved","bicycle":"yes","oneway":1},"geometry":{"type":"LineString","coordinates":[[4.901211261749268,52.37336892470885],[4.901248812675476,52.37344097572464]]}},{"type":"Feature","properties":{"mvt_id":383162612,"class":"minor","layer":1,"brunnel":"bridge","surface":"paved","oneway":1},"geometry":{"type":"LineString","coordinates":[[4.900074005126953,52.36941248850809],[4.90014910697937,52.369477995303875]]}},{"type":"Feature","properties":{"mvt_id":383162632,"class":"minor","layer":1,"brunnel":"bridge","surface":"paved","oneway":1},"geometry":{"type":"LineString","coordinates":[[4.901136159896851,52.369572979985215],[4.9010127782821655,52.369641761868344]]}},{"type":"Feature","properties":{"mvt_id":383162652,"class":"minor","layer":1,"brunnel":"bridge"},"geometry":{"type":"MultiLineString","coordinates":[[[4.90164577960968,52.37097152389054],[4.901608228683472,52.37101737703936]],[[4.902353882789612,52.37148573147612],[4.902225136756897,52.37155778556407]]]}},{"type":"Feature","properties":{"mvt_id":383162732,"class":"minor","layer":1,"brunnel":"bridge","surface":"paved","oneway":1},"geometry":{"type":"LineString","coordinates":[[4.902589917182922,52.371970456712425],[4.902445077896118,52.37204906030354]]}},{"type":"Feature","properties":{"mvt_id":383162772,"class":"minor","layer":1,"brunnel":"bridge","surface":"paved","oneway":1},"geometry":{"type":"LineString","coordinates":[[4.903829097747803,52.37124664206947],[4.904199242591858,52.37092567069412]]}},{"type":"Feature","properties":{"mvt_id":383162812,"class":"minor","layer":1,"brunnel":"bridge","surface":"paved","oneway":1},"geometry":{"type":"LineString","coordinates":[[4.905690550804138,52.37216369028984],[4.906216263771057,52.372396224491006]]}},{"type":"Feature","properties":{"mvt_id":383223702,"class":"minor","layer":1,"brunnel":"bridge","surface":"paved","foot":"yes","oneway":1},"geometry":{"type":"LineString","coordinates":[[4.901967644691467,52.365855323641625],[4.901914000511169,52.36596341850645]]}},{"type":"Feature","properties":{"mvt_id":383223712,"class":"minor","layer":1,"brunnel":"bridge","surface":"paved","foot":"yes","oneway":1},"geometry":{"type":"LineString","coordinates":[[4.901914000511169,52.36596341850645],[4.90189254283905,52.36600927685406]]}},{"type":"Feature","properties":{"mvt_id":383223722,"class":"minor","layer":1,"brunnel":"bridge","surface":"paved","foot":"yes"},"geometry":{"type":"LineString","coordinates":[[4.903496503829956,52.362844939192584],[4.90339994430542,52.36302183361384]]}},{"type":"Feature","properties":{"mvt_id":6276186592,"class":"minor","layer":1,"brunnel":"bridge","surface":"paved","oneway":1},"geometry":{"type":"LineString","coordinates":[[4.901994466781616,52.36580946513421],[4.901967644691467,52.365855323641625]]}},{"type":"Feature","properties":{"mvt_id":70462152,"class":"tertiary","layer":1,"brunnel":"bridge","surface":"paved","bicycle":"use_sidepath"},"geometry":{"type":"MultiLineString","coordinates":[[[4.919916987419128,52.363339586628896],[4.920094013214111,52.36317907250486]],[[4.920700192451477,52.36913080817923],[4.920507073402405,52.36919959075087]],[[4.917470812797546,52.37023459175454],[4.917224049568176,52.37032302426003]]]}},{"type":"Feature","properties":{"mvt_id":232637592,"class":"tertiary","layer":1,"brunnel":"bridge","surface":"paved","bicycle":"use_sidepath","oneway":1},"geometry":{"type":"LineString","coordinates":[[4.907723665237427,52.372763036516744],[4.907820224761963,52.37270735988752]]}},{"type":"Feature","properties":{"mvt_id":324314442,"class":"tertiary","layer":1,"brunnel":"bridge","surface":"paved"},"geometry":{"type":"MultiLineString","coordinates":[[[4.909906983375549,52.36913735890495],[4.9097782373428345,52.369212692180945]],[[4.910684823989868,52.36304148850583],[4.910658001899719,52.3631004531293]],[[4.910604357719421,52.36515106274426],[4.910711646080017,52.365288640174015]],[[4.910920858383179,52.36426662618035],[4.91089940071106,52.36434524348077]],[[4.91863489151001,52.36389974359531],[4.918559789657593,52.363978361548575]]]}},{"type":"Feature","properties":{"mvt_id":383223742,"class":"tertiary","layer":1,"brunnel":"bridge","surface":"paved","oneway":1},"geometry":{"type":"LineString","coordinates":[[4.900578260421753,52.36623201672242],[4.901243448257446,52.36639907088671]]}},{"type":"Feature","properties":{"mvt_id":3129017692,"class":"tertiary","layer":1,"brunnel":"bridge","surface":"paved","oneway":1},"geometry":{"type":"LineString","coordinates":[[4.901195168495178,52.366477684392486],[4.900524616241455,52.366313906097574]]}},{"type":"Feature","properties":{"mvt_id":10200112322,"class":"tertiary","layer":1,"brunnel":"bridge","surface":"paved","bicycle":"use_sidepath","oneway":1},"geometry":{"type":"LineString","coordinates":[[4.903442859649658,52.375189814329055],[4.903507232666016,52.375143965511796]]}},{"type":"Feature","properties":{"mvt_id":73709212,"class":"secondary","layer":1,"brunnel":"bridge","surface":"paved","bicycle":"use_sidepath","oneway":1},"geometry":{"type":"LineString","coordinates":[[4.914107322692871,52.370758633647455],[4.914316534996033,52.37081758797135],[4.9148476123809814,52.37104357881732]]}},{"type":"Feature","properties":{"mvt_id":73709222,"class":"secondary","layer":1,"brunnel":"bridge","surface":"paved","bicycle":"use_sidepath","oneway":1},"geometry":{"type":"LineString","coordinates":[[4.9126750230789185,52.3710763310179],[4.912916421890259,52.370997725695695]]}},{"type":"Feature","properties":{"mvt_id":73709322,"class":"secondary","layer":1,"brunnel":"bridge","surface":"paved","bicycle":"use_sidepath","oneway":1},"geometry":{"type":"LineString","coordinates":[[4.914788603782654,52.37108615667335],[4.914177060127258,52.37084051463161],[4.914107322692871,52.37081758797135],[4.914026856422424,52.37080448701729]]}},{"type":"Feature","properties":{"mvt_id":73709342,"class":"secondary","layer":1,"brunnel":"bridge","surface":"paved","bicycle":"use_sidepath","oneway":1},"geometry":{"type":"LineString","coordinates":[[4.912986159324646,52.37104357881732],[4.912744760513306,52.37111890884237]]}},{"type":"Feature","properties":{"mvt_id":341399642,"class":"secondary","layer":1,"brunnel":"bridge","surface":"paved","bicycle":"use_sidepath","foot":"no","oneway":1},"geometry":{"type":"LineString","coordinates":[[4.903603792190552,52.37521273871984],[4.903550148010254,52.375265137282646]]}},{"type":"Feature","properties":{"mvt_id":383162872,"class":"secondary","layer":1,"brunnel":"bridge","surface":"paved","bicycle":"use_sidepath","oneway":1},"geometry":{"type":"LineString","coordinates":[[4.90788996219635,52.37274338594974],[4.907798767089844,52.37279906253355]]}},{"type":"Feature","properties":{"mvt_id":4506552462,"class":"secondary","layer":1,"brunnel":"bridge","surface":"paved","oneway":1},"geometry":{"type":"LineString","coordinates":[[4.921150803565979,52.37486559667092],[4.9213385581970215,52.3753437350103]]}},{"type":"Feature","properties":{"mvt_id":4506552542,"class":"secondary","layer":1,"brunnel":"bridge","surface":"paved","oneway":1},"geometry":{"type":"LineString","coordinates":[[4.921284914016724,52.37535028481462],[4.921097159385681,52.37487542148342]]}},{"type":"Feature","properties":{"mvt_id":73709932,"class":"primary","layer":1,"brunnel":"bridge","surface":"paved","bicycle":"use_sidepath","oneway":1},"geometry":{"type":"LineString","coordinates":[[4.9047088623046875,52.36648751107088],[4.904778599739075,52.36640234645223]]}},{"type":"Feature","properties":{"mvt_id":319871882,"class":"primary","layer":1,"brunnel":"bridge","surface":"paved","bicycle":"use_sidepath","oneway":1},"geometry":{"type":"LineString","coordinates":[[4.905685186386108,52.36513796010956],[4.905599355697632,52.36527553758011]]}},{"type":"Feature","properties":{"mvt_id":319872972,"class":"primary","layer":1,"brunnel":"bridge","surface":"paved","bicycle":"use_sidepath","oneway":1},"geometry":{"type":"LineString","coordinates":[[4.905497431755066,52.365255883681975],[4.905577898025513,52.36511830615022]]}},{"type":"Feature","properties":{"mvt_id":383223832,"class":"primary","layer":1,"brunnel":"bridge","surface":"paved","bicycle":"use_sidepath","oneway":1},"geometry":{"type":"LineString","coordinates":[[4.90739107131958,52.36234373448621],[4.907283782958984,52.36252063091415]]}},{"type":"Feature","properties":{"mvt_id":383223872,"class":"primary","layer":1,"brunnel":"bridge","surface":"paved","bicycle":"use_sidepath","oneway":1},"geometry":{"type":"LineString","coordinates":[[4.90713357925415,52.36249114822533],[4.9072301387786865,52.36231097581073]]}},{"type":"Feature","properties":{"mvt_id":383223912,"class":"primary","layer":1,"brunnel":"bridge","surface":"paved","bicycle":"use_sidepath","oneway":1},"geometry":{"type":"LineString","coordinates":[[4.906725883483887,52.36343458450924],[4.906629323959351,52.36360492502459]]}},{"type":"Feature","properties":{"mvt_id":383223932,"class":"primary","layer":1,"brunnel":"bridge","surface":"paved","bicycle":"use_sidepath","oneway":1},"geometry":{"type":"LineString","coordinates":[[4.906479120254517,52.363578718834205],[4.9065810441970825,52.363408378217834]]}},{"type":"Feature","properties":{"mvt_id":6276171842,"class":"primary","layer":1,"brunnel":"bridge","surface":"paved","bicycle":"use_sidepath","oneway":1},"geometry":{"type":"LineString","coordinates":[[4.904880523681641,52.36642199984035],[4.904832243919373,52.36651043997861]]}},{"type":"Feature","properties":{"mvt_id":70465842,"subclass":"tram","class":"transit","layer":1,"brunnel":"bridge"},"geometry":{"type":"MultiLineString","coordinates":[[[4.904365539550781,52.368105607630945],[4.903818368911743,52.368036823355844]],[[4.903823733329773,52.3680106197943],[4.90440309047699,52.36808595499185]],[[4.901205897331238,52.366451479906104],[4.900540709495544,52.36628770151404]],[[4.900556802749634,52.366264772490695],[4.901221990585327,52.36642855096776]],[[4.910706281661987,52.36304476432031],[4.910674095153809,52.36310372893941]],[[4.9106365442276,52.36309717731895],[4.910663366317749,52.3630382126911]],[[4.91087794303894,52.36434196776272],[4.910904765129089,52.364260074732336]],[[4.910690188407898,52.36529519146949],[4.910609722137451,52.36521330020602],[4.910572171211243,52.36516416537508]],[[4.91063117980957,52.365141235768604],[4.910738468170166,52.365278813228954]],[[4.907187223434448,52.36732932173843],[4.907047748565674,52.36737845416132]],[[4.907010197639465,52.367352250209244],[4.90714967250824,52.36730639325572]],[[4.910942316055298,52.364269901903995],[4.910920858383179,52.36434851919859]],[[4.918645620346069,52.363906295096754],[4.918575882911682,52.363984913038365]],[[4.918538331985474,52.36397181005782],[4.918613433837891,52.36389319209288]],[[4.919900894165039,52.36333303504341],[4.920077919960022,52.363172520895574]],[[4.920110106468201,52.36318562411318],[4.919938445091248,52.363346138213416]]]}}],"crs":{"type":"name","properties":{"name":"urn:ogc:def:crs:OGC:1.3:CRS84"}}}