{
 "type": "FeatureCollection",
 "properties": {
  "eclipse": "Total solar eclipse of 2026 August 12",
  "source": "Besselian elements: NASA/GSFC, Fred Espenak — https://eclipse.gsfc.nasa.gov/SEsearch/SEdata.php?Ecl=20260812",
  "deltaTSeconds": 75.4
 },
 "features": [
  {
   "type": "Feature",
   "properties": {
    "kind": "totality",
    "obscuration": 1,
    "title": "Path of totality (umbral footprint)"
   },
   "geometry": {
    "type": "Polygon",
    "coordinates": [
     [
      [
       108.7341,
       76.4676
      ],
      [
       108.6265,
       77.1684
      ],
      [
       108.4327,
       77.7198
      ],
      [
       108.2757,
       78.1491
      ],
      [
       108.0586,
       78.5443
      ],
      [
       107.8195,
       78.9021
      ],
      [
       107.6017,
       79.2138
      ],
      [
       107.3685,
       79.5039
      ],
      [
       107.0754,
       79.7921
      ],
      [
       106.8111,
       80.0486
      ],
      [
       106.5326,
       80.2924
      ],
      [
       106.2399,
       80.525
      ],
      [
       105.9331,
       80.7478
      ],
      [
       105.6121,
       80.9618
      ],
      [
       105.2213,
       81.1812
      ],
      [
       104.8695,
       81.3795
      ],
      [
       104.5028,
       81.5714
      ],
      [
       104.121,
       81.7571
      ],
      [
       103.7236,
       81.9373
      ],
      [
       103.3755,
       82.1011
      ],
      [
       102.948,
       82.2715
      ],
      [
       102.5039,
       82.4372
      ],
      [
       102.0426,
       82.5986
      ],
      [
       101.5636,
       82.7558
      ],
      [
       101.0665,
       82.909
      ],
      [
       100.5507,
       83.0585
      ],
      [
       100.0155,
       83.2043
      ],
      [
       99.4605,
       83.3467
      ],
      [
       98.8848,
       83.4857
      ],
      [
       98.288,
       83.6214
      ],
      [
       97.6692,
       83.754
      ],
      [
       97.1188,
       83.877
      ],
      [
       96.4565,
       84.0038
      ],
      [
       95.7701,
       84.1276
      ],
      [
       95.0588,
       84.2484
      ],
      [
       94.3219,
       84.3665
      ],
      [
       93.5585,
       84.4817
      ],
      [
       92.7678,
       84.5942
      ],
      [
       91.949,
       84.7039
      ],
      [
       91.1012,
       84.8108
      ],
      [
       90.2236,
       84.915
      ],
      [
       89.3153,
       85.0165
      ],
      [
       88.3757,
       85.1153
      ],
      [
       87.4038,
       85.2113
      ],
      [
       86.3989,
       85.3046
      ],
      [
       85.3602,
       85.3952
      ],
      [
       84.2872,
       85.4829
      ],
      [
       83.1792,
       85.5679
      ],
      [
       82.0357,
       85.65
      ],
      [
       80.8563,
       85.7293
      ],
      [
       79.6405,
       85.8056
      ],
      [
       78.3883,
       85.879
      ],
      [
       77.0995,
       85.9495
      ],
      [
       75.7742,
       86.0169
      ],
      [
       74.4127,
       86.0813
      ],
      [
       73.0155,
       86.1425
      ],
      [
       71.5831,
       86.2006
      ],
      [
       70.1165,
       86.2555
      ],
      [
       68.6167,
       86.3072
      ],
      [
       67.0851,
       86.3556
      ],
      [
       65.5233,
       86.4006
      ],
      [
       63.9331,
       86.4424
      ],
      [
       62.3166,
       86.4807
      ],
      [
       60.6762,
       86.5156
      ],
      [
       59.0143,
       86.5471
      ],
      [
       57.3337,
       86.5751
      ],
      [
       55.6375,
       86.5997
      ],
      [
       53.9287,
       86.6209
      ],
      [
       52.2107,
       86.6386
      ],
      [
       50.4867,
       86.6528
      ],
      [
       48.7602,
       86.6637
      ],
      [
       47.0347,
       86.6712
      ],
      [
       45.3136,
       86.6754
      ],
      [
       43.6003,
       86.6763
      ],
      [
       41.898,
       86.674
      ],
      [
       40.21,
       86.6685
      ],
      [
       38.5392,
       86.66
      ],
      [
       36.8885,
       86.6484
      ],
      [
       35.2605,
       86.6339
      ],
      [
       33.6574,
       86.6166
      ],
      [
       32.0816,
       86.5965
      ],
      [
       30.5348,
       86.5738
      ],
      [
       29.0187,
       86.5486
      ],
      [
       27.5348,
       86.5209
      ],
      [
       25.9969,
       86.4826
      ],
      [
       24.5851,
       86.4502
      ],
      [
       23.2081,
       86.4156
      ],
      [
       21.8664,
       86.3789
      ],
      [
       20.5601,
       86.3404
      ],
      [
       19.2896,
       86.2999
      ],
      [
       17.9853,
       86.2489
      ],
      [
       16.79,
       86.2049
      ],
      [
       15.6295,
       86.1594
      ],
      [
       14.5036,
       86.1123
      ],
      [
       13.4116,
       86.0639
      ],
      [
       12.2951,
       86.0049
      ],
      [
       11.2729,
       85.9538
      ],
      [
       10.2825,
       85.9015
      ],
      [
       9.3233,
       85.8481
      ],
      [
       8.3943,
       85.7937
      ],
      [
       7.4459,
       85.7287
      ],
      [
       6.5781,
       85.6723
      ],
      [
       5.738,
       85.6151
      ],
      [
       4.9247,
       85.557
      ],
      [
       4.1374,
       85.4982
      ],
      [
       3.3334,
       85.4288
      ],
      [
       2.5981,
       85.3686
      ],
      [
       1.8862,
       85.3077
      ],
      [
       1.1969,
       85.2463
      ],
      [
       0.5294,
       85.1843
      ],
      [
       -0.1534,
       85.1117
      ],
      [
       -0.7773,
       85.0487
      ],
      [
       -1.3818,
       84.9853
      ],
      [
       -1.9674,
       84.9215
      ],
      [
       -2.5349,
       84.8573
      ],
      [
       -3.085,
       84.7927
      ],
      [
       -3.6485,
       84.7175
      ],
      [
       -4.1637,
       84.6523
      ],
      [
       -4.6633,
       84.5868
      ],
      [
       -5.1478,
       84.521
      ],
      [
       -5.6179,
       84.4551
      ],
      [
       -6.074,
       84.3889
      ],
      [
       -6.5427,
       84.3119
      ],
      [
       -6.9709,
       84.2453
      ],
      [
       -7.3866,
       84.1785
      ],
      [
       -7.7904,
       84.1116
      ],
      [
       -8.1825,
       84.0445
      ],
      [
       -8.5635,
       83.9773
      ],
      [
       -8.9336,
       83.91
      ],
      [
       -9.315,
       83.8319
      ],
      [
       -9.6635,
       83.7644
      ],
      [
       -10.0024,
       83.6968
      ],
      [
       -10.3319,
       83.6291
      ],
      [
       -10.6524,
       83.5614
      ],
      [
       -10.9642,
       83.4937
      ],
      [
       -11.2676,
       83.4259
      ],
      [
       -11.5629,
       83.358
      ],
      [
       -11.8503,
       83.2901
      ],
      [
       -12.1468,
       83.2113
      ],
      [
       -12.4183,
       83.1434
      ],
      [
       -12.6828,
       83.0755
      ],
      [
       -12.9404,
       83.0076
      ],
      [
       -13.1914,
       82.9397
      ],
      [
       -13.4359,
       82.8718
      ],
      [
       -13.6743,
       82.8039
      ],
      [
       -13.9066,
       82.736
      ],
      [
       -14.1331,
       82.6682
      ],
      [
       -14.3674,
       82.5893
      ],
      [
       -14.5821,
       82.5215
      ],
      [
       -14.7914,
       82.4537
      ],
      [
       -14.9957,
       82.386
      ],
      [
       -15.1949,
       82.3184
      ],
      [
       -15.3894,
       82.2507
      ],
      [
       -15.5791,
       82.1831
      ],
      [
       -15.7643,
       82.1156
      ],
      [
       -15.9451,
       82.0481
      ],
      [
       -16.1217,
       81.9807
      ],
      [
       -16.294,
       81.9133
      ],
      [
       -16.4727,
       81.8349
      ],
      [
       -16.6365,
       81.7676
      ],
      [
       -16.7966,
       81.7004
      ],
      [
       -16.953,
       81.6333
      ],
      [
       -17.1058,
       81.5663
      ],
      [
       -17.2551,
       81.4993
      ],
      [
       -17.401,
       81.4324
      ],
      [
       -17.5436,
       81.3655
      ],
      [
       -17.683,
       81.2988
      ],
      [
       -17.8193,
       81.2321
      ],
      [
       -17.9525,
       81.1654
      ],
      [
       -18.0828,
       81.0989
      ],
      [
       -18.2101,
       81.0324
      ],
      [
       -18.3347,
       80.966
      ],
      [
       -18.4637,
       80.8886
      ],
      [
       -18.5825,
       80.8224
      ],
      [
       -18.6987,
       80.7562
      ],
      [
       -18.8124,
       80.6902
      ],
      [
       -18.9236,
       80.6242
      ],
      [
       -19.0324,
       80.5583
      ],
      [
       -19.1389,
       80.4925
      ],
      [
       -19.2431,
       80.4267
      ],
      [
       -19.3451,
       80.3611
      ],
      [
       -19.4449,
       80.2955
      ],
      [
       -19.5425,
       80.2301
      ],
      [
       -19.6382,
       80.1647
      ],
      [
       -19.7318,
       80.0994
      ],
      [
       -19.8234,
       80.0341
      ],
      [
       -19.9131,
       79.969
      ],
      [
       -20.0009,
       79.904
      ],
      [
       -20.0916,
       79.8278
      ],
      [
       -20.1756,
       79.763
      ],
      [
       -20.2577,
       79.6982
      ],
      [
       -20.3382,
       79.6335
      ],
      [
       -20.417,
       79.5689
      ],
      [
       -20.4942,
       79.5044
      ],
      [
       -20.5698,
       79.4399
      ],
      [
       -20.6438,
       79.3756
      ],
      [
       -20.7164,
       79.3113
      ],
      [
       -20.7874,
       79.2472
      ],
      [
       -20.8569,
       79.1831
      ],
      [
       -20.9251,
       79.1191
      ],
      [
       -20.9918,
       79.0552
      ],
      [
       -21.0572,
       78.9913
      ],
      [
       -21.1212,
       78.9276
      ],
      [
       -21.1839,
       78.8639
      ],
      [
       -21.2454,
       78.8004
      ],
      [
       -21.3056,
       78.7369
      ],
      [
       -21.3645,
       78.6735
      ],
      [
       -21.4223,
       78.6102
      ],
      [
       -21.4789,
       78.5469
      ],
      [
       -21.5366,
       78.4727
      ],
      [
       -21.5907,
       78.4097
      ],
      [
       -21.6437,
       78.3467
      ],
      [
       -21.6956,
       78.2838
      ],
      [
       -21.7465,
       78.221
      ],
      [
       -21.7963,
       78.1583
      ],
      [
       -21.8451,
       78.0957
      ],
      [
       -21.8929,
       78.0331
      ],
      [
       -21.9398,
       77.9707
      ],
      [
       -21.9856,
       77.9083
      ],
      [
       -22.0305,
       77.846
      ],
      [
       -22.0745,
       77.7838
      ],
      [
       -22.1176,
       77.7216
      ],
      [
       -22.1598,
       77.6596
      ],
      [
       -22.2011,
       77.5976
      ],
      [
       -22.2416,
       77.5357
      ],
      [
       -22.2812,
       77.4739
      ],
      [
       -22.32,
       77.4122
      ],
      [
       -22.3579,
       77.3506
      ],
      [
       -22.3951,
       77.289
      ],
      [
       -22.4315,
       77.2275
      ],
      [
       -22.4671,
       77.1661
      ],
      [
       -22.502,
       77.1048
      ],
      [
       -22.5361,
       77.0435
      ],
      [
       -22.5696,
       76.9823
      ],
      [
       -22.6022,
       76.9212
      ],
      [
       -22.6347,
       76.8493
      ],
      [
       -22.6658,
       76.7883
      ],
      [
       -22.6963,
       76.7275
      ],
      [
       -22.7262,
       76.6667
      ],
      [
       -22.7554,
       76.606
      ],
      [
       -22.7839,
       76.5454
      ],
      [
       -22.8118,
       76.4848
      ],
      [
       -22.8391,
       76.4244
      ],
      [
       -22.8658,
       76.364
      ],
      [
       -22.8919,
       76.3036
      ],
      [
       -22.9174,
       76.2434
      ],
      [
       -22.9423,
       76.1832
      ],
      [
       -22.9666,
       76.1231
      ],
      [
       -22.9904,
       76.0631
      ],
      [
       -23.0136,
       76.0031
      ],
      [
       -23.0363,
       75.9433
      ],
      [
       -23.0584,
       75.8834
      ],
      [
       -23.08,
       75.8237
      ],
      [
       -23.1011,
       75.764
      ],
      [
       -23.1217,
       75.7044
      ],
      [
       -23.1418,
       75.6449
      ],
      [
       -23.1614,
       75.5855
      ],
      [
       -23.1805,
       75.5261
      ],
      [
       -23.1991,
       75.4668
      ],
      [
       -23.2173,
       75.4075
      ],
      [
       -23.235,
       75.3483
      ],
      [
       -23.2522,
       75.2892
      ],
      [
       -23.269,
       75.2302
      ],
      [
       -23.2854,
       75.1712
      ],
      [
       -23.3013,
       75.1123
      ],
      [
       -23.3167,
       75.0535
      ],
      [
       -23.3318,
       74.9947
      ],
      [
       -23.3464,
       74.936
      ],
      [
       -23.3606,
       74.8774
      ],
      [
       -23.3733,
       74.808
      ],
      [
       -23.3866,
       74.7496
      ],
      [
       -23.3995,
       74.6911
      ],
      [
       -23.4121,
       74.6328
      ],
      [
       -23.4243,
       74.5745
      ],
      [
       -23.4361,
       74.5162
      ],
      [
       -23.4475,
       74.4581
      ],
      [
       -23.4586,
       74.4
      ],
      [
       -23.4693,
       74.3419
      ],
      [
       -23.4796,
       74.2839
      ],
      [
       -23.4896,
       74.226
      ],
      [
       -23.4993,
       74.1682
      ],
      [
       -23.5086,
       74.1104
      ],
      [
       -23.5176,
       74.0526
      ],
      [
       -23.5262,
       73.995
      ],
      [
       -23.5345,
       73.9374
      ],
      [
       -23.5425,
       73.8798
      ],
      [
       -23.5502,
       73.8223
      ],
      [
       -23.5575,
       73.7649
      ],
      [
       -23.5646,
       73.7075
      ],
      [
       -23.5713,
       73.6502
      ],
      [
       -23.5777,
       73.593
      ],
      [
       -23.5839,
       73.5358
      ],
      [
       -23.5897,
       73.4787
      ],
      [
       -23.5953,
       73.4216
      ],
      [
       -23.6005,
       73.3646
      ],
      [
       -23.6055,
       73.3076
      ],
      [
       -23.6102,
       73.2507
      ],
      [
       -23.6146,
       73.1939
      ],
      [
       -23.6188,
       73.1371
      ],
      [
       -23.6227,
       73.0804
      ],
      [
       -23.6263,
       73.0237
      ],
      [
       -23.6296,
       72.9671
      ],
      [
       -23.6327,
       72.9105
      ],
      [
       -23.6356,
       72.854
      ],
      [
       -23.6381,
       72.7976
      ],
      [
       -23.6405,
       72.7412
      ],
      [
       -23.6425,
       72.6848
      ],
      [
       -23.6444,
       72.6285
      ],
      [
       -23.646,
       72.5723
      ],
      [
       -23.6473,
       72.5161
      ],
      [
       -23.6485,
       72.46
      ],
      [
       -23.647,
       72.3934
      ],
      [
       -23.6476,
       72.3374
      ],
      [
       -23.6479,
       72.2814
      ],
      [
       -23.6481,
       72.2255
      ],
      [
       -23.648,
       72.1697
      ],
      [
       -23.6477,
       72.1139
      ],
      [
       -23.6472,
       72.0581
      ],
      [
       -23.6465,
       72.0024
      ],
      [
       -23.6456,
       71.9468
      ],
      [
       -23.6444,
       71.8912
      ],
      [
       -23.6431,
       71.8356
      ],
      [
       -23.6415,
       71.7801
      ],
      [
       -23.6398,
       71.7247
      ],
      [
       -23.6378,
       71.6693
      ],
      [
       -23.6356,
       71.6139
      ],
      [
       -23.6333,
       71.5586
      ],
      [
       -23.6307,
       71.5033
      ],
      [
       -23.628,
       71.4481
      ],
      [
       -23.625,
       71.393
      ],
      [
       -23.6219,
       71.3379
      ],
      [
       -23.6186,
       71.2828
      ],
      [
       -23.6151,
       71.2278
      ],
      [
       -23.6114,
       71.1728
      ],
      [
       -23.6075,
       71.1179
      ],
      [
       -23.6035,
       71.063
      ],
      [
       -23.5993,
       71.0082
      ],
      [
       -23.5949,
       70.9534
      ],
      [
       -23.5903,
       70.8987
      ],
      [
       -23.5855,
       70.844
      ],
      [
       -23.5806,
       70.7893
      ],
      [
       -23.5755,
       70.7347
      ],
      [
       -23.5703,
       70.6802
      ],
      [
       -23.5649,
       70.6256
      ],
      [
       -23.5593,
       70.5712
      ],
      [
       -23.5535,
       70.5167
      ],
      [
       -23.5476,
       70.4624
      ],
      [
       -23.5415,
       70.408
      ],
      [
       -23.5353,
       70.3537
      ],
      [
       -23.5289,
       70.2995
      ],
      [
       -23.5224,
       70.2453
      ],
      [
       -23.5157,
       70.1911
      ],
      [
       -23.5088,
       70.137
      ],
      [
       -23.5018,
       70.0829
      ],
      [
       -23.4947,
       70.0288
      ],
      [
       -23.4874,
       69.9748
      ],
      [
       -23.4799,
       69.9209
      ],
      [
       -23.4723,
       69.867
      ],
      [
       -23.4646,
       69.8131
      ],
      [
       -23.4567,
       69.7592
      ],
      [
       -23.4487,
       69.7054
      ],
      [
       -23.4405,
       69.6517
      ],
      [
       -23.4322,
       69.598
      ],
      [
       -23.4237,
       69.5443
      ],
      [
       -23.4151,
       69.4906
      ],
      [
       -23.4064,
       69.437
      ],
      [
       -23.3976,
       69.3835
      ],
      [
       -23.3852,
       69.3197
      ],
      [
       -23.376,
       69.2662
      ],
      [
       -23.3667,
       69.2128
      ],
      [
       -23.3573,
       69.1594
      ],
      [
       -23.3477,
       69.106
      ],
      [
       -23.338,
       69.0527
      ],
      [
       -23.3282,
       68.9994
      ],
      [
       -23.3183,
       68.9462
      ],
      [
       -23.3082,
       68.893
      ],
      [
       -23.298,
       68.8398
      ],
      [
       -23.2877,
       68.7866
      ],
      [
       -23.2772,
       68.7335
      ],
      [
       -23.2667,
       68.6805
      ],
      [
       -23.256,
       68.6274
      ],
      [
       -23.2452,
       68.5744
      ],
      [
       -23.2342,
       68.5215
      ],
      [
       -23.2232,
       68.4685
      ],
      [
       -23.212,
       68.4156
      ],
      [
       -23.2007,
       68.3628
      ],
      [
       -23.1893,
       68.31
      ],
      [
       -23.1778,
       68.2572
      ],
      [
       -23.1662,
       68.2044
      ],
      [
       -23.1544,
       68.1517
      ],
      [
       -23.1426,
       68.099
      ],
      [
       -23.1306,
       68.0463
      ],
      [
       -23.1185,
       67.9937
      ],
      [
       -23.1063,
       67.9411
      ],
      [
       -23.094,
       67.8886
      ],
      [
       -23.0816,
       67.836
      ],
      [
       -23.069,
       67.7836
      ],
      [
       -23.0564,
       67.7311
      ],
      [
       -23.0436,
       67.6787
      ],
      [
       -23.0308,
       67.6263
      ],
      [
       -23.0178,
       67.5739
      ],
      [
       -23.0047,
       67.5216
      ],
      [
       -22.9915,
       67.4693
      ],
      [
       -22.9782,
       67.417
      ],
      [
       -22.9648,
       67.3648
      ],
      [
       -22.9514,
       67.3125
      ],
      [
       -22.9377,
       67.2604
      ],
      [
       -22.924,
       67.2082
      ],
      [
       -22.9102,
       67.1561
      ],
      [
       -22.8963,
       67.104
      ],
      [
       -22.8823,
       67.0519
      ],
      [
       -22.8682,
       66.9999
      ],
      [
       -22.854,
       66.9479
      ],
      [
       -22.8397,
       66.8959
      ],
      [
       -22.8253,
       66.844
      ],
      [
       -22.8108,
       66.7921
      ],
      [
       -22.7961,
       66.7402
      ],
      [
       -22.7814,
       66.6883
      ],
      [
       -22.7666,
       66.6365
      ],
      [
       -22.7517,
       66.5847
      ],
      [
       -22.7367,
       66.5329
      ],
      [
       -22.7216,
       66.4812
      ],
      [
       -22.7064,
       66.4294
      ],
      [
       -22.6911,
       66.3777
      ],
      [
       -22.6758,
       66.3261
      ],
      [
       -22.6603,
       66.2744
      ],
      [
       -22.6447,
       66.2228
      ],
      [
       -22.629,
       66.1712
      ],
      [
       -22.6133,
       66.1197
      ],
      [
       -22.5974,
       66.0681
      ],
      [
       -22.5815,
       66.0166
      ],
      [
       -22.5654,
       65.9651
      ],
      [
       -22.5493,
       65.9137
      ],
      [
       -22.5331,
       65.8622
      ],
      [
       -22.5167,
       65.8108
      ],
      [
       -22.5003,
       65.7594
      ],
      [
       -22.4838,
       65.7081
      ],
      [
       -22.4672,
       65.6567
      ],
      [
       -22.4506,
       65.6054
      ],
      [
       -22.4338,
       65.5541
      ],
      [
       -22.4169,
       65.5029
      ],
      [
       -22.3956,
       65.4417
      ],
      [
       -22.3786,
       65.3905
      ],
      [
       -22.3614,
       65.3393
      ],
      [
       -22.3442,
       65.2882
      ],
      [
       -22.3269,
       65.237
      ],
      [
       -22.3095,
       65.1859
      ],
      [
       -22.292,
       65.1348
      ],
      [
       -22.2744,
       65.0837
      ],
      [
       -22.2567,
       65.0327
      ],
      [
       -22.2389,
       64.9817
      ],
      [
       -22.2211,
       64.9306
      ],
      [
       -22.2031,
       64.8797
      ],
      [
       -22.1851,
       64.8287
      ],
      [
       -22.167,
       64.7777
      ],
      [
       -22.1488,
       64.7268
      ],
      [
       -22.1305,
       64.6759
      ],
      [
       -22.1121,
       64.625
      ],
      [
       -22.0937,
       64.5742
      ],
      [
       -22.0752,
       64.5233
      ],
      [
       -22.0565,
       64.4725
      ],
      [
       -22.0378,
       64.4217
      ],
      [
       -22.019,
       64.3709
      ],
      [
       -22.0001,
       64.3202
      ],
      [
       -21.9812,
       64.2694
      ],
      [
       -21.9621,
       64.2187
      ],
      [
       -21.943,
       64.168
      ],
      [
       -21.9238,
       64.1173
      ],
      [
       -21.9045,
       64.0667
      ],
      [
       -21.8851,
       64.016
      ],
      [
       -21.8656,
       63.9654
      ],
      [
       -21.8461,
       63.9148
      ],
      [
       -21.8265,
       63.8642
      ],
      [
       -21.8067,
       63.8136
      ],
      [
       -21.7869,
       63.763
      ],
      [
       -21.7671,
       63.7125
      ],
      [
       -21.7471,
       63.662
      ],
      [
       -21.727,
       63.6115
      ],
      [
       -21.7069,
       63.561
      ],
      [
       -21.6867,
       63.5105
      ],
      [
       -21.6664,
       63.4601
      ],
      [
       -21.646,
       63.4096
      ],
      [
       -21.6256,
       63.3592
      ],
      [
       -21.605,
       63.3088
      ],
      [
       -21.5844,
       63.2584
      ],
      [
       -21.5637,
       63.208
      ],
      [
       -21.5429,
       63.1577
      ],
      [
       -21.522,
       63.1073
      ],
      [
       -21.501,
       63.057
      ],
      [
       -21.48,
       63.0067
      ],
      [
       -21.4589,
       62.9564
      ],
      [
       -21.4377,
       62.9061
      ],
      [
       -21.4164,
       62.8559
      ],
      [
       -21.395,
       62.8056
      ],
      [
       -21.3736,
       62.7554
      ],
      [
       -21.3521,
       62.7051
      ],
      [
       -21.3304,
       62.6549
      ],
      [
       -21.3087,
       62.6047
      ],
      [
       -21.287,
       62.5546
      ],
      [
       -21.2651,
       62.5044
      ],
      [
       -21.2432,
       62.4542
      ],
      [
       -21.2211,
       62.4041
      ],
      [
       -21.199,
       62.354
      ],
      [
       -21.1768,
       62.3038
      ],
      [
       -21.1546,
       62.2537
      ],
      [
       -21.1322,
       62.2036
      ],
      [
       -21.1098,
       62.1536
      ],
      [
       -21.0873,
       62.1035
      ],
      [
       -21.0647,
       62.0534
      ],
      [
       -21.042,
       62.0034
      ],
      [
       -21.0192,
       61.9534
      ],
      [
       -20.9964,
       61.9033
      ],
      [
       -20.9734,
       61.8533
      ],
      [
       -20.9504,
       61.8033
      ],
      [
       -20.9273,
       61.7533
      ],
      [
       -20.9041,
       61.7034
      ],
      [
       -20.8809,
       61.6534
      ],
      [
       -20.8575,
       61.6034
      ],
      [
       -20.8341,
       61.5535
      ],
      [
       -20.8106,
       61.5036
      ],
      [
       -20.787,
       61.4536
      ],
      [
       -20.7633,
       61.4037
      ],
      [
       -20.7396,
       61.3538
      ],
      [
       -20.7157,
       61.3039
      ],
      [
       -20.6918,
       61.254
      ],
      [
       -20.6678,
       61.2041
      ],
      [
       -20.6437,
       61.1543
      ],
      [
       -20.6195,
       61.1044
      ],
      [
       -20.5952,
       61.0545
      ],
      [
       -20.5709,
       61.0047
      ],
      [
       -20.5465,
       60.9549
      ],
      [
       -20.5219,
       60.905
      ],
      [
       -20.4973,
       60.8552
      ],
      [
       -20.4727,
       60.8054
      ],
      [
       -20.4479,
       60.7556
      ],
      [
       -20.423,
       60.7058
      ],
      [
       -20.3981,
       60.656
      ],
      [
       -20.3731,
       60.6062
      ],
      [
       -20.3479,
       60.5564
      ],
      [
       -20.3227,
       60.5066
      ],
      [
       -20.2975,
       60.4569
      ],
      [
       -20.2721,
       60.4071
      ],
      [
       -20.2466,
       60.3573
      ],
      [
       -20.2211,
       60.3076
      ],
      [
       -20.1955,
       60.2578
      ],
      [
       -20.1697,
       60.2081
      ],
      [
       -20.1439,
       60.1584
      ],
      [
       -20.118,
       60.1086
      ],
      [
       -20.0921,
       60.0589
      ],
      [
       -20.0604,
       59.9997
      ],
      [
       -20.0343,
       59.9499
      ],
      [
       -20.008,
       59.9002
      ],
      [
       -19.9816,
       59.8505
      ],
      [
       -19.9552,
       59.8008
      ],
      [
       -19.9287,
       59.7511
      ],
      [
       -19.9021,
       59.7014
      ],
      [
       -19.8754,
       59.6517
      ],
      [
       -19.8486,
       59.6021
      ],
      [
       -19.8217,
       59.5524
      ],
      [
       -19.7947,
       59.5027
      ],
      [
       -19.7676,
       59.453
      ],
      [
       -19.7405,
       59.4033
      ],
      [
       -19.7132,
       59.3537
      ],
      [
       -19.6859,
       59.304
      ],
      [
       -19.6585,
       59.2543
      ],
      [
       -19.6309,
       59.2046
      ],
      [
       -19.6033,
       59.155
      ],
      [
       -19.5756,
       59.1053
      ],
      [
       -19.5478,
       59.0556
      ],
      [
       -19.5199,
       59.006
      ],
      [
       -19.4919,
       58.9563
      ],
      [
       -19.4639,
       58.9066
      ],
      [
       -19.4357,
       58.857
      ],
      [
       -19.4074,
       58.8073
      ],
      [
       -19.3791,
       58.7576
      ],
      [
       -19.3506,
       58.708
      ],
      [
       -19.3221,
       58.6583
      ],
      [
       -19.2934,
       58.6086
      ],
      [
       -19.2647,
       58.559
      ],
      [
       -19.2358,
       58.5093
      ],
      [
       -19.2069,
       58.4596
      ],
      [
       -19.1779,
       58.41
      ],
      [
       -19.1487,
       58.3603
      ],
      [
       -19.1195,
       58.3106
      ],
      [
       -19.0902,
       58.2609
      ],
      [
       -19.0608,
       58.2113
      ],
      [
       -19.0312,
       58.1616
      ],
      [
       -19.0016,
       58.1119
      ],
      [
       -18.9719,
       58.0622
      ],
      [
       -18.9421,
       58.0125
      ],
      [
       -18.9122,
       57.9628
      ],
      [
       -18.8822,
       57.9131
      ],
      [
       -18.852,
       57.8634
      ],
      [
       -18.8218,
       57.8137
      ],
      [
       -18.7915,
       57.764
      ],
      [
       -18.7611,
       57.7143
      ],
      [
       -18.7305,
       57.6645
      ],
      [
       -18.6999,
       57.6148
      ],
      [
       -18.6692,
       57.5651
      ],
      [
       -18.6383,
       57.5153
      ],
      [
       -18.6074,
       57.4656
      ],
      [
       -18.5763,
       57.4159
      ],
      [
       -18.5452,
       57.3661
      ],
      [
       -18.5139,
       57.3163
      ],
      [
       -18.4826,
       57.2666
      ],
      [
       -18.4511,
       57.2168
      ],
      [
       -18.4195,
       57.167
      ],
      [
       -18.3878,
       57.1172
      ],
      [
       -18.356,
       57.0674
      ],
      [
       -18.3241,
       57.0176
      ],
      [
       -18.2921,
       56.9678
      ],
      [
       -18.26,
       56.918
      ],
      [
       -18.2277,
       56.8682
      ],
      [
       -18.1954,
       56.8183
      ],
      [
       -18.1629,
       56.7685
      ],
      [
       -18.1304,
       56.7186
      ],
      [
       -18.0977,
       56.6688
      ],
      [
       -18.0649,
       56.6189
      ],
      [
       -18.032,
       56.569
      ],
      [
       -17.999,
       56.5191
      ],
      [
       -17.9658,
       56.4692
      ],
      [
       -17.9326,
       56.4193
      ],
      [
       -17.8992,
       56.3694
      ],
      [
       -17.8657,
       56.3194
      ],
      [
       -17.8321,
       56.2695
      ],
      [
       -17.7984,
       56.2195
      ],
      [
       -17.7645,
       56.1695
      ],
      [
       -17.7306,
       56.1196
      ],
      [
       -17.6965,
       56.0696
      ],
      [
       -17.6623,
       56.0196
      ],
      [
       -17.628,
       55.9695
      ],
      [
       -17.5935,
       55.9195
      ],
      [
       -17.559,
       55.8694
      ],
      [
       -17.5243,
       55.8194
      ],
      [
       -17.4895,
       55.7693
      ],
      [
       -17.4546,
       55.7192
      ],
      [
       -17.4195,
       55.6691
      ],
      [
       -17.3843,
       55.619
      ],
      [
       -17.349,
       55.5689
      ],
      [
       -17.3136,
       55.5187
      ],
      [
       -17.278,
       55.4685
      ],
      [
       -17.2423,
       55.4184
      ],
      [
       -17.2065,
       55.3682
      ],
      [
       -17.1705,
       55.3179
      ],
      [
       -17.1344,
       55.2677
      ],
      [
       -17.0982,
       55.2175
      ],
      [
       -17.0619,
       55.1672
      ],
      [
       -17.0254,
       55.1169
      ],
      [
       -16.9888,
       55.0666
      ],
      [
       -16.952,
       55.0163
      ],
      [
       -16.9151,
       54.9659
      ],
      [
       -16.8781,
       54.9156
      ],
      [
       -16.8409,
       54.8652
      ],
      [
       -16.8036,
       54.8148
      ],
      [
       -16.7662,
       54.7644
      ],
      [
       -16.7286,
       54.7139
      ],
      [
       -16.6909,
       54.6635
      ],
      [
       -16.653,
       54.613
      ],
      [
       -16.615,
       54.5625
      ],
      [
       -16.5769,
       54.512
      ],
      [
       -16.5386,
       54.4614
      ],
      [
       -16.5001,
       54.4109
      ],
      [
       -16.4616,
       54.3603
      ],
      [
       -16.4228,
       54.3097
      ],
      [
       -16.3839,
       54.259
      ],
      [
       -16.3449,
       54.2084
      ],
      [
       -16.3057,
       54.1577
      ],
      [
       -16.2664,
       54.107
      ],
      [
       -16.2269,
       54.0563
      ],
      [
       -16.1873,
       54.0055
      ],
      [
       -16.1475,
       53.9547
      ],
      [
       -16.1075,
       53.9039
      ],
      [
       -16.0674,
       53.8531
      ],
      [
       -16.0271,
       53.8022
      ],
      [
       -15.9867,
       53.7513
      ],
      [
       -15.9461,
       53.7004
      ],
      [
       -15.9054,
       53.6495
      ],
      [
       -15.8645,
       53.5985
      ],
      [
       -15.8234,
       53.5475
      ],
      [
       -15.7822,
       53.4965
      ],
      [
       -15.7408,
       53.4454
      ],
      [
       -15.6992,
       53.3943
      ],
      [
       -15.6575,
       53.3432
      ],
      [
       -15.6156,
       53.2921
      ],
      [
       -15.5735,
       53.2409
      ],
      [
       -15.5312,
       53.1897
      ],
      [
       -15.4888,
       53.1384
      ],
      [
       -15.4462,
       53.0872
      ],
      [
       -15.4034,
       53.0358
      ],
      [
       -15.3605,
       52.9845
      ],
      [
       -15.3173,
       52.9331
      ],
      [
       -15.274,
       52.8817
      ],
      [
       -15.2305,
       52.8303
      ],
      [
       -15.1868,
       52.7788
      ],
      [
       -15.143,
       52.7273
      ],
      [
       -15.0989,
       52.6757
      ],
      [
       -15.0547,
       52.6242
      ],
      [
       -15.0103,
       52.5725
      ],
      [
       -14.9656,
       52.5209
      ],
      [
       -14.9208,
       52.4692
      ],
      [
       -14.8758,
       52.4174
      ],
      [
       -14.8306,
       52.3657
      ],
      [
       -14.7852,
       52.3138
      ],
      [
       -14.7396,
       52.262
      ],
      [
       -14.6938,
       52.2101
      ],
      [
       -14.6478,
       52.1582
      ],
      [
       -14.6016,
       52.1062
      ],
      [
       -14.5552,
       52.0542
      ],
      [
       -14.5086,
       52.0021
      ],
      [
       -14.4618,
       51.95
      ],
      [
       -14.4147,
       51.8978
      ],
      [
       -14.3675,
       51.8456
      ],
      [
       -14.32,
       51.7934
      ],
      [
       -14.2723,
       51.7411
      ],
      [
       -14.2244,
       51.6888
      ],
      [
       -14.1763,
       51.6364
      ],
      [
       -14.128,
       51.584
      ],
      [
       -14.0794,
       51.5315
      ],
      [
       -14.0306,
       51.479
      ],
      [
       -13.9816,
       51.4264
      ],
      [
       -13.9323,
       51.3738
      ],
      [
       -13.8828,
       51.3211
      ],
      [
       -13.8331,
       51.2684
      ],
      [
       -13.7831,
       51.2156
      ],
      [
       -13.7329,
       51.1628
      ],
      [
       -13.6825,
       51.1099
      ],
      [
       -13.6318,
       51.0569
      ],
      [
       -13.5808,
       51.0039
      ],
      [
       -13.5296,
       50.9509
      ],
      [
       -13.4782,
       50.8978
      ],
      [
       -13.4265,
       50.8446
      ],
      [
       -13.3746,
       50.7914
      ],
      [
       -13.3223,
       50.7381
      ],
      [
       -13.2699,
       50.6848
      ],
      [
       -13.2171,
       50.6314
      ],
      [
       -13.1641,
       50.5779
      ],
      [
       -13.1108,
       50.5244
      ],
      [
       -13.0573,
       50.4708
      ],
      [
       -13.0034,
       50.4171
      ],
      [
       -12.9493,
       50.3634
      ],
      [
       -12.8949,
       50.3096
      ],
      [
       -12.8403,
       50.2558
      ],
      [
       -12.7853,
       50.2019
      ],
      [
       -12.73,
       50.1479
      ],
      [
       -12.6745,
       50.0938
      ],
      [
       -12.6186,
       50.0397
      ],
      [
       -12.5625,
       49.9855
      ],
      [
       -12.506,
       49.9313
      ],
      [
       -12.4492,
       49.8769
      ],
      [
       -12.3922,
       49.8225
      ],
      [
       -12.3348,
       49.768
      ],
      [
       -12.2771,
       49.7134
      ],
      [
       -12.219,
       49.6588
      ],
      [
       -12.1607,
       49.6041
      ],
      [
       -12.102,
       49.5493
      ],
      [
       -12.0429,
       49.4944
      ],
      [
       -11.9836,
       49.4394
      ],
      [
       -11.9238,
       49.3844
      ],
      [
       -11.8638,
       49.3292
      ],
      [
       -11.8034,
       49.274
      ],
      [
       -11.7426,
       49.2187
      ],
      [
       -11.6815,
       49.1633
      ],
      [
       -11.62,
       49.1078
      ],
      [
       -11.5581,
       49.0522
      ],
      [
       -11.4959,
       48.9965
      ],
      [
       -11.4333,
       48.9408
      ],
      [
       -11.3703,
       48.8849
      ],
      [
       -11.3069,
       48.8289
      ],
      [
       -11.2431,
       48.7729
      ],
      [
       -11.1789,
       48.7167
      ],
      [
       -11.1143,
       48.6605
      ],
      [
       -11.0493,
       48.6041
      ],
      [
       -10.9839,
       48.5476
      ],
      [
       -10.9181,
       48.4911
      ],
      [
       -10.8518,
       48.4344
      ],
      [
       -10.7851,
       48.3776
      ],
      [
       -10.7179,
       48.3207
      ],
      [
       -10.6503,
       48.2636
      ],
      [
       -10.5823,
       48.2065
      ],
      [
       -10.5138,
       48.1493
      ],
      [
       -10.4448,
       48.0919
      ],
      [
       -10.3754,
       48.0344
      ],
      [
       -10.3054,
       47.9768
      ],
      [
       -10.235,
       47.919
      ],
      [
       -10.1641,
       47.8611
      ],
      [
       -10.0927,
       47.8031
      ],
      [
       -10.0207,
       47.745
      ],
      [
       -9.9483,
       47.6867
      ],
      [
       -9.8753,
       47.6283
      ],
      [
       -9.8018,
       47.5698
      ],
      [
       -9.7277,
       47.5111
      ],
      [
       -9.6531,
       47.4522
      ],
      [
       -9.5779,
       47.3932
      ],
      [
       -9.5021,
       47.3341
      ],
      [
       -9.4257,
       47.2748
      ],
      [
       -9.3488,
       47.2154
      ],
      [
       -9.2712,
       47.1558
      ],
      [
       -9.193,
       47.096
      ],
      [
       -9.1142,
       47.0361
      ],
      [
       -9.0348,
       46.976
      ],
      [
       -8.9547,
       46.9157
      ],
      [
       -8.8739,
       46.8552
      ],
      [
       -8.7925,
       46.7946
      ],
      [
       -8.7104,
       46.7338
      ],
      [
       -8.6275,
       46.6728
      ],
      [
       -8.544,
       46.6116
      ],
      [
       -8.4597,
       46.5502
      ],
      [
       -8.3747,
       46.4886
      ],
      [
       -8.2755,
       46.4167
      ],
      [
       -8.1888,
       46.3547
      ],
      [
       -8.1014,
       46.2924
      ],
      [
       -8.0131,
       46.23
      ],
      [
       -7.924,
       46.1673
      ],
      [
       -7.834,
       46.1044
      ],
      [
       -7.7432,
       46.0413
      ],
      [
       -7.6515,
       45.9779
      ],
      [
       -7.5588,
       45.9143
      ],
      [
       -7.4653,
       45.8504
      ],
      [
       -7.3708,
       45.7863
      ],
      [
       -7.2753,
       45.7219
      ],
      [
       -7.1788,
       45.6572
      ],
      [
       -7.0813,
       45.5923
      ],
      [
       -6.9827,
       45.5271
      ],
      [
       -6.8831,
       45.4616
      ],
      [
       -6.7823,
       45.3958
      ],
      [
       -6.6804,
       45.3296
      ],
      [
       -6.5774,
       45.2632
      ],
      [
       -6.4731,
       45.1964
      ],
      [
       -6.3676,
       45.1293
      ],
      [
       -6.2609,
       45.0619
      ],
      [
       -6.1528,
       44.9941
      ],
      [
       -6.0434,
       44.9259
      ],
      [
       -5.9326,
       44.8573
      ],
      [
       -5.8204,
       44.7884
      ],
      [
       -5.7066,
       44.719
      ],
      [
       -5.5914,
       44.6493
      ],
      [
       -5.4746,
       44.5791
      ],
      [
       -5.3562,
       44.5084
      ],
      [
       -5.236,
       44.4373
      ],
      [
       -5.1142,
       44.3657
      ],
      [
       -4.9905,
       44.2937
      ],
      [
       -4.8649,
       44.2211
      ],
      [
       -4.7374,
       44.1479
      ],
      [
       -4.6079,
       44.0742
      ],
      [
       -4.4763,
       44
      ],
      [
       -4.3424,
       43.9251
      ],
      [
       -4.2063,
       43.8496
      ],
      [
       -4.0678,
       43.7734
      ],
      [
       -3.9268,
       43.6966
      ],
      [
       -3.7832,
       43.619
      ],
      [
       -3.6369,
       43.5407
      ],
      [
       -3.4678,
       43.4497
      ],
      [
       -3.3152,
       43.3697
      ],
      [
       -3.1594,
       43.2888
      ],
      [
       -3.0002,
       43.2069
      ],
      [
       -2.8375,
       43.1241
      ],
      [
       -2.671,
       43.0402
      ],
      [
       -2.5005,
       42.9552
      ],
      [
       -2.3257,
       42.869
      ],
      [
       -2.1463,
       42.7816
      ],
      [
       -1.9621,
       42.6928
      ],
      [
       -1.7726,
       42.6026
      ],
      [
       -1.5538,
       42.4978
      ],
      [
       -1.3519,
       42.4042
      ],
      [
       -1.1433,
       42.3086
      ],
      [
       -0.9273,
       42.2111
      ],
      [
       -0.7033,
       42.1113
      ],
      [
       -0.4704,
       42.0091
      ],
      [
       -0.2004,
       41.8901
      ],
      [
       0.0548,
       41.7817
      ],
      [
       0.3227,
       41.6698
      ],
      [
       0.6346,
       41.5391
      ],
      [
       0.9362,
       41.4178
      ],
      [
       1.2893,
       41.2756
      ],
      [
       1.639,
       41.1411
      ],
      [
       2.0547,
       40.9815
      ],
      [
       2.5175,
       40.8087
      ],
      [
       3.0479,
       40.6172
      ],
      [
       3.7263,
       40.3773
      ],
      [
       4.6528,
       40.0686
      ],
      [
       5.7146,
       39.7819
      ],
      [
       5.0942,
       38.6752
      ],
      [
       3.4842,
       37.8987
      ],
      [
       2.7857,
       38.0881
      ],
      [
       2.2584,
       38.2446
      ],
      [
       2.0737,
       38.2999
      ],
      [
       1.6683,
       38.4224
      ],
      [
       0.9526,
       38.6497
      ],
      [
       0.3851,
       38.8374
      ],
      [
       -0.0982,
       39.0027
      ],
      [
       -0.5252,
       39.1529
      ],
      [
       -0.9113,
       39.2923
      ],
      [
       -1.2657,
       39.4232
      ],
      [
       -1.5949,
       39.5473
      ],
      [
       -1.9033,
       39.6659
      ],
      [
       -2.194,
       39.7798
      ],
      [
       -2.4697,
       39.8896
      ],
      [
       -2.7323,
       39.996
      ],
      [
       -2.9833,
       40.0992
      ],
      [
       -3.2241,
       40.1997
      ],
      [
       -3.4557,
       40.2978
      ],
      [
       -3.6789,
       40.3936
      ],
      [
       -3.8946,
       40.4874
      ],
      [
       -4.1034,
       40.5793
      ],
      [
       -4.3058,
       40.6696
      ],
      [
       -4.5023,
       40.7583
      ],
      [
       -4.6934,
       40.8455
      ],
      [
       -4.8795,
       40.9313
      ],
      [
       -5.0608,
       41.016
      ],
      [
       -5.2378,
       41.0994
      ],
      [
       -5.4105,
       41.1817
      ],
      [
       -5.5794,
       41.263
      ],
      [
       -5.7446,
       41.3432
      ],
      [
       -5.9063,
       41.4226
      ],
      [
       -6.0647,
       41.5011
      ],
      [
       -6.22,
       41.5787
      ],
      [
       -6.3723,
       41.6556
      ],
      [
       -6.5218,
       41.7316
      ],
      [
       -6.6686,
       41.807
      ],
      [
       -6.8128,
       41.8817
      ],
      [
       -6.9546,
       41.9557
      ],
      [
       -7.0939,
       42.0291
      ],
      [
       -7.2311,
       42.1019
      ],
      [
       -7.2951,
       42.1362
      ],
      [
       -7.3182,
       42.1508
      ],
      [
       -7.4517,
       42.2226
      ],
      [
       -7.5831,
       42.2938
      ],
      [
       -7.7125,
       42.3645
      ],
      [
       -7.8401,
       42.4348
      ],
      [
       -7.9659,
       42.5045
      ],
      [
       -8.1127,
       42.5851
      ],
      [
       -8.2348,
       42.6538
      ],
      [
       -8.3553,
       42.7222
      ],
      [
       -8.4742,
       42.7901
      ],
      [
       -8.5916,
       42.8576
      ],
      [
       -8.7075,
       42.9247
      ],
      [
       -8.8219,
       42.9914
      ],
      [
       -8.935,
       43.0578
      ],
      [
       -9.0467,
       43.1238
      ],
      [
       -9.1572,
       43.1895
      ],
      [
       -9.2663,
       43.2548
      ],
      [
       -9.3939,
       43.3305
      ],
      [
       -9.5004,
       43.3951
      ],
      [
       -9.6059,
       43.4595
      ],
      [
       -9.7101,
       43.5235
      ],
      [
       -9.8133,
       43.5872
      ],
      [
       -9.9154,
       43.6507
      ],
      [
       -10.0164,
       43.7139
      ],
      [
       -10.1164,
       43.7768
      ],
      [
       -10.2155,
       43.8394
      ],
      [
       -10.3135,
       43.9018
      ],
      [
       -10.4106,
       43.964
      ],
      [
       -10.5068,
       44.0259
      ],
      [
       -10.6021,
       44.0875
      ],
      [
       -10.6965,
       44.1489
      ],
      [
       -10.79,
       44.2101
      ],
      [
       -10.8827,
       44.2711
      ],
      [
       -10.9745,
       44.3319
      ],
      [
       -11.082,
       44.4026
      ],
      [
       -11.1721,
       44.4629
      ],
      [
       -11.2615,
       44.523
      ],
      [
       -11.3501,
       44.5829
      ],
      [
       -11.4379,
       44.6426
      ],
      [
       -11.5251,
       44.7021
      ],
      [
       -11.6115,
       44.7615
      ],
      [
       -11.6972,
       44.8206
      ],
      [
       -11.7822,
       44.8796
      ],
      [
       -11.8666,
       44.9384
      ],
      [
       -11.9502,
       44.997
      ],
      [
       -12.0333,
       45.0555
      ],
      [
       -12.1157,
       45.1138
      ],
      [
       -12.1975,
       45.1719
      ],
      [
       -12.2786,
       45.2299
      ],
      [
       -12.3592,
       45.2877
      ],
      [
       -12.4392,
       45.3453
      ],
      [
       -12.5185,
       45.4028
      ],
      [
       -12.5974,
       45.4602
      ],
      [
       -12.6756,
       45.5174
      ],
      [
       -12.7533,
       45.5745
      ],
      [
       -12.8305,
       45.6314
      ],
      [
       -12.9071,
       45.6882
      ],
      [
       -12.9832,
       45.7449
      ],
      [
       -13.0588,
       45.8014
      ],
      [
       -13.1338,
       45.8578
      ],
      [
       -13.2084,
       45.9141
      ],
      [
       -13.2825,
       45.9702
      ],
      [
       -13.356,
       46.0262
      ],
      [
       -13.4291,
       46.0821
      ],
      [
       -13.5018,
       46.1379
      ],
      [
       -13.574,
       46.1935
      ],
      [
       -13.6587,
       46.2587
      ],
      [
       -13.7299,
       46.3142
      ],
      [
       -13.8007,
       46.3695
      ],
      [
       -13.871,
       46.4247
      ],
      [
       -13.9409,
       46.4797
      ],
      [
       -14.0104,
       46.5347
      ],
      [
       -14.0794,
       46.5896
      ],
      [
       -14.1481,
       46.6443
      ],
      [
       -14.2163,
       46.699
      ],
      [
       -14.2842,
       46.7536
      ],
      [
       -14.3516,
       46.808
      ],
      [
       -14.4187,
       46.8624
      ],
      [
       -14.4853,
       46.9167
      ],
      [
       -14.5516,
       46.9709
      ],
      [
       -14.6175,
       47.0249
      ],
      [
       -14.6831,
       47.0789
      ],
      [
       -14.7483,
       47.1328
      ],
      [
       -14.8131,
       47.1866
      ],
      [
       -14.8776,
       47.2404
      ],
      [
       -14.9417,
       47.294
      ],
      [
       -15.0054,
       47.3475
      ],
      [
       -15.0689,
       47.401
      ],
      [
       -15.132,
       47.4544
      ],
      [
       -15.1947,
       47.5077
      ],
      [
       -15.2571,
       47.5609
      ],
      [
       -15.3193,
       47.6141
      ],
      [
       -15.381,
       47.6671
      ],
      [
       -15.4425,
       47.7201
      ],
      [
       -15.5037,
       47.773
      ],
      [
       -15.5645,
       47.8258
      ],
      [
       -15.625,
       47.8786
      ],
      [
       -15.6853,
       47.9313
      ],
      [
       -15.7452,
       47.9839
      ],
      [
       -15.8048,
       48.0364
      ],
      [
       -15.8642,
       48.0889
      ],
      [
       -15.9232,
       48.1413
      ],
      [
       -15.982,
       48.1936
      ],
      [
       -16.0405,
       48.2459
      ],
      [
       -16.0987,
       48.2981
      ],
      [
       -16.1567,
       48.3502
      ],
      [
       -16.2143,
       48.4023
      ],
      [
       -16.2717,
       48.4543
      ],
      [
       -16.3288,
       48.5063
      ],
      [
       -16.3857,
       48.5581
      ],
      [
       -16.4423,
       48.6099
      ],
      [
       -16.4986,
       48.6617
      ],
      [
       -16.5547,
       48.7134
      ],
      [
       -16.6106,
       48.765
      ],
      [
       -16.6661,
       48.8166
      ],
      [
       -16.7215,
       48.8681
      ],
      [
       -16.7766,
       48.9196
      ],
      [
       -16.8314,
       48.971
      ],
      [
       -16.886,
       49.0223
      ],
      [
       -16.9404,
       49.0736
      ],
      [
       -16.9945,
       49.1249
      ],
      [
       -17.0484,
       49.1761
      ],
      [
       -17.1021,
       49.2272
      ],
      [
       -17.1556,
       49.2783
      ],
      [
       -17.2088,
       49.3293
      ],
      [
       -17.2618,
       49.3803
      ],
      [
       -17.3145,
       49.4312
      ],
      [
       -17.3671,
       49.4821
      ],
      [
       -17.4194,
       49.5329
      ],
      [
       -17.4716,
       49.5837
      ],
      [
       -17.5235,
       49.6345
      ],
      [
       -17.5752,
       49.6852
      ],
      [
       -17.6362,
       49.7451
      ],
      [
       -17.6875,
       49.7957
      ],
      [
       -17.7385,
       49.8463
      ],
      [
       -17.7894,
       49.8968
      ],
      [
       -17.84,
       49.9472
      ],
      [
       -17.8905,
       49.9976
      ],
      [
       -17.9407,
       50.048
      ],
      [
       -17.9908,
       50.0983
      ],
      [
       -18.0406,
       50.1486
      ],
      [
       -18.0903,
       50.1989
      ],
      [
       -18.1398,
       50.2491
      ],
      [
       -18.1891,
       50.2992
      ],
      [
       -18.2382,
       50.3494
      ],
      [
       -18.2871,
       50.3994
      ],
      [
       -18.3358,
       50.4495
      ],
      [
       -18.3844,
       50.4995
      ],
      [
       -18.4328,
       50.5495
      ],
      [
       -18.481,
       50.5994
      ],
      [
       -18.529,
       50.6493
      ],
      [
       -18.5768,
       50.6991
      ],
      [
       -18.6245,
       50.749
      ],
      [
       -18.672,
       50.7987
      ],
      [
       -18.7193,
       50.8485
      ],
      [
       -18.7665,
       50.8982
      ],
      [
       -18.8135,
       50.9479
      ],
      [
       -18.8603,
       50.9975
      ],
      [
       -18.9069,
       51.0471
      ],
      [
       -18.9534,
       51.0967
      ],
      [
       -18.9998,
       51.1463
      ],
      [
       -19.0459,
       51.1958
      ],
      [
       -19.0919,
       51.2453
      ],
      [
       -19.1378,
       51.2947
      ],
      [
       -19.1835,
       51.3441
      ],
      [
       -19.229,
       51.3935
      ],
      [
       -19.2744,
       51.4429
      ],
      [
       -19.3196,
       51.4922
      ],
      [
       -19.3647,
       51.5415
      ],
      [
       -19.4097,
       51.5908
      ],
      [
       -19.4544,
       51.64
      ],
      [
       -19.4991,
       51.6892
      ],
      [
       -19.5436,
       51.7384
      ],
      [
       -19.5879,
       51.7876
      ],
      [
       -19.6321,
       51.8367
      ],
      [
       -19.6761,
       51.8858
      ],
      [
       -19.7201,
       51.9349
      ],
      [
       -19.7638,
       51.9839
      ],
      [
       -19.8074,
       52.0329
      ],
      [
       -19.8509,
       52.0819
      ],
      [
       -19.8943,
       52.1309
      ],
      [
       -19.9375,
       52.1798
      ],
      [
       -19.9806,
       52.2288
      ],
      [
       -20.0235,
       52.2776
      ],
      [
       -20.0663,
       52.3265
      ],
      [
       -20.109,
       52.3754
      ],
      [
       -20.1515,
       52.4242
      ],
      [
       -20.194,
       52.473
      ],
      [
       -20.2362,
       52.5218
      ],
      [
       -20.2784,
       52.5705
      ],
      [
       -20.3204,
       52.6193
      ],
      [
       -20.3623,
       52.668
      ],
      [
       -20.4041,
       52.7167
      ],
      [
       -20.4457,
       52.7653
      ],
      [
       -20.4873,
       52.814
      ],
      [
       -20.5287,
       52.8626
      ],
      [
       -20.5699,
       52.9112
      ],
      [
       -20.6111,
       52.9598
      ],
      [
       -20.6521,
       53.0084
      ],
      [
       -20.6931,
       53.0569
      ],
      [
       -20.7339,
       53.1054
      ],
      [
       -20.7745,
       53.1539
      ],
      [
       -20.8151,
       53.2024
      ],
      [
       -20.8555,
       53.2509
      ],
      [
       -20.8959,
       53.2994
      ],
      [
       -20.9361,
       53.3478
      ],
      [
       -20.9762,
       53.3962
      ],
      [
       -21.0162,
       53.4446
      ],
      [
       -21.0561,
       53.493
      ],
      [
       -21.0958,
       53.5414
      ],
      [
       -21.1355,
       53.5897
      ],
      [
       -21.1751,
       53.638
      ],
      [
       -21.2145,
       53.6864
      ],
      [
       -21.2538,
       53.7347
      ],
      [
       -21.293,
       53.7829
      ],
      [
       -21.3322,
       53.8312
      ],
      [
       -21.3712,
       53.8795
      ],
      [
       -21.4101,
       53.9277
      ],
      [
       -21.4489,
       53.9759
      ],
      [
       -21.4876,
       54.0242
      ],
      [
       -21.5262,
       54.0724
      ],
      [
       -21.5647,
       54.1205
      ],
      [
       -21.6031,
       54.1687
      ],
      [
       -21.6414,
       54.2169
      ],
      [
       -21.6795,
       54.265
      ],
      [
       -21.7176,
       54.3131
      ],
      [
       -21.7556,
       54.3613
      ],
      [
       -21.7935,
       54.4094
      ],
      [
       -21.8313,
       54.4575
      ],
      [
       -21.869,
       54.5055
      ],
      [
       -21.9066,
       54.5536
      ],
      [
       -21.9441,
       54.6017
      ],
      [
       -21.9815,
       54.6497
      ],
      [
       -22.0189,
       54.6978
      ],
      [
       -22.0561,
       54.7458
      ],
      [
       -22.0932,
       54.7938
      ],
      [
       -22.1303,
       54.8418
      ],
      [
       -22.1672,
       54.8898
      ],
      [
       -22.2041,
       54.9378
      ],
      [
       -22.2408,
       54.9858
      ],
      [
       -22.2775,
       55.0337
      ],
      [
       -22.3141,
       55.0817
      ],
      [
       -22.3506,
       55.1296
      ],
      [
       -22.387,
       55.1776
      ],
      [
       -22.4233,
       55.2255
      ],
      [
       -22.4596,
       55.2734
      ],
      [
       -22.4957,
       55.3213
      ],
      [
       -22.5318,
       55.3692
      ],
      [
       -22.5677,
       55.4171
      ],
      [
       -22.6036,
       55.465
      ],
      [
       -22.6394,
       55.5129
      ],
      [
       -22.6752,
       55.5608
      ],
      [
       -22.7108,
       55.6086
      ],
      [
       -22.7464,
       55.6565
      ],
      [
       -22.7818,
       55.7044
      ],
      [
       -22.8172,
       55.7522
      ],
      [
       -22.8526,
       55.8
      ],
      [
       -22.8878,
       55.8479
      ],
      [
       -22.9229,
       55.8957
      ],
      [
       -22.958,
       55.9435
      ],
      [
       -22.993,
       55.9913
      ],
      [
       -23.0279,
       56.0392
      ],
      [
       -23.0628,
       56.087
      ],
      [
       -23.0975,
       56.1348
      ],
      [
       -23.1322,
       56.1826
      ],
      [
       -23.1668,
       56.2304
      ],
      [
       -23.2013,
       56.2781
      ],
      [
       -23.2358,
       56.3259
      ],
      [
       -23.2702,
       56.3737
      ],
      [
       -23.3045,
       56.4215
      ],
      [
       -23.3387,
       56.4693
      ],
      [
       -23.3729,
       56.517
      ],
      [
       -23.407,
       56.5648
      ],
      [
       -23.441,
       56.6126
      ],
      [
       -23.4749,
       56.6603
      ],
      [
       -23.5088,
       56.7081
      ],
      [
       -23.5426,
       56.7558
      ],
      [
       -23.5763,
       56.8036
      ],
      [
       -23.6099,
       56.8513
      ],
      [
       -23.6435,
       56.8991
      ],
      [
       -23.677,
       56.9468
      ],
      [
       -23.7105,
       56.9946
      ],
      [
       -23.7439,
       57.0423
      ],
      [
       -23.7772,
       57.0901
      ],
      [
       -23.8104,
       57.1378
      ],
      [
       -23.8436,
       57.1855
      ],
      [
       -23.8767,
       57.2333
      ],
      [
       -23.9097,
       57.281
      ],
      [
       -23.9427,
       57.3287
      ],
      [
       -23.9756,
       57.3765
      ],
      [
       -24.0084,
       57.4242
      ],
      [
       -24.0412,
       57.472
      ],
      [
       -24.0739,
       57.5197
      ],
      [
       -24.1065,
       57.5674
      ],
      [
       -24.1391,
       57.6152
      ],
      [
       -24.1716,
       57.6629
      ],
      [
       -24.2041,
       57.7107
      ],
      [
       -24.2365,
       57.7584
      ],
      [
       -24.2688,
       57.8061
      ],
      [
       -24.3011,
       57.8539
      ],
      [
       -24.3333,
       57.9016
      ],
      [
       -24.3654,
       57.9494
      ],
      [
       -24.3975,
       57.9971
      ],
      [
       -24.4295,
       58.0449
      ],
      [
       -24.4615,
       58.0926
      ],
      [
       -24.4934,
       58.1404
      ],
      [
       -24.5252,
       58.1881
      ],
      [
       -24.557,
       58.2359
      ],
      [
       -24.5887,
       58.2837
      ],
      [
       -24.6204,
       58.3314
      ],
      [
       -24.652,
       58.3792
      ],
      [
       -24.6835,
       58.427
      ],
      [
       -24.715,
       58.4747
      ],
      [
       -24.7464,
       58.5225
      ],
      [
       -24.7778,
       58.5703
      ],
      [
       -24.8091,
       58.6181
      ],
      [
       -24.8404,
       58.6659
      ],
      [
       -24.8716,
       58.7137
      ],
      [
       -24.9028,
       58.7615
      ],
      [
       -24.9338,
       58.8093
      ],
      [
       -24.9649,
       58.8571
      ],
      [
       -24.9959,
       58.9049
      ],
      [
       -25.0268,
       58.9527
      ],
      [
       -25.0577,
       59.0005
      ],
      [
       -25.0885,
       59.0484
      ],
      [
       -25.1193,
       59.0962
      ],
      [
       -25.15,
       59.144
      ],
      [
       -25.1807,
       59.1919
      ],
      [
       -25.2113,
       59.2397
      ],
      [
       -25.2418,
       59.2876
      ],
      [
       -25.2723,
       59.3355
      ],
      [
       -25.3028,
       59.3833
      ],
      [
       -25.3332,
       59.4312
      ],
      [
       -25.3635,
       59.4791
      ],
      [
       -25.3938,
       59.527
      ],
      [
       -25.4241,
       59.5749
      ],
      [
       -25.4543,
       59.6228
      ],
      [
       -25.4845,
       59.6707
      ],
      [
       -25.5146,
       59.7186
      ],
      [
       -25.5446,
       59.7665
      ],
      [
       -25.5746,
       59.8145
      ],
      [
       -25.6046,
       59.8624
      ],
      [
       -25.6345,
       59.9104
      ],
      [
       -25.6643,
       59.9583
      ],
      [
       -25.6942,
       60.0063
      ],
      [
       -25.7239,
       60.0543
      ],
      [
       -25.7536,
       60.1023
      ],
      [
       -25.7833,
       60.1503
      ],
      [
       -25.8129,
       60.1983
      ],
      [
       -25.8425,
       60.2463
      ],
      [
       -25.872,
       60.2943
      ],
      [
       -25.9015,
       60.3423
      ],
      [
       -25.931,
       60.3904
      ],
      [
       -25.9603,
       60.4384
      ],
      [
       -25.9897,
       60.4865
      ],
      [
       -26.019,
       60.5345
      ],
      [
       -26.0483,
       60.5826
      ],
      [
       -26.0775,
       60.6307
      ],
      [
       -26.1066,
       60.6788
      ],
      [
       -26.1358,
       60.7269
      ],
      [
       -26.1648,
       60.775
      ],
      [
       -26.1939,
       60.8232
      ],
      [
       -26.2229,
       60.8713
      ],
      [
       -26.2518,
       60.9195
      ],
      [
       -26.2807,
       60.9676
      ],
      [
       -26.3096,
       61.0158
      ],
      [
       -26.3384,
       61.064
      ],
      [
       -26.3672,
       61.1122
      ],
      [
       -26.396,
       61.1604
      ],
      [
       -26.4247,
       61.2087
      ],
      [
       -26.4533,
       61.2569
      ],
      [
       -26.4819,
       61.3051
      ],
      [
       -26.5105,
       61.3534
      ],
      [
       -26.539,
       61.4017
      ],
      [
       -26.5675,
       61.45
      ],
      [
       -26.596,
       61.4983
      ],
      [
       -26.6244,
       61.5466
      ],
      [
       -26.6528,
       61.5949
      ],
      [
       -26.6811,
       61.6433
      ],
      [
       -26.7094,
       61.6916
      ],
      [
       -26.7377,
       61.74
      ],
      [
       -26.7659,
       61.7884
      ],
      [
       -26.7941,
       61.8368
      ],
      [
       -26.8222,
       61.8852
      ],
      [
       -26.8503,
       61.9336
      ],
      [
       -26.8784,
       61.982
      ],
      [
       -26.9064,
       62.0305
      ],
      [
       -26.9344,
       62.079
      ],
      [
       -26.9623,
       62.1274
      ],
      [
       -26.9903,
       62.1759
      ],
      [
       -27.0181,
       62.2245
      ],
      [
       -27.046,
       62.273
      ],
      [
       -27.0738,
       62.3215
      ],
      [
       -27.1015,
       62.3701
      ],
      [
       -27.1293,
       62.4187
      ],
      [
       -27.157,
       62.4673
      ],
      [
       -27.1846,
       62.5159
      ],
      [
       -27.2122,
       62.5645
      ],
      [
       -27.2398,
       62.6131
      ],
      [
       -27.2674,
       62.6618
      ],
      [
       -27.2949,
       62.7105
      ],
      [
       -27.3224,
       62.7592
      ],
      [
       -27.3498,
       62.8079
      ],
      [
       -27.3772,
       62.8566
      ],
      [
       -27.4046,
       62.9053
      ],
      [
       -27.432,
       62.9541
      ],
      [
       -27.4593,
       63.0029
      ],
      [
       -27.4866,
       63.0517
      ],
      [
       -27.5138,
       63.1005
      ],
      [
       -27.541,
       63.1493
      ],
      [
       -27.5682,
       63.1982
      ],
      [
       -27.5953,
       63.2471
      ],
      [
       -27.6224,
       63.2959
      ],
      [
       -27.6495,
       63.3449
      ],
      [
       -27.6766,
       63.3938
      ],
      [
       -27.7036,
       63.4427
      ],
      [
       -27.7305,
       63.4917
      ],
      [
       -27.7575,
       63.5407
      ],
      [
       -27.7844,
       63.5897
      ],
      [
       -27.8113,
       63.6387
      ],
      [
       -27.8381,
       63.6877
      ],
      [
       -27.865,
       63.7368
      ],
      [
       -27.8917,
       63.7859
      ],
      [
       -27.9185,
       63.835
      ],
      [
       -27.9452,
       63.8841
      ],
      [
       -27.9719,
       63.9333
      ],
      [
       -27.9986,
       63.9824
      ],
      [
       -28.0252,
       64.0316
      ],
      [
       -28.0518,
       64.0808
      ],
      [
       -28.0784,
       64.1301
      ],
      [
       -28.1049,
       64.1793
      ],
      [
       -28.1315,
       64.2286
      ],
      [
       -28.1579,
       64.2779
      ],
      [
       -28.1844,
       64.3272
      ],
      [
       -28.2108,
       64.3765
      ],
      [
       -28.2372,
       64.4259
      ],
      [
       -28.2636,
       64.4753
      ],
      [
       -28.2899,
       64.5247
      ],
      [
       -28.3162,
       64.5741
      ],
      [
       -28.3425,
       64.6235
      ],
      [
       -28.3687,
       64.673
      ],
      [
       -28.395,
       64.7225
      ],
      [
       -28.4212,
       64.772
      ],
      [
       -28.4473,
       64.8216
      ],
      [
       -28.4735,
       64.8711
      ],
      [
       -28.4996,
       64.9207
      ],
      [
       -28.5256,
       64.9703
      ],
      [
       -28.5517,
       65.02
      ],
      [
       -28.5777,
       65.0697
      ],
      [
       -28.6037,
       65.1193
      ],
      [
       -28.6297,
       65.1691
      ],
      [
       -28.6556,
       65.2188
      ],
      [
       -28.6815,
       65.2686
      ],
      [
       -28.7074,
       65.3183
      ],
      [
       -28.7333,
       65.3682
      ],
      [
       -28.7591,
       65.418
      ],
      [
       -28.7849,
       65.4679
      ],
      [
       -28.8107,
       65.5177
      ],
      [
       -28.8365,
       65.5677
      ],
      [
       -28.8622,
       65.6176
      ],
      [
       -28.8879,
       65.6676
      ],
      [
       -28.9135,
       65.7176
      ],
      [
       -28.9392,
       65.7676
      ],
      [
       -28.9648,
       65.8176
      ],
      [
       -28.9904,
       65.8677
      ],
      [
       -29.016,
       65.9178
      ],
      [
       -29.0415,
       65.968
      ],
      [
       -29.067,
       66.0181
      ],
      [
       -29.0925,
       66.0683
      ],
      [
       -29.118,
       66.1185
      ],
      [
       -29.1434,
       66.1688
      ],
      [
       -29.1688,
       66.219
      ],
      [
       -29.1942,
       66.2693
      ],
      [
       -29.2196,
       66.3197
      ],
      [
       -29.2449,
       66.37
      ],
      [
       -29.2702,
       66.4204
      ],
      [
       -29.2955,
       66.4708
      ],
      [
       -29.3208,
       66.5213
      ],
      [
       -29.346,
       66.5717
      ],
      [
       -29.3712,
       66.6222
      ],
      [
       -29.3964,
       66.6728
      ],
      [
       -29.4216,
       66.7233
      ],
      [
       -29.4467,
       66.7739
      ],
      [
       -29.4719,
       66.8246
      ],
      [
       -29.4969,
       66.8752
      ],
      [
       -29.522,
       66.9259
      ],
      [
       -29.547,
       66.9766
      ],
      [
       -29.5721,
       67.0274
      ],
      [
       -29.5971,
       67.0782
      ],
      [
       -29.622,
       67.129
      ],
      [
       -29.647,
       67.1798
      ],
      [
       -29.6719,
       67.2307
      ],
      [
       -29.6968,
       67.2816
      ],
      [
       -29.7217,
       67.3325
      ],
      [
       -29.7465,
       67.3835
      ],
      [
       -29.7713,
       67.4345
      ],
      [
       -29.7961,
       67.4856
      ],
      [
       -29.8209,
       67.5366
      ],
      [
       -29.8457,
       67.5878
      ],
      [
       -29.8704,
       67.6389
      ],
      [
       -29.8951,
       67.6901
      ],
      [
       -29.9198,
       67.7413
      ],
      [
       -29.9444,
       67.7925
      ],
      [
       -29.9691,
       67.8438
      ],
      [
       -29.9937,
       67.8951
      ],
      [
       -30.0182,
       67.9465
      ],
      [
       -30.0428,
       67.9978
      ],
      [
       -30.0673,
       68.0493
      ],
      [
       -30.0919,
       68.1007
      ],
      [
       -30.1164,
       68.1522
      ],
      [
       -30.1408,
       68.2037
      ],
      [
       -30.1653,
       68.2553
      ],
      [
       -30.1897,
       68.3069
      ],
      [
       -30.2141,
       68.3585
      ],
      [
       -30.2385,
       68.4102
      ],
      [
       -30.2628,
       68.4619
      ],
      [
       -30.2871,
       68.5136
      ],
      [
       -30.3114,
       68.5654
      ],
      [
       -30.3357,
       68.6172
      ],
      [
       -30.36,
       68.6691
      ],
      [
       -30.3842,
       68.721
      ],
      [
       -30.4084,
       68.7729
      ],
      [
       -30.4326,
       68.8249
      ],
      [
       -30.4567,
       68.8769
      ],
      [
       -30.4809,
       68.9289
      ],
      [
       -30.505,
       68.981
      ],
      [
       -30.5291,
       69.0332
      ],
      [
       -30.5531,
       69.0853
      ],
      [
       -30.5772,
       69.1375
      ],
      [
       -30.6012,
       69.1898
      ],
      [
       -30.6252,
       69.2421
      ],
      [
       -30.6491,
       69.2944
      ],
      [
       -30.6731,
       69.3468
      ],
      [
       -30.697,
       69.3992
      ],
      [
       -30.7209,
       69.4516
      ],
      [
       -30.7447,
       69.5041
      ],
      [
       -30.7686,
       69.5567
      ],
      [
       -30.7924,
       69.6092
      ],
      [
       -30.8162,
       69.6619
      ],
      [
       -30.84,
       69.7145
      ],
      [
       -30.8637,
       69.7672
      ],
      [
       -30.8874,
       69.82
      ],
      [
       -30.9111,
       69.8728
      ],
      [
       -30.9348,
       69.9256
      ],
      [
       -30.9584,
       69.9785
      ],
      [
       -30.982,
       70.0314
      ],
      [
       -31.0056,
       70.0844
      ],
      [
       -31.0292,
       70.1374
      ],
      [
       -31.0527,
       70.1904
      ],
      [
       -31.0762,
       70.2435
      ],
      [
       -31.0997,
       70.2967
      ],
      [
       -31.1232,
       70.3499
      ],
      [
       -31.1466,
       70.4031
      ],
      [
       -31.17,
       70.4564
      ],
      [
       -31.1934,
       70.5097
      ],
      [
       -31.2168,
       70.5631
      ],
      [
       -31.2401,
       70.6165
      ],
      [
       -31.2634,
       70.67
      ],
      [
       -31.2867,
       70.7235
      ],
      [
       -31.3099,
       70.777
      ],
      [
       -31.3331,
       70.8306
      ],
      [
       -31.3563,
       70.8843
      ],
      [
       -31.3795,
       70.938
      ],
      [
       -31.4026,
       70.9918
      ],
      [
       -31.4257,
       71.0456
      ],
      [
       -31.4488,
       71.0994
      ],
      [
       -31.4718,
       71.1533
      ],
      [
       -31.4948,
       71.2073
      ],
      [
       -31.5178,
       71.2613
      ],
      [
       -31.5408,
       71.3153
      ],
      [
       -31.5637,
       71.3694
      ],
      [
       -31.5866,
       71.4236
      ],
      [
       -31.6094,
       71.4778
      ],
      [
       -31.6323,
       71.5321
      ],
      [
       -31.6551,
       71.5864
      ],
      [
       -31.6778,
       71.6407
      ],
      [
       -31.7006,
       71.6951
      ],
      [
       -31.7233,
       71.7496
      ],
      [
       -31.746,
       71.8041
      ],
      [
       -31.7686,
       71.8587
      ],
      [
       -31.7912,
       71.9133
      ],
      [
       -31.8138,
       71.968
      ],
      [
       -31.8363,
       72.0228
      ],
      [
       -31.8588,
       72.0775
      ],
      [
       -31.8813,
       72.1324
      ],
      [
       -31.9037,
       72.1873
      ],
      [
       -31.9261,
       72.2422
      ],
      [
       -31.9485,
       72.2972
      ],
      [
       -31.9708,
       72.3523
      ],
      [
       -31.9931,
       72.4074
      ],
      [
       -32.0153,
       72.4626
      ],
      [
       -32.0376,
       72.5179
      ],
      [
       -32.0597,
       72.5732
      ],
      [
       -32.0819,
       72.6285
      ],
      [
       -32.104,
       72.6839
      ],
      [
       -32.126,
       72.7394
      ],
      [
       -32.1481,
       72.7949
      ],
      [
       -32.17,
       72.8505
      ],
      [
       -32.192,
       72.9061
      ],
      [
       -32.2139,
       72.9619
      ],
      [
       -32.2357,
       73.0176
      ],
      [
       -32.2575,
       73.0734
      ],
      [
       -32.2793,
       73.1293
      ],
      [
       -32.301,
       73.1853
      ],
      [
       -32.3227,
       73.2413
      ],
      [
       -32.3444,
       73.2974
      ],
      [
       -32.366,
       73.3535
      ],
      [
       -32.3875,
       73.4097
      ],
      [
       -32.409,
       73.466
      ],
      [
       -32.4304,
       73.5223
      ],
      [
       -32.4519,
       73.5787
      ],
      [
       -32.4732,
       73.6351
      ],
      [
       -32.4945,
       73.6916
      ],
      [
       -32.5158,
       73.7482
      ],
      [
       -32.537,
       73.8049
      ],
      [
       -32.5581,
       73.8616
      ],
      [
       -32.5792,
       73.9184
      ],
      [
       -32.6003,
       73.9752
      ],
      [
       -32.6212,
       74.0321
      ],
      [
       -32.6422,
       74.0891
      ],
      [
       -32.6631,
       74.1462
      ],
      [
       -32.6839,
       74.2033
      ],
      [
       -32.7046,
       74.2605
      ],
      [
       -32.7253,
       74.3177
      ],
      [
       -32.746,
       74.375
      ],
      [
       -32.7666,
       74.4324
      ],
      [
       -32.7871,
       74.4899
      ],
      [
       -32.8076,
       74.5474
      ],
      [
       -32.8279,
       74.605
      ],
      [
       -32.8483,
       74.6627
      ],
      [
       -32.8685,
       74.7205
      ],
      [
       -32.8887,
       74.7783
      ],
      [
       -32.9089,
       74.8362
      ],
      [
       -32.9289,
       74.8942
      ],
      [
       -32.9489,
       74.9522
      ],
      [
       -32.9688,
       75.0103
      ],
      [
       -32.9887,
       75.0685
      ],
      [
       -33.0084,
       75.1268
      ],
      [
       -33.0281,
       75.1851
      ],
      [
       -33.0477,
       75.2435
      ],
      [
       -33.0673,
       75.302
      ],
      [
       -33.0867,
       75.3606
      ],
      [
       -33.1061,
       75.4192
      ],
      [
       -33.1254,
       75.478
      ],
      [
       -33.1446,
       75.5368
      ],
      [
       -33.1637,
       75.5957
      ],
      [
       -33.1827,
       75.6546
      ],
      [
       -33.2017,
       75.7137
      ],
      [
       -33.2205,
       75.7728
      ],
      [
       -33.2393,
       75.832
      ],
      [
       -33.258,
       75.8913
      ],
      [
       -33.2765,
       75.9507
      ],
      [
       -33.295,
       76.0101
      ],
      [
       -33.3134,
       76.0697
      ],
      [
       -33.3316,
       76.1293
      ],
      [
       -33.3498,
       76.189
      ],
      [
       -33.3678,
       76.2488
      ],
      [
       -33.3858,
       76.3086
      ],
      [
       -33.4036,
       76.3686
      ],
      [
       -33.4213,
       76.4286
      ],
      [
       -33.4389,
       76.4888
      ],
      [
       -33.4564,
       76.549
      ],
      [
       -33.4738,
       76.6093
      ],
      [
       -33.491,
       76.6697
      ],
      [
       -33.5082,
       76.7302
      ],
      [
       -33.5252,
       76.7908
      ],
      [
       -33.542,
       76.8514
      ],
      [
       -33.5588,
       76.9122
      ],
      [
       -33.5753,
       76.9731
      ],
      [
       -33.5918,
       77.034
      ],
      [
       -33.6081,
       77.095
      ],
      [
       -33.6243,
       77.1562
      ],
      [
       -33.6403,
       77.2174
      ],
      [
       -33.6562,
       77.2787
      ],
      [
       -33.6719,
       77.3401
      ],
      [
       -33.6842,
       77.4145
      ],
      [
       -33.6995,
       77.4761
      ],
      [
       -33.7146,
       77.5378
      ],
      [
       -33.7296,
       77.5997
      ],
      [
       -33.7444,
       77.6616
      ],
      [
       -33.759,
       77.7236
      ],
      [
       -33.7735,
       77.7857
      ],
      [
       -33.7878,
       77.8479
      ],
      [
       -33.8018,
       77.9103
      ],
      [
       -33.8157,
       77.9727
      ],
      [
       -33.8294,
       78.0352
      ],
      [
       -33.8428,
       78.0978
      ],
      [
       -33.8561,
       78.1606
      ],
      [
       -33.8692,
       78.2234
      ],
      [
       -33.882,
       78.2864
      ],
      [
       -33.8946,
       78.3494
      ],
      [
       -33.907,
       78.4126
      ],
      [
       -33.9192,
       78.4758
      ],
      [
       -33.9311,
       78.5392
      ],
      [
       -33.9428,
       78.6027
      ],
      [
       -33.9542,
       78.6663
      ],
      [
       -33.9653,
       78.73
      ],
      [
       -33.9762,
       78.7938
      ],
      [
       -33.9869,
       78.8578
      ],
      [
       -33.9972,
       78.9218
      ],
      [
       -34.0073,
       78.986
      ],
      [
       -34.0171,
       79.0503
      ],
      [
       -34.0266,
       79.1147
      ],
      [
       -34.0358,
       79.1792
      ],
      [
       -34.0446,
       79.2438
      ],
      [
       -34.0532,
       79.3085
      ],
      [
       -34.0614,
       79.3734
      ],
      [
       -34.0604,
       79.4522
      ],
      [
       -34.0678,
       79.5173
      ],
      [
       -34.0748,
       79.5825
      ],
      [
       -34.0814,
       79.6479
      ],
      [
       -34.0877,
       79.7134
      ],
      [
       -34.0936,
       79.779
      ],
      [
       -34.0991,
       79.8448
      ],
      [
       -34.1042,
       79.9107
      ],
      [
       -34.1088,
       79.9767
      ],
      [
       -34.1131,
       80.0428
      ],
      [
       -34.1168,
       80.1091
      ],
      [
       -34.1202,
       80.1755
      ],
      [
       -34.1231,
       80.242
      ],
      [
       -34.1254,
       80.3087
      ],
      [
       -34.1273,
       80.3755
      ],
      [
       -34.1287,
       80.4424
      ],
      [
       -34.1296,
       80.5095
      ],
      [
       -34.1299,
       80.5767
      ],
      [
       -34.1149,
       80.6585
      ],
      [
       -34.1138,
       80.726
      ],
      [
       -34.1122,
       80.7936
      ],
      [
       -34.1099,
       80.8614
      ],
      [
       -34.1071,
       80.9294
      ],
      [
       -34.1035,
       80.9975
      ],
      [
       -34.0993,
       81.0657
      ],
      [
       -34.0945,
       81.134
      ],
      [
       -34.0889,
       81.2026
      ],
      [
       -34.0826,
       81.2712
      ],
      [
       -34.0755,
       81.34
      ],
      [
       -34.047,
       81.424
      ],
      [
       -34.038,
       81.4932
      ],
      [
       -34.0282,
       81.5625
      ],
      [
       -34.0175,
       81.6319
      ],
      [
       -34.0059,
       81.7015
      ],
      [
       -33.9934,
       81.7713
      ],
      [
       -33.98,
       81.8412
      ],
      [
       -33.9656,
       81.9113
      ],
      [
       -33.9501,
       81.9815
      ],
      [
       -33.9066,
       82.0675
      ],
      [
       -33.8885,
       82.1381
      ],
      [
       -33.8693,
       82.2088
      ],
      [
       -33.849,
       82.2798
      ],
      [
       -33.8274,
       82.3509
      ],
      [
       -33.8046,
       82.4221
      ],
      [
       -33.7804,
       82.4936
      ],
      [
       -33.7211,
       82.5812
      ],
      [
       -33.6936,
       82.653
      ],
      [
       -33.6646,
       82.725
      ],
      [
       -33.6341,
       82.7971
      ],
      [
       -33.6021,
       82.8695
      ],
      [
       -33.5279,
       82.9584
      ],
      [
       -33.4917,
       83.0311
      ],
      [
       -33.4537,
       83.104
      ],
      [
       -33.4138,
       83.1771
      ],
      [
       -33.3721,
       83.2504
      ],
      [
       -33.2801,
       83.3407
      ],
      [
       -33.2333,
       83.4144
      ],
      [
       -33.1842,
       83.4882
      ],
      [
       -33.1328,
       83.5623
      ],
      [
       -33.0231,
       83.6538
      ],
      [
       -32.9657,
       83.7282
      ],
      [
       -32.9056,
       83.8029
      ],
      [
       -32.7792,
       83.8953
      ],
      [
       -32.7121,
       83.9704
      ],
      [
       -32.6419,
       84.0457
      ],
      [
       -32.5685,
       84.1212
      ],
      [
       -32.4183,
       84.2148
      ],
      [
       -32.3364,
       84.2907
      ],
      [
       -32.1695,
       84.3851
      ],
      [
       -32.078,
       84.4614
      ],
      [
       -31.9824,
       84.538
      ],
      [
       -31.7905,
       84.6333
      ],
      [
       -31.6837,
       84.7103
      ],
      [
       -31.4706,
       84.8063
      ],
      [
       -31.351,
       84.8838
      ],
      [
       -31.1143,
       84.9805
      ],
      [
       -30.9805,
       85.0584
      ],
      [
       -30.7174,
       85.1558
      ],
      [
       -30.5672,
       85.2341
      ],
      [
       -30.2745,
       85.3322
      ],
      [
       -30.1057,
       85.411
      ],
      [
       -29.7795,
       85.5096
      ],
      [
       -29.5895,
       85.5889
      ],
      [
       -29.2254,
       85.6881
      ],
      [
       -29.0108,
       85.7678
      ],
      [
       -28.6035,
       85.8676
      ],
      [
       -28.1658,
       85.9678
      ],
      [
       -27.9037,
       86.048
      ],
      [
       -27.4122,
       86.1486
      ],
      [
       -27.1137,
       86.2292
      ],
      [
       -26.56,
       86.3302
      ],
      [
       -25.9627,
       86.4314
      ],
      [
       -25.5925,
       86.5123
      ],
      [
       -24.9156,
       86.6137
      ],
      [
       -24.183,
       86.7151
      ],
      [
       -23.7187,
       86.7961
      ],
      [
       -22.8826,
       86.8975
      ],
      [
       -22.3434,
       86.9785
      ],
      [
       -21.384,
       87.0795
      ],
      [
       -20.7541,
       87.1603
      ],
      [
       -19.6465,
       87.2607
      ],
      [
       -18.9057,
       87.3411
      ],
      [
       -17.6188,
       87.4404
      ],
      [
       -16.7416,
       87.5201
      ],
      [
       -15.2359,
       87.6177
      ],
      [
       -14.1894,
       87.6963
      ],
      [
       -12.4155,
       87.7916
      ],
      [
       -11.158,
       87.8684
      ],
      [
       -9.7959,
       87.9444
      ],
      [
       -8.3182,
       88.0193
      ],
      [
       -5.8799,
       88.1077
      ],
      [
       -4.082,
       88.1792
      ],
      [
       -2.1241,
       88.249
      ],
      [
       1.0329,
       88.3281
      ],
      [
       3.422,
       88.3924
      ],
      [
       6.0239,
       88.4537
      ],
      [
       8.8547,
       88.5117
      ],
      [
       13.2347,
       88.5706
      ],
      [
       16.6245,
       88.6184
      ],
      [
       21.708,
       88.6608
      ],
      [
       25.6434,
       88.6954
      ],
      [
       29.7988,
       88.7234
      ],
      [
       35.6607,
       88.7354
      ],
      [
       40.1392,
       88.746
      ],
      [
       44.6924,
       88.7486
      ],
      [
       49.2615,
       88.743
      ],
      [
       52.4428,
       88.7483
      ],
      [
       56.9524,
       88.7287
      ],
      [
       60.1231,
       88.7239
      ],
      [
       64.4093,
       88.6906
      ],
      [
       67.4531,
       88.6758
      ],
      [
       70.4341,
       88.6569
      ],
      [
       73.3359,
       88.6337
      ],
      [
       76.1443,
       88.6066
      ],
      [
       78.8484,
       88.5755
      ],
      [
       80.7349,
       88.5699
      ],
      [
       83.2735,
       88.532
      ],
      [
       85.6865,
       88.4906
      ],
      [
       87.4327,
       88.4756
      ],
      [
       89.6474,
       88.428
      ],
      [
       91.2818,
       88.4069
      ],
      [
       93.2895,
       88.3534
      ],
      [
       94.7965,
       88.3262
      ],
      [
       96.25,
       88.2958
      ],
      [
       97.9699,
       88.2342
      ],
      [
       99.284,
       88.1979
      ],
      [
       100.8086,
       88.1313
      ],
      [
       102.2276,
       88.0624
      ],
      [
       103.3284,
       88.0179
      ],
      [
       104.5778,
       87.9445
      ],
      [
       105.7393,
       87.869
      ],
      [
       106.8193,
       87.7916
      ],
      [
       107.8238,
       87.7122
      ],
      [
       108.7582,
       87.6309
      ],
      [
       109.6277,
       87.5478
      ],
      [
       110.437,
       87.4628
      ],
      [
       111.1905,
       87.3761
      ],
      [
       111.9981,
       87.264
      ],
      [
       112.646,
       87.1741
      ],
      [
       113.25,
       87.0825
      ],
      [
       113.8991,
       86.9662
      ],
      [
       114.4206,
       86.8715
      ],
      [
       114.9821,
       86.7524
      ],
      [
       115.4334,
       86.6546
      ],
      [
       115.9208,
       86.5326
      ],
      [
       116.3724,
       86.409
      ],
      [
       116.7362,
       86.3068
      ],
      [
       117.1297,
       86.1803
      ],
      [
       117.4949,
       86.0521
      ],
      [
       117.834,
       85.9222
      ],
      [
       118.1073,
       85.8139
      ],
      [
       118.4032,
       85.6809
      ],
      [
       118.6778,
       85.5461
      ],
      [
       118.8975,
       85.4328
      ],
      [
       119.1367,
       85.2945
      ],
      [
       119.3581,
       85.1542
      ],
      [
       119.5629,
       85.012
      ],
      [
       119.7521,
       84.8676
      ],
      [
       119.9264,
       84.7211
      ],
      [
       120.0866,
       84.5723
      ],
      [
       120.2335,
       84.4212
      ],
      [
       120.3676,
       84.2676
      ],
      [
       120.4895,
       84.1114
      ],
      [
       120.5998,
       83.9525
      ],
      [
       120.6987,
       83.7907
      ],
      [
       120.7455,
       83.7039
      ],
      [
       120.7868,
       83.626
      ],
      [
       120.8283,
       83.5374
      ],
      [
       120.8644,
       83.4581
      ],
      [
       120.9008,
       83.3676
      ],
      [
       120.9317,
       83.2868
      ],
      [
       120.9631,
       83.1944
      ],
      [
       120.989,
       83.112
      ],
      [
       121.0156,
       83.0174
      ],
      [
       121.0365,
       82.9334
      ],
      [
       121.0582,
       82.8366
      ],
      [
       121.0744,
       82.7508
      ],
      [
       121.0913,
       82.6515
      ],
      [
       121.1027,
       82.5638
      ],
      [
       121.1148,
       82.462
      ],
      [
       121.1214,
       82.3722
      ],
      [
       121.1287,
       82.2676
      ],
      [
       121.1331,
       82.0679
      ],
      [
       121.1277,
       81.8625
      ],
      [
       121.1125,
       81.6509
      ],
      [
       121.0872,
       81.4324
      ],
      [
       121.0513,
       81.2063
      ],
      [
       121.0044,
       80.9718
      ],
      [
       120.9459,
       80.7278
      ],
      [
       120.8749,
       80.473
      ],
      [
       120.7904,
       80.2058
      ],
      [
       120.6907,
       79.9242
      ],
      [
       120.5741,
       79.6255
      ],
      [
       120.4377,
       79.3061
      ],
      [
       120.2777,
       78.9607
      ],
      [
       120.0881,
       78.5817
      ],
      [
       119.8594,
       78.1566
      ],
      [
       119.5735,
       77.6624
      ],
      [
       119.1899,
       77.0463
      ],
      [
       118.9565,
       76.6996
      ],
      [
       118.546,
       76.0981
      ],
      [
       118.1284,
       75.5627
      ],
      [
       117.857,
       75.4628
      ],
      [
       117.4269,
       75.4157
      ],
      [
       116.7905,
       75.3592
      ],
      [
       112.2409,
       75.2977
      ],
      [
       108.7341,
       76.4676
      ]
     ]
    ]
   }
  },
  {
   "type": "Feature",
   "properties": {
    "kind": "partial",
    "obscuration": 0.1,
    "percent": 10,
    "title": "10% of the solar disc obscured"
   },
   "geometry": {
    "type": "Polygon",
    "coordinates": [
     [
      [
       -180,
       53.4051
      ],
      [
       -179.7339,
       53.25
      ],
      [
       -179.5,
       53.1209
      ],
      [
       -179.2758,
       53
      ],
      [
       -179.25,
       52.985
      ],
      [
       -179,
       52.8422
      ],
      [
       -178.835,
       52.75
      ],
      [
       -178.75,
       52.7016
      ],
      [
       -178.5,
       52.5624
      ],
      [
       -178.3856,
       52.5
      ],
      [
       -178.25,
       52.4247
      ],
      [
       -178,
       52.2891
      ],
      [
       -177.9263,
       52.25
      ],
      [
       -177.75,
       52.1546
      ],
      [
       -177.5,
       52.0227
      ],
      [
       -177.4561,
       52
      ],
      [
       -177.25,
       51.8917
      ],
      [
       -177,
       51.75
      ],
      [
       -177,
       51.75
      ],
      [
       -176.75,
       51.6228
      ],
      [
       -176.5024,
       51.5
      ],
      [
       -176.5,
       51.4988
      ],
      [
       -176.25,
       51.3758
      ],
      [
       -175.9873,
       51.25
      ],
      [
       -175.75,
       51.1313
      ],
      [
       -175.4791,
       51
      ],
      [
       -175.25,
       50.8958
      ],
      [
       -175,
       50.7854
      ],
      [
       -174.917,
       50.75
      ],
      [
       -174.75,
       50.6735
      ],
      [
       -174.5,
       50.5601
      ],
      [
       -174.3517,
       50.5
      ],
      [
       -174.25,
       50.4559
      ],
      [
       -174,
       50.3519
      ],
      [
       -173.7455,
       50.25
      ],
      [
       -173.5,
       50.1548
      ],
      [
       -173.25,
       50.062
      ],
      [
       -173.0741,
       50
      ],
      [
       -173,
       49.9733
      ],
      [
       -172.75,
       49.8889
      ],
      [
       -172.5,
       49.8092
      ],
      [
       -172.3018,
       49.75
      ],
      [
       -172.25,
       49.7342
      ],
      [
       -172,
       49.6645
      ],
      [
       -171.75,
       49.6005
      ],
      [
       -171.5,
       49.5423
      ],
      [
       -171.2952,
       49.5
      ],
      [
       -171.25,
       49.4905
      ],
      [
       -171,
       49.446
      ],
      [
       -170.75,
       49.4092
      ],
      [
       -170.5,
       49.3809
      ],
      [
       -170.25,
       49.3618
      ],
      [
       -170,
       49.3532
      ],
      [
       -169.75,
       49.3566
      ],
      [
       -169.5,
       49.3735
      ],
      [
       -169.25,
       49.4062
      ],
      [
       -169,
       49.4573
      ],
      [
       -168.8405,
       49.5
      ],
      [
       -168.75,
       49.5251
      ],
      [
       -168.5,
       49.5946
      ],
      [
       -168.25,
       49.664
      ],
      [
       -168,
       49.7333
      ],
      [
       -167.9396,
       49.75
      ],
      [
       -167.75,
       49.8019
      ],
      [
       -167.5,
       49.8701
      ],
      [
       -167.25,
       49.9381
      ],
      [
       -167,
       50.006
      ],
      [
       -166.75,
       50.073
      ],
      [
       -166.5,
       50.1398
      ],
      [
       -166.25,
       50.2065
      ],
      [
       -166.0866,
       50.25
      ],
      [
       -166,
       50.2728
      ],
      [
       -165.75,
       50.3384
      ],
      [
       -165.5,
       50.4038
      ],
      [
       -165.25,
       50.4691
      ],
      [
       -165.1312,
       50.5
      ],
      [
       -165,
       50.5338
      ],
      [
       -164.75,
       50.5979
      ],
      [
       -164.5,
       50.6619
      ],
      [
       -164.25,
       50.7258
      ],
      [
       -164.1547,
       50.75
      ],
      [
       -164,
       50.7889
      ],
      [
       -163.75,
       50.8516
      ],
      [
       -163.5,
       50.9141
      ],
      [
       -163.25,
       50.9764
      ],
      [
       -163.1551,
       51
      ],
      [
       -163,
       51.0381
      ],
      [
       -162.75,
       51.0993
      ],
      [
       -162.5,
       51.1603
      ],
      [
       -162.25,
       51.2211
      ],
      [
       -162.1308,
       51.25
      ],
      [
       -162,
       51.2813
      ],
      [
       -161.75,
       51.341
      ],
      [
       -161.5,
       51.4005
      ],
      [
       -161.25,
       51.4597
      ],
      [
       -161.0794,
       51.5
      ],
      [
       -161,
       51.5185
      ],
      [
       -160.75,
       51.5766
      ],
      [
       -160.5,
       51.6345
      ],
      [
       -160.25,
       51.6922
      ],
      [
       -159.9986,
       51.75
      ],
      [
       -159.75,
       51.8062
      ],
      [
       -159.5,
       51.8625
      ],
      [
       -159.25,
       51.9186
      ],
      [
       -159,
       51.9744
      ],
      [
       -158.8849,
       52
      ],
      [
       -158.75,
       52.0296
      ],
      [
       -158.5,
       52.0843
      ],
      [
       -158.25,
       52.1388
      ],
      [
       -158,
       52.193
      ],
      [
       -157.7357,
       52.25
      ],
      [
       -157.5,
       52.3
      ],
      [
       -157.25,
       52.3528
      ],
      [
       -157,
       52.4053
      ],
      [
       -156.75,
       52.4576
      ],
      [
       -156.5463,
       52.5
      ],
      [
       -156.5,
       52.5095
      ],
      [
       -156.25,
       52.5606
      ],
      [
       -156,
       52.6115
      ],
      [
       -155.75,
       52.6621
      ],
      [
       -155.5,
       52.7124
      ],
      [
       -155.3123,
       52.75
      ],
      [
       -155.25,
       52.7623
      ],
      [
       -155,
       52.8115
      ],
      [
       -154.75,
       52.8604
      ],
      [
       -154.5,
       52.909
      ],
      [
       -154.25,
       52.9573
      ],
      [
       -154,
       53.0053
      ],
      [
       -153.75,
       53.0525
      ],
      [
       -153.5,
       53.0994
      ],
      [
       -153.25,
       53.1459
      ],
      [
       -153,
       53.1923
      ],
      [
       -152.75,
       53.2383
      ],
      [
       -152.6859,
       53.25
      ],
      [
       -152.5,
       53.2836
      ],
      [
       -152.25,
       53.3284
      ],
      [
       -152,
       53.373
      ],
      [
       -151.75,
       53.4172
      ],
      [
       -151.5,
       53.4612
      ],
      [
       -151.25,
       53.5048
      ],
      [
       -151,
       53.5475
      ],
      [
       -150.75,
       53.59
      ],
      [
       -150.5,
       53.6322
      ],
      [
       -150.25,
       53.674
      ],
      [
       -150,
       53.7156
      ],
      [
       -149.7912,
       53.75
      ],
      [
       -149.75,
       53.7567
      ],
      [
       -149.5,
       53.7971
      ],
      [
       -149.25,
       53.8371
      ],
      [
       -149,
       53.8768
      ],
      [
       -148.75,
       53.9163
      ],
      [
       -148.5,
       53.9554
      ],
      [
       -148.25,
       53.9941
      ],
      [
       -148.2118,
       54
      ],
      [
       -148,
       54.0321
      ],
      [
       -147.75,
       54.0697
      ],
      [
       -147.5,
       54.107
      ],
      [
       -147.25,
       54.1439
      ],
      [
       -147,
       54.1805
      ],
      [
       -146.75,
       54.2168
      ],
      [
       -146.5,
       54.2527
      ],
      [
       -146.25,
       54.2878
      ],
      [
       -146,
       54.3225
      ],
      [
       -145.75,
       54.3569
      ],
      [
       -145.5,
       54.391
      ],
      [
       -145.25,
       54.4247
      ],
      [
       -145,
       54.4581
      ],
      [
       -144.75,
       54.4911
      ],
      [
       -144.6822,
       54.5
      ],
      [
       -144.5,
       54.5235
      ],
      [
       -144.25,
       54.5554
      ],
      [
       -144,
       54.5869
      ],
      [
       -143.75,
       54.618
      ],
      [
       -143.5,
       54.6488
      ],
      [
       -143.25,
       54.6793
      ],
      [
       -143,
       54.7094
      ],
      [
       -142.75,
       54.7391
      ],
      [
       -142.6571,
       54.75
      ],
      [
       -142.5,
       54.7682
      ],
      [
       -142.25,
       54.7968
      ],
      [
       -142,
       54.825
      ],
      [
       -141.75,
       54.8528
      ],
      [
       -141.5,
       54.8803
      ],
      [
       -141.25,
       54.9074
      ],
      [
       -141,
       54.9341
      ],
      [
       -140.75,
       54.9604
      ],
      [
       -140.5,
       54.9864
      ],
      [
       -140.3673,
       55
      ],
      [
       -140.25,
       55.0118
      ],
      [
       -140,
       55.0367
      ],
      [
       -139.75,
       55.0611
      ],
      [
       -139.5,
       55.0852
      ],
      [
       -139.25,
       55.1089
      ],
      [
       -139,
       55.1322
      ],
      [
       -138.75,
       55.1552
      ],
      [
       -138.5,
       55.1777
      ],
      [
       -138.25,
       55.1998
      ],
      [
       -138,
       55.2216
      ],
      [
       -137.75,
       55.2429
      ],
      [
       -137.6655,
       55.25
      ],
      [
       -137.5,
       55.2637
      ],
      [
       -137.25,
       55.2839
      ],
      [
       -137,
       55.3038
      ],
      [
       -136.75,
       55.3232
      ],
      [
       -136.5,
       55.3423
      ],
      [
       -136.25,
       55.361
      ],
      [
       -136,
       55.3792
      ],
      [
       -135.75,
       55.3971
      ],
      [
       -135.5,
       55.4145
      ],
      [
       -135.25,
       55.4315
      ],
      [
       -135,
       55.4481
      ],
      [
       -134.75,
       55.4643
      ],
      [
       -134.5,
       55.4801
      ],
      [
       -134.25,
       55.4955
      ],
      [
       -134.1749,
       55.5
      ],
      [
       -134,
       55.5103
      ],
      [
       -133.75,
       55.5246
      ],
      [
       -133.5,
       55.5385
      ],
      [
       -133.25,
       55.552
      ],
      [
       -133,
       55.5651
      ],
      [
       -132.75,
       55.5777
      ],
      [
       -132.5,
       55.59
      ],
      [
       -132.25,
       55.6018
      ],
      [
       -132,
       55.6131
      ],
      [
       -131.75,
       55.6241
      ],
      [
       -131.5,
       55.6346
      ],
      [
       -131.25,
       55.6447
      ],
      [
       -131,
       55.6543
      ],
      [
       -130.75,
       55.6636
      ],
      [
       -130.5,
       55.6723
      ],
      [
       -130.25,
       55.6807
      ],
      [
       -130,
       55.6886
      ],
      [
       -129.75,
       55.6961
      ],
      [
       -129.5,
       55.7031
      ],
      [
       -129.25,
       55.7097
      ],
      [
       -129,
       55.7158
      ],
      [
       -128.75,
       55.7215
      ],
      [
       -128.5,
       55.7268
      ],
      [
       -128.25,
       55.7316
      ],
      [
       -128,
       55.7359
      ],
      [
       -127.75,
       55.7398
      ],
      [
       -127.5,
       55.7432
      ],
      [
       -127.25,
       55.7462
      ],
      [
       -127,
       55.7488
      ],
      [
       -126.8524,
       55.75
      ],
      [
       -126.75,
       55.7508
      ],
      [
       -126.5,
       55.7524
      ],
      [
       -126.25,
       55.7536
      ],
      [
       -126,
       55.7543
      ],
      [
       -125.75,
       55.7545
      ],
      [
       -125.5,
       55.7543
      ],
      [
       -125.25,
       55.7536
      ],
      [
       -125,
       55.7524
      ],
      [
       -124.75,
       55.7509
      ],
      [
       -124.6469,
       55.75
      ],
      [
       -124.5,
       55.7488
      ],
      [
       -124.25,
       55.7462
      ],
      [
       -124,
       55.7432
      ],
      [
       -123.75,
       55.7397
      ],
      [
       -123.5,
       55.7357
      ],
      [
       -123.25,
       55.7312
      ],
      [
       -123,
       55.7263
      ],
      [
       -122.75,
       55.7209
      ],
      [
       -122.5,
       55.715
      ],
      [
       -122.25,
       55.7087
      ],
      [
       -122,
       55.7019
      ],
      [
       -121.75,
       55.6945
      ],
      [
       -121.5,
       55.6867
      ],
      [
       -121.25,
       55.6785
      ],
      [
       -121,
       55.6697
      ],
      [
       -120.75,
       55.6605
      ],
      [
       -120.5,
       55.6507
      ],
      [
       -120.25,
       55.6405
      ],
      [
       -120,
       55.6298
      ],
      [
       -119.75,
       55.6186
      ],
      [
       -119.5,
       55.6069
      ],
      [
       -119.25,
       55.5948
      ],
      [
       -119,
       55.5821
      ],
      [
       -118.75,
       55.569
      ],
      [
       -118.5,
       55.5553
      ],
      [
       -118.25,
       55.5412
      ],
      [
       -118,
       55.5265
      ],
      [
       -117.75,
       55.5114
      ],
      [
       -117.5673,
       55.5
      ],
      [
       -117.5,
       55.4957
      ],
      [
       -117.25,
       55.4794
      ],
      [
       -117,
       55.4625
      ],
      [
       -116.75,
       55.4451
      ],
      [
       -116.5,
       55.4273
      ],
      [
       -116.25,
       55.4089
      ],
      [
       -116,
       55.39
      ],
      [
       -115.75,
       55.3706
      ],
      [
       -115.5,
       55.3507
      ],
      [
       -115.25,
       55.3303
      ],
      [
       -115,
       55.3094
      ],
      [
       -114.75,
       55.288
      ],
      [
       -114.5,
       55.2661
      ],
      [
       -114.3214,
       55.25
      ],
      [
       -114.25,
       55.2435
      ],
      [
       -114,
       55.2202
      ],
      [
       -113.75,
       55.1964
      ],
      [
       -113.5,
       55.172
      ],
      [
       -113.25,
       55.1472
      ],
      [
       -113,
       55.1218
      ],
      [
       -112.75,
       55.0959
      ],
      [
       -112.5,
       55.0695
      ],
      [
       -112.25,
       55.0425
      ],
      [
       -112,
       55.015
      ],
      [
       -111.8657,
       55
      ],
      [
       -111.75,
       54.9869
      ],
      [
       -111.5,
       54.9579
      ],
      [
       -111.25,
       54.9284
      ],
      [
       -111,
       54.8984
      ],
      [
       -110.75,
       54.8679
      ],
      [
       -110.5,
       54.8368
      ],
      [
       -110.25,
       54.8052
      ],
      [
       -110,
       54.7731
      ],
      [
       -109.8234,
       54.75
      ],
      [
       -109.75,
       54.7403
      ],
      [
       -109.5,
       54.7066
      ],
      [
       -109.25,
       54.6724
      ],
      [
       -109,
       54.6376
      ],
      [
       -108.75,
       54.6023
      ],
      [
       -108.5,
       54.5664
      ],
      [
       -108.25,
       54.53
      ],
      [
       -108.0471,
       54.5
      ],
      [
       -108,
       54.4929
      ],
      [
       -107.75,
       54.4549
      ],
      [
       -107.5,
       54.4163
      ],
      [
       -107.25,
       54.3772
      ],
      [
       -107,
       54.3375
      ],
      [
       -106.75,
       54.2973
      ],
      [
       -106.5,
       54.2565
      ],
      [
       -106.461,
       54.25
      ],
      [
       -106.25,
       54.2146
      ],
      [
       -106,
       54.1721
      ],
      [
       -105.75,
       54.129
      ],
      [
       -105.5,
       54.0854
      ],
      [
       -105.25,
       54.0412
      ],
      [
       -105.0196,
       54
      ],
      [
       -105,
       53.9965
      ],
      [
       -104.75,
       53.9505
      ],
      [
       -104.5,
       53.904
      ],
      [
       -104.25,
       53.8569
      ],
      [
       -104,
       53.8093
      ],
      [
       -103.75,
       53.761
      ],
      [
       -103.6935,
       53.75
      ],
      [
       -103.5,
       53.7117
      ],
      [
       -103.25,
       53.6616
      ],
      [
       -103,
       53.611
      ],
      [
       -102.75,
       53.5598
      ],
      [
       -102.5,
       53.5081
      ],
      [
       -102.4616,
       53.5
      ],
      [
       -102.25,
       53.4551
      ],
      [
       -102,
       53.4014
      ],
      [
       -101.75,
       53.3472
      ],
      [
       -101.5,
       53.2923
      ],
      [
       -101.3091,
       53.25
      ],
      [
       -101.25,
       53.2367
      ],
      [
       -101,
       53.1799
      ],
      [
       -100.75,
       53.1226
      ],
      [
       -100.5,
       53.0646
      ],
      [
       -100.2242,
       53
      ],
      [
       -100,
       52.9462
      ],
      [
       -99.75,
       52.8857
      ],
      [
       -99.5,
       52.8246
      ],
      [
       -99.25,
       52.7628
      ],
      [
       -99.1985,
       52.75
      ],
      [
       -99,
       52.6998
      ],
      [
       -98.75,
       52.6361
      ],
      [
       -98.5,
       52.5717
      ],
      [
       -98.2244,
       52.5
      ],
      [
       -98,
       52.4403
      ],
      [
       -97.75,
       52.3732
      ],
      [
       -97.5,
       52.3056
      ],
      [
       -97.2966,
       52.25
      ],
      [
       -97.25,
       52.2371
      ],
      [
       -97,
       52.1673
      ],
      [
       -96.75,
       52.0969
      ],
      [
       -96.5,
       52.0258
      ],
      [
       -96.41,
       52
      ],
      [
       -96.25,
       51.9535
      ],
      [
       -96,
       51.8803
      ],
      [
       -95.75,
       51.8065
      ],
      [
       -95.5604,
       51.75
      ],
      [
       -95.5,
       51.7318
      ],
      [
       -95.25,
       51.6557
      ],
      [
       -95,
       51.579
      ],
      [
       -94.7445,
       51.5
      ],
      [
       -94.5,
       51.4228
      ],
      [
       -94.25,
       51.3432
      ],
      [
       -94,
       51.263
      ],
      [
       -93.9599,
       51.25
      ],
      [
       -93.75,
       51.1812
      ],
      [
       -93.5,
       51.0987
      ],
      [
       -93.25,
       51.0156
      ],
      [
       -93.2035,
       51
      ],
      [
       -93,
       50.9309
      ],
      [
       -92.75,
       50.8454
      ],
      [
       -92.4732,
       50.75
      ],
      [
       -92.25,
       50.6715
      ],
      [
       -92,
       50.583
      ],
      [
       -91.7672,
       50.5
      ],
      [
       -91.75,
       50.4938
      ],
      [
       -91.5,
       50.4028
      ],
      [
       -91.25,
       50.3113
      ],
      [
       -91.0839,
       50.25
      ],
      [
       -91,
       50.2187
      ],
      [
       -90.75,
       50.1246
      ],
      [
       -90.5,
       50.03
      ],
      [
       -90.4214,
       50
      ],
      [
       -90.25,
       49.9338
      ],
      [
       -90,
       49.8367
      ],
      [
       -89.7783,
       49.75
      ],
      [
       -89.75,
       49.7388
      ],
      [
       -89.5,
       49.6391
      ],
      [
       -89.25,
       49.5388
      ],
      [
       -89.154,
       49.5
      ],
      [
       -89,
       49.4371
      ],
      [
       -88.75,
       49.3342
      ],
      [
       -88.5466,
       49.25
      ],
      [
       -88.5,
       49.2305
      ],
      [
       -88.25,
       49.125
      ],
      [
       -88,
       49.019
      ],
      [
       -87.9556,
       49
      ],
      [
       -87.75,
       48.9112
      ],
      [
       -87.5,
       48.8025
      ],
      [
       -87.3801,
       48.75
      ],
      [
       -87.25,
       48.6925
      ],
      [
       -87,
       48.5812
      ],
      [
       -86.8188,
       48.5
      ],
      [
       -86.75,
       48.4689
      ],
      [
       -86.5,
       48.3549
      ],
      [
       -86.2711,
       48.25
      ],
      [
       -86.25,
       48.2402
      ],
      [
       -86,
       48.1236
      ],
      [
       -85.7365,
       48
      ],
      [
       -85.5,
       47.8871
      ],
      [
       -85.25,
       47.7672
      ],
      [
       -85.2144,
       47.75
      ],
      [
       -85,
       47.6453
      ],
      [
       -84.75,
       47.5227
      ],
      [
       -84.704,
       47.5
      ],
      [
       -84.5,
       47.3982
      ],
      [
       -84.25,
       47.2729
      ],
      [
       -84.2047,
       47.25
      ],
      [
       -84,
       47.1456
      ],
      [
       -83.75,
       47.0176
      ],
      [
       -83.716,
       47
      ],
      [
       -83.5,
       46.8875
      ],
      [
       -83.2373,
       46.75
      ],
      [
       -83,
       46.6237
      ],
      [
       -82.7685,
       46.5
      ],
      [
       -82.75,
       46.49
      ],
      [
       -82.5,
       46.3542
      ],
      [
       -82.309,
       46.25
      ],
      [
       -82.25,
       46.2175
      ],
      [
       -82,
       46.0789
      ],
      [
       -81.8583,
       46
      ],
      [
       -81.75,
       45.9391
      ],
      [
       -81.5,
       45.7978
      ],
      [
       -81.416,
       45.75
      ],
      [
       -81.25,
       45.6548
      ],
      [
       -80.9815,
       45.5
      ],
      [
       -80.75,
       45.3645
      ],
      [
       -80.5552,
       45.25
      ],
      [
       -80.5,
       45.2173
      ],
      [
       -80.25,
       45.0682
      ],
      [
       -80.1363,
       45
      ],
      [
       -80,
       44.9176
      ],
      [
       -79.7242,
       44.75
      ],
      [
       -79.5,
       44.6118
      ],
      [
       -79.3194,
       44.5
      ],
      [
       -79.25,
       44.4567
      ],
      [
       -79,
       44.2998
      ],
      [
       -78.921,
       44.25
      ],
      [
       -78.75,
       44.1413
      ],
      [
       -78.5287,
       44
      ],
      [
       -78.5,
       43.9815
      ],
      [
       -78.25,
       43.8196
      ],
      [
       -78.1429,
       43.75
      ],
      [
       -78,
       43.6563
      ],
      [
       -77.7625,
       43.5
      ],
      [
       -77.75,
       43.4917
      ],
      [
       -77.5,
       43.3249
      ],
      [
       -77.3882,
       43.25
      ],
      [
       -77.25,
       43.1567
      ],
      [
       -77.0189,
       43
      ],
      [
       -77,
       42.9871
      ],
      [
       -76.75,
       42.8154
      ],
      [
       -76.6552,
       42.75
      ],
      [
       -76.5,
       42.6422
      ],
      [
       -76.2962,
       42.5
      ],
      [
       -76.25,
       42.4676
      ],
      [
       -76,
       42.2911
      ],
      [
       -75.9421,
       42.25
      ],
      [
       -75.75,
       42.1127
      ],
      [
       -75.5928,
       42
      ],
      [
       -75.5,
       41.933
      ],
      [
       -75.2475,
       41.75
      ],
      [
       -75,
       41.5684
      ],
      [
       -74.9072,
       41.5
      ],
      [
       -74.75,
       41.3835
      ],
      [
       -74.5706,
       41.25
      ],
      [
       -74.5,
       41.1971
      ],
      [
       -74.2379,
       41
      ],
      [
       -74,
       40.8191
      ],
      [
       -73.9095,
       40.75
      ],
      [
       -73.75,
       40.6275
      ],
      [
       -73.5845,
       40.5
      ],
      [
       -73.5,
       40.4344
      ],
      [
       -73.263,
       40.25
      ],
      [
       -73.25,
       40.2399
      ],
      [
       -73,
       40.0433
      ],
      [
       -72.9452,
       40
      ],
      [
       -72.75,
       39.8451
      ],
      [
       -72.6306,
       39.75
      ],
      [
       -72.5,
       39.6454
      ],
      [
       -72.3191,
       39.5
      ],
      [
       -72.25,
       39.4441
      ],
      [
       -72.0105,
       39.25
      ],
      [
       -72,
       39.2414
      ],
      [
       -71.75,
       39.0368
      ],
      [
       -71.7052,
       39
      ],
      [
       -71.5,
       38.8305
      ],
      [
       -71.4027,
       38.75
      ],
      [
       -71.25,
       38.6229
      ],
      [
       -71.1028,
       38.5
      ],
      [
       -71,
       38.4137
      ],
      [
       -70.8055,
       38.25
      ],
      [
       -70.75,
       38.2031
      ],
      [
       -70.5106,
       38
      ],
      [
       -70.5,
       37.991
      ],
      [
       -70.25,
       37.7772
      ],
      [
       -70.2183,
       37.75
      ],
      [
       -70,
       37.5619
      ],
      [
       -69.9284,
       37.5
      ],
      [
       -69.75,
       37.3452
      ],
      [
       -69.6406,
       37.25
      ],
      [
       -69.5,
       37.1271
      ],
      [
       -69.3549,
       37
      ],
      [
       -69.25,
       36.9077
      ],
      [
       -69.0712,
       36.75
      ],
      [
       -69,
       36.6869
      ],
      [
       -68.7894,
       36.5
      ],
      [
       -68.75,
       36.4648
      ],
      [
       -68.5095,
       36.25
      ],
      [
       -68.5,
       36.2415
      ],
      [
       -68.2314,
       36
      ],
      [
       -68,
       35.7906
      ],
      [
       -67.9552,
       35.75
      ],
      [
       -67.75,
       35.5634
      ],
      [
       -67.6804,
       35.5
      ],
      [
       -67.5,
       35.335
      ],
      [
       -67.4072,
       35.25
      ],
      [
       -67.25,
       35.1055
      ],
      [
       -67.1355,
       35
      ],
      [
       -67,
       34.8749
      ],
      [
       -66.865,
       34.75
      ],
      [
       -66.75,
       34.6432
      ],
      [
       -66.5959,
       34.5
      ],
      [
       -66.5,
       34.4106
      ],
      [
       -66.328,
       34.25
      ],
      [
       -66.25,
       34.177
      ],
      [
       -66.0612,
       34
      ],
      [
       -66,
       33.9425
      ],
      [
       -65.7955,
       33.75
      ],
      [
       -65.75,
       33.707
      ],
      [
       -65.5309,
       33.5
      ],
      [
       -65.5,
       33.4708
      ],
      [
       -65.2671,
       33.25
      ],
      [
       -65.25,
       33.2337
      ],
      [
       -65.0043,
       33
      ],
      [
       -65,
       32.9959
      ],
      [
       -64.7423,
       32.75
      ],
      [
       -64.4811,
       32.5
      ],
      [
       -64.2205,
       32.25
      ],
      [
       -64,
       32.0379
      ],
      [
       -63.9606,
       32
      ],
      [
       -63.75,
       31.797
      ],
      [
       -63.7012,
       31.75
      ],
      [
       -63.5,
       31.5557
      ],
      [
       -63.4423,
       31.5
      ],
      [
       -63.25,
       31.314
      ],
      [
       -63.1838,
       31.25
      ],
      [
       -63,
       31.0719
      ],
      [
       -62.9257,
       31
      ],
      [
       -62.75,
       30.8296
      ],
      [
       -62.6679,
       30.75
      ],
      [
       -62.5,
       30.587
      ],
      [
       -62.4104,
       30.5
      ],
      [
       -62.25,
       30.3442
      ],
      [
       -62.153,
       30.25
      ],
      [
       -62,
       30.1013
      ],
      [
       -61.8957,
       30
      ],
      [
       -61.75,
       29.8583
      ],
      [
       -61.6385,
       29.75
      ],
      [
       -61.5,
       29.6153
      ],
      [
       -61.3814,
       29.5
      ],
      [
       -61.25,
       29.3723
      ],
      [
       -61.1241,
       29.25
      ],
      [
       -61,
       29.1294
      ],
      [
       -60.8668,
       29
      ],
      [
       -60.75,
       28.8866
      ],
      [
       -60.6092,
       28.75
      ],
      [
       -60.5,
       28.644
      ],
      [
       -60.3515,
       28.5
      ],
      [
       -60.25,
       28.4016
      ],
      [
       -60.0935,
       28.25
      ],
      [
       -60,
       28.1595
      ],
      [
       -59.8351,
       28
      ],
      [
       -59.75,
       27.9177
      ],
      [
       -59.5763,
       27.75
      ],
      [
       -59.5,
       27.6763
      ],
      [
       -59.3171,
       27.5
      ],
      [
       -59.25,
       27.4353
      ],
      [
       -59.0574,
       27.25
      ],
      [
       -59,
       27.1948
      ],
      [
       -58.7971,
       27
      ],
      [
       -58.75,
       26.9548
      ],
      [
       -58.5361,
       26.75
      ],
      [
       -58.5,
       26.7154
      ],
      [
       -58.2745,
       26.5
      ],
      [
       -58.25,
       26.4766
      ],
      [
       -58.0121,
       26.25
      ],
      [
       -58,
       26.2385
      ],
      [
       -57.749,
       26
      ],
      [
       -57.485,
       25.75
      ],
      [
       -57.2202,
       25.5
      ],
      [
       -57,
       25.2929
      ],
      [
       -56.9543,
       25.25
      ],
      [
       -56.75,
       25.0585
      ],
      [
       -56.6875,
       25
      ],
      [
       -56.5,
       24.825
      ],
      [
       -56.4195,
       24.75
      ],
      [
       -56.25,
       24.5924
      ],
      [
       -56.1504,
       24.5
      ],
      [
       -56,
       24.3608
      ],
      [
       -55.88,
       24.25
      ],
      [
       -55.75,
       24.1301
      ],
      [
       -55.6084,
       24
      ],
      [
       -55.5,
       23.9005
      ],
      [
       -55.3354,
       23.75
      ],
      [
       -55.25,
       23.672
      ],
      [
       -55.0611,
       23.5
      ],
      [
       -55,
       23.4445
      ],
      [
       -54.7852,
       23.25
      ],
      [
       -54.75,
       23.2182
      ],
      [
       -54.5078,
       23
      ],
      [
       -54.5,
       22.993
      ],
      [
       -54.229,
       22.75
      ],
      [
       -54,
       22.5458
      ],
      [
       -53.9485,
       22.5
      ],
      [
       -53.75,
       22.3239
      ],
      [
       -53.6663,
       22.25
      ],
      [
       -53.5,
       22.1033
      ],
      [
       -53.3823,
       22
      ],
      [
       -53.25,
       21.884
      ],
      [
       -53.0964,
       21.75
      ],
      [
       -53,
       21.666
      ],
      [
       -52.8086,
       21.5
      ],
      [
       -52.75,
       21.4492
      ],
      [
       -52.5188,
       21.25
      ],
      [
       -52.5,
       21.2338
      ],
      [
       -52.227,
       21
      ],
      [
       -52,
       20.8066
      ],
      [
       -51.9331,
       20.75
      ],
      [
       -51.75,
       20.595
      ],
      [
       -51.6371,
       20.5
      ],
      [
       -51.5,
       20.3848
      ],
      [
       -51.3387,
       20.25
      ],
      [
       -51.25,
       20.176
      ],
      [
       -51.0379,
       20
      ],
      [
       -51,
       19.9686
      ],
      [
       -50.7347,
       19.75
      ],
      [
       -50.5,
       19.5577
      ],
      [
       -50.4292,
       19.5
      ],
      [
       -50.25,
       19.3543
      ],
      [
       -50.121,
       19.25
      ],
      [
       -50,
       19.1523
      ],
      [
       -49.8101,
       19
      ],
      [
       -49.75,
       18.9519
      ],
      [
       -49.4964,
       18.75
      ],
      [
       -49.25,
       18.555
      ],
      [
       -49.18,
       18.5
      ],
      [
       -49,
       18.3586
      ],
      [
       -48.8607,
       18.25
      ],
      [
       -48.75,
       18.1638
      ],
      [
       -48.5383,
       18
      ],
      [
       -48.5,
       17.9704
      ],
      [
       -48.25,
       17.7784
      ],
      [
       -48.2128,
       17.75
      ],
      [
       -48,
       17.5876
      ],
      [
       -47.8843,
       17.5
      ],
      [
       -47.75,
       17.3984
      ],
      [
       -47.5523,
       17.25
      ],
      [
       -47.5,
       17.2108
      ],
      [
       -47.25,
       17.0245
      ],
      [
       -47.2169,
       17
      ],
      [
       -47,
       16.8394
      ],
      [
       -46.8782,
       16.75
      ],
      [
       -46.75,
       16.6559
      ],
      [
       -46.5358,
       16.5
      ],
      [
       -46.5,
       16.474
      ],
      [
       -46.25,
       16.2933
      ],
      [
       -46.1897,
       16.25
      ],
      [
       -46,
       16.1139
      ],
      [
       -45.8398,
       16
      ],
      [
       -45.75,
       15.9361
      ],
      [
       -45.4859,
       15.75
      ],
      [
       -45.25,
       15.5847
      ],
      [
       -45.1281,
       15.5
      ],
      [
       -45,
       15.411
      ],
      [
       -44.766,
       15.25
      ],
      [
       -44.75,
       15.239
      ],
      [
       -44.5,
       15.068
      ],
      [
       -44.3998,
       15
      ],
      [
       -44.25,
       14.8985
      ],
      [
       -44.029,
       14.75
      ],
      [
       -44,
       14.7306
      ],
      [
       -43.75,
       14.5637
      ],
      [
       -43.6537,
       14.5
      ],
      [
       -43.5,
       14.3983
      ],
      [
       -43.2736,
       14.25
      ],
      [
       -43.25,
       14.2345
      ],
      [
       -43,
       14.0717
      ],
      [
       -42.8888,
       14
      ],
      [
       -42.75,
       13.9104
      ],
      [
       -42.4988,
       13.75
      ],
      [
       -42.25,
       13.5919
      ],
      [
       -42.1039,
       13.5
      ],
      [
       -42,
       13.4346
      ],
      [
       -41.75,
       13.2787
      ],
      [
       -41.7036,
       13.25
      ],
      [
       -41.5,
       13.1239
      ],
      [
       -41.2977,
       13
      ],
      [
       -41.25,
       12.9707
      ],
      [
       -41,
       12.8186
      ],
      [
       -40.8863,
       12.75
      ],
      [
       -40.75,
       12.6678
      ],
      [
       -40.4689,
       12.5
      ],
      [
       -40.25,
       12.37
      ],
      [
       -40.0455,
       12.25
      ],
      [
       -40,
       12.2233
      ],
      [
       -39.75,
       12.0774
      ],
      [
       -39.6159,
       12
      ],
      [
       -39.5,
       11.933
      ],
      [
       -39.25,
       11.7899
      ],
      [
       -39.1798,
       11.75
      ],
      [
       -39,
       11.6478
      ],
      [
       -38.737,
       11.5
      ],
      [
       -38.5,
       11.3675
      ],
      [
       -38.2873,
       11.25
      ],
      [
       -38.25,
       11.2293
      ],
      [
       -38,
       11.092
      ],
      [
       -37.8305,
       11
      ],
      [
       -37.75,
       10.9562
      ],
      [
       -37.5,
       10.8214
      ],
      [
       -37.3663,
       10.75
      ],
      [
       -37.25,
       10.6878
      ],
      [
       -37,
       10.5554
      ],
      [
       -36.8943,
       10.5
      ],
      [
       -36.75,
       10.4241
      ],
      [
       -36.5,
       10.2941
      ],
      [
       -36.4144,
       10.25
      ],
      [
       -36.25,
       10.1651
      ],
      [
       -36,
       10.0373
      ],
      [
       -35.9263,
       10
      ],
      [
       -35.75,
       9.9105
      ],
      [
       -35.5,
       9.7851
      ],
      [
       -35.4295,
       9.75
      ],
      [
       -35.25,
       9.6605
      ],
      [
       -35,
       9.5372
      ],
      [
       -34.9238,
       9.5
      ],
      [
       -34.75,
       9.4148
      ],
      [
       -34.5,
       9.2937
      ],
      [
       -34.4089,
       9.25
      ],
      [
       -34.25,
       9.1735
      ],
      [
       -34,
       9.0545
      ],
      [
       -33.8843,
       9
      ],
      [
       -33.75,
       8.9365
      ],
      [
       -33.5,
       8.8196
      ],
      [
       -33.3496,
       8.75
      ],
      [
       -33.25,
       8.7038
      ],
      [
       -33,
       8.5888
      ],
      [
       -32.8044,
       8.5
      ],
      [
       -32.75,
       8.4752
      ],
      [
       -32.5,
       8.3622
      ],
      [
       -32.2483,
       8.25
      ],
      [
       -32,
       8.1397
      ],
      [
       -31.75,
       8.0301
      ],
      [
       -31.6808,
       8
      ],
      [
       -31.5,
       7.9212
      ],
      [
       -31.25,
       7.8134
      ],
      [
       -31.1012,
       7.75
      ],
      [
       -31,
       7.7067
      ],
      [
       -30.75,
       7.6007
      ],
      [
       -30.5092,
       7.5
      ],
      [
       -30.5,
       7.4961
      ],
      [
       -30.25,
       7.3919
      ],
      [
       -30,
       7.2891
      ],
      [
       -29.904,
       7.25
      ],
      [
       -29.75,
       7.187
      ],
      [
       -29.5,
       7.0859
      ],
      [
       -29.285,
       7
      ],
      [
       -29.25,
       6.986
      ],
      [
       -29,
       6.8864
      ],
      [
       -28.75,
       6.7883
      ],
      [
       -28.6515,
       6.75
      ],
      [
       -28.5,
       6.6908
      ],
      [
       -28.25,
       6.5942
      ],
      [
       -28.0027,
       6.5
      ],
      [
       -28,
       6.499
      ],
      [
       -27.75,
       6.4039
      ],
      [
       -27.5,
       6.3101
      ],
      [
       -27.3377,
       6.25
      ],
      [
       -27.25,
       6.2173
      ],
      [
       -27,
       6.125
      ],
      [
       -26.75,
       6.034
      ],
      [
       -26.6558,
       6
      ],
      [
       -26.5,
       5.9435
      ],
      [
       -26.25,
       5.8539
      ],
      [
       -26,
       5.7655
      ],
      [
       -25.9557,
       5.75
      ],
      [
       -25.75,
       5.6775
      ],
      [
       -25.5,
       5.5904
      ],
      [
       -25.2366,
       5.5
      ],
      [
       -25,
       5.4189
      ],
      [
       -24.75,
       5.3344
      ],
      [
       -24.4969,
       5.25
      ],
      [
       -24.25,
       5.1678
      ],
      [
       -24,
       5.0857
      ],
      [
       -23.7355,
       5
      ],
      [
       -23.5,
       4.9238
      ],
      [
       -23.25,
       4.8441
      ],
      [
       -23,
       4.7653
      ],
      [
       -22.9508,
       4.75
      ],
      [
       -22.75,
       4.687
      ],
      [
       -22.5,
       4.6094
      ],
      [
       -22.25,
       4.533
      ],
      [
       -22.1411,
       4.5
      ],
      [
       -22,
       4.457
      ],
      [
       -21.75,
       4.3817
      ],
      [
       -21.5,
       4.3074
      ],
      [
       -21.3045,
       4.25
      ],
      [
       -21.25,
       4.2339
      ],
      [
       -21,
       4.1607
      ],
      [
       -20.75,
       4.0885
      ],
      [
       -20.5,
       4.0173
      ],
      [
       -20.4389,
       4
      ],
      [
       -20.25,
       3.9463
      ],
      [
       -20,
       3.8762
      ],
      [
       -19.75,
       3.8069
      ],
      [
       -19.5416,
       3.75
      ],
      [
       -19.5,
       3.7385
      ],
      [
       -19.25,
       3.6703
      ],
      [
       -19,
       3.6067
      ],
      [
       -18.75,
       3.5589
      ],
      [
       -18.5,
       3.5277
      ],
      [
       -18.25,
       3.5114
      ],
      [
       -18,
       3.5086
      ],
      [
       -17.75,
       3.5182
      ],
      [
       -17.5,
       3.5393
      ],
      [
       -17.25,
       3.565
      ],
      [
       -17,
       3.6075
      ],
      [
       -16.75,
       3.66
      ],
      [
       -16.5,
       3.7221
      ],
      [
       -16.4028,
       3.75
      ],
      [
       -16.25,
       3.7929
      ],
      [
       -16,
       3.8721
      ],
      [
       -15.75,
       3.9598
      ],
      [
       -15.6458,
       4
      ],
      [
       -15.5,
       4.0551
      ],
      [
       -15.25,
       4.1578
      ],
      [
       -15.0416,
       4.25
      ],
      [
       -15,
       4.2681
      ],
      [
       -14.75,
       4.3846
      ],
      [
       -14.5178,
       4.5
      ],
      [
       -14.5,
       4.5087
      ],
      [
       -14.25,
       4.6383
      ],
      [
       -14.0462,
       4.75
      ],
      [
       -14,
       4.7734
      ],
      [
       -13.75,
       4.9065
      ],
      [
       -13.5823,
       5
      ],
      [
       -13.5,
       5.0482
      ],
      [
       -13.25,
       5.2015
      ],
      [
       -13.1744,
       5.25
      ],
      [
       -13,
       5.3602
      ],
      [
       -12.7882,
       5.5
      ],
      [
       -12.75,
       5.5248
      ],
      [
       -12.5,
       5.6941
      ],
      [
       -12.4206,
       5.75
      ],
      [
       -12.25,
       5.8685
      ],
      [
       -12.0676,
       6
      ],
      [
       -12,
       6.0482
      ],
      [
       -11.75,
       6.2327
      ],
      [
       -11.7273,
       6.25
      ],
      [
       -11.5,
       6.4084
      ],
      [
       -11.3727,
       6.5
      ],
      [
       -11.25,
       6.5943
      ],
      [
       -11.0539,
       6.75
      ],
      [
       -11,
       6.7923
      ],
      [
       -10.75,
       6.9947
      ],
      [
       -10.7436,
       7
      ],
      [
       -10.5,
       7.2007
      ],
      [
       -10.4418,
       7.25
      ],
      [
       -10.25,
       7.411
      ],
      [
       -10.1469,
       7.5
      ],
      [
       -10,
       7.6153
      ],
      [
       -9.8328,
       7.75
      ],
      [
       -9.75,
       7.8219
      ],
      [
       -9.5501,
       8
      ],
      [
       -9.5,
       8.0443
      ],
      [
       -9.2729,
       8.25
      ],
      [
       -9.25,
       8.2706
      ],
      [
       -9.0008,
       8.5
      ],
      [
       -9,
       8.5007
      ],
      [
       -8.75,
       8.7136
      ],
      [
       -8.7082,
       8.75
      ],
      [
       -8.5,
       8.9469
      ],
      [
       -8.445,
       9
      ],
      [
       -8.25,
       9.1873
      ],
      [
       -8.1859,
       9.25
      ],
      [
       -8,
       9.4311
      ],
      [
       -7.9305,
       9.5
      ],
      [
       -7.75,
       9.6783
      ],
      [
       -7.6786,
       9.75
      ],
      [
       -7.5,
       9.9124
      ],
      [
       -7.4053,
       10
      ],
      [
       -7.25,
       10.1574
      ],
      [
       -7.16,
       10.25
      ],
      [
       -7,
       10.4142
      ],
      [
       -6.9176,
       10.5
      ],
      [
       -6.75,
       10.6741
      ],
      [
       -6.678,
       10.75
      ],
      [
       -6.5,
       10.9194
      ],
      [
       -6.4165,
       11
      ],
      [
       -6.25,
       11.177
      ],
      [
       -6.1822,
       11.25
      ],
      [
       -6,
       11.4459
      ],
      [
       -5.9502,
       11.5
      ],
      [
       -5.75,
       11.6965
      ],
      [
       -5.6962,
       11.75
      ],
      [
       -5.5,
       11.9654
      ],
      [
       -5.4688,
       12
      ],
      [
       -5.25,
       12.2428
      ],
      [
       -5.2436,
       12.25
      ],
      [
       -5.0201,
       12.5
      ],
      [
       -5,
       12.5202
      ],
      [
       -4.7744,
       12.75
      ],
      [
       -4.75,
       12.7775
      ],
      [
       -4.5545,
       13
      ],
      [
       -4.5,
       13.0621
      ],
      [
       -4.3365,
       13.25
      ],
      [
       -4.25,
       13.3394
      ],
      [
       -4.0961,
       13.5
      ],
      [
       -4,
       13.6116
      ],
      [
       -3.8815,
       13.75
      ],
      [
       -3.75,
       13.904
      ],
      [
       -3.6685,
       14
      ],
      [
       -3.5,
       14.1785
      ],
      [
       -3.433,
       14.25
      ],
      [
       -3.25,
       14.468
      ],
      [
       -3.2232,
       14.5
      ],
      [
       -3,
       14.74
      ],
      [
       -2.9908,
       14.75
      ],
      [
       -2.7832,
       15
      ],
      [
       -2.75,
       15.0401
      ],
      [
       -2.5769,
       15.25
      ],
      [
       -2.5,
       15.3337
      ],
      [
       -2.3482,
       15.5
      ],
      [
       -2.25,
       15.6204
      ],
      [
       -2.1445,
       15.75
      ],
      [
       -2,
       15.9095
      ],
      [
       -1.9184,
       16
      ],
      [
       -1.75,
       16.2094
      ],
      [
       -1.7174,
       16.25
      ],
      [
       -1.5174,
       16.5
      ],
      [
       -1.5,
       16.5194
      ],
      [
       -1.2943,
       16.75
      ],
      [
       -1.25,
       16.8057
      ],
      [
       -1.0958,
       17
      ],
      [
       -1,
       17.1083
      ],
      [
       -0.875,
       17.25
      ],
      [
       -0.75,
       17.4094
      ],
      [
       -0.6789,
       17.5
      ],
      [
       -0.5,
       17.7046
      ],
      [
       -0.4603,
       17.75
      ],
      [
       -0.2663,
       18
      ],
      [
       -0.25,
       18.0187
      ],
      [
       -0.0489,
       18.25
      ],
      [
       0,
       18.3134
      ],
      [
       0.1441,
       18.5
      ],
      [
       0.25,
       18.6229
      ],
      [
       0.3594,
       18.75
      ],
      [
       0.5,
       18.9344
      ],
      [
       0.5501,
       19
      ],
      [
       0.75,
       19.2343
      ],
      [
       0.7634,
       19.25
      ],
      [
       0.9533,
       19.5
      ],
      [
       1,
       19.555
      ],
      [
       1.1657,
       19.75
      ],
      [
       1.25,
       19.8496
      ],
      [
       1.3773,
       20
      ],
      [
       1.5,
       20.1641
      ],
      [
       1.5644,
       20.25
      ],
      [
       1.75,
       20.4713
      ],
      [
       1.7741,
       20.5
      ],
      [
       1.9603,
       20.75
      ],
      [
       2,
       20.7975
      ],
      [
       2.1694,
       21
      ],
      [
       2.25,
       21.0968
      ],
      [
       2.3777,
       21.25
      ],
      [
       2.5,
       21.4166
      ],
      [
       2.5616,
       21.5
      ],
      [
       2.75,
       21.7283
      ],
      [
       2.768,
       21.75
      ],
      [
       2.9744,
       22
      ],
      [
       3,
       22.0351
      ],
      [
       3.1575,
       22.25
      ],
      [
       3.25,
       22.3628
      ],
      [
       3.3628,
       22.5
      ],
      [
       3.5,
       22.6679
      ],
      [
       3.5673,
       22.75
      ],
      [
       3.7473,
       23
      ],
      [
       3.75,
       23.0033
      ],
      [
       3.9516,
       23.25
      ],
      [
       4,
       23.3095
      ],
      [
       4.1552,
       23.5
      ],
      [
       4.25,
       23.6171
      ],
      [
       4.358,
       23.75
      ],
      [
       4.5,
       23.926
      ],
      [
       4.5599,
       24
      ],
      [
       4.7378,
       24.25
      ],
      [
       4.75,
       24.2651
      ],
      [
       4.9398,
       24.5
      ],
      [
       5,
       24.575
      ],
      [
       5.141,
       24.75
      ],
      [
       5.25,
       24.8862
      ],
      [
       5.3415,
       25
      ],
      [
       5.5,
       25.1987
      ],
      [
       5.5412,
       25.25
      ],
      [
       5.7404,
       25.5
      ],
      [
       5.75,
       25.5121
      ],
      [
       5.9404,
       25.75
      ],
      [
       6,
       25.8351
      ],
      [
       6.1165,
       26
      ],
      [
       6.25,
       26.1686
      ],
      [
       6.3148,
       26.25
      ],
      [
       6.5,
       26.4844
      ],
      [
       6.5124,
       26.5
      ],
      [
       6.7107,
       26.75
      ],
      [
       6.75,
       26.7999
      ],
      [
       6.9087,
       27
      ],
      [
       7,
       27.116
      ],
      [
       7.1061,
       27.25
      ],
      [
       7.25,
       27.4334
      ],
      [
       7.3026,
       27.5
      ],
      [
       7.4985,
       27.75
      ],
      [
       7.5,
       27.752
      ],
      [
       7.6956,
       28
      ],
      [
       7.75,
       28.0621
      ],
      [
       7.9151,
       28.25
      ],
      [
       8,
       28.3588
      ],
      [
       8.111,
       28.5
      ],
      [
       8.25,
       28.6785
      ],
      [
       8.3061,
       28.75
      ],
      [
       8.5,
       28.9994
      ],
      [
       8.5005,
       29
      ],
      [
       8.6963,
       29.25
      ],
      [
       8.75,
       29.3192
      ],
      [
       8.8914,
       29.5
      ],
      [
       9,
       29.625
      ],
      [
       9.1091,
       29.75
      ],
      [
       9.25,
       29.9321
      ],
      [
       9.3029,
       30
      ],
      [
       9.4962,
       30.25
      ],
      [
       9.5,
       30.2549
      ],
      [
       9.6909,
       30.5
      ],
      [
       9.75,
       30.5683
      ],
      [
       9.9079,
       30.75
      ],
      [
       10,
       30.8696
      ],
      [
       10.1013,
       31
      ],
      [
       10.25,
       31.1932
      ],
      [
       10.2941,
       31.25
      ],
      [
       10.5,
       31.4888
      ],
      [
       10.5097,
       31.5
      ],
      [
       10.7031,
       31.75
      ],
      [
       10.75,
       31.8045
      ],
      [
       10.9192,
       32
      ],
      [
       11,
       32.1054
      ],
      [
       11.1118,
       32.25
      ],
      [
       11.25,
       32.4304
      ],
      [
       11.3091,
       32.5
      ],
      [
       11.5,
       32.726
      ],
      [
       11.5185,
       32.75
      ],
      [
       11.7336,
       33
      ],
      [
       11.75,
       33.0214
      ],
      [
       11.9262,
       33.25
      ],
      [
       12,
       33.336
      ],
      [
       12.1413,
       33.5
      ],
      [
       12.25,
       33.6425
      ],
      [
       12.3328,
       33.75
      ],
      [
       12.5,
       33.9454
      ],
      [
       12.547,
       34
      ],
      [
       12.75,
       34.2374
      ],
      [
       12.7608,
       34.25
      ],
      [
       12.9526,
       34.5
      ],
      [
       13,
       34.5554
      ],
      [
       13.1672,
       34.75
      ],
      [
       13.25,
       34.847
      ],
      [
       13.3814,
       35
      ],
      [
       13.5,
       35.1389
      ],
      [
       13.5953,
       35.25
      ],
      [
       13.75,
       35.4536
      ],
      [
       13.7856,
       35.5
      ],
      [
       13.9987,
       35.75
      ],
      [
       14,
       35.7515
      ],
      [
       14.2131,
       36
      ],
      [
       14.25,
       36.0434
      ],
      [
       14.4271,
       36.25
      ],
      [
       14.5,
       36.3356
      ],
      [
       14.6408,
       36.5
      ],
      [
       14.75,
       36.6282
      ],
      [
       14.8543,
       36.75
      ],
      [
       15,
       36.9212
      ],
      [
       15.0675,
       37
      ],
      [
       15.25,
       37.2146
      ],
      [
       15.2803,
       37.25
      ],
      [
       15.4932,
       37.5
      ],
      [
       15.5,
       37.508
      ],
      [
       15.707,
       37.75
      ],
      [
       15.75,
       37.7956
      ],
      [
       15.9433,
       38
      ],
      [
       16,
       38.0666
      ],
      [
       16.1568,
       38.25
      ],
      [
       16.25,
       38.3597
      ],
      [
       16.3699,
       38.5
      ],
      [
       16.5,
       38.6531
      ],
      [
       16.5828,
       38.75
      ],
      [
       16.75,
       38.9273
      ],
      [
       16.8187,
       39
      ],
      [
       17,
       39.2134
      ],
      [
       17.0312,
       39.25
      ],
      [
       17.2437,
       39.5
      ],
      [
       17.25,
       39.5067
      ],
      [
       17.4799,
       39.75
      ],
      [
       17.5,
       39.7736
      ],
      [
       17.6933,
       40
      ],
      [
       17.75,
       40.0601
      ],
      [
       17.9294,
       40.25
      ],
      [
       18,
       40.3332
      ],
      [
       18.1425,
       40.5
      ],
      [
       18.25,
       40.6141
      ],
      [
       18.3784,
       40.75
      ],
      [
       18.5,
       40.879
      ],
      [
       18.6143,
       41
      ],
      [
       18.75,
       41.1599
      ],
      [
       18.827,
       41.25
      ],
      [
       19,
       41.4336
      ],
      [
       19.0627,
       41.5
      ],
      [
       19.25,
       41.6987
      ],
      [
       19.2985,
       41.75
      ],
      [
       19.5,
       41.9638
      ],
      [
       19.5342,
       42
      ],
      [
       19.75,
       42.229
      ],
      [
       19.7699,
       42.25
      ],
      [
       20,
       42.4942
      ],
      [
       20.0055,
       42.5
      ],
      [
       20.2415,
       42.75
      ],
      [
       20.25,
       42.759
      ],
      [
       20.4777,
       43
      ],
      [
       20.5,
       43.0236
      ],
      [
       20.7139,
       43.25
      ],
      [
       20.75,
       43.2883
      ],
      [
       20.9501,
       43.5
      ],
      [
       21,
       43.5529
      ],
      [
       21.1863,
       43.75
      ],
      [
       21.25,
       43.8176
      ],
      [
       21.4225,
       44
      ],
      [
       21.5,
       44.0748
      ],
      [
       21.6815,
       44.25
      ],
      [
       21.75,
       44.3226
      ],
      [
       21.9178,
       44.5
      ],
      [
       22,
       44.5792
      ],
      [
       22.1769,
       44.75
      ],
      [
       22.25,
       44.8274
      ],
      [
       22.4132,
       45
      ],
      [
       22.5,
       45.0836
      ],
      [
       22.6725,
       45.25
      ],
      [
       22.75,
       45.3321
      ],
      [
       22.9089,
       45.5
      ],
      [
       23,
       45.5878
      ],
      [
       23.1682,
       45.75
      ],
      [
       23.25,
       45.8288
      ],
      [
       23.4276,
       46
      ],
      [
       23.5,
       46.0697
      ],
      [
       23.687,
       46.25
      ],
      [
       23.75,
       46.3167
      ],
      [
       23.9236,
       46.5
      ],
      [
       24,
       46.5736
      ],
      [
       24.1831,
       46.75
      ],
      [
       24.25,
       46.8144
      ],
      [
       24.4427,
       47
      ],
      [
       24.5,
       47.0552
      ],
      [
       24.7224,
       47.25
      ],
      [
       24.75,
       47.274
      ],
      [
       24.9846,
       47.5
      ],
      [
       25,
       47.5148
      ],
      [
       25.2443,
       47.75
      ],
      [
       25.25,
       47.7555
      ],
      [
       25.5,
       47.996
      ],
      [
       25.5042,
       48
      ],
      [
       25.75,
       48.2165
      ],
      [
       25.7878,
       48.25
      ],
      [
       26,
       48.4539
      ],
      [
       26.0479,
       48.5
      ],
      [
       26.25,
       48.6779
      ],
      [
       26.3314,
       48.75
      ],
      [
       26.5,
       48.9119
      ],
      [
       26.5916,
       49
      ],
      [
       26.75,
       49.1394
      ],
      [
       26.875,
       49.25
      ],
      [
       27,
       49.36
      ],
      [
       27.1583,
       49.5
      ],
      [
       27.25,
       49.5807
      ],
      [
       27.4414,
       49.75
      ],
      [
       27.5,
       49.8015
      ],
      [
       27.7245,
       50
      ],
      [
       27.75,
       50.0224
      ],
      [
       28,
       50.2431
      ],
      [
       28.0078,
       50.25
      ],
      [
       28.25,
       50.4629
      ],
      [
       28.2919,
       50.5
      ],
      [
       28.5,
       50.6829
      ],
      [
       28.576,
       50.75
      ],
      [
       28.75,
       50.8911
      ],
      [
       28.8831,
       51
      ],
      [
       29,
       51.1028
      ],
      [
       29.1667,
       51.25
      ],
      [
       29.25,
       51.3175
      ],
      [
       29.4731,
       51.5
      ],
      [
       29.5,
       51.5236
      ],
      [
       29.75,
       51.744
      ],
      [
       29.7568,
       51.75
      ],
      [
       30,
       51.9471
      ],
      [
       30.0647,
       52
      ],
      [
       30.25,
       52.1501
      ],
      [
       30.3722,
       52.25
      ],
      [
       30.5,
       52.3535
      ],
      [
       30.6793,
       52.5
      ],
      [
       30.75,
       52.5573
      ],
      [
       30.9859,
       52.75
      ],
      [
       31,
       52.7614
      ],
      [
       31.25,
       52.9643
      ],
      [
       31.2937,
       53
      ],
      [
       31.5,
       53.155
      ],
      [
       31.6249,
       53.25
      ],
      [
       31.75,
       53.3513
      ],
      [
       31.9321,
       53.5
      ],
      [
       32,
       53.551
      ],
      [
       32.25,
       53.7408
      ],
      [
       32.2621,
       53.75
      ],
      [
       32.5,
       53.9424
      ],
      [
       32.5705,
       54
      ],
      [
       32.75,
       54.1348
      ],
      [
       32.9015,
       54.25
      ],
      [
       33,
       54.324
      ],
      [
       33.2316,
       54.5
      ],
      [
       33.25,
       54.5139
      ],
      [
       33.5,
       54.702
      ],
      [
       33.5631,
       54.75
      ],
      [
       33.75,
       54.8809
      ],
      [
       33.9174,
       55
      ],
      [
       34,
       55.062
      ],
      [
       34.2474,
       55.25
      ],
      [
       34.25,
       55.2518
      ],
      [
       34.5,
       55.4269
      ],
      [
       34.6028,
       55.5
      ],
      [
       34.75,
       55.6105
      ],
      [
       34.9336,
       55.75
      ],
      [
       35,
       55.7965
      ],
      [
       35.25,
       55.9732
      ],
      [
       35.2876,
       56
      ],
      [
       35.5,
       56.1486
      ],
      [
       35.6425,
       56.25
      ],
      [
       35.75,
       56.3252
      ],
      [
       35.9958,
       56.5
      ],
      [
       36,
       56.5028
      ],
      [
       36.25,
       56.6614
      ],
      [
       36.3745,
       56.75
      ],
      [
       36.5,
       56.8378
      ],
      [
       36.728,
       57
      ],
      [
       36.75,
       57.0144
      ],
      [
       37,
       57.1788
      ],
      [
       37.1065,
       57.25
      ],
      [
       37.25,
       57.3441
      ],
      [
       37.4832,
       57.5
      ],
      [
       37.5,
       57.511
      ],
      [
       37.75,
       57.6753
      ],
      [
       37.8617,
       57.75
      ],
      [
       38,
       57.8407
      ],
      [
       38.2383,
       58
      ],
      [
       38.25,
       58.0072
      ],
      [
       38.5,
       58.1615
      ],
      [
       38.6402,
       58.25
      ],
      [
       38.75,
       58.322
      ],
      [
       39,
       58.4744
      ],
      [
       39.0405,
       58.5
      ],
      [
       39.25,
       58.6374
      ],
      [
       39.4184,
       58.75
      ],
      [
       39.5,
       58.8003
      ],
      [
       39.75,
       58.9564
      ],
      [
       39.826,
       59
      ],
      [
       40,
       59.0971
      ],
      [
       40.2422,
       59.25
      ],
      [
       40.25,
       59.2548
      ],
      [
       40.5,
       59.4091
      ],
      [
       40.6439,
       59.5
      ],
      [
       40.75,
       59.5618
      ],
      [
       41,
       59.7096
      ],
      [
       41.0676,
       59.75
      ],
      [
       41.25,
       59.8562
      ],
      [
       41.4906,
       60
      ],
      [
       41.5,
       60.0055
      ],
      [
       41.75,
       60.143
      ],
      [
       41.9383,
       60.25
      ],
      [
       42,
       60.286
      ],
      [
       42.25,
       60.4328
      ],
      [
       42.3623,
       60.5
      ],
      [
       42.5,
       60.5759
      ],
      [
       42.75,
       60.7166
      ],
      [
       42.8088,
       60.75
      ],
      [
       43,
       60.8554
      ],
      [
       43.25,
       60.9973
      ],
      [
       43.2547,
       61
      ],
      [
       43.5,
       61.1352
      ],
      [
       43.702,
       61.25
      ],
      [
       43.75,
       61.2752
      ],
      [
       44,
       61.4068
      ],
      [
       44.172,
       61.5
      ],
      [
       44.25,
       61.5408
      ],
      [
       44.5,
       61.6732
      ],
      [
       44.6418,
       61.75
      ],
      [
       44.75,
       61.8067
      ],
      [
       45,
       61.9397
      ],
      [
       45.1113,
       62
      ],
      [
       45.25,
       62.0691
      ],
      [
       45.5,
       62.1962
      ],
      [
       45.6039,
       62.25
      ],
      [
       45.75,
       62.3228
      ],
      [
       46,
       62.4501
      ],
      [
       46.0963,
       62.5
      ],
      [
       46.25,
       62.5766
      ],
      [
       46.5,
       62.7041
      ],
      [
       46.5886,
       62.75
      ],
      [
       46.75,
       62.8268
      ],
      [
       47,
       62.9484
      ],
      [
       47.104,
       63
      ],
      [
       47.25,
       63.0695
      ],
      [
       47.5,
       63.1909
      ],
      [
       47.6192,
       63.25
      ],
      [
       47.75,
       63.3123
      ],
      [
       48,
       63.4335
      ],
      [
       48.1341,
       63.5
      ],
      [
       48.25,
       63.5527
      ],
      [
       48.5,
       63.6683
      ],
      [
       48.6718,
       63.75
      ],
      [
       48.75,
       63.7856
      ],
      [
       49,
       63.9005
      ],
      [
       49.2092,
       64
      ],
      [
       49.25,
       64.0178
      ],
      [
       49.5,
       64.1272
      ],
      [
       49.75,
       64.2407
      ],
      [
       49.7696,
       64.25
      ],
      [
       50,
       64.3503
      ],
      [
       50.25,
       64.463
      ],
      [
       50.3307,
       64.5
      ],
      [
       50.5,
       64.5707
      ],
      [
       50.75,
       64.6777
      ],
      [
       50.9141,
       64.75
      ],
      [
       51,
       64.7859
      ],
      [
       51.25,
       64.8916
      ],
      [
       51.4962,
       65
      ],
      [
       51.5,
       65.0015
      ],
      [
       51.75,
       65.1019
      ],
      [
       52,
       65.2061
      ],
      [
       52.1033,
       65.25
      ],
      [
       52.25,
       65.309
      ],
      [
       52.5,
       65.4115
      ],
      [
       52.7084,
       65.5
      ],
      [
       52.75,
       65.5167
      ],
      [
       53,
       65.6132
      ],
      [
       53.25,
       65.7141
      ],
      [
       53.3374,
       65.75
      ],
      [
       53.5,
       65.8129
      ],
      [
       53.75,
       65.9118
      ],
      [
       53.9649,
       66
      ],
      [
       54,
       66.0131
      ],
      [
       54.25,
       66.1066
      ],
      [
       54.5,
       66.2037
      ],
      [
       54.6165,
       66.25
      ],
      [
       54.75,
       66.2998
      ],
      [
       55,
       66.3947
      ],
      [
       55.25,
       66.4936
      ],
      [
       55.266,
       66.5
      ],
      [
       55.5,
       66.5811
      ],
      [
       55.75,
       66.6707
      ],
      [
       55.9629,
       66.75
      ],
      [
       56,
       66.7634
      ],
      [
       56.25,
       66.8537
      ],
      [
       56.5,
       66.9475
      ],
      [
       56.6499,
       67
      ],
      [
       56.75,
       67.0315
      ],
      [
       57,
       67.1194
      ],
      [
       57.25,
       67.2108
      ],
      [
       57.3549,
       67.25
      ],
      [
       57.5,
       67.2972
      ],
      [
       57.75,
       67.3799
      ],
      [
       58,
       67.4661
      ],
      [
       58.0963,
       67.5
      ],
      [
       58.25,
       67.55
      ],
      [
       58.5,
       67.6329
      ],
      [
       58.75,
       67.7193
      ],
      [
       58.837,
       67.75
      ],
      [
       59,
       67.8014
      ],
      [
       59.25,
       67.8818
      ],
      [
       59.5,
       67.9656
      ],
      [
       59.6005,
       68
      ],
      [
       59.75,
       68.0457
      ],
      [
       60,
       68.1235
      ],
      [
       60.25,
       68.2045
      ],
      [
       60.3865,
       68.25
      ],
      [
       60.5,
       68.2837
      ],
      [
       60.75,
       68.3589
      ],
      [
       61,
       68.4369
      ],
      [
       61.1946,
       68.5
      ],
      [
       61.25,
       68.516
      ],
      [
       61.5,
       68.5884
      ],
      [
       61.75,
       68.6635
      ],
      [
       62,
       68.742
      ],
      [
       62.0252,
       68.75
      ],
      [
       62.25,
       68.8129
      ],
      [
       62.5,
       68.885
      ],
      [
       62.75,
       68.96
      ],
      [
       62.8794,
       69
      ],
      [
       63,
       69.0329
      ],
      [
       63.25,
       69.102
      ],
      [
       63.5,
       69.1737
      ],
      [
       63.75,
       69.2418
      ],
      [
       63.7777,
       69.25
      ],
      [
       64,
       69.3089
      ],
      [
       64.25,
       69.3771
      ],
      [
       64.5,
       69.4481
      ],
      [
       64.6764,
       69.5
      ],
      [
       64.75,
       69.5186
      ],
      [
       65,
       69.5819
      ],
      [
       65.25,
       69.6476
      ],
      [
       65.5,
       69.7161
      ],
      [
       65.6202,
       69.75
      ],
      [
       65.75,
       69.7819
      ],
      [
       66,
       69.8441
      ],
      [
       66.25,
       69.9087
      ],
      [
       66.5,
       69.9762
      ],
      [
       66.586,
       70
      ],
      [
       66.75,
       70.0383
      ],
      [
       67,
       70.0979
      ],
      [
       67.25,
       70.1596
      ],
      [
       67.5,
       70.2242
      ],
      [
       67.5973,
       70.25
      ],
      [
       67.75,
       70.2849
      ],
      [
       68,
       70.343
      ],
      [
       68.25,
       70.4031
      ],
      [
       68.5,
       70.4661
      ],
      [
       68.6306,
       70.5
      ],
      [
       68.75,
       70.5261
      ],
      [
       69,
       70.5813
      ],
      [
       69.25,
       70.6384
      ],
      [
       69.5,
       70.698
      ],
      [
       69.7086,
       70.75
      ],
      [
       69.75,
       70.7587
      ],
      [
       70,
       70.811
      ],
      [
       70.25,
       70.865
      ],
      [
       70.5,
       70.9211
      ],
      [
       70.75,
       70.98
      ],
      [
       70.8327,
       71
      ],
      [
       71,
       71.0335
      ],
      [
       71.25,
       71.0844
      ],
      [
       71.5,
       71.137
      ],
      [
       71.75,
       71.192
      ],
      [
       72,
       71.2499
      ],
      [
       72.0004,
       71.25
      ],
      [
       72.25,
       71.2969
      ],
      [
       72.5,
       71.3452
      ],
      [
       72.75,
       71.3935
      ],
      [
       73,
       71.4467
      ],
      [
       73.2375,
       71.5
      ],
      [
       73.25,
       71.5023
      ],
      [
       73.5,
       71.5484
      ],
      [
       73.75,
       71.5959
      ],
      [
       74,
       71.6422
      ],
      [
       74.25,
       71.6926
      ],
      [
       74.5,
       71.7458
      ],
      [
       74.5194,
       71.75
      ],
      [
       74.75,
       71.7902
      ],
      [
       75,
       71.8348
      ],
      [
       75.25,
       71.881
      ],
      [
       75.5,
       71.9291
      ],
      [
       75.75,
       71.9798
      ],
      [
       75.8466,
       72
      ],
      [
       76,
       72.0249
      ],
      [
       76.25,
       72.066
      ],
      [
       76.5,
       72.1084
      ],
      [
       76.75,
       72.1524
      ],
      [
       77,
       72.1978
      ],
      [
       77.25,
       72.2474
      ],
      [
       77.263,
       72.25
      ],
      [
       77.5,
       72.2865
      ],
      [
       77.75,
       72.3259
      ],
      [
       78,
       72.3665
      ],
      [
       78.25,
       72.4088
      ],
      [
       78.5,
       72.4532
      ],
      [
       78.7478,
       72.5
      ],
      [
       78.75,
       72.5003
      ],
      [
       79,
       72.5364
      ],
      [
       79.25,
       72.5733
      ],
      [
       79.5,
       72.6114
      ],
      [
       79.75,
       72.651
      ],
      [
       80,
       72.6917
      ],
      [
       80.25,
       72.7405
      ],
      [
       80.3244,
       72.75
      ],
      [
       80.5,
       72.7735
      ],
      [
       80.75,
       72.8074
      ],
      [
       81,
       72.8404
      ],
      [
       81.25,
       72.8769
      ],
      [
       81.5,
       72.9149
      ],
      [
       81.75,
       72.955
      ],
      [
       82,
       72.9977
      ],
      [
       82.0129,
       73
      ],
      [
       82.25,
       73.0295
      ],
      [
       82.5,
       73.0612
      ],
      [
       82.75,
       73.0938
      ],
      [
       83,
       73.1275
      ],
      [
       83.25,
       73.1626
      ],
      [
       83.5,
       73.1996
      ],
      [
       83.75,
       73.2391
      ],
      [
       83.8162,
       73.25
      ],
      [
       84,
       73.2711
      ],
      [
       84.25,
       73.3002
      ],
      [
       84.5,
       73.33
      ],
      [
       84.75,
       73.3606
      ],
      [
       85,
       73.3925
      ],
      [
       85.25,
       73.4258
      ],
      [
       85.5,
       73.4612
      ],
      [
       85.75,
       73.4993
      ],
      [
       85.7542,
       73.5
      ],
      [
       86,
       73.5258
      ],
      [
       86.25,
       73.5525
      ],
      [
       86.5,
       73.5799
      ],
      [
       86.75,
       73.608
      ],
      [
       87,
       73.6354
      ],
      [
       87.25,
       73.6648
      ],
      [
       87.5,
       73.6969
      ],
      [
       87.75,
       73.7341
      ],
      [
       87.8765,
       73.75
      ],
      [
       88,
       73.7617
      ],
      [
       88.25,
       73.7855
      ],
      [
       88.5,
       73.8098
      ],
      [
       88.75,
       73.8346
      ],
      [
       89,
       73.8589
      ],
      [
       89.25,
       73.8851
      ],
      [
       89.5,
       73.9288
      ],
      [
       89.75,
       73.9497
      ],
      [
       90,
       73.9752
      ],
      [
       90.2021,
       74
      ],
      [
       90.25,
       74.004
      ],
      [
       90.5,
       74.0249
      ],
      [
       90.75,
       74.046
      ],
      [
       91,
       74.0669
      ],
      [
       91.25,
       74.0887
      ],
      [
       91.5,
       74.1112
      ],
      [
       91.75,
       74.1337
      ],
      [
       92,
       74.1582
      ],
      [
       92.25,
       74.1841
      ],
      [
       92.5,
       74.2121
      ],
      [
       92.75,
       74.2432
      ],
      [
       92.8022,
       74.25
      ],
      [
       93,
       74.2641
      ],
      [
       93.25,
       74.2819
      ],
      [
       93.5,
       74.2988
      ],
      [
       93.75,
       74.3167
      ],
      [
       94,
       74.3355
      ],
      [
       94.25,
       74.3547
      ],
      [
       94.5,
       74.3745
      ],
      [
       94.75,
       74.3951
      ],
      [
       95,
       74.4221
      ],
      [
       95.25,
       74.4417
      ],
      [
       95.5,
       74.4654
      ],
      [
       95.75,
       74.4917
      ],
      [
       95.8146,
       74.5
      ],
      [
       96,
       74.5108
      ],
      [
       96.25,
       74.5253
      ],
      [
       96.5,
       74.5399
      ],
      [
       96.75,
       74.5547
      ],
      [
       97,
       74.5697
      ],
      [
       97.25,
       74.5849
      ],
      [
       97.5,
       74.6005
      ],
      [
       97.75,
       74.6262
      ],
      [
       98,
       74.6375
      ],
      [
       98.25,
       74.6506
      ],
      [
       98.5,
       74.6661
      ],
      [
       98.75,
       74.6846
      ],
      [
       99,
       74.7068
      ],
      [
       99.25,
       74.734
      ],
      [
       99.3895,
       74.75
      ],
      [
       99.5,
       74.7543
      ],
      [
       99.75,
       74.765
      ],
      [
       100,
       74.7756
      ],
      [
       100.25,
       74.7863
      ],
      [
       100.5,
       74.797
      ],
      [
       100.75,
       74.8077
      ],
      [
       101,
       74.835
      ],
      [
       101.25,
       74.8282
      ],
      [
       101.5,
       74.839
      ],
      [
       101.75,
       74.8498
      ],
      [
       102,
       74.8605
      ],
      [
       102.25,
       74.8703
      ],
      [
       102.5,
       74.8807
      ],
      [
       102.75,
       74.8916
      ],
      [
       103,
       74.9055
      ],
      [
       103.25,
       74.9219
      ],
      [
       103.5,
       74.9416
      ],
      [
       103.75,
       74.9653
      ],
      [
       104,
       74.9916
      ],
      [
       104.065,
       75
      ],
      [
       104.25,
       75.004
      ],
      [
       104.5,
       75.0094
      ],
      [
       104.75,
       75.0146
      ],
      [
       105,
       75.0198
      ],
      [
       105.25,
       75.0244
      ],
      [
       105.5,
       75.0237
      ],
      [
       105.75,
       75.0175
      ],
      [
       106,
       75.0122
      ],
      [
       106.25,
       75.0069
      ],
      [
       106.5,
       75.0015
      ],
      [
       106.5641,
       75
      ],
      [
       106.75,
       74.975
      ],
      [
       107,
       74.9494
      ],
      [
       107.25,
       74.9284
      ],
      [
       107.5,
       74.9109
      ],
      [
       107.75,
       74.8962
      ],
      [
       108,
       74.8825
      ],
      [
       108.25,
       74.8718
      ],
      [
       108.5,
       74.8625
      ],
      [
       108.75,
       74.8544
      ],
      [
       109,
       74.8472
      ],
      [
       109.25,
       74.8403
      ],
      [
       109.5,
       74.8185
      ],
      [
       109.75,
       74.8078
      ],
      [
       110,
       74.7964
      ],
      [
       110.25,
       74.7857
      ],
      [
       110.5,
       74.7751
      ],
      [
       110.75,
       74.7643
      ],
      [
       111,
       74.7537
      ],
      [
       111.0867,
       74.75
      ],
      [
       111.25,
       74.7296
      ],
      [
       111.5,
       74.7031
      ],
      [
       111.75,
       74.6815
      ],
      [
       112,
       74.662
      ],
      [
       112.25,
       74.6471
      ],
      [
       112.5,
       74.6344
      ],
      [
       112.75,
       74.6108
      ],
      [
       113,
       74.595
      ],
      [
       113.25,
       74.5795
      ],
      [
       113.5,
       74.5644
      ],
      [
       113.75,
       74.5491
      ],
      [
       114,
       74.5344
      ],
      [
       114.25,
       74.5199
      ],
      [
       114.5,
       74.5056
      ],
      [
       114.5878,
       74.5
      ],
      [
       114.75,
       74.478
      ],
      [
       115,
       74.4519
      ],
      [
       115.25,
       74.4271
      ],
      [
       115.5,
       74.4047
      ],
      [
       115.75,
       74.3836
      ],
      [
       116,
       74.3634
      ],
      [
       116.25,
       74.3439
      ],
      [
       116.5,
       74.325
      ],
      [
       116.75,
       74.3064
      ],
      [
       117,
       74.2879
      ],
      [
       117.25,
       74.2686
      ],
      [
       117.5,
       74.2509
      ],
      [
       117.75,
       74.2198
      ],
      [
       118,
       74.191
      ],
      [
       118.25,
       74.1646
      ],
      [
       118.5,
       74.1397
      ],
      [
       118.75,
       74.116
      ],
      [
       119,
       74.0931
      ],
      [
       119.25,
       74.071
      ],
      [
       119.5,
       74.0493
      ],
      [
       119.75,
       74.0281
      ],
      [
       120,
       74.0072
      ],
      [
       120.0862,
       74
      ],
      [
       120.25,
       73.9796
      ],
      [
       120.5,
       73.9532
      ],
      [
       120.75,
       73.9316
      ],
      [
       121,
       73.8866
      ],
      [
       121.25,
       73.8603
      ],
      [
       121.5,
       73.8337
      ],
      [
       121.75,
       73.8089
      ],
      [
       122,
       73.7847
      ],
      [
       122.25,
       73.7609
      ],
      [
       122.3649,
       73.75
      ],
      [
       122.5,
       73.733
      ],
      [
       122.75,
       73.6957
      ],
      [
       123,
       73.6637
      ],
      [
       123.25,
       73.6333
      ],
      [
       123.5,
       73.6043
      ],
      [
       123.75,
       73.5746
      ],
      [
       124,
       73.5471
      ],
      [
       124.25,
       73.5202
      ],
      [
       124.4402,
       73.5
      ],
      [
       124.5,
       73.4906
      ],
      [
       124.75,
       73.4528
      ],
      [
       125,
       73.4175
      ],
      [
       125.25,
       73.3842
      ],
      [
       125.5,
       73.3523
      ],
      [
       125.75,
       73.3216
      ],
      [
       126,
       73.2916
      ],
      [
       126.25,
       73.2624
      ],
      [
       126.3567,
       73.25
      ],
      [
       126.5,
       73.2264
      ],
      [
       126.75,
       73.1873
      ],
      [
       127,
       73.1506
      ],
      [
       127.25,
       73.1156
      ],
      [
       127.5,
       73.0819
      ],
      [
       127.75,
       73.0492
      ],
      [
       128,
       73.0174
      ],
      [
       128.1262,
       73
      ],
      [
       128.25,
       72.9766
      ],
      [
       128.5,
       72.9353
      ],
      [
       128.75,
       72.8963
      ],
      [
       129,
       72.8591
      ],
      [
       129.25,
       72.8233
      ],
      [
       129.5,
       72.7886
      ],
      [
       129.75,
       72.7547
      ],
      [
       129.7846,
       72.75
      ],
      [
       130,
       72.7108
      ],
      [
       130.25,
       72.6678
      ],
      [
       130.5,
       72.627
      ],
      [
       130.75,
       72.5879
      ],
      [
       131,
       72.55
      ],
      [
       131.25,
       72.5132
      ],
      [
       131.3402,
       72.5
      ],
      [
       131.5,
       72.4693
      ],
      [
       131.75,
       72.4235
      ],
      [
       132,
       72.38
      ],
      [
       132.25,
       72.3384
      ],
      [
       132.5,
       72.2973
      ],
      [
       132.75,
       72.2587
      ],
      [
       132.8068,
       72.25
      ],
      [
       133,
       72.211
      ],
      [
       133.25,
       72.1629
      ],
      [
       133.5,
       72.1172
      ],
      [
       133.75,
       72.0719
      ],
      [
       134,
       72.0301
      ],
      [
       134.1829,
       72
      ],
      [
       134.25,
       71.986
      ],
      [
       134.5,
       71.9351
      ],
      [
       134.75,
       71.8869
      ],
      [
       135,
       71.8407
      ],
      [
       135.25,
       71.7961
      ],
      [
       135.5,
       71.7528
      ],
      [
       135.75,
       71.6993
      ],
      [
       136,
       71.6463
      ],
      [
       136.25,
       71.5945
      ],
      [
       136.5,
       71.5473
      ],
      [
       136.75,
       71.5015
      ],
      [
       137,
       71.446
      ],
      [
       137.25,
       71.3931
      ],
      [
       137.5,
       71.3425
      ],
      [
       137.75,
       71.2936
      ],
      [
       137.979,
       71.25
      ],
      [
       137.979,
       71.25
      ],
      [
       138.25,
       71.1827
      ],
      [
       138.5,
       71.1285
      ],
      [
       138.75,
       71.0765
      ],
      [
       139,
       71.0262
      ],
      [
       139.1205,
       71
      ],
      [
       139.25,
       70.9662
      ],
      [
       139.5,
       70.9084
      ],
      [
       139.75,
       70.8504
      ],
      [
       140,
       70.7962
      ],
      [
       140.2187,
       70.75
      ],
      [
       140.25,
       70.7422
      ],
      [
       140.5,
       70.6795
      ],
      [
       140.75,
       70.62
      ],
      [
       141,
       70.5628
      ],
      [
       141.25,
       70.5074
      ],
      [
       141.2836,
       70.5
      ],
      [
       141.5,
       70.4445
      ],
      [
       141.75,
       70.3831
      ],
      [
       142,
       70.3243
      ],
      [
       142.25,
       70.2673
      ],
      [
       142.3266,
       70.25
      ],
      [
       142.5,
       70.2027
      ],
      [
       142.75,
       70.1369
      ],
      [
       143,
       70.072
      ],
      [
       143.25,
       70.0125
      ],
      [
       143.3026,
       70
      ],
      [
       143.5,
       69.9451
      ],
      [
       143.75,
       69.8782
      ],
      [
       144,
       69.814
      ],
      [
       144.25,
       69.7519
      ],
      [
       144.5,
       69.6812
      ],
      [
       144.75,
       69.6135
      ],
      [
       145,
       69.5483
      ],
      [
       145.1897,
       69.5
      ],
      [
       145.25,
       69.4824
      ],
      [
       145.5,
       69.4109
      ],
      [
       145.75,
       69.3424
      ],
      [
       146,
       69.2709
      ],
      [
       146.0776,
       69.25
      ],
      [
       146.25,
       69.1988
      ],
      [
       146.5,
       69.1272
      ],
      [
       146.75,
       69.0583
      ],
      [
       146.9677,
       69
      ],
      [
       147,
       68.9899
      ],
      [
       147.25,
       68.9128
      ],
      [
       147.5,
       68.8389
      ],
      [
       147.75,
       68.7676
      ],
      [
       147.8122,
       68.75
      ],
      [
       148,
       68.6902
      ],
      [
       148.25,
       68.6133
      ],
      [
       148.5,
       68.5393
      ],
      [
       148.6351,
       68.5
      ],
      [
       148.75,
       68.4624
      ],
      [
       149,
       68.3826
      ],
      [
       149.25,
       68.3059
      ],
      [
       149.4367,
       68.25
      ],
      [
       149.5,
       68.2288
      ],
      [
       149.75,
       68.1461
      ],
      [
       150,
       68.0668
      ],
      [
       150.2168,
       68
      ],
      [
       150.25,
       67.9885
      ],
      [
       150.5,
       67.9032
      ],
      [
       150.75,
       67.8191
      ],
      [
       150.9748,
       67.75
      ],
      [
       150.9748,
       67.75
      ],
      [
       151.25,
       67.6532
      ],
      [
       151.5,
       67.569
      ],
      [
       151.7107,
       67.5
      ],
      [
       151.75,
       67.4857
      ],
      [
       152,
       67.3956
      ],
      [
       152.25,
       67.309
      ],
      [
       152.4246,
       67.25
      ],
      [
       152.5,
       67.2226
      ],
      [
       152.75,
       67.1332
      ],
      [
       153,
       67.0473
      ],
      [
       153.1402,
       67
      ],
      [
       153.25,
       66.9589
      ],
      [
       153.5,
       66.8675
      ],
      [
       153.75,
       66.7794
      ],
      [
       153.8341,
       66.75
      ],
      [
       154,
       66.6861
      ],
      [
       154.25,
       66.5927
      ],
      [
       154.5,
       66.5025
      ],
      [
       154.75,
       66.4036
      ],
      [
       155,
       66.3083
      ],
      [
       155.1561,
       66.25
      ],
      [
       155.25,
       66.2127
      ],
      [
       155.5,
       66.1154
      ],
      [
       155.75,
       66.0216
      ],
      [
       155.8078,
       66
      ],
      [
       156,
       65.924
      ],
      [
       156.25,
       65.8284
      ],
      [
       156.4609,
       65.75
      ],
      [
       156.5,
       65.7334
      ],
      [
       156.75,
       65.6284
      ],
      [
       157,
       65.5263
      ],
      [
       157.0682,
       65.5
      ],
      [
       157.25,
       65.4232
      ],
      [
       157.5,
       65.3208
      ],
      [
       157.6771,
       65.25
      ],
      [
       157.75,
       65.2192
      ],
      [
       158,
       65.1153
      ],
      [
       158.25,
       65.0151
      ],
      [
       158.2879,
       65
      ],
      [
       158.5,
       64.9075
      ],
      [
       158.75,
       64.8022
      ],
      [
       158.8758,
       64.75
      ],
      [
       159,
       64.6959
      ],
      [
       159.25,
       64.5894
      ],
      [
       159.4662,
       64.5
      ],
      [
       159.5,
       64.4847
      ],
      [
       159.75,
       64.3727
      ],
      [
       160,
       64.2647
      ],
      [
       160.0341,
       64.25
      ],
      [
       160.25,
       64.1489
      ],
      [
       160.5,
       64.0357
      ],
      [
       160.5796,
       64
      ],
      [
       160.75,
       63.9235
      ],
      [
       161,
       63.8144
      ],
      [
       161.1504,
       63.75
      ],
      [
       161.25,
       63.7015
      ],
      [
       161.5,
       63.582
      ],
      [
       161.6758,
       63.5
      ],
      [
       161.75,
       63.4655
      ],
      [
       162,
       63.3508
      ],
      [
       162.2266,
       63.25
      ],
      [
       162.2266,
       63.25
      ],
      [
       162.5,
       63.1185
      ],
      [
       162.75,
       63.0024
      ],
      [
       163,
       62.8769
      ],
      [
       163.25,
       62.7555
      ],
      [
       163.5,
       62.6356
      ],
      [
       163.75,
       62.5196
      ],
      [
       163.7926,
       62.5
      ],
      [
       164,
       62.3963
      ],
      [
       164.25,
       62.275
      ],
      [
       164.302,
       62.25
      ],
      [
       164.5,
       62.1467
      ],
      [
       164.75,
       62.0199
      ],
      [
       164.7895,
       62
      ],
      [
       165,
       61.8955
      ],
      [
       165.25,
       61.7749
      ],
      [
       165.3022,
       61.75
      ],
      [
       165.5,
       61.6475
      ],
      [
       165.75,
       61.5103
      ],
      [
       166,
       61.3811
      ],
      [
       166.25,
       61.256
      ],
      [
       166.5,
       61.1277
      ],
      [
       166.734,
       61
      ],
      [
       166.734,
       61
      ],
      [
       167,
       60.8633
      ],
      [
       167.2285,
       60.75
      ],
      [
       167.2285,
       60.75
      ],
      [
       167.5,
       60.5976
      ],
      [
       167.6784,
       60.5
      ],
      [
       167.75,
       60.4617
      ],
      [
       168,
       60.3297
      ],
      [
       168.1543,
       60.25
      ],
      [
       168.25,
       60.1964
      ],
      [
       168.5,
       60.0587
      ],
      [
       168.6083,
       60
      ],
      [
       168.75,
       59.9211
      ],
      [
       169,
       59.7848
      ],
      [
       169.0645,
       59.75
      ],
      [
       169.25,
       59.6472
      ],
      [
       169.5,
       59.5122
      ],
      [
       169.75,
       59.3748
      ],
      [
       169.9623,
       59.25
      ],
      [
       170,
       59.2273
      ],
      [
       170.25,
       59.091
      ],
      [
       170.4208,
       59
      ],
      [
       170.5,
       58.9543
      ],
      [
       170.75,
       58.8122
      ],
      [
       170.8612,
       58.75
      ],
      [
       171,
       58.6704
      ],
      [
       171.25,
       58.5301
      ],
      [
       171.3041,
       58.5
      ],
      [
       171.5,
       58.3823
      ],
      [
       171.7253,
       58.25
      ],
      [
       171.7253,
       58.25
      ],
      [
       172,
       58.0951
      ],
      [
       172.1725,
       58
      ],
      [
       172.25,
       57.9538
      ],
      [
       172.5,
       57.8069
      ],
      [
       172.5983,
       57.75
      ],
      [
       172.75,
       57.6603
      ],
      [
       173,
       57.5155
      ],
      [
       173.25,
       57.3693
      ],
      [
       173.4581,
       57.25
      ],
      [
       173.5,
       57.2254
      ],
      [
       173.75,
       57.0806
      ],
      [
       173.8919,
       57
      ],
      [
       174,
       56.9336
      ],
      [
       174.25,
       56.7826
      ],
      [
       174.3046,
       56.75
      ],
      [
       174.5,
       56.6376
      ],
      [
       174.7448,
       56.5
      ],
      [
       174.7448,
       56.5
      ],
      [
       175,
       56.3463
      ],
      [
       175.1634,
       56.25
      ],
      [
       175.25,
       56.1979
      ],
      [
       175.5,
       56.0499
      ],
      [
       175.5856,
       56
      ],
      [
       175.75,
       55.9022
      ],
      [
       176,
       55.7566
      ],
      [
       176.25,
       55.6013
      ],
      [
       176.416,
       55.5
      ],
      [
       176.5,
       55.4507
      ],
      [
       176.75,
       55.3064
      ],
      [
       176.8493,
       55.25
      ],
      [
       177,
       55.1575
      ],
      [
       177.25,
       55.0072
      ],
      [
       177.5,
       54.864
      ],
      [
       177.7039,
       54.75
      ],
      [
       177.75,
       54.7222
      ],
      [
       178,
       54.5734
      ],
      [
       178.1257,
       54.5
      ],
      [
       178.25,
       54.426
      ],
      [
       178.5,
       54.2801
      ],
      [
       178.5524,
       54.25
      ],
      [
       178.75,
       54.1272
      ],
      [
       178.9592,
       54
      ],
      [
       179,
       53.9762
      ],
      [
       179.25,
       53.8327
      ],
      [
       179.397,
       53.75
      ],
      [
       179.5,
       53.6909
      ],
      [
       179.75,
       53.5503
      ],
      [
       179.841,
       53.5
      ],
      [
       180,
       53.4051
      ],
      [
       180,
       90
      ],
      [
       -180,
       90
      ],
      [
       -180,
       53.4051
      ]
     ]
    ]
   }
  },
  {
   "type": "Feature",
   "properties": {
    "kind": "partial",
    "obscuration": 0.2,
    "percent": 20,
    "title": "20% of the solar disc obscured"
   },
   "geometry": {
    "type": "Polygon",
    "coordinates": [
     [
      [
       -180,
       55.2184
      ],
      [
       -179.75,
       55.0968
      ],
      [
       -179.5477,
       55
      ],
      [
       -179.5,
       54.977
      ],
      [
       -179.25,
       54.8594
      ],
      [
       -179.0135,
       54.75
      ],
      [
       -179,
       54.744
      ],
      [
       -178.75,
       54.6363
      ],
      [
       -178.5,
       54.5195
      ],
      [
       -178.4547,
       54.5
      ],
      [
       -178.25,
       54.4111
      ],
      [
       -178,
       54.3052
      ],
      [
       -177.8658,
       54.25
      ],
      [
       -177.75,
       54.2019
      ],
      [
       -177.5,
       54.1017
      ],
      [
       -177.2395,
       54
      ],
      [
       -177,
       53.9102
      ],
      [
       -176.75,
       53.8194
      ],
      [
       -176.5514,
       53.75
      ],
      [
       -176.5,
       53.7319
      ],
      [
       -176.25,
       53.6491
      ],
      [
       -176,
       53.5699
      ],
      [
       -175.7677,
       53.5
      ],
      [
       -175.75,
       53.4944
      ],
      [
       -175.5,
       53.4225
      ],
      [
       -175.25,
       53.3559
      ],
      [
       -175,
       53.2951
      ],
      [
       -174.7912,
       53.25
      ],
      [
       -174.75,
       53.241
      ],
      [
       -174.5,
       53.1957
      ],
      [
       -174.25,
       53.1586
      ],
      [
       -174,
       53.1312
      ],
      [
       -173.75,
       53.1148
      ],
      [
       -173.5,
       53.1114
      ],
      [
       -173.25,
       53.1236
      ],
      [
       -173,
       53.1548
      ],
      [
       -172.75,
       53.2091
      ],
      [
       -172.601,
       53.25
      ],
      [
       -172.5,
       53.2785
      ],
      [
       -172.25,
       53.3489
      ],
      [
       -172,
       53.419
      ],
      [
       -171.75,
       53.4888
      ],
      [
       -171.7098,
       53.5
      ],
      [
       -171.5,
       53.5581
      ],
      [
       -171.25,
       53.6271
      ],
      [
       -171,
       53.6957
      ],
      [
       -170.8018,
       53.75
      ],
      [
       -170.75,
       53.7641
      ],
      [
       -170.5,
       53.8319
      ],
      [
       -170.25,
       53.8994
      ],
      [
       -170,
       53.9667
      ],
      [
       -169.8755,
       54
      ],
      [
       -169.75,
       54.0335
      ],
      [
       -169.5,
       54.0998
      ],
      [
       -169.25,
       54.1659
      ],
      [
       -169,
       54.2317
      ],
      [
       -168.9301,
       54.25
      ],
      [
       -168.75,
       54.297
      ],
      [
       -168.5,
       54.3618
      ],
      [
       -168.25,
       54.4265
      ],
      [
       -168,
       54.4908
      ],
      [
       -167.964,
       54.5
      ],
      [
       -167.75,
       54.5545
      ],
      [
       -167.5,
       54.6179
      ],
      [
       -167.25,
       54.681
      ],
      [
       -166.9755,
       54.75
      ],
      [
       -166.75,
       54.8061
      ],
      [
       -166.5,
       54.868
      ],
      [
       -166.25,
       54.9296
      ],
      [
       -166,
       54.9909
      ],
      [
       -165.9629,
       55
      ],
      [
       -165.75,
       55.0517
      ],
      [
       -165.5,
       55.1121
      ],
      [
       -165.25,
       55.1722
      ],
      [
       -165,
       55.2319
      ],
      [
       -164.9241,
       55.25
      ],
      [
       -164.75,
       55.2912
      ],
      [
       -164.5,
       55.3501
      ],
      [
       -164.25,
       55.4086
      ],
      [
       -164,
       55.4669
      ],
      [
       -163.8571,
       55.5
      ],
      [
       -163.75,
       55.5247
      ],
      [
       -163.5,
       55.582
      ],
      [
       -163.25,
       55.639
      ],
      [
       -163,
       55.6957
      ],
      [
       -162.75,
       55.7521
      ],
      [
       -162.5,
       55.8078
      ],
      [
       -162.25,
       55.8633
      ],
      [
       -162,
       55.9184
      ],
      [
       -161.75,
       55.9732
      ],
      [
       -161.6272,
       56
      ],
      [
       -161.5,
       56.0276
      ],
      [
       -161.25,
       56.0814
      ],
      [
       -161,
       56.135
      ],
      [
       -160.75,
       56.1882
      ],
      [
       -160.5,
       56.2411
      ],
      [
       -160.4579,
       56.25
      ],
      [
       -160.25,
       56.2935
      ],
      [
       -160,
       56.3455
      ],
      [
       -159.75,
       56.3971
      ],
      [
       -159.5,
       56.4484
      ],
      [
       -159.2472,
       56.5
      ],
      [
       -159,
       56.5498
      ],
      [
       -158.75,
       56.5999
      ],
      [
       -158.5,
       56.6496
      ],
      [
       -158.25,
       56.699
      ],
      [
       -157.9901,
       56.75
      ],
      [
       -157.75,
       56.7965
      ],
      [
       -157.5,
       56.8446
      ],
      [
       -157.25,
       56.8924
      ],
      [
       -157,
       56.9399
      ],
      [
       -156.75,
       56.987
      ],
      [
       -156.6806,
       57
      ],
      [
       -156.5,
       57.0336
      ],
      [
       -156.25,
       57.0798
      ],
      [
       -156,
       57.1256
      ],
      [
       -155.75,
       57.1711
      ],
      [
       -155.5,
       57.2163
      ],
      [
       -155.3119,
       57.25
      ],
      [
       -155.25,
       57.261
      ],
      [
       -155,
       57.3053
      ],
      [
       -154.75,
       57.3491
      ],
      [
       -154.5,
       57.3927
      ],
      [
       -154.25,
       57.4359
      ],
      [
       -154,
       57.4787
      ],
      [
       -153.875,
       57.5
      ],
      [
       -153.75,
       57.5211
      ],
      [
       -153.5,
       57.563
      ],
      [
       -153.25,
       57.6046
      ],
      [
       -153,
       57.6458
      ],
      [
       -152.75,
       57.6867
      ],
      [
       -152.5,
       57.7273
      ],
      [
       -152.3586,
       57.75
      ],
      [
       -152.25,
       57.7674
      ],
      [
       -152,
       57.807
      ],
      [
       -151.75,
       57.8462
      ],
      [
       -151.5,
       57.8851
      ],
      [
       -151.25,
       57.9237
      ],
      [
       -151,
       57.9619
      ],
      [
       -150.7482,
       58
      ],
      [
       -150.5,
       58.037
      ],
      [
       -150.25,
       58.0739
      ],
      [
       -150,
       58.1105
      ],
      [
       -149.75,
       58.1467
      ],
      [
       -149.5,
       58.1826
      ],
      [
       -149.25,
       58.2181
      ],
      [
       -149,
       58.2532
      ],
      [
       -148.75,
       58.2878
      ],
      [
       -148.5,
       58.322
      ],
      [
       -148.25,
       58.3559
      ],
      [
       -148,
       58.3894
      ],
      [
       -147.75,
       58.4226
      ],
      [
       -147.5,
       58.4554
      ],
      [
       -147.25,
       58.4878
      ],
      [
       -147.1549,
       58.5
      ],
      [
       -147,
       58.5198
      ],
      [
       -146.75,
       58.5513
      ],
      [
       -146.5,
       58.5824
      ],
      [
       -146.25,
       58.6132
      ],
      [
       -146,
       58.6437
      ],
      [
       -145.75,
       58.6738
      ],
      [
       -145.5,
       58.7035
      ],
      [
       -145.25,
       58.7328
      ],
      [
       -145.1019,
       58.75
      ],
      [
       -145,
       58.7617
      ],
      [
       -144.75,
       58.7902
      ],
      [
       -144.5,
       58.8183
      ],
      [
       -144.25,
       58.846
      ],
      [
       -144,
       58.8733
      ],
      [
       -143.75,
       58.9003
      ],
      [
       -143.5,
       58.9269
      ],
      [
       -143.25,
       58.9532
      ],
      [
       -143,
       58.9791
      ],
      [
       -142.7951,
       59
      ],
      [
       -142.75,
       59.0046
      ],
      [
       -142.5,
       59.0296
      ],
      [
       -142.25,
       59.0542
      ],
      [
       -142,
       59.0784
      ],
      [
       -141.75,
       59.1023
      ],
      [
       -141.5,
       59.1258
      ],
      [
       -141.25,
       59.149
      ],
      [
       -141,
       59.1717
      ],
      [
       -140.75,
       59.1941
      ],
      [
       -140.5,
       59.2162
      ],
      [
       -140.25,
       59.2378
      ],
      [
       -140.1069,
       59.25
      ],
      [
       -140,
       59.259
      ],
      [
       -139.75,
       59.2798
      ],
      [
       -139.5,
       59.3002
      ],
      [
       -139.25,
       59.3202
      ],
      [
       -139,
       59.3399
      ],
      [
       -138.75,
       59.3591
      ],
      [
       -138.5,
       59.378
      ],
      [
       -138.25,
       59.3965
      ],
      [
       -138,
       59.4147
      ],
      [
       -137.75,
       59.4324
      ],
      [
       -137.5,
       59.4498
      ],
      [
       -137.25,
       59.4668
      ],
      [
       -137,
       59.4834
      ],
      [
       -136.7452,
       59.5
      ],
      [
       -136.5,
       59.5155
      ],
      [
       -136.25,
       59.5308
      ],
      [
       -136,
       59.5458
      ],
      [
       -135.75,
       59.5604
      ],
      [
       -135.5,
       59.5747
      ],
      [
       -135.25,
       59.5885
      ],
      [
       -135,
       59.602
      ],
      [
       -134.75,
       59.6151
      ],
      [
       -134.5,
       59.6278
      ],
      [
       -134.25,
       59.6401
      ],
      [
       -134,
       59.652
      ],
      [
       -133.75,
       59.6635
      ],
      [
       -133.5,
       59.6747
      ],
      [
       -133.25,
       59.6854
      ],
      [
       -133,
       59.6958
      ],
      [
       -132.75,
       59.7058
      ],
      [
       -132.5,
       59.7154
      ],
      [
       -132.25,
       59.7246
      ],
      [
       -132,
       59.7334
      ],
      [
       -131.75,
       59.7418
      ],
      [
       -131.4938,
       59.75
      ],
      [
       -131.25,
       59.7574
      ],
      [
       -131,
       59.7646
      ],
      [
       -130.75,
       59.7714
      ],
      [
       -130.5,
       59.7778
      ],
      [
       -130.25,
       59.7837
      ],
      [
       -130,
       59.7893
      ],
      [
       -129.75,
       59.7946
      ],
      [
       -129.5,
       59.7994
      ],
      [
       -129.25,
       59.8038
      ],
      [
       -129,
       59.8078
      ],
      [
       -128.75,
       59.8114
      ],
      [
       -128.5,
       59.8146
      ],
      [
       -128.25,
       59.8174
      ],
      [
       -128,
       59.8198
      ],
      [
       -127.75,
       59.8218
      ],
      [
       -127.5,
       59.8234
      ],
      [
       -127.25,
       59.8246
      ],
      [
       -127,
       59.8254
      ],
      [
       -126.75,
       59.8258
      ],
      [
       -126.5,
       59.8258
      ],
      [
       -126.25,
       59.8253
      ],
      [
       -126,
       59.8245
      ],
      [
       -125.75,
       59.8232
      ],
      [
       -125.5,
       59.8216
      ],
      [
       -125.25,
       59.8195
      ],
      [
       -125,
       59.817
      ],
      [
       -124.75,
       59.8141
      ],
      [
       -124.5,
       59.8108
      ],
      [
       -124.25,
       59.8071
      ],
      [
       -124,
       59.8029
      ],
      [
       -123.75,
       59.7983
      ],
      [
       -123.5,
       59.7934
      ],
      [
       -123.25,
       59.788
      ],
      [
       -123,
       59.7821
      ],
      [
       -122.75,
       59.7759
      ],
      [
       -122.5,
       59.7692
      ],
      [
       -122.25,
       59.7621
      ],
      [
       -122,
       59.7546
      ],
      [
       -121.8541,
       59.75
      ],
      [
       -121.75,
       59.7467
      ],
      [
       -121.5,
       59.7383
      ],
      [
       -121.25,
       59.7294
      ],
      [
       -121,
       59.7201
      ],
      [
       -120.75,
       59.7104
      ],
      [
       -120.5,
       59.7003
      ],
      [
       -120.25,
       59.6897
      ],
      [
       -120,
       59.6787
      ],
      [
       -119.75,
       59.6672
      ],
      [
       -119.5,
       59.6554
      ],
      [
       -119.25,
       59.643
      ],
      [
       -119,
       59.6303
      ],
      [
       -118.75,
       59.6171
      ],
      [
       -118.5,
       59.6034
      ],
      [
       -118.25,
       59.5893
      ],
      [
       -118,
       59.5748
      ],
      [
       -117.75,
       59.5598
      ],
      [
       -117.5,
       59.5444
      ],
      [
       -117.25,
       59.5285
      ],
      [
       -117,
       59.5122
      ],
      [
       -116.8185,
       59.5
      ],
      [
       -116.75,
       59.4954
      ],
      [
       -116.5,
       59.478
      ],
      [
       -116.25,
       59.4602
      ],
      [
       -116,
       59.442
      ],
      [
       -115.75,
       59.4233
      ],
      [
       -115.5,
       59.4041
      ],
      [
       -115.25,
       59.3845
      ],
      [
       -115,
       59.3644
      ],
      [
       -114.75,
       59.3438
      ],
      [
       -114.5,
       59.3228
      ],
      [
       -114.25,
       59.3013
      ],
      [
       -114,
       59.2794
      ],
      [
       -113.75,
       59.2569
      ],
      [
       -113.6743,
       59.25
      ],
      [
       -113.5,
       59.2339
      ],
      [
       -113.25,
       59.2104
      ],
      [
       -113,
       59.1864
      ],
      [
       -112.75,
       59.1619
      ],
      [
       -112.5,
       59.137
      ],
      [
       -112.25,
       59.1115
      ],
      [
       -112,
       59.0856
      ],
      [
       -111.75,
       59.0592
      ],
      [
       -111.5,
       59.0323
      ],
      [
       -111.25,
       59.0049
      ],
      [
       -111.2057,
       59
      ],
      [
       -111,
       58.9769
      ],
      [
       -110.75,
       58.9484
      ],
      [
       -110.5,
       58.9193
      ],
      [
       -110.25,
       58.8898
      ],
      [
       -110,
       58.8598
      ],
      [
       -109.75,
       58.8292
      ],
      [
       -109.5,
       58.7982
      ],
      [
       -109.25,
       58.7667
      ],
      [
       -109.12,
       58.75
      ],
      [
       -109,
       58.7345
      ],
      [
       -108.75,
       58.7017
      ],
      [
       -108.5,
       58.6685
      ],
      [
       -108.25,
       58.6347
      ],
      [
       -108,
       58.6004
      ],
      [
       -107.75,
       58.5655
      ],
      [
       -107.5,
       58.5302
      ],
      [
       -107.2895,
       58.5
      ],
      [
       -107.25,
       58.4943
      ],
      [
       -107,
       58.4577
      ],
      [
       -106.75,
       58.4205
      ],
      [
       -106.5,
       58.3828
      ],
      [
       -106.25,
       58.3446
      ],
      [
       -106,
       58.3059
      ],
      [
       -105.75,
       58.2666
      ],
      [
       -105.646,
       58.25
      ],
      [
       -105.5,
       58.2266
      ],
      [
       -105.25,
       58.186
      ],
      [
       -105,
       58.1448
      ],
      [
       -104.75,
       58.1031
      ],
      [
       -104.5,
       58.0608
      ],
      [
       -104.25,
       58.018
      ],
      [
       -104.1465,
       58
      ],
      [
       -104,
       57.9744
      ],
      [
       -103.75,
       57.9302
      ],
      [
       -103.5,
       57.8854
      ],
      [
       -103.25,
       57.8401
      ],
      [
       -103,
       57.7941
      ],
      [
       -102.7626,
       57.75
      ],
      [
       -102.75,
       57.7476
      ],
      [
       -102.5,
       57.7003
      ],
      [
       -102.25,
       57.6523
      ],
      [
       -102,
       57.6038
      ],
      [
       -101.75,
       57.5547
      ],
      [
       -101.475,
       57.5
      ],
      [
       -101.25,
       57.4545
      ],
      [
       -101,
       57.4033
      ],
      [
       -100.75,
       57.3515
      ],
      [
       -100.5,
       57.2991
      ],
      [
       -100.2682,
       57.25
      ],
      [
       -100.25,
       57.2461
      ],
      [
       -100,
       57.1922
      ],
      [
       -99.75,
       57.1377
      ],
      [
       -99.5,
       57.0825
      ],
      [
       -99.25,
       57.0267
      ],
      [
       -99.1314,
       57
      ],
      [
       -99,
       56.9702
      ],
      [
       -98.75,
       56.9128
      ],
      [
       -98.5,
       56.8548
      ],
      [
       -98.25,
       56.7962
      ],
      [
       -98.0551,
       56.75
      ],
      [
       -98,
       56.7369
      ],
      [
       -97.75,
       56.6766
      ],
      [
       -97.5,
       56.6157
      ],
      [
       -97.25,
       56.5542
      ],
      [
       -97.0324,
       56.5
      ],
      [
       -97,
       56.4919
      ],
      [
       -96.75,
       56.4286
      ],
      [
       -96.5,
       56.3647
      ],
      [
       -96.25,
       56.3002
      ],
      [
       -96.0576,
       56.25
      ],
      [
       -96,
       56.2349
      ],
      [
       -95.75,
       56.1686
      ],
      [
       -95.5,
       56.1016
      ],
      [
       -95.25,
       56.0339
      ],
      [
       -95.1258,
       56
      ],
      [
       -95,
       55.9654
      ],
      [
       -94.75,
       55.8959
      ],
      [
       -94.5,
       55.8258
      ],
      [
       -94.2326,
       55.75
      ],
      [
       -94,
       55.683
      ],
      [
       -93.75,
       55.6104
      ],
      [
       -93.5,
       55.537
      ],
      [
       -93.3752,
       55.5
      ],
      [
       -93.25,
       55.4627
      ],
      [
       -93,
       55.3874
      ],
      [
       -92.75,
       55.3114
      ],
      [
       -92.5499,
       55.25
      ],
      [
       -92.5,
       55.2346
      ],
      [
       -92.25,
       55.1567
      ],
      [
       -92,
       55.078
      ],
      [
       -91.7543,
       55
      ],
      [
       -91.75,
       54.9986
      ],
      [
       -91.5,
       54.918
      ],
      [
       -91.25,
       54.8366
      ],
      [
       -90.9863,
       54.75
      ],
      [
       -90.75,
       54.6712
      ],
      [
       -90.5,
       54.587
      ],
      [
       -90.2439,
       54.5
      ],
      [
       -90,
       54.4159
      ],
      [
       -89.75,
       54.3289
      ],
      [
       -89.5252,
       54.25
      ],
      [
       -89.5,
       54.2411
      ],
      [
       -89.25,
       54.152
      ],
      [
       -89,
       54.0621
      ],
      [
       -88.8288,
       54
      ],
      [
       -88.75,
       53.9712
      ],
      [
       -88.5,
       53.8792
      ],
      [
       -88.25,
       53.7863
      ],
      [
       -88.153,
       53.75
      ],
      [
       -88,
       53.6923
      ],
      [
       -87.75,
       53.5973
      ],
      [
       -87.4963,
       53.5
      ],
      [
       -87.25,
       53.4041
      ],
      [
       -87,
       53.306
      ],
      [
       -86.8585,
       53.25
      ],
      [
       -86.75,
       53.2068
      ],
      [
       -86.5,
       53.1064
      ],
      [
       -86.2373,
       53
      ],
      [
       -86,
       52.9025
      ],
      [
       -85.75,
       52.7989
      ],
      [
       -85.6329,
       52.75
      ],
      [
       -85.5,
       52.6942
      ],
      [
       -85.25,
       52.5882
      ],
      [
       -85.0435,
       52.5
      ],
      [
       -85,
       52.4813
      ],
      [
       -84.75,
       52.373
      ],
      [
       -84.5,
       52.2638
      ],
      [
       -84.4687,
       52.25
      ],
      [
       -84.25,
       52.1531
      ],
      [
       -84,
       52.0414
      ],
      [
       -83.9079,
       52
      ],
      [
       -83.75,
       51.9285
      ],
      [
       -83.5,
       51.8143
      ],
      [
       -83.3601,
       51.75
      ],
      [
       -83.25,
       51.699
      ],
      [
       -83,
       51.5824
      ],
      [
       -82.8248,
       51.5
      ],
      [
       -82.75,
       51.4646
      ],
      [
       -82.5,
       51.3454
      ],
      [
       -82.3013,
       51.25
      ],
      [
       -82.25,
       51.2252
      ],
      [
       -82,
       51.1034
      ],
      [
       -81.7892,
       51
      ],
      [
       -81.75,
       50.9807
      ],
      [
       -81.5,
       50.8563
      ],
      [
       -81.2879,
       50.75
      ],
      [
       -81.25,
       50.7309
      ],
      [
       -81,
       50.6039
      ],
      [
       -80.797,
       50.5
      ],
      [
       -80.75,
       50.4758
      ],
      [
       -80.5,
       50.3462
      ],
      [
       -80.3159,
       50.25
      ],
      [
       -80.25,
       50.2153
      ],
      [
       -80,
       50.083
      ],
      [
       -79.8444,
       50
      ],
      [
       -79.75,
       49.9494
      ],
      [
       -79.5,
       49.8143
      ],
      [
       -79.3818,
       49.75
      ],
      [
       -79.25,
       49.6778
      ],
      [
       -79,
       49.54
      ],
      [
       -78.9279,
       49.5
      ],
      [
       -78.75,
       49.4007
      ],
      [
       -78.4822,
       49.25
      ],
      [
       -78.25,
       49.1177
      ],
      [
       -78.0447,
       49
      ],
      [
       -78,
       48.9742
      ],
      [
       -77.75,
       48.829
      ],
      [
       -77.6149,
       48.75
      ],
      [
       -77.5,
       48.6824
      ],
      [
       -77.25,
       48.5344
      ],
      [
       -77.1923,
       48.5
      ],
      [
       -77,
       48.3847
      ],
      [
       -76.7767,
       48.25
      ],
      [
       -76.75,
       48.2338
      ],
      [
       -76.5,
       48.0811
      ],
      [
       -76.3682,
       48
      ],
      [
       -76.25,
       47.9269
      ],
      [
       -76,
       47.7713
      ],
      [
       -75.966,
       47.75
      ],
      [
       -75.75,
       47.614
      ],
      [
       -75.5702,
       47.5
      ],
      [
       -75.5,
       47.4552
      ],
      [
       -75.25,
       47.2949
      ],
      [
       -75.1804,
       47.25
      ],
      [
       -75,
       47.1329
      ],
      [
       -74.7965,
       47
      ],
      [
       -74.75,
       46.9695
      ],
      [
       -74.5,
       46.8043
      ],
      [
       -74.4183,
       46.75
      ],
      [
       -74.25,
       46.6376
      ],
      [
       -74.0453,
       46.5
      ],
      [
       -74,
       46.4694
      ],
      [
       -73.75,
       46.2994
      ],
      [
       -73.6777,
       46.25
      ],
      [
       -73.5,
       46.1278
      ],
      [
       -73.3151,
       46
      ],
      [
       -73.25,
       45.9548
      ],
      [
       -73,
       45.78
      ],
      [
       -72.9573,
       45.75
      ],
      [
       -72.75,
       45.6035
      ],
      [
       -72.6042,
       45.5
      ],
      [
       -72.5,
       45.4255
      ],
      [
       -72.2555,
       45.25
      ],
      [
       -72.25,
       45.246
      ],
      [
       -72,
       45.0646
      ],
      [
       -71.9114,
       45
      ],
      [
       -71.75,
       44.8817
      ],
      [
       -71.5713,
       44.75
      ],
      [
       -71.5,
       44.6972
      ],
      [
       -71.2352,
       44.5
      ],
      [
       -71,
       44.3231
      ],
      [
       -70.9032,
       44.25
      ],
      [
       -70.75,
       44.1336
      ],
      [
       -70.5748,
       44
      ],
      [
       -70.5,
       43.9426
      ],
      [
       -70.25,
       43.75
      ],
      [
       -70,
       43.5556
      ],
      [
       -69.9288,
       43.5
      ],
      [
       -69.75,
       43.3596
      ],
      [
       -69.611,
       43.25
      ],
      [
       -69.5,
       43.1621
      ],
      [
       -69.2963,
       43
      ],
      [
       -69.25,
       42.963
      ],
      [
       -68.9847,
       42.75
      ],
      [
       -68.75,
       42.56
      ],
      [
       -68.6762,
       42.5
      ],
      [
       -68.5,
       42.3561
      ],
      [
       -68.3707,
       42.25
      ],
      [
       -68.25,
       42.1506
      ],
      [
       -68.0678,
       42
      ],
      [
       -68,
       41.9437
      ],
      [
       -67.7675,
       41.75
      ],
      [
       -67.75,
       41.7353
      ],
      [
       -67.47,
       41.5
      ],
      [
       -67.25,
       41.3138
      ],
      [
       -67.1749,
       41.25
      ],
      [
       -67,
       41.1008
      ],
      [
       -66.8822,
       41
      ],
      [
       -66.75,
       40.8864
      ],
      [
       -66.5917,
       40.75
      ],
      [
       -66.5,
       40.6706
      ],
      [
       -66.3034,
       40.5
      ],
      [
       -66.25,
       40.4534
      ],
      [
       -66.0172,
       40.25
      ],
      [
       -66,
       40.2349
      ],
      [
       -65.7331,
       40
      ],
      [
       -65.5,
       39.7936
      ],
      [
       -65.4509,
       39.75
      ],
      [
       -65.25,
       39.571
      ],
      [
       -65.1705,
       39.5
      ],
      [
       -65,
       39.3471
      ],
      [
       -64.8919,
       39.25
      ],
      [
       -64.75,
       39.1221
      ],
      [
       -64.615,
       39
      ],
      [
       -64.5,
       38.8958
      ],
      [
       -64.3396,
       38.75
      ],
      [
       -64.25,
       38.6684
      ],
      [
       -64.0657,
       38.5
      ],
      [
       -64,
       38.4398
      ],
      [
       -63.7933,
       38.25
      ],
      [
       -63.75,
       38.2102
      ],
      [
       -63.5222,
       38
      ],
      [
       -63.5,
       37.9795
      ],
      [
       -63.2524,
       37.75
      ],
      [
       -63.25,
       37.7478
      ],
      [
       -62.9839,
       37.5
      ],
      [
       -62.75,
       37.2814
      ],
      [
       -62.7165,
       37.25
      ],
      [
       -62.5,
       37.0468
      ],
      [
       -62.4502,
       37
      ],
      [
       -62.25,
       36.8114
      ],
      [
       -62.1849,
       36.75
      ],
      [
       -62,
       36.5752
      ],
      [
       -61.9205,
       36.5
      ],
      [
       -61.75,
       36.3383
      ],
      [
       -61.657,
       36.25
      ],
      [
       -61.5,
       36.1006
      ],
      [
       -61.3943,
       36
      ],
      [
       -61.25,
       35.8623
      ],
      [
       -61.1324,
       35.75
      ],
      [
       -61,
       35.6234
      ],
      [
       -60.8711,
       35.5
      ],
      [
       -60.75,
       35.3839
      ],
      [
       -60.6104,
       35.25
      ],
      [
       -60.5,
       35.144
      ],
      [
       -60.3502,
       35
      ],
      [
       -60.25,
       34.9035
      ],
      [
       -60.0906,
       34.75
      ],
      [
       -60,
       34.6627
      ],
      [
       -59.8313,
       34.5
      ],
      [
       -59.75,
       34.4215
      ],
      [
       -59.5724,
       34.25
      ],
      [
       -59.5,
       34.18
      ],
      [
       -59.3138,
       34
      ],
      [
       -59.25,
       33.9382
      ],
      [
       -59.0555,
       33.75
      ],
      [
       -59,
       33.6963
      ],
      [
       -58.7973,
       33.5
      ],
      [
       -58.75,
       33.4542
      ],
      [
       -58.5392,
       33.25
      ],
      [
       -58.5,
       33.212
      ],
      [
       -58.2812,
       33
      ],
      [
       -58.25,
       32.9698
      ],
      [
       -58.0231,
       32.75
      ],
      [
       -58,
       32.7276
      ],
      [
       -57.765,
       32.5
      ],
      [
       -57.75,
       32.4854
      ],
      [
       -57.5068,
       32.25
      ],
      [
       -57.5,
       32.2434
      ],
      [
       -57.2484,
       32
      ],
      [
       -56.9898,
       31.75
      ],
      [
       -56.7309,
       31.5
      ],
      [
       -56.4716,
       31.25
      ],
      [
       -56.25,
       31.0367
      ],
      [
       -56.2119,
       31
      ],
      [
       -56,
       30.7964
      ],
      [
       -55.9517,
       30.75
      ],
      [
       -55.75,
       30.5565
      ],
      [
       -55.691,
       30.5
      ],
      [
       -55.5,
       30.3172
      ],
      [
       -55.4296,
       30.25
      ],
      [
       -55.25,
       30.0785
      ],
      [
       -55.1677,
       30
      ],
      [
       -55,
       29.8403
      ],
      [
       -54.905,
       29.75
      ],
      [
       -54.75,
       29.6028
      ],
      [
       -54.6415,
       29.5
      ],
      [
       -54.5,
       29.366
      ],
      [
       -54.3773,
       29.25
      ],
      [
       -54.25,
       29.1299
      ],
      [
       -54.1121,
       29
      ],
      [
       -54,
       28.8946
      ],
      [
       -53.8459,
       28.75
      ],
      [
       -53.75,
       28.6601
      ],
      [
       -53.5788,
       28.5
      ],
      [
       -53.5,
       28.4264
      ],
      [
       -53.3106,
       28.25
      ],
      [
       -53.25,
       28.1937
      ],
      [
       -53.0412,
       28
      ],
      [
       -53,
       27.9619
      ],
      [
       -52.7706,
       27.75
      ],
      [
       -52.75,
       27.731
      ],
      [
       -52.4988,
       27.5
      ],
      [
       -52.2257,
       27.25
      ],
      [
       -52,
       27.0443
      ],
      [
       -51.9512,
       27
      ],
      [
       -51.75,
       26.8176
      ],
      [
       -51.6752,
       26.75
      ],
      [
       -51.5,
       26.5919
      ],
      [
       -51.3978,
       26.5
      ],
      [
       -51.25,
       26.3674
      ],
      [
       -51.1187,
       26.25
      ],
      [
       -51,
       26.1441
      ],
      [
       -50.838,
       26
      ],
      [
       -50.75,
       25.9219
      ],
      [
       -50.5555,
       25.75
      ],
      [
       -50.5,
       25.701
      ],
      [
       -50.2713,
       25.5
      ],
      [
       -50.25,
       25.4813
      ],
      [
       -49.9852,
       25.25
      ],
      [
       -49.75,
       25.0457
      ],
      [
       -49.6972,
       25
      ],
      [
       -49.5,
       24.8297
      ],
      [
       -49.4073,
       24.75
      ],
      [
       -49.25,
       24.6151
      ],
      [
       -49.1152,
       24.5
      ],
      [
       -49,
       24.4019
      ],
      [
       -48.821,
       24.25
      ],
      [
       -48.75,
       24.1899
      ],
      [
       -48.5245,
       24
      ],
      [
       -48.5,
       23.9794
      ],
      [
       -48.2258,
       23.75
      ],
      [
       -48,
       23.5623
      ],
      [
       -47.9247,
       23.5
      ],
      [
       -47.75,
       23.3559
      ],
      [
       -47.6211,
       23.25
      ],
      [
       -47.5,
       23.1508
      ],
      [
       -47.315,
       23
      ],
      [
       -47.25,
       22.9472
      ],
      [
       -47.0062,
       22.75
      ],
      [
       -47,
       22.745
      ],
      [
       -46.75,
       22.5442
      ],
      [
       -46.6947,
       22.5
      ],
      [
       -46.5,
       22.3448
      ],
      [
       -46.3805,
       22.25
      ],
      [
       -46.25,
       22.1468
      ],
      [
       -46.0633,
       22
      ],
      [
       -46,
       21.9503
      ],
      [
       -45.7432,
       21.75
      ],
      [
       -45.5,
       21.5616
      ],
      [
       -45.4199,
       21.5
      ],
      [
       -45.25,
       21.3695
      ],
      [
       -45.0935,
       21.25
      ],
      [
       -45,
       21.1788
      ],
      [
       -44.7639,
       21
      ],
      [
       -44.75,
       20.9895
      ],
      [
       -44.5,
       20.8017
      ],
      [
       -44.4308,
       20.75
      ],
      [
       -44.25,
       20.6153
      ],
      [
       -44.0942,
       20.5
      ],
      [
       -44,
       20.4304
      ],
      [
       -43.7541,
       20.25
      ],
      [
       -43.75,
       20.247
      ],
      [
       -43.5,
       20.0649
      ],
      [
       -43.4102,
       20
      ],
      [
       -43.25,
       19.8843
      ],
      [
       -43.0626,
       19.75
      ],
      [
       -43,
       19.7053
      ],
      [
       -42.75,
       19.5276
      ],
      [
       -42.7109,
       19.5
      ],
      [
       -42.5,
       19.3513
      ],
      [
       -42.3552,
       19.25
      ],
      [
       -42.25,
       19.1765
      ],
      [
       -41.9954,
       19
      ],
      [
       -41.75,
       18.8312
      ],
      [
       -41.6311,
       18.75
      ],
      [
       -41.5,
       18.6606
      ],
      [
       -41.2624,
       18.5
      ],
      [
       -41.25,
       18.4916
      ],
      [
       -41,
       18.3238
      ],
      [
       -40.8891,
       18.25
      ],
      [
       -40.75,
       18.1575
      ],
      [
       -40.5111,
       18
      ],
      [
       -40.5,
       17.9927
      ],
      [
       -40.25,
       17.8291
      ],
      [
       -40.1281,
       17.75
      ],
      [
       -40,
       17.667
      ],
      [
       -39.7401,
       17.5
      ],
      [
       -39.5,
       17.3469
      ],
      [
       -39.3468,
       17.25
      ],
      [
       -39.25,
       17.1889
      ],
      [
       -39,
       17.0323
      ],
      [
       -38.9481,
       17
      ],
      [
       -38.75,
       16.8769
      ],
      [
       -38.5439,
       16.75
      ],
      [
       -38.5,
       16.723
      ],
      [
       -38.25,
       16.5704
      ],
      [
       -38.1338,
       16.5
      ],
      [
       -38,
       16.4191
      ],
      [
       -37.75,
       16.2692
      ],
      [
       -37.7178,
       16.25
      ],
      [
       -37.5,
       16.1204
      ],
      [
       -37.2957,
       16
      ],
      [
       -37.25,
       15.9731
      ],
      [
       -37,
       15.827
      ],
      [
       -36.8671,
       15.75
      ],
      [
       -36.75,
       15.6823
      ],
      [
       -36.5,
       15.5388
      ],
      [
       -36.4319,
       15.5
      ],
      [
       -36.25,
       15.3965
      ],
      [
       -35.9899,
       15.25
      ],
      [
       -35.75,
       15.1159
      ],
      [
       -35.5407,
       15
      ],
      [
       -35.5,
       14.9775
      ],
      [
       -35.25,
       14.8402
      ],
      [
       -35.0842,
       14.75
      ],
      [
       -35,
       14.7042
      ],
      [
       -34.75,
       14.5695
      ],
      [
       -34.62,
       14.5
      ],
      [
       -34.5,
       14.4359
      ],
      [
       -34.25,
       14.3036
      ],
      [
       -34.148,
       14.25
      ],
      [
       -34,
       14.1724
      ],
      [
       -33.75,
       14.0425
      ],
      [
       -33.6677,
       14
      ],
      [
       -33.5,
       13.9136
      ],
      [
       -33.25,
       13.786
      ],
      [
       -33.1788,
       13.75
      ],
      [
       -33,
       13.6595
      ],
      [
       -32.75,
       13.5343
      ],
      [
       -32.681,
       13.5
      ],
      [
       -32.5,
       13.4101
      ],
      [
       -32.25,
       13.2871
      ],
      [
       -32.174,
       13.25
      ],
      [
       -32,
       13.1651
      ],
      [
       -31.75,
       13.0444
      ],
      [
       -31.6573,
       13
      ],
      [
       -31.5,
       12.9247
      ],
      [
       -31.25,
       12.8062
      ],
      [
       -31.1305,
       12.75
      ],
      [
       -31,
       12.6887
      ],
      [
       -30.75,
       12.5723
      ],
      [
       -30.5932,
       12.5
      ],
      [
       -30.5,
       12.457
      ],
      [
       -30.25,
       12.3427
      ],
      [
       -30.045,
       12.25
      ],
      [
       -30,
       12.2296
      ],
      [
       -29.75,
       12.1174
      ],
      [
       -29.4853,
       12
      ],
      [
       -29.25,
       11.8963
      ],
      [
       -29,
       11.7874
      ],
      [
       -28.9135,
       11.75
      ],
      [
       -28.75,
       11.6794
      ],
      [
       -28.5,
       11.5724
      ],
      [
       -28.3291,
       11.5
      ],
      [
       -28.25,
       11.4665
      ],
      [
       -28,
       11.3615
      ],
      [
       -27.7314,
       11.25
      ],
      [
       -27.5,
       11.1546
      ],
      [
       -27.25,
       11.0526
      ],
      [
       -27.1198,
       11
      ],
      [
       -27,
       10.9516
      ],
      [
       -26.75,
       10.8515
      ],
      [
       -26.4937,
       10.75
      ],
      [
       -26.25,
       10.6542
      ],
      [
       -26,
       10.557
      ],
      [
       -25.8518,
       10.5
      ],
      [
       -25.75,
       10.4608
      ],
      [
       -25.5,
       10.3654
      ],
      [
       -25.25,
       10.2711
      ],
      [
       -25.1937,
       10.25
      ],
      [
       -25,
       10.1775
      ],
      [
       -24.75,
       10.0849
      ],
      [
       -24.5184,
       10
      ],
      [
       -24.5,
       9.9933
      ],
      [
       -24.25,
       9.9023
      ],
      [
       -24,
       9.8125
      ],
      [
       -23.8245,
       9.75
      ],
      [
       -23.75,
       9.7235
      ],
      [
       -23.5,
       9.6352
      ],
      [
       -23.25,
       9.548
      ],
      [
       -23.1112,
       9.5
      ],
      [
       -23,
       9.4616
      ],
      [
       -22.75,
       9.3759
      ],
      [
       -22.5,
       9.2913
      ],
      [
       -22.377,
       9.25
      ],
      [
       -22.25,
       9.2074
      ],
      [
       -22,
       9.1243
      ],
      [
       -21.75,
       9.0421
      ],
      [
       -21.6205,
       9
      ],
      [
       -21.5,
       8.9608
      ],
      [
       -21.25,
       8.8801
      ],
      [
       -21,
       8.8004
      ],
      [
       -20.8401,
       8.75
      ],
      [
       -20.75,
       8.7215
      ],
      [
       -20.5,
       8.6433
      ],
      [
       -20.25,
       8.566
      ],
      [
       -20.0341,
       8.5
      ],
      [
       -20,
       8.4896
      ],
      [
       -19.75,
       8.4137
      ],
      [
       -19.5,
       8.3387
      ],
      [
       -19.25,
       8.2646
      ],
      [
       -19.2002,
       8.25
      ],
      [
       -19,
       8.1911
      ],
      [
       -18.75,
       8.1184
      ],
      [
       -18.5,
       8.0465
      ],
      [
       -18.3363,
       8
      ],
      [
       -18.25,
       7.9754
      ],
      [
       -18,
       7.9049
      ],
      [
       -17.75,
       7.8353
      ],
      [
       -17.5,
       7.7665
      ],
      [
       -17.4396,
       7.75
      ],
      [
       -17.25,
       7.6982
      ],
      [
       -17,
       7.6307
      ],
      [
       -16.75,
       7.5711
      ],
      [
       -16.5,
       7.5316
      ],
      [
       -16.25,
       7.5112
      ],
      [
       -16,
       7.5078
      ],
      [
       -15.75,
       7.5194
      ],
      [
       -15.5,
       7.5446
      ],
      [
       -15.25,
       7.5822
      ],
      [
       -15,
       7.631
      ],
      [
       -14.75,
       7.6902
      ],
      [
       -14.5336,
       7.75
      ],
      [
       -14.5,
       7.7595
      ],
      [
       -14.25,
       7.8414
      ],
      [
       -14,
       7.9326
      ],
      [
       -13.8328,
       8
      ],
      [
       -13.75,
       8.0328
      ],
      [
       -13.5,
       8.1413
      ],
      [
       -13.2673,
       8.25
      ],
      [
       -13.25,
       8.258
      ],
      [
       -13,
       8.3821
      ],
      [
       -12.7766,
       8.5
      ],
      [
       -12.75,
       8.5138
      ],
      [
       -12.5,
       8.6523
      ],
      [
       -12.3329,
       8.75
      ],
      [
       -12.25,
       8.7948
      ],
      [
       -12,
       8.9367
      ],
      [
       -11.8934,
       9
      ],
      [
       -11.75,
       9.0899
      ],
      [
       -11.5059,
       9.25
      ],
      [
       -11.5,
       9.2538
      ],
      [
       -11.25,
       9.4232
      ],
      [
       -11.1411,
       9.5
      ],
      [
       -11,
       9.5983
      ],
      [
       -10.7907,
       9.75
      ],
      [
       -10.75,
       9.7771
      ],
      [
       -10.5,
       9.9492
      ],
      [
       -10.4286,
       10
      ],
      [
       -10.25,
       10.1358
      ],
      [
       -10.1048,
       10.25
      ],
      [
       -10,
       10.3316
      ],
      [
       -9.7906,
       10.5
      ],
      [
       -9.75,
       10.5324
      ],
      [
       -9.5,
       10.7378
      ],
      [
       -9.4856,
       10.75
      ],
      [
       -9.25,
       10.9317
      ],
      [
       -9.1638,
       11
      ],
      [
       -9,
       11.1398
      ],
      [
       -8.8744,
       11.25
      ],
      [
       -8.75,
       11.3583
      ],
      [
       -8.5914,
       11.5
      ],
      [
       -8.5,
       11.5743
      ],
      [
       -8.2889,
       11.75
      ],
      [
       -8.25,
       11.785
      ],
      [
       -8.0172,
       12
      ],
      [
       -8,
       12.0158
      ],
      [
       -7.7505,
       12.25
      ],
      [
       -7.75,
       12.2505
      ],
      [
       -7.5,
       12.4889
      ],
      [
       -7.4886,
       12.5
      ],
      [
       -7.25,
       12.7105
      ],
      [
       -7.2061,
       12.75
      ],
      [
       -7,
       12.9524
      ],
      [
       -6.9524,
       13
      ],
      [
       -6.75,
       13.2016
      ],
      [
       -6.7023,
       13.25
      ],
      [
       -6.5,
       13.4357
      ],
      [
       -6.4311,
       13.5
      ],
      [
       -6.25,
       13.6853
      ],
      [
       -6.1878,
       13.75
      ],
      [
       -6,
       13.9447
      ],
      [
       -5.9475,
       14
      ],
      [
       -5.75,
       14.1879
      ],
      [
       -5.6857,
       14.25
      ],
      [
       -5.5,
       14.4472
      ],
      [
       -5.4511,
       14.5
      ],
      [
       -5.25,
       14.6954
      ],
      [
       -5.1947,
       14.75
      ],
      [
       -5,
       14.9616
      ],
      [
       -4.9651,
       15
      ],
      [
       -4.75,
       15.2365
      ],
      [
       -4.7378,
       15.25
      ],
      [
       -4.5,
       15.4884
      ],
      [
       -4.4886,
       15.5
      ],
      [
       -4.2657,
       15.75
      ],
      [
       -4.25,
       15.7658
      ],
      [
       -4.0207,
       16
      ],
      [
       -4,
       16.0234
      ],
      [
       -3.8017,
       16.25
      ],
      [
       -3.75,
       16.309
      ],
      [
       -3.5845,
       16.5
      ],
      [
       -3.5,
       16.5877
      ],
      [
       -3.3451,
       16.75
      ],
      [
       -3.25,
       16.8607
      ],
      [
       -3.1314,
       17
      ],
      [
       -3,
       17.1386
      ],
      [
       -2.8954,
       17.25
      ],
      [
       -2.75,
       17.4223
      ],
      [
       -2.6849,
       17.5
      ],
      [
       -2.5,
       17.6982
      ],
      [
       -2.4521,
       17.75
      ],
      [
       -2.25,
       17.9935
      ],
      [
       -2.2446,
       18
      ],
      [
       -2.0146,
       18.25
      ],
      [
       -2,
       18.2677
      ],
      [
       -1.8096,
       18.5
      ],
      [
       -1.75,
       18.5652
      ],
      [
       -1.5822,
       18.75
      ],
      [
       -1.5,
       18.8513
      ],
      [
       -1.3799,
       19
      ],
      [
       -1.25,
       19.144
      ],
      [
       -1.155,
       19.25
      ],
      [
       -1,
       19.4437
      ],
      [
       -0.9552,
       19.5
      ],
      [
       -0.75,
       19.7305
      ],
      [
       -0.7327,
       19.75
      ],
      [
       -0.5349,
       20
      ],
      [
       -0.5,
       20.0394
      ],
      [
       -0.3144,
       20.25
      ],
      [
       -0.25,
       20.3231
      ],
      [
       -0.095,
       20.5
      ],
      [
       0,
       20.6217
      ],
      [
       0.0998,
       20.75
      ],
      [
       0.25,
       20.9226
      ],
      [
       0.3171,
       21
      ],
      [
       0.5,
       21.2112
      ],
      [
       0.5334,
       21.25
      ],
      [
       0.7254,
       21.5
      ],
      [
       0.75,
       21.5285
      ],
      [
       0.9402,
       21.75
      ],
      [
       1,
       21.8197
      ],
      [
       1.1542,
       22
      ],
      [
       1.25,
       22.1263
      ],
      [
       1.3437,
       22.25
      ],
      [
       1.5,
       22.4341
      ],
      [
       1.5558,
       22.5
      ],
      [
       1.75,
       22.7298
      ],
      [
       1.767,
       22.75
      ],
      [
       1.9545,
       23
      ],
      [
       2,
       23.0541
      ],
      [
       2.1646,
       23.25
      ],
      [
       2.25,
       23.3519
      ],
      [
       2.3739,
       23.5
      ],
      [
       2.5,
       23.6511
      ],
      [
       2.5824,
       23.75
      ],
      [
       2.75,
       23.9775
      ],
      [
       2.7666,
       24
      ],
      [
       2.9739,
       24.25
      ],
      [
       3,
       24.2815
      ],
      [
       3.1808,
       24.5
      ],
      [
       3.25,
       24.5839
      ],
      [
       3.3869,
       24.75
      ],
      [
       3.5,
       24.8876
      ],
      [
       3.5923,
       25
      ],
      [
       3.75,
       25.1926
      ],
      [
       3.797,
       25.25
      ],
      [
       4,
       25.4988
      ],
      [
       4.0009,
       25.5
      ],
      [
       4.1819,
       25.75
      ],
      [
       4.25,
       25.8338
      ],
      [
       4.3852,
       26
      ],
      [
       4.5,
       26.1416
      ],
      [
       4.5879,
       26.25
      ],
      [
       4.75,
       26.4507
      ],
      [
       4.7899,
       26.5
      ],
      [
       4.9914,
       26.75
      ],
      [
       5,
       26.7607
      ],
      [
       5.193,
       27
      ],
      [
       5.25,
       27.071
      ],
      [
       5.394,
       27.25
      ],
      [
       5.5,
       27.3824
      ],
      [
       5.5943,
       27.5
      ],
      [
       5.75,
       27.695
      ],
      [
       5.794,
       27.75
      ],
      [
       5.9932,
       28
      ],
      [
       6,
       28.0076
      ],
      [
       6.2158,
       28.25
      ],
      [
       6.25,
       28.2931
      ],
      [
       6.4148,
       28.5
      ],
      [
       6.5,
       28.6076
      ],
      [
       6.6132,
       28.75
      ],
      [
       6.75,
       28.9231
      ],
      [
       6.8109,
       29
      ],
      [
       7,
       29.2397
      ],
      [
       7.0081,
       29.25
      ],
      [
       7.2057,
       29.5
      ],
      [
       7.25,
       29.5504
      ],
      [
       7.4259,
       29.75
      ],
      [
       7.5,
       29.8443
      ],
      [
       7.6226,
       30
      ],
      [
       7.75,
       30.1626
      ],
      [
       7.8187,
       30.25
      ],
      [
       8,
       30.4818
      ],
      [
       8.0143,
       30.5
      ],
      [
       8.2331,
       30.75
      ],
      [
       8.25,
       30.7717
      ],
      [
       8.4288,
       31
      ],
      [
       8.5,
       31.0914
      ],
      [
       8.624,
       31.25
      ],
      [
       8.75,
       31.3947
      ],
      [
       8.8419,
       31.5
      ],
      [
       9,
       31.7037
      ],
      [
       9.0361,
       31.75
      ],
      [
       9.25,
       31.9964
      ],
      [
       9.2532,
       32
      ],
      [
       9.4476,
       32.25
      ],
      [
       9.5,
       32.3177
      ],
      [
       9.6416,
       32.5
      ],
      [
       9.75,
       32.6252
      ],
      [
       9.8583,
       32.75
      ],
      [
       10,
       32.9337
      ],
      [
       10.0513,
       33
      ],
      [
       10.25,
       33.2301
      ],
      [
       10.2673,
       33.25
      ],
      [
       10.4832,
       33.5
      ],
      [
       10.5,
       33.5218
      ],
      [
       10.6763,
       33.75
      ],
      [
       10.75,
       33.8355
      ],
      [
       10.892,
       34
      ],
      [
       11,
       34.1255
      ],
      [
       11.1074,
       34.25
      ],
      [
       11.25,
       34.436
      ],
      [
       11.2993,
       34.5
      ],
      [
       11.5,
       34.7337
      ],
      [
       11.514,
       34.75
      ],
      [
       11.729,
       35
      ],
      [
       11.75,
       35.0245
      ],
      [
       11.9439,
       35.25
      ],
      [
       12,
       35.3234
      ],
      [
       12.1356,
       35.5
      ],
      [
       12.25,
       35.6336
      ],
      [
       12.35,
       35.75
      ],
      [
       12.5,
       35.9253
      ],
      [
       12.5641,
       36
      ],
      [
       12.75,
       36.2174
      ],
      [
       12.7779,
       36.25
      ],
      [
       12.9917,
       36.5
      ],
      [
       13,
       36.5097
      ],
      [
       13.2059,
       36.75
      ],
      [
       13.25,
       36.8017
      ],
      [
       13.4198,
       37
      ],
      [
       13.5,
       37.094
      ],
      [
       13.6335,
       37.25
      ],
      [
       13.75,
       37.3866
      ],
      [
       13.847,
       37.5
      ],
      [
       14,
       37.6795
      ],
      [
       14.0603,
       37.75
      ],
      [
       14.25,
       37.9728
      ],
      [
       14.2733,
       38
      ],
      [
       14.5,
       38.2401
      ],
      [
       14.5094,
       38.25
      ],
      [
       14.7227,
       38.5
      ],
      [
       14.75,
       38.5321
      ],
      [
       14.936,
       38.75
      ],
      [
       15,
       38.8252
      ],
      [
       15.1641,
       39
      ],
      [
       15.25,
       39.0916
      ],
      [
       15.3851,
       39.25
      ],
      [
       15.5,
       39.3852
      ],
      [
       15.5979,
       39.5
      ],
      [
       15.75,
       39.6613
      ],
      [
       15.8337,
       39.75
      ],
      [
       16,
       39.9458
      ],
      [
       16.0462,
       40
      ],
      [
       16.25,
       40.2163
      ],
      [
       16.2818,
       40.25
      ],
      [
       16.4942,
       40.5
      ],
      [
       16.5,
       40.5062
      ],
      [
       16.73,
       40.75
      ],
      [
       16.75,
       40.7713
      ],
      [
       16.9657,
       41
      ],
      [
       17,
       41.0405
      ],
      [
       17.1784,
       41.25
      ],
      [
       17.25,
       41.326
      ],
      [
       17.414,
       41.5
      ],
      [
       17.5,
       41.5914
      ],
      [
       17.6496,
       41.75
      ],
      [
       17.75,
       41.8567
      ],
      [
       17.8851,
       42
      ],
      [
       18,
       42.1221
      ],
      [
       18.1205,
       42.25
      ],
      [
       18.25,
       42.3876
      ],
      [
       18.356,
       42.5
      ],
      [
       18.5,
       42.6531
      ],
      [
       18.5914,
       42.75
      ],
      [
       18.75,
       42.9186
      ],
      [
       18.8267,
       43
      ],
      [
       19,
       43.1841
      ],
      [
       19.0621,
       43.25
      ],
      [
       19.25,
       43.4497
      ],
      [
       19.2974,
       43.5
      ],
      [
       19.5,
       43.7152
      ],
      [
       19.5328,
       43.75
      ],
      [
       19.75,
       43.9808
      ],
      [
       19.7681,
       44
      ],
      [
       20,
       44.2242
      ],
      [
       20.0267,
       44.25
      ],
      [
       20.25,
       44.4873
      ],
      [
       20.262,
       44.5
      ],
      [
       20.4974,
       44.75
      ],
      [
       20.5,
       44.7525
      ],
      [
       20.75,
       44.9942
      ],
      [
       20.756,
       45
      ],
      [
       21,
       45.2358
      ],
      [
       21.0147,
       45.25
      ],
      [
       21.25,
       45.4999
      ],
      [
       21.2501,
       45.5
      ],
      [
       21.5,
       45.7414
      ],
      [
       21.5089,
       45.75
      ],
      [
       21.75,
       45.9829
      ],
      [
       21.7677,
       46
      ],
      [
       22,
       46.2466
      ],
      [
       22.0032,
       46.25
      ],
      [
       22.25,
       46.4883
      ],
      [
       22.2621,
       46.5
      ],
      [
       22.5,
       46.7297
      ],
      [
       22.521,
       46.75
      ],
      [
       22.75,
       46.9711
      ],
      [
       22.7799,
       47
      ],
      [
       23,
       47.2124
      ],
      [
       23.0389,
       47.25
      ],
      [
       23.25,
       47.4368
      ],
      [
       23.3212,
       47.5
      ],
      [
       23.5,
       47.6726
      ],
      [
       23.5802,
       47.75
      ],
      [
       23.75,
       47.9138
      ],
      [
       23.8393,
       48
      ],
      [
       24,
       48.1422
      ],
      [
       24.1216,
       48.25
      ],
      [
       24.25,
       48.3738
      ],
      [
       24.3808,
       48.5
      ],
      [
       24.5,
       48.6055
      ],
      [
       24.663,
       48.75
      ],
      [
       24.75,
       48.8338
      ],
      [
       24.9223,
       49
      ],
      [
       25,
       49.0687
      ],
      [
       25.2046,
       49.25
      ],
      [
       25.25,
       49.2902
      ],
      [
       25.4868,
       49.5
      ],
      [
       25.5,
       49.5116
      ],
      [
       25.75,
       49.7327
      ],
      [
       25.7695,
       49.75
      ],
      [
       26,
       49.9536
      ],
      [
       26.0524,
       50
      ],
      [
       26.25,
       50.1745
      ],
      [
       26.3353,
       50.25
      ],
      [
       26.5,
       50.3954
      ],
      [
       26.6181,
       50.5
      ],
      [
       26.75,
       50.6164
      ],
      [
       26.901,
       50.75
      ],
      [
       27,
       50.8307
      ],
      [
       27.2067,
       51
      ],
      [
       27.25,
       51.0382
      ],
      [
       27.4895,
       51.25
      ],
      [
       27.5,
       51.2586
      ],
      [
       27.75,
       51.4624
      ],
      [
       27.796,
       51.5
      ],
      [
       28,
       51.6799
      ],
      [
       28.0793,
       51.75
      ],
      [
       28.25,
       51.889
      ],
      [
       28.3857,
       52
      ],
      [
       28.5,
       52.0931
      ],
      [
       28.6919,
       52.25
      ],
      [
       28.75,
       52.2973
      ],
      [
       28.9979,
       52.5
      ],
      [
       29,
       52.5017
      ],
      [
       29.25,
       52.7051
      ],
      [
       29.3049,
       52.75
      ],
      [
       29.5,
       52.9087
      ],
      [
       29.6118,
       53
      ],
      [
       29.75,
       53.1044
      ],
      [
       29.9414,
       53.25
      ],
      [
       30,
       53.2977
      ],
      [
       30.2477,
       53.5
      ],
      [
       30.25,
       53.5017
      ],
      [
       30.5,
       53.6905
      ],
      [
       30.5783,
       53.75
      ],
      [
       30.75,
       53.8896
      ],
      [
       30.8852,
       54
      ],
      [
       31,
       54.0866
      ],
      [
       31.215,
       54.25
      ],
      [
       31.25,
       54.2764
      ],
      [
       31.5,
       54.4656
      ],
      [
       31.5453,
       54.5
      ],
      [
       31.75,
       54.6545
      ],
      [
       31.8758,
       54.75
      ],
      [
       32,
       54.8375
      ],
      [
       32.2288,
       55
      ],
      [
       32.25,
       55.016
      ],
      [
       32.5,
       55.2049
      ],
      [
       32.5594,
       55.25
      ],
      [
       32.75,
       55.3842
      ],
      [
       32.9131,
       55.5
      ],
      [
       33,
       55.5655
      ],
      [
       33.2431,
       55.75
      ],
      [
       33.25,
       55.7549
      ],
      [
       33.5,
       55.9309
      ],
      [
       33.5973,
       56
      ],
      [
       33.75,
       56.1075
      ],
      [
       33.9508,
       56.25
      ],
      [
       34,
       56.2846
      ],
      [
       34.25,
       56.4612
      ],
      [
       34.3047,
       56.5
      ],
      [
       34.5,
       56.6288
      ],
      [
       34.6818,
       56.75
      ],
      [
       34.75,
       56.798
      ],
      [
       35,
       56.9749
      ],
      [
       35.0354,
       57
      ],
      [
       35.25,
       57.1415
      ],
      [
       35.4128,
       57.25
      ],
      [
       35.5,
       57.3075
      ],
      [
       35.75,
       57.4735
      ],
      [
       35.7897,
       57.5
      ],
      [
       36,
       57.6387
      ],
      [
       36.1671,
       57.75
      ],
      [
       36.25,
       57.8047
      ],
      [
       36.5,
       57.9707
      ],
      [
       36.544,
       58
      ],
      [
       36.75,
       58.1278
      ],
      [
       36.9445,
       58.25
      ],
      [
       37,
       58.2866
      ],
      [
       37.25,
       58.4522
      ],
      [
       37.3218,
       58.5
      ],
      [
       37.5,
       58.6106
      ],
      [
       37.7219,
       58.75
      ],
      [
       37.75,
       58.7674
      ],
      [
       38,
       58.9229
      ],
      [
       38.1227,
       59
      ],
      [
       38.25,
       59.0746
      ],
      [
       38.5,
       59.2226
      ],
      [
       38.5461,
       59.25
      ],
      [
       38.75,
       59.3765
      ],
      [
       38.9465,
       59.5
      ],
      [
       39,
       59.5314
      ],
      [
       39.25,
       59.6785
      ],
      [
       39.3703,
       59.75
      ],
      [
       39.5,
       59.826
      ],
      [
       39.75,
       59.9741
      ],
      [
       39.7936,
       60
      ],
      [
       40,
       60.121
      ],
      [
       40.217,
       60.25
      ],
      [
       40.25,
       60.2683
      ],
      [
       40.5,
       60.4075
      ],
      [
       40.664,
       60.5
      ],
      [
       40.75,
       60.5478
      ],
      [
       41,
       60.6875
      ],
      [
       41.1107,
       60.75
      ],
      [
       41.25,
       60.8274
      ],
      [
       41.5,
       60.9677
      ],
      [
       41.5571,
       61
      ],
      [
       41.75,
       61.1071
      ],
      [
       42,
       61.2482
      ],
      [
       42.0032,
       61.25
      ],
      [
       42.25,
       61.3802
      ],
      [
       42.4731,
       61.5
      ],
      [
       42.5,
       61.5142
      ],
      [
       42.75,
       61.6464
      ],
      [
       42.9429,
       61.75
      ],
      [
       43,
       61.7802
      ],
      [
       43.25,
       61.9127
      ],
      [
       43.4125,
       62
      ],
      [
       43.5,
       62.044
      ],
      [
       43.75,
       62.1705
      ],
      [
       43.9051,
       62.25
      ],
      [
       44,
       62.2977
      ],
      [
       44.25,
       62.4243
      ],
      [
       44.3976,
       62.5
      ],
      [
       44.5,
       62.5515
      ],
      [
       44.75,
       62.6782
      ],
      [
       44.89,
       62.75
      ],
      [
       45,
       62.8028
      ],
      [
       45.25,
       62.9238
      ],
      [
       45.4054,
       63
      ],
      [
       45.5,
       63.0454
      ],
      [
       45.75,
       63.1663
      ],
      [
       45.9206,
       63.25
      ],
      [
       46,
       63.2881
      ],
      [
       46.25,
       63.4089
      ],
      [
       46.4356,
       63.5
      ],
      [
       46.5,
       63.5296
      ],
      [
       46.75,
       63.6449
      ],
      [
       46.9735,
       63.75
      ],
      [
       47,
       63.7622
      ],
      [
       47.25,
       63.8772
      ],
      [
       47.5,
       63.9947
      ],
      [
       47.5113,
       64
      ],
      [
       47.75,
       64.105
      ],
      [
       48,
       64.2171
      ],
      [
       48.0727,
       64.25
      ],
      [
       48.25,
       64.328
      ],
      [
       48.5,
       64.4397
      ],
      [
       48.6335,
       64.5
      ],
      [
       48.75,
       64.5492
      ],
      [
       49,
       64.6558
      ],
      [
       49.2169,
       64.75
      ],
      [
       49.25,
       64.764
      ],
      [
       49.5,
       64.8699
      ],
      [
       49.75,
       64.9781
      ],
      [
       49.8004,
       65
      ],
      [
       50,
       65.0844
      ],
      [
       50.25,
       65.1918
      ],
      [
       50.3837,
       65.25
      ],
      [
       50.5,
       65.2955
      ],
      [
       50.75,
       65.3901
      ],
      [
       51,
       65.4947
      ],
      [
       51.0126,
       65.5
      ],
      [
       51.25,
       65.5966
      ],
      [
       51.5,
       65.7002
      ],
      [
       51.6188,
       65.75
      ],
      [
       51.75,
       65.7995
      ],
      [
       52,
       65.8948
      ],
      [
       52.25,
       65.9921
      ],
      [
       52.2702,
       66
      ],
      [
       52.5,
       66.0867
      ],
      [
       52.75,
       66.1828
      ],
      [
       52.922,
       66.25
      ],
      [
       53,
       66.2795
      ],
      [
       53.25,
       66.3744
      ],
      [
       53.5,
       66.4715
      ],
      [
       53.573,
       66.5
      ],
      [
       53.75,
       66.5645
      ],
      [
       54,
       66.6569
      ],
      [
       54.2463,
       66.75
      ],
      [
       54.25,
       66.7513
      ],
      [
       54.5,
       66.8394
      ],
      [
       54.75,
       66.9292
      ],
      [
       54.9433,
       67
      ],
      [
       55,
       67.0193
      ],
      [
       55.25,
       67.1049
      ],
      [
       55.5,
       67.1922
      ],
      [
       55.6629,
       67.25
      ],
      [
       55.75,
       67.2797
      ],
      [
       56,
       67.3656
      ],
      [
       56.25,
       67.4532
      ],
      [
       56.3817,
       67.5
      ],
      [
       56.5,
       67.5379
      ],
      [
       56.75,
       67.6185
      ],
      [
       57,
       67.701
      ],
      [
       57.1465,
       67.75
      ],
      [
       57.25,
       67.7832
      ],
      [
       57.5,
       67.8638
      ],
      [
       57.75,
       67.9462
      ],
      [
       57.9106,
       68
      ],
      [
       58,
       68.0278
      ],
      [
       58.25,
       68.106
      ],
      [
       58.5,
       68.1858
      ],
      [
       58.6972,
       68.25
      ],
      [
       58.75,
       68.2659
      ],
      [
       59,
       68.3417
      ],
      [
       59.25,
       68.4189
      ],
      [
       59.5,
       68.498
      ],
      [
       59.5062,
       68.5
      ],
      [
       59.75,
       68.5715
      ],
      [
       60,
       68.6462
      ],
      [
       60.25,
       68.7226
      ],
      [
       60.3386,
       68.75
      ],
      [
       60.5,
       68.7961
      ],
      [
       60.75,
       68.8683
      ],
      [
       61,
       68.942
      ],
      [
       61.1927,
       69
      ],
      [
       61.25,
       69.0159
      ],
      [
       61.5,
       69.0856
      ],
      [
       61.75,
       69.1568
      ],
      [
       62,
       69.2296
      ],
      [
       62.0695,
       69.25
      ],
      [
       62.25,
       69.2976
      ],
      [
       62.5,
       69.3643
      ],
      [
       62.75,
       69.4325
      ],
      [
       62.9914,
       69.5
      ],
      [
       63,
       69.5023
      ],
      [
       63.25,
       69.5682
      ],
      [
       63.5,
       69.6355
      ],
      [
       63.75,
       69.699
      ],
      [
       63.9365,
       69.75
      ],
      [
       64,
       69.7659
      ],
      [
       64.25,
       69.8289
      ],
      [
       64.5,
       69.8932
      ],
      [
       64.75,
       69.9589
      ],
      [
       64.9035,
       70
      ],
      [
       65,
       70.0237
      ],
      [
       65.25,
       70.0853
      ],
      [
       65.5,
       70.1483
      ],
      [
       65.75,
       70.2127
      ],
      [
       65.8926,
       70.25
      ],
      [
       66,
       70.2746
      ],
      [
       66.25,
       70.3285
      ],
      [
       66.5,
       70.3885
      ],
      [
       66.75,
       70.4498
      ],
      [
       66.9501,
       70.5
      ],
      [
       67,
       70.5112
      ],
      [
       67.25,
       70.5673
      ],
      [
       67.5,
       70.6244
      ],
      [
       67.75,
       70.6829
      ],
      [
       68,
       70.7428
      ],
      [
       68.0296,
       70.75
      ],
      [
       68.25,
       70.7972
      ],
      [
       68.5,
       70.8516
      ],
      [
       68.75,
       70.9072
      ],
      [
       69,
       70.9641
      ],
      [
       69.1549,
       71
      ],
      [
       69.25,
       71.0196
      ],
      [
       69.5,
       71.0713
      ],
      [
       69.75,
       71.124
      ],
      [
       70,
       71.178
      ],
      [
       70.25,
       71.2333
      ],
      [
       70.3247,
       71.25
      ],
      [
       70.5,
       71.2847
      ],
      [
       70.75,
       71.3347
      ],
      [
       71,
       71.3857
      ],
      [
       71.25,
       71.4379
      ],
      [
       71.5,
       71.4915
      ],
      [
       71.5394,
       71.5
      ],
      [
       71.75,
       71.5393
      ],
      [
       72,
       71.5866
      ],
      [
       72.25,
       71.6329
      ],
      [
       72.5,
       71.6832
      ],
      [
       72.75,
       71.7348
      ],
      [
       72.8227,
       71.75
      ],
      [
       73,
       71.7814
      ],
      [
       73.25,
       71.8261
      ],
      [
       73.5,
       71.8716
      ],
      [
       73.75,
       71.9182
      ],
      [
       74,
       71.9655
      ],
      [
       74.1737,
       72
      ],
      [
       74.25,
       72.0131
      ],
      [
       74.5,
       72.056
      ],
      [
       74.75,
       72.0996
      ],
      [
       75,
       72.1442
      ],
      [
       75.25,
       72.1865
      ],
      [
       75.5,
       72.2327
      ],
      [
       75.5926,
       72.25
      ],
      [
       75.75,
       72.2756
      ],
      [
       76,
       72.3155
      ],
      [
       76.25,
       72.3566
      ],
      [
       76.5,
       72.3986
      ],
      [
       76.75,
       72.4416
      ],
      [
       77,
       72.4858
      ],
      [
       77.079,
       72.5
      ],
      [
       77.25,
       72.5257
      ],
      [
       77.5,
       72.5636
      ],
      [
       77.75,
       72.6022
      ],
      [
       78,
       72.6416
      ],
      [
       78.25,
       72.682
      ],
      [
       78.5,
       72.7235
      ],
      [
       78.6562,
       72.75
      ],
      [
       78.75,
       72.7633
      ],
      [
       79,
       72.7989
      ],
      [
       79.25,
       72.835
      ],
      [
       79.5,
       72.8718
      ],
      [
       79.75,
       72.9095
      ],
      [
       80,
       72.9482
      ],
      [
       80.25,
       72.9845
      ],
      [
       80.347,
       73
      ],
      [
       80.5,
       73.0202
      ],
      [
       80.75,
       73.0535
      ],
      [
       81,
       73.0873
      ],
      [
       81.25,
       73.1217
      ],
      [
       81.5,
       73.157
      ],
      [
       81.75,
       73.1932
      ],
      [
       82,
       73.2305
      ],
      [
       82.141,
       73.25
      ],
      [
       82.25,
       73.2621
      ],
      [
       82.5,
       73.2927
      ],
      [
       82.75,
       73.3238
      ],
      [
       83,
       73.3555
      ],
      [
       83.25,
       73.3878
      ],
      [
       83.5,
       73.4209
      ],
      [
       83.75,
       73.455
      ],
      [
       84,
       73.487
      ],
      [
       84.0917,
       73.5
      ],
      [
       84.25,
       73.5175
      ],
      [
       84.5,
       73.5454
      ],
      [
       84.75,
       73.5737
      ],
      [
       85,
       73.6025
      ],
      [
       85.25,
       73.6318
      ],
      [
       85.5,
       73.6619
      ],
      [
       85.75,
       73.6929
      ],
      [
       86,
       73.7248
      ],
      [
       86.1912,
       73.75
      ],
      [
       86.25,
       73.7558
      ],
      [
       86.5,
       73.7806
      ],
      [
       86.75,
       73.8058
      ],
      [
       87,
       73.8297
      ],
      [
       87.25,
       73.8559
      ],
      [
       87.5,
       73.8827
      ],
      [
       87.75,
       73.9101
      ],
      [
       88,
       73.9383
      ],
      [
       88.25,
       73.9674
      ],
      [
       88.5,
       73.9977
      ],
      [
       88.5189,
       74
      ],
      [
       88.75,
       74.0203
      ],
      [
       89,
       74.0407
      ],
      [
       89.25,
       74.0634
      ],
      [
       89.5,
       74.0864
      ],
      [
       89.75,
       74.1098
      ],
      [
       90,
       74.1337
      ],
      [
       90.25,
       74.1581
      ],
      [
       90.5,
       74.1833
      ],
      [
       90.75,
       74.2094
      ],
      [
       91,
       74.234
      ],
      [
       91.1446,
       74.25
      ],
      [
       91.25,
       74.2581
      ],
      [
       91.5,
       74.2771
      ],
      [
       91.75,
       74.2964
      ],
      [
       92,
       74.3159
      ],
      [
       92.25,
       74.3357
      ],
      [
       92.5,
       74.3558
      ],
      [
       92.75,
       74.3764
      ],
      [
       93,
       74.3974
      ],
      [
       93.25,
       74.419
      ],
      [
       93.5,
       74.441
      ],
      [
       93.75,
       74.4623
      ],
      [
       94,
       74.4865
      ],
      [
       94.1357,
       74.5
      ],
      [
       94.25,
       74.5072
      ],
      [
       94.5,
       74.5229
      ],
      [
       94.75,
       74.5387
      ],
      [
       95,
       74.5547
      ],
      [
       95.25,
       74.5709
      ],
      [
       95.5,
       74.5873
      ],
      [
       95.75,
       74.6031
      ],
      [
       96,
       74.6193
      ],
      [
       96.25,
       74.6367
      ],
      [
       96.5,
       74.6544
      ],
      [
       96.75,
       74.6728
      ],
      [
       97,
       74.6918
      ],
      [
       97.25,
       74.7116
      ],
      [
       97.5,
       74.7324
      ],
      [
       97.7199,
       74.75
      ],
      [
       97.75,
       74.7513
      ],
      [
       98,
       74.7631
      ],
      [
       98.25,
       74.7749
      ],
      [
       98.5,
       74.7868
      ],
      [
       98.75,
       74.7985
      ],
      [
       99,
       74.8105
      ],
      [
       99.25,
       74.8226
      ],
      [
       99.5,
       74.8342
      ],
      [
       99.75,
       74.8467
      ],
      [
       100,
       74.8587
      ],
      [
       100.25,
       74.8715
      ],
      [
       100.5,
       74.8847
      ],
      [
       100.75,
       74.8981
      ],
      [
       101,
       74.92
      ],
      [
       101.25,
       74.9249
      ],
      [
       101.5,
       74.9398
      ],
      [
       101.75,
       74.9556
      ],
      [
       102,
       74.9723
      ],
      [
       102.25,
       74.9906
      ],
      [
       102.3678,
       75
      ],
      [
       102.5,
       75.0033
      ],
      [
       102.75,
       75.009
      ],
      [
       103,
       75.0151
      ],
      [
       103.25,
       75.0213
      ],
      [
       103.5,
       75.0273
      ],
      [
       103.75,
       75.0334
      ],
      [
       104,
       75.0389
      ],
      [
       104.25,
       75.0449
      ],
      [
       104.5,
       75.0507
      ],
      [
       104.75,
       75.0565
      ],
      [
       105,
       75.0623
      ],
      [
       105.25,
       75.0677
      ],
      [
       105.5,
       75.0691
      ],
      [
       105.75,
       75.0599
      ],
      [
       106,
       75.0538
      ],
      [
       106.25,
       75.0478
      ],
      [
       106.5,
       75.0417
      ],
      [
       106.75,
       75.0352
      ],
      [
       107,
       75.0291
      ],
      [
       107.25,
       75.023
      ],
      [
       107.5,
       75.017
      ],
      [
       107.75,
       75.0109
      ],
      [
       108,
       75.0042
      ],
      [
       108.1712,
       75
      ],
      [
       108.25,
       74.9936
      ],
      [
       108.5,
       74.9751
      ],
      [
       108.75,
       74.9588
      ],
      [
       109,
       74.9445
      ],
      [
       109.25,
       74.9307
      ],
      [
       109.5,
       74.9115
      ],
      [
       109.75,
       74.8977
      ],
      [
       110,
       74.8839
      ],
      [
       110.25,
       74.8708
      ],
      [
       110.5,
       74.858
      ],
      [
       110.75,
       74.8448
      ],
      [
       111,
       74.8324
      ],
      [
       111.25,
       74.8203
      ],
      [
       111.5,
       74.8082
      ],
      [
       111.75,
       74.7963
      ],
      [
       112,
       74.7833
      ],
      [
       112.25,
       74.7716
      ],
      [
       112.5,
       74.7599
      ],
      [
       112.7123,
       74.75
      ],
      [
       112.75,
       74.7466
      ],
      [
       113,
       74.7249
      ],
      [
       113.25,
       74.7044
      ],
      [
       113.5,
       74.6848
      ],
      [
       113.75,
       74.6647
      ],
      [
       114,
       74.6467
      ],
      [
       114.25,
       74.6292
      ],
      [
       114.5,
       74.6121
      ],
      [
       114.75,
       74.5945
      ],
      [
       115,
       74.578
      ],
      [
       115.25,
       74.5617
      ],
      [
       115.5,
       74.5453
      ],
      [
       115.75,
       74.5295
      ],
      [
       116,
       74.5139
      ],
      [
       116.2234,
       74.5
      ],
      [
       116.2234,
       74.5
      ],
      [
       116.5,
       74.4726
      ],
      [
       116.75,
       74.449
      ],
      [
       117,
       74.4248
      ],
      [
       117.25,
       74.4025
      ],
      [
       117.5,
       74.3813
      ],
      [
       117.75,
       74.3606
      ],
      [
       118,
       74.3403
      ],
      [
       118.25,
       74.3204
      ],
      [
       118.5,
       74.3009
      ],
      [
       118.75,
       74.2815
      ],
      [
       119,
       74.2624
      ],
      [
       119.1635,
       74.25
      ],
      [
       119.25,
       74.2403
      ],
      [
       119.5,
       74.213
      ],
      [
       119.75,
       74.1868
      ],
      [
       120,
       74.1598
      ],
      [
       120.25,
       74.1355
      ],
      [
       120.5,
       74.1117
      ],
      [
       120.75,
       74.0885
      ],
      [
       121,
       74.0642
      ],
      [
       121.25,
       74.0416
      ],
      [
       121.5,
       74.0192
      ],
      [
       121.7173,
       74
      ],
      [
       121.75,
       73.996
      ],
      [
       122,
       73.9657
      ],
      [
       122.25,
       73.9366
      ],
      [
       122.5,
       73.9084
      ],
      [
       122.75,
       73.8811
      ],
      [
       123,
       73.8543
      ],
      [
       123.25,
       73.8281
      ],
      [
       123.5,
       73.8024
      ],
      [
       123.75,
       73.7768
      ],
      [
       124,
       73.7521
      ],
      [
       124.25,
       73.7196
      ],
      [
       124.5,
       73.6852
      ],
      [
       124.75,
       73.6545
      ],
      [
       125,
       73.6246
      ],
      [
       125.25,
       73.5954
      ],
      [
       125.5,
       73.5667
      ],
      [
       125.75,
       73.5386
      ],
      [
       126,
       73.5109
      ],
      [
       126.0984,
       73.5
      ],
      [
       126.25,
       73.4784
      ],
      [
       126.5,
       73.4435
      ],
      [
       126.75,
       73.4098
      ],
      [
       127,
       73.377
      ],
      [
       127.25,
       73.3437
      ],
      [
       127.5,
       73.3127
      ],
      [
       127.75,
       73.2822
      ],
      [
       128,
       73.2522
      ],
      [
       128.25,
       73.2113
      ],
      [
       128.5,
       73.1747
      ],
      [
       128.75,
       73.139
      ],
      [
       129,
       73.1042
      ],
      [
       129.25,
       73.0702
      ],
      [
       129.5,
       73.0368
      ],
      [
       129.75,
       73.0039
      ],
      [
       130,
       72.9645
      ],
      [
       130.25,
       72.9254
      ],
      [
       130.5,
       72.8874
      ],
      [
       130.75,
       72.8503
      ],
      [
       131,
       72.814
      ],
      [
       131.25,
       72.7783
      ],
      [
       131.4338,
       72.75
      ],
      [
       131.5,
       72.7377
      ],
      [
       131.75,
       72.6959
      ],
      [
       132,
       72.6552
      ],
      [
       132.25,
       72.6156
      ],
      [
       132.5,
       72.5745
      ],
      [
       132.75,
       72.536
      ],
      [
       132.9874,
       72.5
      ],
      [
       132.9874,
       72.5
      ],
      [
       133.25,
       72.4532
      ],
      [
       133.5,
       72.4101
      ],
      [
       133.75,
       72.3661
      ],
      [
       134,
       72.3244
      ],
      [
       134.25,
       72.2834
      ],
      [
       134.4567,
       72.25
      ],
      [
       134.5,
       72.2418
      ],
      [
       134.75,
       72.1949
      ],
      [
       135,
       72.1493
      ],
      [
       135.25,
       72.1048
      ],
      [
       135.5,
       72.0613
      ],
      [
       135.75,
       72.0186
      ],
      [
       135.8593,
       72
      ],
      [
       136,
       71.9722
      ],
      [
       136.25,
       71.9224
      ],
      [
       136.5,
       71.8744
      ],
      [
       136.75,
       71.8274
      ],
      [
       137,
       71.7814
      ],
      [
       137.1722,
       71.75
      ],
      [
       137.25,
       71.7338
      ],
      [
       137.5,
       71.6826
      ],
      [
       137.75,
       71.6327
      ],
      [
       138,
       71.5839
      ],
      [
       138.25,
       71.5361
      ],
      [
       138.4413,
       71.5
      ],
      [
       138.5,
       71.4872
      ],
      [
       138.75,
       71.4331
      ],
      [
       139,
       71.3805
      ],
      [
       139.25,
       71.329
      ],
      [
       139.5,
       71.2786
      ],
      [
       139.6429,
       71.25
      ],
      [
       139.75,
       71.2258
      ],
      [
       140,
       71.1701
      ],
      [
       140.25,
       71.1158
      ],
      [
       140.5,
       71.0627
      ],
      [
       140.75,
       71.0106
      ],
      [
       140.8009,
       71
      ],
      [
       141,
       70.9534
      ],
      [
       141.25,
       70.8962
      ],
      [
       141.5,
       70.8403
      ],
      [
       141.75,
       70.7856
      ],
      [
       141.9143,
       70.75
      ],
      [
       142,
       70.7291
      ],
      [
       142.25,
       70.669
      ],
      [
       142.5,
       70.6103
      ],
      [
       142.75,
       70.5529
      ],
      [
       142.9841,
       70.5
      ],
      [
       142.9841,
       70.5
      ],
      [
       143.25,
       70.4329
      ],
      [
       143.5,
       70.3714
      ],
      [
       143.75,
       70.3112
      ],
      [
       144,
       70.2522
      ],
      [
       144.25,
       70.1879
      ],
      [
       144.5,
       70.125
      ],
      [
       144.75,
       70.0635
      ],
      [
       145,
       70.0031
      ],
      [
       145.25,
       69.9362
      ],
      [
       145.5,
       69.8705
      ],
      [
       145.75,
       69.8062
      ],
      [
       145.9721,
       69.75
      ],
      [
       145.9721,
       69.75
      ],
      [
       146.25,
       69.6738
      ],
      [
       146.5,
       69.6069
      ],
      [
       146.75,
       69.5414
      ],
      [
       146.9098,
       69.5
      ],
      [
       147,
       69.474
      ],
      [
       147.25,
       69.4026
      ],
      [
       147.5,
       69.3329
      ],
      [
       147.75,
       69.2646
      ],
      [
       147.8034,
       69.25
      ],
      [
       148,
       69.1935
      ],
      [
       148.25,
       69.1197
      ],
      [
       148.5,
       69.049
      ],
      [
       148.6753,
       69
      ],
      [
       148.75,
       68.978
      ],
      [
       149,
       68.905
      ],
      [
       149.25,
       68.8293
      ],
      [
       149.5,
       68.7575
      ],
      [
       149.75,
       68.6808
      ],
      [
       150,
       68.6051
      ],
      [
       150.25,
       68.5309
      ],
      [
       150.3551,
       68.5
      ],
      [
       150.5,
       68.454
      ],
      [
       150.75,
       68.3758
      ],
      [
       151,
       68.2993
      ],
      [
       151.1628,
       68.25
      ],
      [
       151.25,
       68.2216
      ],
      [
       151.5,
       68.1409
      ],
      [
       151.75,
       68.062
      ],
      [
       151.9492,
       68
      ],
      [
       152,
       67.983
      ],
      [
       152.25,
       67.8998
      ],
      [
       152.5,
       67.8185
      ],
      [
       152.7139,
       67.75
      ],
      [
       152.75,
       67.7379
      ],
      [
       153,
       67.6549
      ],
      [
       153.25,
       67.5736
      ],
      [
       153.4805,
       67.5
      ],
      [
       153.4805,
       67.5
      ],
      [
       153.75,
       67.4049
      ],
      [
       154,
       67.3186
      ],
      [
       154.2018,
       67.25
      ],
      [
       154.25,
       67.233
      ],
      [
       154.5,
       67.1452
      ],
      [
       154.75,
       67.0593
      ],
      [
       154.925,
       67
      ],
      [
       155,
       66.9727
      ],
      [
       155.25,
       66.8826
      ],
      [
       155.5,
       66.7943
      ],
      [
       155.6266,
       66.75
      ],
      [
       155.75,
       66.7038
      ],
      [
       156,
       66.6075
      ],
      [
       156.25,
       66.5198
      ],
      [
       156.3068,
       66.5
      ],
      [
       156.5,
       66.4254
      ],
      [
       156.75,
       66.3305
      ],
      [
       156.9654,
       66.25
      ],
      [
       157,
       66.2366
      ],
      [
       157.25,
       66.1407
      ],
      [
       157.5,
       66.0467
      ],
      [
       157.6253,
       66
      ],
      [
       157.75,
       65.9504
      ],
      [
       158,
       65.852
      ],
      [
       158.25,
       65.7555
      ],
      [
       158.5,
       65.6566
      ],
      [
       158.75,
       65.5593
      ],
      [
       158.9043,
       65.5
      ],
      [
       159,
       65.4607
      ],
      [
       159.25,
       65.3591
      ],
      [
       159.5,
       65.2593
      ],
      [
       159.75,
       65.1574
      ],
      [
       160,
       65.0571
      ],
      [
       160.1437,
       65
      ],
      [
       160.25,
       64.955
      ],
      [
       160.5,
       64.8501
      ],
      [
       160.7431,
       64.75
      ],
      [
       160.7431,
       64.75
      ],
      [
       161,
       64.6374
      ],
      [
       161.25,
       64.5299
      ],
      [
       161.3201,
       64.5
      ],
      [
       161.5,
       64.4243
      ],
      [
       161.75,
       64.3208
      ],
      [
       161.923,
       64.25
      ],
      [
       162,
       64.215
      ],
      [
       162.25,
       64.1023
      ],
      [
       162.4807,
       64
      ],
      [
       162.4807,
       64
      ],
      [
       162.75,
       63.8785
      ],
      [
       163,
       63.7678
      ],
      [
       163.0403,
       63.75
      ],
      [
       163.25,
       63.6555
      ],
      [
       163.5,
       63.5447
      ],
      [
       163.6018,
       63.5
      ],
      [
       163.75,
       63.4334
      ],
      [
       164,
       63.3226
      ],
      [
       164.1656,
       63.25
      ],
      [
       164.25,
       63.2106
      ],
      [
       164.5,
       63.0949
      ],
      [
       164.7079,
       63
      ],
      [
       164.75,
       62.9795
      ],
      [
       165,
       62.8587
      ],
      [
       165.2286,
       62.75
      ],
      [
       165.2286,
       62.75
      ],
      [
       165.5,
       62.6248
      ],
      [
       165.75,
       62.5114
      ],
      [
       166,
       62.392
      ],
      [
       166.25,
       62.2737
      ],
      [
       166.3005,
       62.25
      ],
      [
       166.5,
       62.15
      ],
      [
       166.75,
       62.0253
      ],
      [
       166.8042,
       62
      ],
      [
       167,
       61.9023
      ],
      [
       167.25,
       61.7794
      ],
      [
       167.3103,
       61.75
      ],
      [
       167.5,
       61.6558
      ],
      [
       167.75,
       61.5335
      ],
      [
       167.8189,
       61.5
      ],
      [
       168,
       61.4106
      ],
      [
       168.25,
       61.2888
      ],
      [
       168.3302,
       61.25
      ],
      [
       168.5,
       61.1625
      ],
      [
       168.75,
       61.0354
      ],
      [
       168.8201,
       61
      ],
      [
       169,
       60.9079
      ],
      [
       169.25,
       60.7815
      ],
      [
       169.3129,
       60.75
      ],
      [
       169.5,
       60.6548
      ],
      [
       169.75,
       60.5292
      ],
      [
       169.8086,
       60.5
      ],
      [
       170,
       60.4032
      ],
      [
       170.25,
       60.2784
      ],
      [
       170.3073,
       60.25
      ],
      [
       170.5,
       60.1483
      ],
      [
       170.75,
       60.0181
      ],
      [
       170.7849,
       60
      ],
      [
       171,
       59.8874
      ],
      [
       171.25,
       59.7581
      ],
      [
       171.5,
       59.6283
      ],
      [
       171.75,
       59.5001
      ],
      [
       172,
       59.3645
      ],
      [
       172.2139,
       59.25
      ],
      [
       172.25,
       59.2314
      ],
      [
       172.5,
       59.1038
      ],
      [
       172.7058,
       59
      ],
      [
       172.75,
       58.9762
      ],
      [
       173,
       58.8432
      ],
      [
       173.1773,
       58.75
      ],
      [
       173.25,
       58.7113
      ],
      [
       173.5,
       58.5797
      ],
      [
       173.653,
       58.5
      ],
      [
       173.75,
       58.4461
      ],
      [
       174,
       58.3089
      ],
      [
       174.1086,
       58.25
      ],
      [
       174.25,
       58.1763
      ],
      [
       174.5,
       58.0476
      ],
      [
       174.5936,
       58
      ],
      [
       174.75,
       57.9151
      ],
      [
       175,
       57.7812
      ],
      [
       175.0588,
       57.75
      ],
      [
       175.25,
       57.6476
      ],
      [
       175.5,
       57.5154
      ],
      [
       175.75,
       57.3835
      ],
      [
       176,
       57.2531
      ],
      [
       176.25,
       57.123
      ],
      [
       176.4891,
       57
      ],
      [
       176.4891,
       57
      ],
      [
       176.75,
       56.8589
      ],
      [
       176.9542,
       56.75
      ],
      [
       177,
       56.7266
      ],
      [
       177.25,
       56.5926
      ],
      [
       177.4267,
       56.5
      ],
      [
       177.5,
       56.4631
      ],
      [
       177.75,
       56.3395
      ],
      [
       177.933,
       56.25
      ],
      [
       178,
       56.2151
      ],
      [
       178.25,
       56.0873
      ],
      [
       178.4232,
       56
      ],
      [
       178.5,
       55.9609
      ],
      [
       178.75,
       55.8358
      ],
      [
       178.9239,
       55.75
      ],
      [
       179,
       55.71
      ],
      [
       179.25,
       55.5771
      ],
      [
       179.4104,
       55.5
      ],
      [
       179.5,
       55.4565
      ],
      [
       179.75,
       55.3375
      ],
      [
       179.9366,
       55.25
      ],
      [
       180,
       55.2184
      ],
      [
       180,
       90
      ],
      [
       -180,
       90
      ],
      [
       -180,
       55.2184
      ]
     ]
    ]
   }
  },
  {
   "type": "Feature",
   "properties": {
    "kind": "partial",
    "obscuration": 0.3,
    "percent": 30,
    "title": "30% of the solar disc obscured"
   },
   "geometry": {
    "type": "Polygon",
    "coordinates": [
     [
      [
       -180,
       56.976
      ],
      [
       -179.75,
       56.8976
      ],
      [
       -179.5,
       56.8222
      ],
      [
       -179.2509,
       56.75
      ],
      [
       -179.25,
       56.7497
      ],
      [
       -179,
       56.6826
      ],
      [
       -178.75,
       56.6204
      ],
      [
       -178.5,
       56.5639
      ],
      [
       -178.25,
       56.5141
      ],
      [
       -178.1615,
       56.5
      ],
      [
       -178,
       56.4744
      ],
      [
       -177.75,
       56.4454
      ],
      [
       -177.5,
       56.4283
      ],
      [
       -177.25,
       56.426
      ],
      [
       -177,
       56.4428
      ],
      [
       -176.75,
       56.4845
      ],
      [
       -176.6894,
       56.5
      ],
      [
       -176.5,
       56.5537
      ],
      [
       -176.25,
       56.6253
      ],
      [
       -176,
       56.6966
      ],
      [
       -175.8119,
       56.75
      ],
      [
       -175.75,
       56.7675
      ],
      [
       -175.5,
       56.838
      ],
      [
       -175.25,
       56.9082
      ],
      [
       -175,
       56.978
      ],
      [
       -174.921,
       57
      ],
      [
       -174.75,
       57.0474
      ],
      [
       -174.5,
       57.1164
      ],
      [
       -174.25,
       57.1851
      ],
      [
       -174,
       57.2535
      ],
      [
       -173.75,
       57.3213
      ],
      [
       -173.5,
       57.3889
      ],
      [
       -173.25,
       57.456
      ],
      [
       -173.0857,
       57.5
      ],
      [
       -173,
       57.5229
      ],
      [
       -172.75,
       57.5892
      ],
      [
       -172.5,
       57.6552
      ],
      [
       -172.25,
       57.7209
      ],
      [
       -172.1388,
       57.75
      ],
      [
       -172,
       57.7862
      ],
      [
       -171.75,
       57.8511
      ],
      [
       -171.5,
       57.9156
      ],
      [
       -171.25,
       57.9798
      ],
      [
       -171.1708,
       58
      ],
      [
       -171,
       58.0435
      ],
      [
       -170.75,
       58.1068
      ],
      [
       -170.5,
       58.1698
      ],
      [
       -170.25,
       58.2325
      ],
      [
       -170.1798,
       58.25
      ],
      [
       -170,
       58.2947
      ],
      [
       -169.75,
       58.3565
      ],
      [
       -169.5,
       58.418
      ],
      [
       -169.25,
       58.4791
      ],
      [
       -169.1641,
       58.5
      ],
      [
       -169,
       58.5398
      ],
      [
       -168.75,
       58.6001
      ],
      [
       -168.5,
       58.66
      ],
      [
       -168.25,
       58.7196
      ],
      [
       -168.1219,
       58.75
      ],
      [
       -168,
       58.7788
      ],
      [
       -167.75,
       58.8376
      ],
      [
       -167.5,
       58.896
      ],
      [
       -167.25,
       58.954
      ],
      [
       -167.0509,
       59
      ],
      [
       -167,
       59.0117
      ],
      [
       -166.75,
       59.0689
      ],
      [
       -166.5,
       59.1258
      ],
      [
       -166.25,
       59.1823
      ],
      [
       -166,
       59.2385
      ],
      [
       -165.9483,
       59.25
      ],
      [
       -165.75,
       59.2942
      ],
      [
       -165.5,
       59.3495
      ],
      [
       -165.25,
       59.4045
      ],
      [
       -165,
       59.4591
      ],
      [
       -164.8114,
       59.5
      ],
      [
       -164.75,
       59.5133
      ],
      [
       -164.5,
       59.5671
      ],
      [
       -164.25,
       59.6205
      ],
      [
       -164,
       59.6736
      ],
      [
       -163.75,
       59.7263
      ],
      [
       -163.6368,
       59.75
      ],
      [
       -163.5,
       59.7786
      ],
      [
       -163.25,
       59.8304
      ],
      [
       -163,
       59.882
      ],
      [
       -162.75,
       59.9331
      ],
      [
       -162.5,
       59.984
      ],
      [
       -162.4205,
       60
      ],
      [
       -162.25,
       60.0343
      ],
      [
       -162,
       60.0843
      ],
      [
       -161.75,
       60.1339
      ],
      [
       -161.5,
       60.1832
      ],
      [
       -161.25,
       60.2321
      ],
      [
       -161.158,
       60.25
      ],
      [
       -161,
       60.2806
      ],
      [
       -160.75,
       60.3287
      ],
      [
       -160.5,
       60.3764
      ],
      [
       -160.25,
       60.4238
      ],
      [
       -160,
       60.4708
      ],
      [
       -159.8435,
       60.5
      ],
      [
       -159.75,
       60.5174
      ],
      [
       -159.5,
       60.5636
      ],
      [
       -159.25,
       60.6094
      ],
      [
       -159,
       60.6549
      ],
      [
       -158.75,
       60.7
      ],
      [
       -158.4706,
       60.75
      ],
      [
       -158.25,
       60.7891
      ],
      [
       -158,
       60.833
      ],
      [
       -157.75,
       60.8766
      ],
      [
       -157.5,
       60.9198
      ],
      [
       -157.25,
       60.9627
      ],
      [
       -157,
       61.0052
      ],
      [
       -156.75,
       61.0472
      ],
      [
       -156.5,
       61.0889
      ],
      [
       -156.25,
       61.1303
      ],
      [
       -156,
       61.1713
      ],
      [
       -155.75,
       61.2119
      ],
      [
       -155.5,
       61.2522
      ],
      [
       -155.25,
       61.292
      ],
      [
       -155,
       61.3315
      ],
      [
       -154.75,
       61.3706
      ],
      [
       -154.5,
       61.4093
      ],
      [
       -154.25,
       61.4477
      ],
      [
       -154,
       61.4858
      ],
      [
       -153.9058,
       61.5
      ],
      [
       -153.75,
       61.5234
      ],
      [
       -153.5,
       61.5607
      ],
      [
       -153.25,
       61.5975
      ],
      [
       -153,
       61.6341
      ],
      [
       -152.75,
       61.6702
      ],
      [
       -152.5,
       61.7061
      ],
      [
       -152.25,
       61.7416
      ],
      [
       -152.19,
       61.75
      ],
      [
       -152,
       61.7766
      ],
      [
       -151.75,
       61.8113
      ],
      [
       -151.5,
       61.8456
      ],
      [
       -151.25,
       61.8796
      ],
      [
       -151,
       61.9132
      ],
      [
       -150.75,
       61.9465
      ],
      [
       -150.5,
       61.9794
      ],
      [
       -150.3417,
       62
      ],
      [
       -150.25,
       62.0119
      ],
      [
       -150,
       62.044
      ],
      [
       -149.75,
       62.0758
      ],
      [
       -149.5,
       62.1072
      ],
      [
       -149.25,
       62.1383
      ],
      [
       -149,
       62.169
      ],
      [
       -148.75,
       62.1994
      ],
      [
       -148.5,
       62.2294
      ],
      [
       -148.3263,
       62.25
      ],
      [
       -148.25,
       62.259
      ],
      [
       -148,
       62.2883
      ],
      [
       -147.75,
       62.3171
      ],
      [
       -147.5,
       62.3457
      ],
      [
       -147.25,
       62.3738
      ],
      [
       -147,
       62.4017
      ],
      [
       -146.75,
       62.4291
      ],
      [
       -146.5,
       62.4563
      ],
      [
       -146.25,
       62.4831
      ],
      [
       -146.0899,
       62.5
      ],
      [
       -146,
       62.5095
      ],
      [
       -145.75,
       62.5355
      ],
      [
       -145.5,
       62.5611
      ],
      [
       -145.25,
       62.5864
      ],
      [
       -145,
       62.6114
      ],
      [
       -144.75,
       62.636
      ],
      [
       -144.5,
       62.6603
      ],
      [
       -144.25,
       62.6842
      ],
      [
       -144,
       62.7077
      ],
      [
       -143.75,
       62.731
      ],
      [
       -143.5419,
       62.75
      ],
      [
       -143.5,
       62.7538
      ],
      [
       -143.25,
       62.7763
      ],
      [
       -143,
       62.7984
      ],
      [
       -142.75,
       62.8201
      ],
      [
       -142.5,
       62.8415
      ],
      [
       -142.25,
       62.8626
      ],
      [
       -142,
       62.8833
      ],
      [
       -141.75,
       62.9036
      ],
      [
       -141.5,
       62.9237
      ],
      [
       -141.25,
       62.9433
      ],
      [
       -141,
       62.9626
      ],
      [
       -140.75,
       62.9816
      ],
      [
       -140.5,
       63.0002
      ],
      [
       -140.25,
       63.0184
      ],
      [
       -140,
       63.0363
      ],
      [
       -139.75,
       63.0538
      ],
      [
       -139.5,
       63.071
      ],
      [
       -139.25,
       63.0878
      ],
      [
       -139,
       63.1043
      ],
      [
       -138.75,
       63.1204
      ],
      [
       -138.5,
       63.1361
      ],
      [
       -138.25,
       63.1516
      ],
      [
       -138,
       63.1666
      ],
      [
       -137.75,
       63.1814
      ],
      [
       -137.5,
       63.1957
      ],
      [
       -137.25,
       63.2098
      ],
      [
       -137,
       63.2235
      ],
      [
       -136.75,
       63.2368
      ],
      [
       -136.4951,
       63.25
      ],
      [
       -136.25,
       63.2623
      ],
      [
       -136,
       63.2746
      ],
      [
       -135.75,
       63.2865
      ],
      [
       -135.5,
       63.298
      ],
      [
       -135.25,
       63.3092
      ],
      [
       -135,
       63.32
      ],
      [
       -134.75,
       63.3305
      ],
      [
       -134.5,
       63.3406
      ],
      [
       -134.25,
       63.3504
      ],
      [
       -134,
       63.3599
      ],
      [
       -133.75,
       63.3689
      ],
      [
       -133.5,
       63.3777
      ],
      [
       -133.25,
       63.386
      ],
      [
       -133,
       63.3941
      ],
      [
       -132.75,
       63.4017
      ],
      [
       -132.5,
       63.409
      ],
      [
       -132.25,
       63.416
      ],
      [
       -132,
       63.4226
      ],
      [
       -131.75,
       63.4288
      ],
      [
       -131.5,
       63.4347
      ],
      [
       -131.25,
       63.4403
      ],
      [
       -131,
       63.4455
      ],
      [
       -130.75,
       63.4503
      ],
      [
       -130.5,
       63.4547
      ],
      [
       -130.25,
       63.4589
      ],
      [
       -130,
       63.4626
      ],
      [
       -129.75,
       63.466
      ],
      [
       -129.5,
       63.469
      ],
      [
       -129.25,
       63.4717
      ],
      [
       -129,
       63.474
      ],
      [
       -128.75,
       63.476
      ],
      [
       -128.5,
       63.4776
      ],
      [
       -128.25,
       63.4788
      ],
      [
       -128,
       63.4797
      ],
      [
       -127.75,
       63.4802
      ],
      [
       -127.5,
       63.4803
      ],
      [
       -127.25,
       63.4801
      ],
      [
       -127,
       63.4795
      ],
      [
       -126.75,
       63.4786
      ],
      [
       -126.5,
       63.4773
      ],
      [
       -126.25,
       63.4756
      ],
      [
       -126,
       63.4736
      ],
      [
       -125.75,
       63.4711
      ],
      [
       -125.5,
       63.4684
      ],
      [
       -125.25,
       63.4652
      ],
      [
       -125,
       63.4617
      ],
      [
       -124.75,
       63.4578
      ],
      [
       -124.5,
       63.4535
      ],
      [
       -124.25,
       63.4489
      ],
      [
       -124,
       63.4439
      ],
      [
       -123.75,
       63.4385
      ],
      [
       -123.5,
       63.4328
      ],
      [
       -123.25,
       63.4266
      ],
      [
       -123,
       63.4201
      ],
      [
       -122.75,
       63.4132
      ],
      [
       -122.5,
       63.406
      ],
      [
       -122.25,
       63.3983
      ],
      [
       -122,
       63.3903
      ],
      [
       -121.75,
       63.3819
      ],
      [
       -121.5,
       63.3731
      ],
      [
       -121.25,
       63.3639
      ],
      [
       -121,
       63.3544
      ],
      [
       -120.75,
       63.3445
      ],
      [
       -120.5,
       63.3341
      ],
      [
       -120.25,
       63.3234
      ],
      [
       -120,
       63.3123
      ],
      [
       -119.75,
       63.3009
      ],
      [
       -119.5,
       63.289
      ],
      [
       -119.25,
       63.2767
      ],
      [
       -119,
       63.2641
      ],
      [
       -118.731,
       63.25
      ],
      [
       -118.5,
       63.2375
      ],
      [
       -118.25,
       63.2237
      ],
      [
       -118,
       63.2094
      ],
      [
       -117.75,
       63.1947
      ],
      [
       -117.5,
       63.1796
      ],
      [
       -117.25,
       63.1641
      ],
      [
       -117,
       63.1483
      ],
      [
       -116.75,
       63.132
      ],
      [
       -116.5,
       63.1153
      ],
      [
       -116.25,
       63.0982
      ],
      [
       -116,
       63.0807
      ],
      [
       -115.75,
       63.0628
      ],
      [
       -115.5,
       63.0444
      ],
      [
       -115.25,
       63.0257
      ],
      [
       -115,
       63.0065
      ],
      [
       -114.9165,
       63
      ],
      [
       -114.75,
       62.9869
      ],
      [
       -114.5,
       62.9669
      ],
      [
       -114.25,
       62.9464
      ],
      [
       -114,
       62.9255
      ],
      [
       -113.75,
       62.9042
      ],
      [
       -113.5,
       62.8825
      ],
      [
       -113.25,
       62.8603
      ],
      [
       -113,
       62.8377
      ],
      [
       -112.75,
       62.8147
      ],
      [
       -112.5,
       62.7912
      ],
      [
       -112.25,
       62.7674
      ],
      [
       -112.0715,
       62.75
      ],
      [
       -112,
       62.743
      ],
      [
       -111.75,
       62.7182
      ],
      [
       -111.5,
       62.6929
      ],
      [
       -111.25,
       62.6672
      ],
      [
       -111,
       62.6411
      ],
      [
       -110.75,
       62.6145
      ],
      [
       -110.5,
       62.5874
      ],
      [
       -110.25,
       62.5599
      ],
      [
       -110,
       62.532
      ],
      [
       -109.7191,
       62.5
      ],
      [
       -109.5,
       62.4746
      ],
      [
       -109.25,
       62.4452
      ],
      [
       -109,
       62.4154
      ],
      [
       -108.75,
       62.3851
      ],
      [
       -108.5,
       62.3543
      ],
      [
       -108.25,
       62.323
      ],
      [
       -108,
       62.2913
      ],
      [
       -107.75,
       62.2591
      ],
      [
       -107.6803,
       62.25
      ],
      [
       -107.5,
       62.2264
      ],
      [
       -107.25,
       62.1931
      ],
      [
       -107,
       62.1594
      ],
      [
       -106.75,
       62.1252
      ],
      [
       -106.5,
       62.0905
      ],
      [
       -106.25,
       62.0553
      ],
      [
       -106,
       62.0197
      ],
      [
       -105.8641,
       62
      ],
      [
       -105.75,
       61.9835
      ],
      [
       -105.5,
       61.9467
      ],
      [
       -105.25,
       61.9094
      ],
      [
       -105,
       61.8717
      ],
      [
       -104.75,
       61.8334
      ],
      [
       -104.5,
       61.7946
      ],
      [
       -104.25,
       61.7554
      ],
      [
       -104.2163,
       61.75
      ],
      [
       -104,
       61.7155
      ],
      [
       -103.75,
       61.675
      ],
      [
       -103.5,
       61.6341
      ],
      [
       -103.25,
       61.5926
      ],
      [
       -103,
       61.5506
      ],
      [
       -102.75,
       61.5081
      ],
      [
       -102.7029,
       61.5
      ],
      [
       -102.5,
       61.465
      ],
      [
       -102.25,
       61.4213
      ],
      [
       -102,
       61.377
      ],
      [
       -101.75,
       61.3322
      ],
      [
       -101.5,
       61.2869
      ],
      [
       -101.2991,
       61.25
      ],
      [
       -101.25,
       61.241
      ],
      [
       -101,
       61.1944
      ],
      [
       -100.75,
       61.1473
      ],
      [
       -100.5,
       61.0996
      ],
      [
       -100.25,
       61.0513
      ],
      [
       -99.9872,
       61
      ],
      [
       -99.75,
       60.953
      ],
      [
       -99.5,
       60.9029
      ],
      [
       -99.25,
       60.8522
      ],
      [
       -99,
       60.801
      ],
      [
       -98.7543,
       60.75
      ],
      [
       -98.75,
       60.7491
      ],
      [
       -98.5,
       60.6965
      ],
      [
       -98.25,
       60.6433
      ],
      [
       -98,
       60.5896
      ],
      [
       -97.75,
       60.5352
      ],
      [
       -97.5901,
       60.5
      ],
      [
       -97.5,
       60.4801
      ],
      [
       -97.25,
       60.4244
      ],
      [
       -97,
       60.368
      ],
      [
       -96.75,
       60.311
      ],
      [
       -96.4855,
       60.25
      ],
      [
       -96.25,
       60.195
      ],
      [
       -96,
       60.1359
      ],
      [
       -95.75,
       60.0762
      ],
      [
       -95.5,
       60.0159
      ],
      [
       -95.4348,
       60
      ],
      [
       -95.25,
       59.9548
      ],
      [
       -95,
       59.893
      ],
      [
       -94.75,
       59.8305
      ],
      [
       -94.5,
       59.7674
      ],
      [
       -94.4317,
       59.75
      ],
      [
       -94.25,
       59.7035
      ],
      [
       -94,
       59.6389
      ],
      [
       -93.75,
       59.5735
      ],
      [
       -93.4717,
       59.5
      ],
      [
       -93.25,
       59.4407
      ],
      [
       -93,
       59.3731
      ],
      [
       -92.75,
       59.3048
      ],
      [
       -92.5512,
       59.25
      ],
      [
       -92.5,
       59.2358
      ],
      [
       -92.25,
       59.1659
      ],
      [
       -92,
       59.0954
      ],
      [
       -91.75,
       59.024
      ],
      [
       -91.6665,
       59
      ],
      [
       -91.5,
       58.9519
      ],
      [
       -91.25,
       58.8789
      ],
      [
       -91,
       58.8052
      ],
      [
       -90.8147,
       58.75
      ],
      [
       -90.75,
       58.7307
      ],
      [
       -90.5,
       58.6552
      ],
      [
       -90.25,
       58.5791
      ],
      [
       -89.9932,
       58.5
      ],
      [
       -89.75,
       58.4242
      ],
      [
       -89.5,
       58.3455
      ],
      [
       -89.25,
       58.266
      ],
      [
       -89.2,
       58.25
      ],
      [
       -89,
       58.1856
      ],
      [
       -88.75,
       58.1043
      ],
      [
       -88.5,
       58.0222
      ],
      [
       -88.433,
       58
      ],
      [
       -88.25,
       57.9391
      ],
      [
       -88,
       57.8552
      ],
      [
       -87.75,
       57.7704
      ],
      [
       -87.6902,
       57.75
      ],
      [
       -87.5,
       57.6847
      ],
      [
       -87.25,
       57.598
      ],
      [
       -86.9702,
       57.5
      ],
      [
       -86.75,
       57.4219
      ],
      [
       -86.5,
       57.3325
      ],
      [
       -86.2716,
       57.25
      ],
      [
       -86.25,
       57.2422
      ],
      [
       -86,
       57.1507
      ],
      [
       -85.75,
       57.0584
      ],
      [
       -85.5932,
       57
      ],
      [
       -85.5,
       56.9651
      ],
      [
       -85.25,
       56.8708
      ],
      [
       -85,
       56.7755
      ],
      [
       -84.9335,
       56.75
      ],
      [
       -84.75,
       56.6792
      ],
      [
       -84.5,
       56.5819
      ],
      [
       -84.2917,
       56.5
      ],
      [
       -84.25,
       56.4836
      ],
      [
       -84,
       56.3841
      ],
      [
       -83.75,
       56.2837
      ],
      [
       -83.6668,
       56.25
      ],
      [
       -83.5,
       56.1822
      ],
      [
       -83.25,
       56.0796
      ],
      [
       -83.0577,
       56
      ],
      [
       -83,
       55.976
      ],
      [
       -82.75,
       55.8712
      ],
      [
       -82.5,
       55.7654
      ],
      [
       -82.4638,
       55.75
      ],
      [
       -82.25,
       55.6584
      ],
      [
       -82,
       55.5504
      ],
      [
       -81.8843,
       55.5
      ],
      [
       -81.75,
       55.4412
      ],
      [
       -81.5,
       55.3309
      ],
      [
       -81.3184,
       55.25
      ],
      [
       -81.25,
       55.2194
      ],
      [
       -81,
       55.1067
      ],
      [
       -80.7654,
       55
      ],
      [
       -80.75,
       54.993
      ],
      [
       -80.5,
       54.8779
      ],
      [
       -80.2249,
       54.75
      ],
      [
       -80,
       54.6442
      ],
      [
       -79.75,
       54.5257
      ],
      [
       -79.6963,
       54.5
      ],
      [
       -79.5,
       54.4057
      ],
      [
       -79.25,
       54.2847
      ],
      [
       -79.1789,
       54.25
      ],
      [
       -79,
       54.1623
      ],
      [
       -78.75,
       54.0387
      ],
      [
       -78.6723,
       54
      ],
      [
       -78.5,
       53.9137
      ],
      [
       -78.25,
       53.7876
      ],
      [
       -78.1761,
       53.75
      ],
      [
       -78,
       53.6601
      ],
      [
       -77.75,
       53.5313
      ],
      [
       -77.6896,
       53.5
      ],
      [
       -77.5,
       53.4011
      ],
      [
       -77.25,
       53.2697
      ],
      [
       -77.2127,
       53.25
      ],
      [
       -77,
       53.1369
      ],
      [
       -76.7448,
       53
      ],
      [
       -76.5,
       52.8672
      ],
      [
       -76.2858,
       52.75
      ],
      [
       -76.25,
       52.7303
      ],
      [
       -76,
       52.592
      ],
      [
       -75.8351,
       52.5
      ],
      [
       -75.75,
       52.4523
      ],
      [
       -75.5,
       52.3112
      ],
      [
       -75.3924,
       52.25
      ],
      [
       -75.25,
       52.1686
      ],
      [
       -75,
       52.0247
      ],
      [
       -74.9574,
       52
      ],
      [
       -74.75,
       51.8792
      ],
      [
       -74.5298,
       51.75
      ],
      [
       -74.5,
       51.7324
      ],
      [
       -74.25,
       51.584
      ],
      [
       -74.1095,
       51.5
      ],
      [
       -74,
       51.4342
      ],
      [
       -73.75,
       51.2829
      ],
      [
       -73.696,
       51.25
      ],
      [
       -73.5,
       51.13
      ],
      [
       -73.2891,
       51
      ],
      [
       -73.25,
       50.9758
      ],
      [
       -73,
       50.8199
      ],
      [
       -72.8887,
       50.75
      ],
      [
       -72.75,
       50.6625
      ],
      [
       -72.4942,
       50.5
      ],
      [
       -72.25,
       50.3432
      ],
      [
       -72.1059,
       50.25
      ],
      [
       -72,
       50.1812
      ],
      [
       -71.7232,
       50
      ],
      [
       -71.5,
       49.8525
      ],
      [
       -71.346,
       49.75
      ],
      [
       -71.25,
       49.6858
      ],
      [
       -70.9741,
       49.5
      ],
      [
       -70.75,
       49.3476
      ],
      [
       -70.6074,
       49.25
      ],
      [
       -70.5,
       49.1761
      ],
      [
       -70.2455,
       49
      ],
      [
       -70,
       48.8284
      ],
      [
       -69.8886,
       48.75
      ],
      [
       -69.75,
       48.6521
      ],
      [
       -69.5361,
       48.5
      ],
      [
       -69.5,
       48.4742
      ],
      [
       -69.25,
       48.2947
      ],
      [
       -69.1881,
       48.25
      ],
      [
       -69,
       48.1135
      ],
      [
       -68.8444,
       48
      ],
      [
       -68.75,
       47.9308
      ],
      [
       -68.5048,
       47.75
      ],
      [
       -68.5,
       47.7465
      ],
      [
       -68.25,
       47.5604
      ],
      [
       -68.1693,
       47.5
      ],
      [
       -68,
       47.3728
      ],
      [
       -67.8375,
       47.25
      ],
      [
       -67.75,
       47.1836
      ],
      [
       -67.5094,
       47
      ],
      [
       -67.5,
       46.9928
      ],
      [
       -67.25,
       46.8003
      ],
      [
       -67.185,
       46.75
      ],
      [
       -67,
       46.6062
      ],
      [
       -66.8641,
       46.5
      ],
      [
       -66.75,
       46.4105
      ],
      [
       -66.5464,
       46.25
      ],
      [
       -66.5,
       46.2133
      ],
      [
       -66.2319,
       46
      ],
      [
       -66,
       45.814
      ],
      [
       -65.9206,
       45.75
      ],
      [
       -65.75,
       45.6119
      ],
      [
       -65.6123,
       45.5
      ],
      [
       -65.5,
       45.4084
      ],
      [
       -65.3068,
       45.25
      ],
      [
       -65.25,
       45.2033
      ],
      [
       -65.004,
       45
      ],
      [
       -65,
       44.9967
      ],
      [
       -64.75,
       44.7885
      ],
      [
       -64.704,
       44.75
      ],
      [
       -64.5,
       44.5788
      ],
      [
       -64.4065,
       44.5
      ],
      [
       -64.25,
       44.3676
      ],
      [
       -64.1115,
       44.25
      ],
      [
       -64,
       44.155
      ],
      [
       -63.8188,
       44
      ],
      [
       -63.75,
       43.9409
      ],
      [
       -63.5284,
       43.75
      ],
      [
       -63.5,
       43.7255
      ],
      [
       -63.2401,
       43.5
      ],
      [
       -63,
       43.2902
      ],
      [
       -62.9541,
       43.25
      ],
      [
       -62.75,
       43.0706
      ],
      [
       -62.67,
       43
      ],
      [
       -62.5,
       42.8496
      ],
      [
       -62.3878,
       42.75
      ],
      [
       -62.25,
       42.6273
      ],
      [
       -62.1074,
       42.5
      ],
      [
       -62,
       42.4038
      ],
      [
       -61.8288,
       42.25
      ],
      [
       -61.75,
       42.179
      ],
      [
       -61.5519,
       42
      ],
      [
       -61.5,
       41.953
      ],
      [
       -61.2765,
       41.75
      ],
      [
       -61.25,
       41.7258
      ],
      [
       -61.0027,
       41.5
      ],
      [
       -61,
       41.4975
      ],
      [
       -60.7303,
       41.25
      ],
      [
       -60.5,
       41.0376
      ],
      [
       -60.4593,
       41
      ],
      [
       -60.25,
       40.8061
      ],
      [
       -60.1896,
       40.75
      ],
      [
       -60,
       40.5736
      ],
      [
       -59.9211,
       40.5
      ],
      [
       -59.75,
       40.3401
      ],
      [
       -59.6538,
       40.25
      ],
      [
       -59.5,
       40.1058
      ],
      [
       -59.3875,
       40
      ],
      [
       -59.25,
       39.8706
      ],
      [
       -59.1222,
       39.75
      ],
      [
       -59,
       39.6345
      ],
      [
       -58.8579,
       39.5
      ],
      [
       -58.75,
       39.3978
      ],
      [
       -58.5944,
       39.25
      ],
      [
       -58.5,
       39.1603
      ],
      [
       -58.3317,
       39
      ],
      [
       -58.25,
       38.9221
      ],
      [
       -58.0698,
       38.75
      ],
      [
       -58,
       38.6833
      ],
      [
       -57.8085,
       38.5
      ],
      [
       -57.75,
       38.4439
      ],
      [
       -57.5479,
       38.25
      ],
      [
       -57.5,
       38.204
      ],
      [
       -57.2878,
       38
      ],
      [
       -57.25,
       37.9637
      ],
      [
       -57.0281,
       37.75
      ],
      [
       -57,
       37.7229
      ],
      [
       -56.7689,
       37.5
      ],
      [
       -56.75,
       37.4817
      ],
      [
       -56.5101,
       37.25
      ],
      [
       -56.5,
       37.2403
      ],
      [
       -56.2515,
       37
      ],
      [
       -56.25,
       36.9985
      ],
      [
       -55.9932,
       36.75
      ],
      [
       -55.735,
       36.5
      ],
      [
       -55.477,
       36.25
      ],
      [
       -55.219,
       36
      ],
      [
       -55,
       35.7878
      ],
      [
       -54.961,
       35.75
      ],
      [
       -54.75,
       35.5456
      ],
      [
       -54.7029,
       35.5
      ],
      [
       -54.5,
       35.3035
      ],
      [
       -54.4447,
       35.25
      ],
      [
       -54.25,
       35.0616
      ],
      [
       -54.1863,
       35
      ],
      [
       -54,
       34.8199
      ],
      [
       -53.9277,
       34.75
      ],
      [
       -53.75,
       34.5784
      ],
      [
       -53.6687,
       34.5
      ],
      [
       -53.5,
       34.3373
      ],
      [
       -53.4094,
       34.25
      ],
      [
       -53.25,
       34.0966
      ],
      [
       -53.1496,
       34
      ],
      [
       -53,
       33.8562
      ],
      [
       -52.8894,
       33.75
      ],
      [
       -52.75,
       33.6163
      ],
      [
       -52.6286,
       33.5
      ],
      [
       -52.5,
       33.377
      ],
      [
       -52.3671,
       33.25
      ],
      [
       -52.25,
       33.1382
      ],
      [
       -52.1051,
       33
      ],
      [
       -52,
       32.9
      ],
      [
       -51.8422,
       32.75
      ],
      [
       -51.75,
       32.6624
      ],
      [
       -51.5786,
       32.5
      ],
      [
       -51.5,
       32.4256
      ],
      [
       -51.3142,
       32.25
      ],
      [
       -51.25,
       32.1895
      ],
      [
       -51.0488,
       32
      ],
      [
       -51,
       31.9541
      ],
      [
       -50.7824,
       31.75
      ],
      [
       -50.75,
       31.7196
      ],
      [
       -50.515,
       31.5
      ],
      [
       -50.5,
       31.486
      ],
      [
       -50.2465,
       31.25
      ],
      [
       -49.9768,
       31
      ],
      [
       -49.75,
       30.7906
      ],
      [
       -49.7059,
       30.75
      ],
      [
       -49.5,
       30.5607
      ],
      [
       -49.4337,
       30.5
      ],
      [
       -49.25,
       30.3319
      ],
      [
       -49.1602,
       30.25
      ],
      [
       -49,
       30.1042
      ],
      [
       -48.8852,
       30
      ],
      [
       -48.75,
       29.8776
      ],
      [
       -48.6087,
       29.75
      ],
      [
       -48.5,
       29.6521
      ],
      [
       -48.3307,
       29.5
      ],
      [
       -48.25,
       29.4277
      ],
      [
       -48.051,
       29.25
      ],
      [
       -48,
       29.2046
      ],
      [
       -47.7696,
       29
      ],
      [
       -47.75,
       28.9826
      ],
      [
       -47.4865,
       28.75
      ],
      [
       -47.25,
       28.5425
      ],
      [
       -47.2014,
       28.5
      ],
      [
       -47,
       28.3243
      ],
      [
       -46.9145,
       28.25
      ],
      [
       -46.75,
       28.1074
      ],
      [
       -46.6256,
       28
      ],
      [
       -46.5,
       27.8919
      ],
      [
       -46.3346,
       27.75
      ],
      [
       -46.25,
       27.6776
      ],
      [
       -46.0415,
       27.5
      ],
      [
       -46,
       27.4647
      ],
      [
       -45.7462,
       27.25
      ],
      [
       -45.5,
       27.0431
      ],
      [
       -45.4485,
       27
      ],
      [
       -45.25,
       26.8344
      ],
      [
       -45.1484,
       26.75
      ],
      [
       -45,
       26.6271
      ],
      [
       -44.8459,
       26.5
      ],
      [
       -44.75,
       26.4212
      ],
      [
       -44.5409,
       26.25
      ],
      [
       -44.5,
       26.2167
      ],
      [
       -44.2331,
       26
      ],
      [
       -44,
       25.8121
      ],
      [
       -43.9227,
       25.75
      ],
      [
       -43.75,
       25.6119
      ],
      [
       -43.6094,
       25.5
      ],
      [
       -43.5,
       25.4132
      ],
      [
       -43.2932,
       25.25
      ],
      [
       -43.25,
       25.216
      ],
      [
       -42.974,
       25
      ],
      [
       -42.75,
       24.826
      ],
      [
       -42.6516,
       24.75
      ],
      [
       -42.5,
       24.6332
      ],
      [
       -42.3261,
       24.5
      ],
      [
       -42.25,
       24.4419
      ],
      [
       -41.9972,
       24.25
      ],
      [
       -41.75,
       24.0638
      ],
      [
       -41.6649,
       24
      ],
      [
       -41.5,
       23.8769
      ],
      [
       -41.329,
       23.75
      ],
      [
       -41.25,
       23.6915
      ],
      [
       -40.9896,
       23.5
      ],
      [
       -40.75,
       23.3252
      ],
      [
       -40.6462,
       23.25
      ],
      [
       -40.5,
       23.1443
      ],
      [
       -40.2991,
       23
      ],
      [
       -40.25,
       22.9649
      ],
      [
       -40,
       22.7869
      ],
      [
       -39.9478,
       22.75
      ],
      [
       -39.75,
       22.6104
      ],
      [
       -39.5925,
       22.5
      ],
      [
       -39.5,
       22.4354
      ],
      [
       -39.2328,
       22.25
      ],
      [
       -39,
       22.0898
      ],
      [
       -38.8687,
       22
      ],
      [
       -38.75,
       21.9191
      ],
      [
       -38.5001,
       21.75
      ],
      [
       -38.5,
       21.7499
      ],
      [
       -38.25,
       21.5822
      ],
      [
       -38.1266,
       21.5
      ],
      [
       -38,
       21.4159
      ],
      [
       -37.7484,
       21.25
      ],
      [
       -37.5,
       21.0876
      ],
      [
       -37.365,
       21
      ],
      [
       -37.25,
       20.9256
      ],
      [
       -36.9765,
       20.75
      ],
      [
       -36.75,
       20.6058
      ],
      [
       -36.5825,
       20.5
      ],
      [
       -36.5,
       20.448
      ],
      [
       -36.25,
       20.2916
      ],
      [
       -36.183,
       20.25
      ],
      [
       -36,
       20.1366
      ],
      [
       -35.7778,
       20
      ],
      [
       -35.75,
       19.983
      ],
      [
       -35.5,
       19.8307
      ],
      [
       -35.3664,
       19.75
      ],
      [
       -35.25,
       19.6798
      ],
      [
       -35,
       19.5303
      ],
      [
       -34.949,
       19.5
      ],
      [
       -34.75,
       19.3821
      ],
      [
       -34.5252,
       19.25
      ],
      [
       -34.5,
       19.2352
      ],
      [
       -34.25,
       19.0897
      ],
      [
       -34.0947,
       19
      ],
      [
       -34,
       18.9455
      ],
      [
       -33.75,
       18.8026
      ],
      [
       -33.6573,
       18.75
      ],
      [
       -33.5,
       18.661
      ],
      [
       -33.25,
       18.5207
      ],
      [
       -33.2128,
       18.5
      ],
      [
       -33,
       18.3817
      ],
      [
       -32.7609,
       18.25
      ],
      [
       -32.75,
       18.244
      ],
      [
       -32.5,
       18.1075
      ],
      [
       -32.3012,
       18
      ],
      [
       -32.25,
       17.9724
      ],
      [
       -32,
       17.8384
      ],
      [
       -31.8336,
       17.75
      ],
      [
       -31.75,
       17.7057
      ],
      [
       -31.5,
       17.5742
      ],
      [
       -31.3576,
       17.5
      ],
      [
       -31.25,
       17.444
      ],
      [
       -31,
       17.315
      ],
      [
       -30.873,
       17.25
      ],
      [
       -30.75,
       17.1872
      ],
      [
       -30.5,
       17.0606
      ],
      [
       -30.3794,
       17
      ],
      [
       -30.25,
       16.9351
      ],
      [
       -30,
       16.8109
      ],
      [
       -29.8764,
       16.75
      ],
      [
       -29.75,
       16.6878
      ],
      [
       -29.5,
       16.5659
      ],
      [
       -29.3637,
       16.5
      ],
      [
       -29.25,
       16.4452
      ],
      [
       -29,
       16.3256
      ],
      [
       -28.8406,
       16.25
      ],
      [
       -28.75,
       16.2071
      ],
      [
       -28.5,
       16.0898
      ],
      [
       -28.307,
       16
      ],
      [
       -28.25,
       15.9736
      ],
      [
       -28,
       15.8585
      ],
      [
       -27.7621,
       15.75
      ],
      [
       -27.75,
       15.7445
      ],
      [
       -27.5,
       15.6316
      ],
      [
       -27.25,
       15.5198
      ],
      [
       -27.2055,
       15.5
      ],
      [
       -27,
       15.409
      ],
      [
       -26.75,
       15.2994
      ],
      [
       -26.6365,
       15.25
      ],
      [
       -26.5,
       15.1908
      ],
      [
       -26.25,
       15.0832
      ],
      [
       -26.0547,
       15
      ],
      [
       -26,
       14.9767
      ],
      [
       -25.75,
       14.8713
      ],
      [
       -25.5,
       14.7669
      ],
      [
       -25.4593,
       14.75
      ],
      [
       -25.25,
       14.6635
      ],
      [
       -25,
       14.5611
      ],
      [
       -24.8495,
       14.5
      ],
      [
       -24.75,
       14.4597
      ],
      [
       -24.5,
       14.3593
      ],
      [
       -24.2248,
       14.25
      ],
      [
       -24,
       14.1615
      ],
      [
       -23.75,
       14.0641
      ],
      [
       -23.5839,
       14
      ],
      [
       -23.5,
       13.9677
      ],
      [
       -23.25,
       13.8722
      ],
      [
       -23,
       13.7776
      ],
      [
       -22.9262,
       13.75
      ],
      [
       -22.75,
       13.6841
      ],
      [
       -22.5,
       13.5914
      ],
      [
       -22.2507,
       13.5
      ],
      [
       -22.25,
       13.4997
      ],
      [
       -22,
       13.4089
      ],
      [
       -21.75,
       13.3191
      ],
      [
       -21.5559,
       13.25
      ],
      [
       -21.5,
       13.2301
      ],
      [
       -21.25,
       13.1421
      ],
      [
       -21,
       13.0549
      ],
      [
       -20.8408,
       13
      ],
      [
       -20.75,
       12.9687
      ],
      [
       -20.5,
       12.8833
      ],
      [
       -20.25,
       12.7989
      ],
      [
       -20.104,
       12.75
      ],
      [
       -20,
       12.7153
      ],
      [
       -19.75,
       12.6325
      ],
      [
       -19.5,
       12.5506
      ],
      [
       -19.3438,
       12.5
      ],
      [
       -19.25,
       12.4696
      ],
      [
       -19,
       12.3894
      ],
      [
       -18.75,
       12.3101
      ],
      [
       -18.5585,
       12.25
      ],
      [
       -18.5,
       12.2316
      ],
      [
       -18.25,
       12.1539
      ],
      [
       -18,
       12.0771
      ],
      [
       -17.7463,
       12
      ],
      [
       -17.5,
       11.9259
      ],
      [
       -17.25,
       11.8515
      ],
      [
       -17,
       11.7779
      ],
      [
       -16.9042,
       11.75
      ],
      [
       -16.75,
       11.7051
      ],
      [
       -16.5,
       11.6331
      ],
      [
       -16.25,
       11.5618
      ],
      [
       -16.0304,
       11.5
      ],
      [
       -16,
       11.4914
      ],
      [
       -15.75,
       11.4217
      ],
      [
       -15.5,
       11.3528
      ],
      [
       -15.25,
       11.2847
      ],
      [
       -15.1214,
       11.25
      ],
      [
       -15,
       11.2173
      ],
      [
       -14.75,
       11.154
      ],
      [
       -14.5,
       11.1124
      ],
      [
       -14.25,
       11.0939
      ],
      [
       -14,
       11.0957
      ],
      [
       -13.75,
       11.1155
      ],
      [
       -13.5,
       11.1514
      ],
      [
       -13.25,
       11.2018
      ],
      [
       -13.0619,
       11.25
      ],
      [
       -13,
       11.2656
      ],
      [
       -12.75,
       11.342
      ],
      [
       -12.5,
       11.4295
      ],
      [
       -12.3214,
       11.5
      ],
      [
       -12.25,
       11.5277
      ],
      [
       -12,
       11.6359
      ],
      [
       -11.757,
       11.75
      ],
      [
       -11.75,
       11.7531
      ],
      [
       -11.5,
       11.8722
      ],
      [
       -11.25,
       11.9983
      ],
      [
       -11.2468,
       12
      ],
      [
       -11,
       12.1401
      ],
      [
       -10.8169,
       12.25
      ],
      [
       -10.75,
       12.2896
      ],
      [
       -10.5,
       12.4463
      ],
      [
       -10.4186,
       12.5
      ],
      [
       -10.25,
       12.6024
      ],
      [
       -10.0168,
       12.75
      ],
      [
       -10,
       12.7613
      ],
      [
       -9.75,
       12.9373
      ],
      [
       -9.6646,
       13
      ],
      [
       -9.5,
       13.1194
      ],
      [
       -9.327,
       13.25
      ],
      [
       -9.25,
       13.3032
      ],
      [
       -9,
       13.4821
      ],
      [
       -8.9759,
       13.5
      ],
      [
       -8.75,
       13.6793
      ],
      [
       -8.6639,
       13.75
      ],
      [
       -8.5,
       13.8833
      ],
      [
       -8.3611,
       14
      ],
      [
       -8.25,
       14.0851
      ],
      [
       -8.0408,
       14.25
      ],
      [
       -8,
       14.2846
      ],
      [
       -7.7537,
       14.5
      ],
      [
       -7.75,
       14.5032
      ],
      [
       -7.5,
       14.7264
      ],
      [
       -7.4743,
       14.75
      ],
      [
       -7.25,
       14.9368
      ],
      [
       -7.1759,
       15
      ],
      [
       -7,
       15.1628
      ],
      [
       -6.9081,
       15.25
      ],
      [
       -6.75,
       15.386
      ],
      [
       -6.6203,
       15.5
      ],
      [
       -6.5,
       15.6151
      ],
      [
       -6.3622,
       15.75
      ],
      [
       -6.25,
       15.8592
      ],
      [
       -6.1085,
       16
      ],
      [
       -6,
       16.0976
      ],
      [
       -5.8339,
       16.25
      ],
      [
       -5.75,
       16.3342
      ],
      [
       -5.5879,
       16.5
      ],
      [
       -5.5,
       16.5813
      ],
      [
       -5.3208,
       16.75
      ],
      [
       -5.25,
       16.823
      ],
      [
       -5.0816,
       17
      ],
      [
       -5,
       17.0774
      ],
      [
       -4.8209,
       17.25
      ],
      [
       -4.75,
       17.3251
      ],
      [
       -4.5877,
       17.5
      ],
      [
       -4.5,
       17.5851
      ],
      [
       -4.3328,
       17.75
      ],
      [
       -4.25,
       17.8399
      ],
      [
       -4.1048,
       18
      ],
      [
       -4,
       18.104
      ],
      [
       -3.8549,
       18.25
      ],
      [
       -3.75,
       18.3666
      ],
      [
       -3.6316,
       18.5
      ],
      [
       -3.5,
       18.6334
      ],
      [
       -3.3864,
       18.75
      ],
      [
       -3.25,
       18.9049
      ],
      [
       -3.1673,
       19
      ],
      [
       -3,
       19.1729
      ],
      [
       -2.9262,
       19.25
      ],
      [
       -2.75,
       19.4543
      ],
      [
       -2.711,
       19.5
      ],
      [
       -2.5,
       19.722
      ],
      [
       -2.4737,
       19.75
      ],
      [
       -2.2621,
       20
      ],
      [
       -2.25,
       20.0128
      ],
      [
       -2.0282,
       20.25
      ],
      [
       -2,
       20.2801
      ],
      [
       -1.796,
       20.5
      ],
      [
       -1.75,
       20.5551
      ],
      [
       -1.5891,
       20.75
      ],
      [
       -1.5,
       20.8466
      ],
      [
       -1.3598,
       21
      ],
      [
       -1.25,
       21.1341
      ],
      [
       -1.1558,
       21.25
      ],
      [
       -1,
       21.4216
      ],
      [
       -0.9293,
       21.5
      ],
      [
       -0.75,
       21.6989
      ],
      [
       -0.7042,
       21.75
      ],
      [
       -0.5042,
       22
      ],
      [
       -0.5,
       22.0046
      ],
      [
       -0.2815,
       22.25
      ],
      [
       -0.25,
       22.2854
      ],
      [
       -0.06,
       22.5
      ],
      [
       0,
       22.5678
      ],
      [
       0.1603,
       22.75
      ],
      [
       0.25,
       22.8643
      ],
      [
       0.3559,
       23
      ],
      [
       0.5,
       23.1648
      ],
      [
       0.574,
       23.25
      ],
      [
       0.75,
       23.4525
      ],
      [
       0.7911,
       23.5
      ],
      [
       1,
       23.7417
      ],
      [
       1.0071,
       23.75
      ],
      [
       1.1989,
       24
      ],
      [
       1.25,
       24.0594
      ],
      [
       1.4132,
       24.25
      ],
      [
       1.5,
       24.3515
      ],
      [
       1.6266,
       24.5
      ],
      [
       1.75,
       24.645
      ],
      [
       1.839,
       24.75
      ],
      [
       2,
       24.94
      ],
      [
       2.0506,
       25
      ],
      [
       2.25,
       25.2365
      ],
      [
       2.2613,
       25.25
      ],
      [
       2.4714,
       25.5
      ],
      [
       2.5,
       25.5384
      ],
      [
       2.6574,
       25.75
      ],
      [
       2.75,
       25.8608
      ],
      [
       2.866,
       26
      ],
      [
       3,
       26.1611
      ],
      [
       3.0738,
       26.25
      ],
      [
       3.25,
       26.4627
      ],
      [
       3.2808,
       26.5
      ],
      [
       3.4872,
       26.75
      ],
      [
       3.5,
       26.7655
      ],
      [
       3.6932,
       27
      ],
      [
       3.75,
       27.0691
      ],
      [
       3.8984,
       27.25
      ],
      [
       4,
       27.374
      ],
      [
       4.103,
       27.5
      ],
      [
       4.25,
       27.6802
      ],
      [
       4.3069,
       27.75
      ],
      [
       4.5,
       27.9876
      ],
      [
       4.5101,
       28
      ],
      [
       4.713,
       28.25
      ],
      [
       4.75,
       28.2909
      ],
      [
       4.9387,
       28.5
      ],
      [
       5,
       28.576
      ],
      [
       5.1405,
       28.75
      ],
      [
       5.25,
       28.886
      ],
      [
       5.3417,
       29
      ],
      [
       5.5,
       29.1973
      ],
      [
       5.5423,
       29.25
      ],
      [
       5.7424,
       29.5
      ],
      [
       5.75,
       29.5095
      ],
      [
       5.9424,
       29.75
      ],
      [
       6,
       29.8146
      ],
      [
       6.1651,
       30
      ],
      [
       6.25,
       30.1068
      ],
      [
       6.364,
       30.25
      ],
      [
       6.5,
       30.4215
      ],
      [
       6.5624,
       30.5
      ],
      [
       6.75,
       30.7121
      ],
      [
       6.7835,
       30.75
      ],
      [
       6.981,
       31
      ],
      [
       7,
       31.024
      ],
      [
       7.1785,
       31.25
      ],
      [
       7.25,
       31.3312
      ],
      [
       7.3986,
       31.5
      ],
      [
       7.5,
       31.629
      ],
      [
       7.5952,
       31.75
      ],
      [
       7.75,
       31.9476
      ],
      [
       7.7911,
       32
      ],
      [
       8,
       32.2387
      ],
      [
       8.0099,
       32.25
      ],
      [
       8.2056,
       32.5
      ],
      [
       8.25,
       32.5509
      ],
      [
       8.424,
       32.75
      ],
      [
       8.5,
       32.8476
      ],
      [
       8.6189,
       33
      ],
      [
       8.75,
       33.1506
      ],
      [
       8.8365,
       33.25
      ],
      [
       9,
       33.4381
      ],
      [
       9.0538,
       33.5
      ],
      [
       9.2474,
       33.75
      ],
      [
       9.25,
       33.7529
      ],
      [
       9.4644,
       34
      ],
      [
       9.5,
       34.046
      ],
      [
       9.6741,
       34.25
      ],
      [
       9.75,
       34.3393
      ],
      [
       9.8744,
       34.5
      ],
      [
       10,
       34.6455
      ],
      [
       10.0904,
       34.75
      ],
      [
       10.25,
       34.9351
      ],
      [
       10.306,
       35
      ],
      [
       10.4981,
       35.25
      ],
      [
       10.5,
       35.2522
      ],
      [
       10.7137,
       35.5
      ],
      [
       10.75,
       35.5422
      ],
      [
       10.9289,
       35.75
      ],
      [
       11,
       35.8327
      ],
      [
       11.1439,
       36
      ],
      [
       11.25,
       36.1237
      ],
      [
       11.3586,
       36.25
      ],
      [
       11.5,
       36.415
      ],
      [
       11.573,
       36.5
      ],
      [
       11.75,
       36.7067
      ],
      [
       11.7871,
       36.75
      ],
      [
       12,
       36.9988
      ],
      [
       12.001,
       37
      ],
      [
       12.2152,
       37.25
      ],
      [
       12.25,
       37.2908
      ],
      [
       12.4291,
       37.5
      ],
      [
       12.5,
       37.583
      ],
      [
       12.6428,
       37.75
      ],
      [
       12.75,
       37.8756
      ],
      [
       12.8563,
       38
      ],
      [
       13,
       38.152
      ],
      [
       13.0927,
       38.25
      ],
      [
       13.25,
       38.4347
      ],
      [
       13.3058,
       38.5
      ],
      [
       13.5,
       38.7282
      ],
      [
       13.5186,
       38.75
      ],
      [
       13.7316,
       39
      ],
      [
       13.75,
       39.0195
      ],
      [
       13.9675,
       39.25
      ],
      [
       14,
       39.2882
      ],
      [
       14.1804,
       39.5
      ],
      [
       14.25,
       39.5738
      ],
      [
       14.4161,
       39.75
      ],
      [
       14.5,
       39.8488
      ],
      [
       14.6287,
       40
      ],
      [
       14.75,
       40.1288
      ],
      [
       14.8642,
       40.25
      ],
      [
       15,
       40.4101
      ],
      [
       15.0765,
       40.5
      ],
      [
       15.25,
       40.6845
      ],
      [
       15.3117,
       40.75
      ],
      [
       15.5,
       40.9502
      ],
      [
       15.5468,
       41
      ],
      [
       15.75,
       41.2397
      ],
      [
       15.7587,
       41.25
      ],
      [
       15.9938,
       41.5
      ],
      [
       16,
       41.5066
      ],
      [
       16.2289,
       41.75
      ],
      [
       16.25,
       41.7724
      ],
      [
       16.464,
       42
      ],
      [
       16.5,
       42.0384
      ],
      [
       16.699,
       42.25
      ],
      [
       16.75,
       42.3103
      ],
      [
       16.911,
       42.5
      ],
      [
       17,
       42.5948
      ],
      [
       17.1459,
       42.75
      ],
      [
       17.25,
       42.851
      ],
      [
       17.4037,
       43
      ],
      [
       17.5,
       43.1026
      ],
      [
       17.6385,
       43.25
      ],
      [
       17.75,
       43.3688
      ],
      [
       17.8732,
       43.5
      ],
      [
       18,
       43.6351
      ],
      [
       18.108,
       43.75
      ],
      [
       18.25,
       43.9014
      ],
      [
       18.3427,
       44
      ],
      [
       18.5,
       44.1526
      ],
      [
       18.6005,
       44.25
      ],
      [
       18.75,
       44.4094
      ],
      [
       18.8351,
       44.5
      ],
      [
       19,
       44.6757
      ],
      [
       19.0698,
       44.75
      ],
      [
       19.25,
       44.9248
      ],
      [
       19.3276,
       45
      ],
      [
       19.5,
       45.1838
      ],
      [
       19.5623,
       45.25
      ],
      [
       19.75,
       45.4321
      ],
      [
       19.8201,
       45.5
      ],
      [
       20,
       45.6745
      ],
      [
       20.0779,
       45.75
      ],
      [
       20.25,
       45.9169
      ],
      [
       20.3357,
       46
      ],
      [
       20.5,
       46.1751
      ],
      [
       20.5704,
       46.25
      ],
      [
       20.75,
       46.4241
      ],
      [
       20.8283,
       46.5
      ],
      [
       21,
       46.6664
      ],
      [
       21.0862,
       46.75
      ],
      [
       21.25,
       46.9087
      ],
      [
       21.3442,
       47
      ],
      [
       21.5,
       47.151
      ],
      [
       21.6022,
       47.25
      ],
      [
       21.75,
       47.3933
      ],
      [
       21.8713,
       47.5
      ],
      [
       22,
       47.6132
      ],
      [
       22.1413,
       47.75
      ],
      [
       22.25,
       47.8553
      ],
      [
       22.3994,
       48
      ],
      [
       22.5,
       48.0975
      ],
      [
       22.6575,
       48.25
      ],
      [
       22.75,
       48.3322
      ],
      [
       22.9387,
       48.5
      ],
      [
       23,
       48.5594
      ],
      [
       23.2168,
       48.75
      ],
      [
       23.25,
       48.7792
      ],
      [
       23.4781,
       49
      ],
      [
       23.5,
       49.0194
      ],
      [
       23.75,
       49.2416
      ],
      [
       23.7595,
       49.25
      ],
      [
       24,
       49.4634
      ],
      [
       24.0412,
       49.5
      ],
      [
       24.25,
       49.6853
      ],
      [
       24.3229,
       49.75
      ],
      [
       24.5,
       49.9071
      ],
      [
       24.6046,
       50
      ],
      [
       24.75,
       50.129
      ],
      [
       24.8863,
       50.25
      ],
      [
       25,
       50.3508
      ],
      [
       25.168,
       50.5
      ],
      [
       25.25,
       50.5727
      ],
      [
       25.4498,
       50.75
      ],
      [
       25.5,
       50.7945
      ],
      [
       25.7316,
       51
      ],
      [
       25.75,
       51.0151
      ],
      [
       26,
       51.2198
      ],
      [
       26.0368,
       51.25
      ],
      [
       26.25,
       51.4388
      ],
      [
       26.319,
       51.5
      ],
      [
       26.5,
       51.648
      ],
      [
       26.6244,
       51.75
      ],
      [
       26.75,
       51.8528
      ],
      [
       26.9296,
       52
      ],
      [
       27,
       52.0576
      ],
      [
       27.2348,
       52.25
      ],
      [
       27.25,
       52.2624
      ],
      [
       27.5,
       52.4668
      ],
      [
       27.5405,
       52.5
      ],
      [
       27.75,
       52.6712
      ],
      [
       27.8462,
       52.75
      ],
      [
       28,
       52.8756
      ],
      [
       28.1519,
       53
      ],
      [
       28.25,
       53.0801
      ],
      [
       28.4575,
       53.25
      ],
      [
       28.5,
       53.2822
      ],
      [
       28.75,
       53.4722
      ],
      [
       28.7865,
       53.5
      ],
      [
       29,
       53.6619
      ],
      [
       29.1158,
       53.75
      ],
      [
       29.25,
       53.8595
      ],
      [
       29.4217,
       54
      ],
      [
       29.5,
       54.0593
      ],
      [
       29.75,
       54.2495
      ],
      [
       29.7506,
       54.25
      ],
      [
       30,
       54.4389
      ],
      [
       30.0803,
       54.5
      ],
      [
       30.25,
       54.6286
      ],
      [
       30.4097,
       54.75
      ],
      [
       30.5,
       54.8184
      ],
      [
       30.7389,
       55
      ],
      [
       30.75,
       55.0079
      ],
      [
       31,
       55.1802
      ],
      [
       31.0919,
       55.25
      ],
      [
       31.25,
       55.3697
      ],
      [
       31.4215,
       55.5
      ],
      [
       31.5,
       55.5555
      ],
      [
       31.75,
       55.7328
      ],
      [
       31.7742,
       55.75
      ],
      [
       32,
       55.9095
      ],
      [
       32.1274,
       56
      ],
      [
       32.25,
       56.0866
      ],
      [
       32.4801,
       56.25
      ],
      [
       32.5,
       56.264
      ],
      [
       32.75,
       56.4408
      ],
      [
       32.8335,
       56.5
      ],
      [
       33,
       56.6103
      ],
      [
       33.2097,
       56.75
      ],
      [
       33.25,
       56.7785
      ],
      [
       33.5,
       56.9553
      ],
      [
       33.563,
       57
      ],
      [
       33.75,
       57.1238
      ],
      [
       33.9394,
       57.25
      ],
      [
       34,
       57.2901
      ],
      [
       34.25,
       57.4561
      ],
      [
       34.316,
       57.5
      ],
      [
       34.5,
       57.6218
      ],
      [
       34.6925,
       57.75
      ],
      [
       34.75,
       57.7881
      ],
      [
       35,
       57.9539
      ],
      [
       35.0692,
       58
      ],
      [
       35.25,
       58.1127
      ],
      [
       35.4689,
       58.25
      ],
      [
       35.5,
       58.2706
      ],
      [
       35.75,
       58.4362
      ],
      [
       35.8458,
       58.5
      ],
      [
       36,
       58.5961
      ],
      [
       36.2454,
       58.75
      ],
      [
       36.25,
       58.7529
      ],
      [
       36.5,
       58.9086
      ],
      [
       36.6457,
       59
      ],
      [
       36.75,
       59.0614
      ],
      [
       37,
       59.2091
      ],
      [
       37.0689,
       59.25
      ],
      [
       37.25,
       59.3628
      ],
      [
       37.4688,
       59.5
      ],
      [
       37.5,
       59.5184
      ],
      [
       37.75,
       59.6656
      ],
      [
       37.8922,
       59.75
      ],
      [
       38,
       59.8134
      ],
      [
       38.25,
       59.9612
      ],
      [
       38.3154,
       60
      ],
      [
       38.5,
       60.1086
      ],
      [
       38.7384,
       60.25
      ],
      [
       38.75,
       60.2565
      ],
      [
       39,
       60.3959
      ],
      [
       39.1851,
       60.5
      ],
      [
       39.25,
       60.5362
      ],
      [
       39.5,
       60.6759
      ],
      [
       39.6316,
       60.75
      ],
      [
       39.75,
       60.816
      ],
      [
       40,
       60.9561
      ],
      [
       40.078,
       61
      ],
      [
       40.25,
       61.0959
      ],
      [
       40.5,
       61.2364
      ],
      [
       40.5241,
       61.25
      ],
      [
       40.75,
       61.3696
      ],
      [
       40.9936,
       61.5
      ],
      [
       41,
       61.5034
      ],
      [
       41.25,
       61.6358
      ],
      [
       41.4633,
       61.75
      ],
      [
       41.5,
       61.7695
      ],
      [
       41.75,
       61.9021
      ],
      [
       41.9328,
       62
      ],
      [
       42,
       62.0339
      ],
      [
       42.25,
       62.1604
      ],
      [
       42.4255,
       62.25
      ],
      [
       42.5,
       62.2876
      ],
      [
       42.75,
       62.4142
      ],
      [
       42.918,
       62.5
      ],
      [
       43,
       62.5414
      ],
      [
       43.25,
       62.668
      ],
      [
       43.4104,
       62.75
      ],
      [
       43.5,
       62.7952
      ],
      [
       43.75,
       62.9141
      ],
      [
       43.926,
       63
      ],
      [
       44,
       63.0357
      ],
      [
       44.25,
       63.1566
      ],
      [
       44.4413,
       63.25
      ],
      [
       44.5,
       63.2783
      ],
      [
       44.75,
       63.3991
      ],
      [
       44.9565,
       63.5
      ],
      [
       45,
       63.52
      ],
      [
       45.25,
       63.6355
      ],
      [
       45.4947,
       63.75
      ],
      [
       45.5,
       63.7524
      ],
      [
       45.75,
       63.8678
      ],
      [
       46,
       63.9845
      ],
      [
       46.0331,
       64
      ],
      [
       46.25,
       64.0959
      ],
      [
       46.5,
       64.2075
      ],
      [
       46.5945,
       64.25
      ],
      [
       46.75,
       64.3188
      ],
      [
       47,
       64.4301
      ],
      [
       47.1556,
       64.5
      ],
      [
       47.25,
       64.5401
      ],
      [
       47.5,
       64.6467
      ],
      [
       47.7394,
       64.75
      ],
      [
       47.75,
       64.7545
      ],
      [
       48,
       64.8607
      ],
      [
       48.25,
       64.9682
      ],
      [
       48.3235,
       65
      ],
      [
       48.5,
       65.075
      ],
      [
       48.75,
       65.1821
      ],
      [
       48.9071,
       65.25
      ],
      [
       49,
       65.288
      ],
      [
       49.25,
       65.3905
      ],
      [
       49.5,
       65.4945
      ],
      [
       49.5133,
       65.5
      ],
      [
       49.75,
       65.5931
      ],
      [
       50,
       65.6904
      ],
      [
       50.1431,
       65.75
      ],
      [
       50.25,
       65.7921
      ],
      [
       50.5,
       65.8909
      ],
      [
       50.75,
       65.9911
      ],
      [
       50.7743,
       66
      ],
      [
       51,
       66.0805
      ],
      [
       51.25,
       66.18
      ],
      [
       51.4243,
       66.25
      ],
      [
       51.5,
       66.2777
      ],
      [
       51.75,
       66.3697
      ],
      [
       52,
       66.4628
      ],
      [
       52.0994,
       66.5
      ],
      [
       52.25,
       66.5552
      ],
      [
       52.5,
       66.6476
      ],
      [
       52.75,
       66.7411
      ],
      [
       52.7736,
       66.75
      ],
      [
       53,
       66.8302
      ],
      [
       53.25,
       66.9198
      ],
      [
       53.471,
       67
      ],
      [
       53.5,
       67.0099
      ],
      [
       53.75,
       67.0958
      ],
      [
       54,
       67.1827
      ],
      [
       54.1913,
       67.25
      ],
      [
       54.25,
       67.2701
      ],
      [
       54.5,
       67.3562
      ],
      [
       54.75,
       67.4433
      ],
      [
       54.911,
       67.5
      ],
      [
       55,
       67.5296
      ],
      [
       55.25,
       67.6131
      ],
      [
       55.5,
       67.6976
      ],
      [
       55.6534,
       67.75
      ],
      [
       55.75,
       67.7812
      ],
      [
       56,
       67.8545
      ],
      [
       56.25,
       67.9364
      ],
      [
       56.4417,
       68
      ],
      [
       56.5,
       68.0183
      ],
      [
       56.75,
       68.0967
      ],
      [
       57,
       68.1761
      ],
      [
       57.2293,
       68.25
      ],
      [
       57.25,
       68.2563
      ],
      [
       57.5,
       68.3324
      ],
      [
       57.75,
       68.4094
      ],
      [
       58,
       68.4876
      ],
      [
       58.0397,
       68.5
      ],
      [
       58.25,
       68.5622
      ],
      [
       58.5,
       68.6368
      ],
      [
       58.75,
       68.7125
      ],
      [
       58.8727,
       68.75
      ],
      [
       59,
       68.7866
      ],
      [
       59.25,
       68.859
      ],
      [
       59.5,
       68.9323
      ],
      [
       59.7278,
       69
      ],
      [
       59.75,
       69.0062
      ],
      [
       60,
       69.0763
      ],
      [
       60.25,
       69.1473
      ],
      [
       60.5,
       69.2193
      ],
      [
       60.6059,
       69.25
      ],
      [
       60.75,
       69.2893
      ],
      [
       61,
       69.358
      ],
      [
       61.25,
       69.4277
      ],
      [
       61.5,
       69.4984
      ],
      [
       61.5064,
       69.5
      ],
      [
       61.75,
       69.5588
      ],
      [
       62,
       69.626
      ],
      [
       62.25,
       69.6942
      ],
      [
       62.4519,
       69.75
      ],
      [
       62.5,
       69.7622
      ],
      [
       62.75,
       69.8257
      ],
      [
       63,
       69.8899
      ],
      [
       63.25,
       69.9551
      ],
      [
       63.4375,
       70
      ],
      [
       63.5,
       70.014
      ],
      [
       63.75,
       70.0761
      ],
      [
       64,
       70.1389
      ],
      [
       64.25,
       70.2026
      ],
      [
       64.4337,
       70.25
      ],
      [
       64.5,
       70.2657
      ],
      [
       64.75,
       70.3249
      ],
      [
       65,
       70.3849
      ],
      [
       65.25,
       70.4414
      ],
      [
       65.4925,
       70.5
      ],
      [
       65.5,
       70.5017
      ],
      [
       65.75,
       70.5596
      ],
      [
       66,
       70.6155
      ],
      [
       66.25,
       70.6735
      ],
      [
       66.5,
       70.7324
      ],
      [
       66.5739,
       70.75
      ],
      [
       66.75,
       70.789
      ],
      [
       67,
       70.8428
      ],
      [
       67.25,
       70.8982
      ],
      [
       67.5,
       70.9544
      ],
      [
       67.7001,
       71
      ],
      [
       67.75,
       71.0104
      ],
      [
       68,
       71.0626
      ],
      [
       68.25,
       71.1153
      ],
      [
       68.5,
       71.1689
      ],
      [
       68.75,
       71.2232
      ],
      [
       68.8717,
       71.25
      ],
      [
       69,
       71.2757
      ],
      [
       69.25,
       71.326
      ],
      [
       69.5,
       71.377
      ],
      [
       69.75,
       71.4287
      ],
      [
       70,
       71.4813
      ],
      [
       70.0881,
       71.5
      ],
      [
       70.25,
       71.5307
      ],
      [
       70.5,
       71.5783
      ],
      [
       70.75,
       71.6266
      ],
      [
       71,
       71.6755
      ],
      [
       71.25,
       71.7253
      ],
      [
       71.3728,
       71.75
      ],
      [
       71.5,
       71.7733
      ],
      [
       71.75,
       71.8192
      ],
      [
       72,
       71.8656
      ],
      [
       72.25,
       71.9128
      ],
      [
       72.5,
       71.9569
      ],
      [
       72.7251,
       72
      ],
      [
       72.75,
       72.0043
      ],
      [
       73,
       72.0477
      ],
      [
       73.25,
       72.0916
      ],
      [
       73.5,
       72.1361
      ],
      [
       73.75,
       72.1813
      ],
      [
       74,
       72.2272
      ],
      [
       74.1226,
       72.25
      ],
      [
       74.25,
       72.2707
      ],
      [
       74.5,
       72.3115
      ],
      [
       74.75,
       72.3529
      ],
      [
       75,
       72.3947
      ],
      [
       75.25,
       72.4363
      ],
      [
       75.5,
       72.4803
      ],
      [
       75.6108,
       72.5
      ],
      [
       75.75,
       72.5213
      ],
      [
       76,
       72.557
      ],
      [
       76.25,
       72.5964
      ],
      [
       76.5,
       72.6363
      ],
      [
       76.75,
       72.6769
      ],
      [
       77,
       72.7148
      ],
      [
       77.2128,
       72.75
      ],
      [
       77.25,
       72.7554
      ],
      [
       77.5,
       72.7915
      ],
      [
       77.75,
       72.8279
      ],
      [
       78,
       72.8648
      ],
      [
       78.25,
       72.9023
      ],
      [
       78.5,
       72.9404
      ],
      [
       78.75,
       72.9792
      ],
      [
       78.8824,
       73
      ],
      [
       79,
       73.0156
      ],
      [
       79.25,
       73.049
      ],
      [
       79.5,
       73.0827
      ],
      [
       79.75,
       73.1168
      ],
      [
       80,
       73.1514
      ],
      [
       80.25,
       73.1858
      ],
      [
       80.5,
       73.2222
      ],
      [
       80.6884,
       73.25
      ],
      [
       80.75,
       73.2576
      ],
      [
       81,
       73.2884
      ],
      [
       81.25,
       73.3195
      ],
      [
       81.5,
       73.351
      ],
      [
       81.75,
       73.3829
      ],
      [
       82,
       73.4154
      ],
      [
       82.25,
       73.4478
      ],
      [
       82.5,
       73.4819
      ],
      [
       82.631,
       73.5
      ],
      [
       82.75,
       73.5135
      ],
      [
       83,
       73.5419
      ],
      [
       83.25,
       73.5706
      ],
      [
       83.5,
       73.5997
      ],
      [
       83.75,
       73.6291
      ],
      [
       84,
       73.6562
      ],
      [
       84.25,
       73.6866
      ],
      [
       84.5,
       73.7176
      ],
      [
       84.75,
       73.7493
      ],
      [
       84.7556,
       73.75
      ],
      [
       85,
       73.7751
      ],
      [
       85.25,
       73.8009
      ],
      [
       85.5,
       73.8271
      ],
      [
       85.75,
       73.8535
      ],
      [
       86,
       73.8803
      ],
      [
       86.25,
       73.9059
      ],
      [
       86.5,
       73.9333
      ],
      [
       86.75,
       73.9613
      ],
      [
       87,
       73.9899
      ],
      [
       87.0861,
       74
      ],
      [
       87.25,
       74.015
      ],
      [
       87.5,
       74.0378
      ],
      [
       87.75,
       74.0609
      ],
      [
       88,
       74.0843
      ],
      [
       88.25,
       74.1079
      ],
      [
       88.5,
       74.1306
      ],
      [
       88.75,
       74.1547
      ],
      [
       89,
       74.1787
      ],
      [
       89.25,
       74.204
      ],
      [
       89.5,
       74.2299
      ],
      [
       89.6903,
       74.25
      ],
      [
       89.75,
       74.2547
      ],
      [
       90,
       74.2744
      ],
      [
       90.25,
       74.2941
      ],
      [
       90.5,
       74.3141
      ],
      [
       90.75,
       74.3343
      ],
      [
       91,
       74.3536
      ],
      [
       91.25,
       74.3745
      ],
      [
       91.5,
       74.3944
      ],
      [
       91.75,
       74.4158
      ],
      [
       92,
       74.4376
      ],
      [
       92.25,
       74.4599
      ],
      [
       92.5,
       74.4828
      ],
      [
       92.6839,
       74.5
      ],
      [
       92.75,
       74.5043
      ],
      [
       93,
       74.5206
      ],
      [
       93.25,
       74.537
      ],
      [
       93.5,
       74.5534
      ],
      [
       93.75,
       74.569
      ],
      [
       94,
       74.5859
      ],
      [
       94.25,
       74.6022
      ],
      [
       94.5,
       74.6194
      ],
      [
       94.75,
       74.6368
      ],
      [
       95,
       74.6546
      ],
      [
       95.25,
       74.6727
      ],
      [
       95.5,
       74.6912
      ],
      [
       95.75,
       74.71
      ],
      [
       96,
       74.7279
      ],
      [
       96.25,
       74.7481
      ],
      [
       96.2738,
       74.75
      ],
      [
       96.5,
       74.7612
      ],
      [
       96.75,
       74.7735
      ],
      [
       97,
       74.786
      ],
      [
       97.25,
       74.7984
      ],
      [
       97.5,
       74.8107
      ],
      [
       97.75,
       74.8225
      ],
      [
       98,
       74.8352
      ],
      [
       98.25,
       74.8481
      ],
      [
       98.5,
       74.8612
      ],
      [
       98.75,
       74.8737
      ],
      [
       99,
       74.887
      ],
      [
       99.25,
       74.9006
      ],
      [
       99.5,
       74.9141
      ],
      [
       99.75,
       74.9284
      ],
      [
       100,
       74.9418
      ],
      [
       100.25,
       74.9568
      ],
      [
       100.5,
       74.9723
      ],
      [
       100.75,
       74.9885
      ],
      [
       100.9218,
       75
      ],
      [
       101,
       75.0022
      ],
      [
       101.25,
       75.0083
      ],
      [
       101.5,
       75.015
      ],
      [
       101.75,
       75.0217
      ],
      [
       102,
       75.0282
      ],
      [
       102.25,
       75.0348
      ],
      [
       102.5,
       75.0412
      ],
      [
       102.75,
       75.0473
      ],
      [
       103,
       75.0537
      ],
      [
       103.25,
       75.0603
      ],
      [
       103.5,
       75.0666
      ],
      [
       103.75,
       75.0732
      ],
      [
       104,
       75.0791
      ],
      [
       104.25,
       75.0857
      ],
      [
       104.5,
       75.092
      ],
      [
       104.75,
       75.0983
      ],
      [
       105,
       75.1049
      ],
      [
       105.25,
       75.111
      ],
      [
       105.5,
       75.1144
      ],
      [
       105.75,
       75.1023
      ],
      [
       106,
       75.0953
      ],
      [
       106.25,
       75.0887
      ],
      [
       106.5,
       75.0818
      ],
      [
       106.75,
       75.0749
      ],
      [
       107,
       75.0681
      ],
      [
       107.25,
       75.0614
      ],
      [
       107.5,
       75.055
      ],
      [
       107.75,
       75.0483
      ],
      [
       108,
       75.0414
      ],
      [
       108.25,
       75.0348
      ],
      [
       108.5,
       75.0284
      ],
      [
       108.75,
       75.0218
      ],
      [
       109,
       75.0154
      ],
      [
       109.25,
       75.0083
      ],
      [
       109.5,
       75.0017
      ],
      [
       109.5657,
       75
      ],
      [
       109.75,
       74.9876
      ],
      [
       110,
       74.9714
      ],
      [
       110.25,
       74.9559
      ],
      [
       110.5,
       74.9409
      ],
      [
       110.75,
       74.9253
      ],
      [
       111,
       74.9112
      ],
      [
       111.25,
       74.8974
      ],
      [
       111.5,
       74.8839
      ],
      [
       111.75,
       74.8706
      ],
      [
       112,
       74.8563
      ],
      [
       112.25,
       74.8434
      ],
      [
       112.5,
       74.8307
      ],
      [
       112.75,
       74.8181
      ],
      [
       113,
       74.8056
      ],
      [
       113.25,
       74.793
      ],
      [
       113.5,
       74.7807
      ],
      [
       113.75,
       74.7675
      ],
      [
       114,
       74.7553
      ],
      [
       114.1078,
       74.75
      ],
      [
       114.25,
       74.7385
      ],
      [
       114.5,
       74.7187
      ],
      [
       114.75,
       74.6992
      ],
      [
       115,
       74.6804
      ],
      [
       115.25,
       74.6621
      ],
      [
       115.5,
       74.6431
      ],
      [
       115.75,
       74.6256
      ],
      [
       116,
       74.6084
      ],
      [
       116.25,
       74.5914
      ],
      [
       116.5,
       74.5747
      ],
      [
       116.75,
       74.5581
      ],
      [
       117,
       74.5405
      ],
      [
       117.25,
       74.5239
      ],
      [
       117.5,
       74.5078
      ],
      [
       117.6206,
       74.5
      ],
      [
       117.75,
       74.4878
      ],
      [
       118,
       74.4647
      ],
      [
       118.25,
       74.4422
      ],
      [
       118.5,
       74.4202
      ],
      [
       118.75,
       74.3987
      ],
      [
       119,
       74.3776
      ],
      [
       119.25,
       74.356
      ],
      [
       119.5,
       74.3357
      ],
      [
       119.75,
       74.3156
      ],
      [
       120,
       74.2944
      ],
      [
       120.25,
       74.2746
      ],
      [
       120.5,
       74.255
      ],
      [
       120.5633,
       74.25
      ],
      [
       120.75,
       74.2303
      ],
      [
       121,
       74.2042
      ],
      [
       121.25,
       74.1789
      ],
      [
       121.5,
       74.1541
      ],
      [
       121.75,
       74.1297
      ],
      [
       122,
       74.1057
      ],
      [
       122.25,
       74.0821
      ],
      [
       122.5,
       74.0583
      ],
      [
       122.75,
       74.0354
      ],
      [
       123,
       74.0128
      ],
      [
       123.1422,
       74
      ],
      [
       123.25,
       73.9873
      ],
      [
       123.5,
       73.9584
      ],
      [
       123.75,
       73.9282
      ],
      [
       124,
       73.9009
      ],
      [
       124.25,
       73.874
      ],
      [
       124.5,
       73.8461
      ],
      [
       124.75,
       73.8198
      ],
      [
       125,
       73.7938
      ],
      [
       125.25,
       73.768
      ],
      [
       125.4259,
       73.75
      ],
      [
       125.5,
       73.7405
      ],
      [
       125.75,
       73.709
      ],
      [
       126,
       73.6781
      ],
      [
       126.25,
       73.6479
      ],
      [
       126.5,
       73.6182
      ],
      [
       126.75,
       73.5889
      ],
      [
       127,
       73.5601
      ],
      [
       127.25,
       73.5293
      ],
      [
       127.5,
       73.5007
      ],
      [
       127.75,
       73.4668
      ],
      [
       128,
       73.4334
      ],
      [
       128.25,
       73.3995
      ],
      [
       128.5,
       73.367
      ],
      [
       128.75,
       73.335
      ],
      [
       129,
       73.3034
      ],
      [
       129.25,
       73.2722
      ],
      [
       129.4286,
       73.25
      ],
      [
       129.5,
       73.2394
      ],
      [
       129.75,
       73.2028
      ],
      [
       130,
       73.1669
      ],
      [
       130.25,
       73.1316
      ],
      [
       130.5,
       73.0969
      ],
      [
       130.75,
       73.0627
      ],
      [
       131,
       73.029
      ],
      [
       131.2163,
       73
      ],
      [
       131.25,
       72.9947
      ],
      [
       131.5,
       72.955
      ],
      [
       131.75,
       72.9163
      ],
      [
       132,
       72.8782
      ],
      [
       132.25,
       72.8394
      ],
      [
       132.5,
       72.803
      ],
      [
       132.75,
       72.767
      ],
      [
       132.8682,
       72.75
      ],
      [
       133,
       72.7279
      ],
      [
       133.25,
       72.6866
      ],
      [
       133.5,
       72.646
      ],
      [
       133.75,
       72.6061
      ],
      [
       134,
       72.5668
      ],
      [
       134.25,
       72.5279
      ],
      [
       134.4313,
       72.5
      ],
      [
       134.5,
       72.4878
      ],
      [
       134.75,
       72.4439
      ],
      [
       135,
       72.4008
      ],
      [
       135.25,
       72.3584
      ],
      [
       135.5,
       72.3166
      ],
      [
       135.75,
       72.2754
      ],
      [
       135.9047,
       72.25
      ],
      [
       136,
       72.2324
      ],
      [
       136.25,
       72.1866
      ],
      [
       136.5,
       72.1416
      ],
      [
       136.75,
       72.0974
      ],
      [
       137,
       72.0537
      ],
      [
       137.25,
       72.0106
      ],
      [
       137.3117,
       72
      ],
      [
       137.5,
       71.963
      ],
      [
       137.75,
       71.9116
      ],
      [
       138,
       71.8648
      ],
      [
       138.25,
       71.8188
      ],
      [
       138.5,
       71.7733
      ],
      [
       138.6287,
       71.75
      ],
      [
       138.75,
       71.7254
      ],
      [
       139,
       71.6751
      ],
      [
       139.25,
       71.6257
      ],
      [
       139.5,
       71.5771
      ],
      [
       139.75,
       71.5291
      ],
      [
       139.9022,
       71.5
      ],
      [
       140,
       71.4791
      ],
      [
       140.25,
       71.4261
      ],
      [
       140.5,
       71.374
      ],
      [
       140.75,
       71.3226
      ],
      [
       141,
       71.272
      ],
      [
       141.1088,
       71.25
      ],
      [
       141.25,
       71.2187
      ],
      [
       141.5,
       71.164
      ],
      [
       141.75,
       71.1101
      ],
      [
       142,
       71.057
      ],
      [
       142.25,
       71.0046
      ],
      [
       142.5,
       70.9476
      ],
      [
       142.75,
       70.8911
      ],
      [
       143,
       70.8355
      ],
      [
       143.25,
       70.7806
      ],
      [
       143.3902,
       70.75
      ],
      [
       143.5,
       70.7238
      ],
      [
       143.75,
       70.6646
      ],
      [
       144,
       70.6064
      ],
      [
       144.25,
       70.5489
      ],
      [
       144.4651,
       70.5
      ],
      [
       144.5,
       70.4913
      ],
      [
       144.75,
       70.4294
      ],
      [
       145,
       70.3685
      ],
      [
       145.25,
       70.3084
      ],
      [
       145.4959,
       70.25
      ],
      [
       145.4959,
       70.25
      ],
      [
       145.75,
       70.1857
      ],
      [
       146,
       70.1234
      ],
      [
       146.25,
       70.062
      ],
      [
       146.5,
       70.0014
      ],
      [
       146.75,
       69.9354
      ],
      [
       147,
       69.8703
      ],
      [
       147.25,
       69.8061
      ],
      [
       147.471,
       69.75
      ],
      [
       147.471,
       69.75
      ],
      [
       147.75,
       69.6748
      ],
      [
       148,
       69.6084
      ],
      [
       148.25,
       69.543
      ],
      [
       148.4153,
       69.5
      ],
      [
       148.5,
       69.476
      ],
      [
       148.75,
       69.4057
      ],
      [
       149,
       69.3363
      ],
      [
       149.25,
       69.2674
      ],
      [
       149.3154,
       69.25
      ],
      [
       149.5,
       69.1965
      ],
      [
       149.75,
       69.125
      ],
      [
       150,
       69.0544
      ],
      [
       150.1945,
       69
      ],
      [
       150.25,
       68.9835
      ],
      [
       150.5,
       68.9097
      ],
      [
       150.75,
       68.8369
      ],
      [
       151,
       68.765
      ],
      [
       151.0524,
       68.75
      ],
      [
       151.25,
       68.69
      ],
      [
       151.5,
       68.615
      ],
      [
       151.75,
       68.5409
      ],
      [
       151.8891,
       68.5
      ],
      [
       152,
       68.4654
      ],
      [
       152.25,
       68.3882
      ],
      [
       152.5,
       68.3119
      ],
      [
       152.7048,
       68.25
      ],
      [
       152.75,
       68.2355
      ],
      [
       153,
       68.156
      ],
      [
       153.25,
       68.0775
      ],
      [
       153.4994,
       68
      ],
      [
       153.4994,
       68
      ],
      [
       153.75,
       67.9179
      ],
      [
       154,
       67.8371
      ],
      [
       154.25,
       67.7572
      ],
      [
       154.5,
       67.6734
      ],
      [
       154.75,
       67.5903
      ],
      [
       155,
       67.5081
      ],
      [
       155.25,
       67.4243
      ],
      [
       155.5,
       67.3415
      ],
      [
       155.75,
       67.2595
      ],
      [
       156,
       67.1737
      ],
      [
       156.25,
       67.0831
      ],
      [
       156.4885,
       67
      ],
      [
       156.4885,
       67
      ],
      [
       156.75,
       66.9072
      ],
      [
       157,
       66.8196
      ],
      [
       157.2003,
       66.75
      ],
      [
       157.25,
       66.7324
      ],
      [
       157.5,
       66.6442
      ],
      [
       157.75,
       66.557
      ],
      [
       157.9145,
       66.5
      ],
      [
       158,
       66.4677
      ],
      [
       158.25,
       66.3696
      ],
      [
       158.5,
       66.28
      ],
      [
       158.5839,
       66.25
      ],
      [
       158.75,
       66.1876
      ],
      [
       159,
       66.0944
      ],
      [
       159.25,
       66.0022
      ],
      [
       159.5,
       65.9054
      ],
      [
       159.75,
       65.8096
      ],
      [
       159.9064,
       65.75
      ],
      [
       160,
       65.7138
      ],
      [
       160.25,
       65.6177
      ],
      [
       160.5,
       65.5226
      ],
      [
       160.5596,
       65.5
      ],
      [
       160.75,
       65.424
      ],
      [
       161,
       65.3252
      ],
      [
       161.1916,
       65.25
      ],
      [
       161.25,
       65.2267
      ],
      [
       161.5,
       65.1278
      ],
      [
       161.75,
       65.0298
      ],
      [
       161.8262,
       65
      ],
      [
       162,
       64.9286
      ],
      [
       162.25,
       64.8268
      ],
      [
       162.4398,
       64.75
      ],
      [
       162.5,
       64.7243
      ],
      [
       162.75,
       64.6184
      ],
      [
       163,
       64.5135
      ],
      [
       163.0322,
       64.5
      ],
      [
       163.25,
       64.4079
      ],
      [
       163.5,
       64.3031
      ],
      [
       163.6274,
       64.25
      ],
      [
       163.75,
       64.1983
      ],
      [
       164,
       64.0937
      ],
      [
       164.2255,
       64
      ],
      [
       164.2255,
       64
      ],
      [
       164.5,
       63.8805
      ],
      [
       164.75,
       63.7727
      ],
      [
       164.8028,
       63.75
      ],
      [
       165,
       63.6645
      ],
      [
       165.25,
       63.5569
      ],
      [
       165.3831,
       63.5
      ],
      [
       165.5,
       63.4495
      ],
      [
       165.75,
       63.3423
      ],
      [
       165.9476,
       63.25
      ],
      [
       166,
       63.2253
      ],
      [
       166.25,
       63.1185
      ],
      [
       166.5,
       63.0125
      ],
      [
       166.75,
       62.8915
      ],
      [
       167,
       62.7815
      ],
      [
       167.0719,
       62.75
      ],
      [
       167.25,
       62.6679
      ],
      [
       167.5,
       62.5535
      ],
      [
       167.6177,
       62.5
      ],
      [
       167.75,
       62.4394
      ],
      [
       168,
       62.3257
      ],
      [
       168.1673,
       62.25
      ],
      [
       168.25,
       62.2123
      ],
      [
       168.5,
       62.0993
      ],
      [
       168.7209,
       62
      ],
      [
       168.7209,
       62
      ],
      [
       169,
       61.8688
      ],
      [
       169.25,
       61.752
      ],
      [
       169.5,
       61.6355
      ],
      [
       169.75,
       61.5196
      ],
      [
       169.7925,
       61.5
      ],
      [
       170,
       61.404
      ],
      [
       170.25,
       61.289
      ],
      [
       170.3355,
       61.25
      ],
      [
       170.5,
       61.1709
      ],
      [
       170.75,
       61.0516
      ],
      [
       170.8588,
       61
      ],
      [
       171,
       60.9327
      ],
      [
       171.25,
       60.8145
      ],
      [
       171.3874,
       60.75
      ],
      [
       171.5,
       60.6969
      ],
      [
       171.75,
       60.5799
      ],
      [
       171.9218,
       60.5
      ],
      [
       172,
       60.4635
      ],
      [
       172.25,
       60.3478
      ],
      [
       172.4624,
       60.25
      ],
      [
       172.5,
       60.2317
      ],
      [
       172.75,
       60.112
      ],
      [
       172.9848,
       60
      ],
      [
       172.9848,
       60
      ],
      [
       173.25,
       59.8746
      ],
      [
       173.5,
       59.7569
      ],
      [
       173.75,
       59.6405
      ],
      [
       174,
       59.5245
      ],
      [
       174.0536,
       59.5
      ],
      [
       174.25,
       59.4054
      ],
      [
       174.5,
       59.2858
      ],
      [
       174.5757,
       59.25
      ],
      [
       174.75,
       59.1713
      ],
      [
       175,
       59.0501
      ],
      [
       175.108,
       59
      ],
      [
       175.25,
       58.937
      ],
      [
       175.5,
       58.8273
      ],
      [
       175.6774,
       58.75
      ],
      [
       175.75,
       58.7151
      ],
      [
       176,
       58.5973
      ],
      [
       176.208,
       58.5
      ],
      [
       176.25,
       58.4812
      ],
      [
       176.5,
       58.3719
      ],
      [
       176.75,
       58.263
      ],
      [
       177,
       58.1567
      ],
      [
       177.25,
       58.0513
      ],
      [
       177.3736,
       58
      ],
      [
       177.5,
       57.9451
      ],
      [
       177.75,
       57.8388
      ],
      [
       177.9611,
       57.75
      ],
      [
       178,
       57.7336
      ],
      [
       178.25,
       57.6319
      ],
      [
       178.5,
       57.5312
      ],
      [
       178.58,
       57.5
      ],
      [
       178.75,
       57.4337
      ],
      [
       179,
       57.3387
      ],
      [
       179.2368,
       57.25
      ],
      [
       179.2368,
       57.25
      ],
      [
       179.5,
       57.1523
      ],
      [
       179.75,
       57.0619
      ],
      [
       179.928,
       57
      ],
      [
       180,
       56.976
      ],
      [
       180,
       90
      ],
      [
       -180,
       90
      ],
      [
       -180,
       56.976
      ]
     ]
    ]
   }
  },
  {
   "type": "Feature",
   "properties": {
    "kind": "partial",
    "obscuration": 0.4,
    "percent": 40,
    "title": "40% of the solar disc obscured"
   },
   "geometry": {
    "type": "Polygon",
    "coordinates": [
     [
      [
       -180,
       59.8763
      ],
      [
       -179.75,
       59.9482
      ],
      [
       -179.5693,
       60
      ],
      [
       -179.5,
       60.0198
      ],
      [
       -179.25,
       60.091
      ],
      [
       -179,
       60.1618
      ],
      [
       -178.75,
       60.2322
      ],
      [
       -178.6866,
       60.25
      ],
      [
       -178.5,
       60.3023
      ],
      [
       -178.25,
       60.3719
      ],
      [
       -178,
       60.4412
      ],
      [
       -177.7864,
       60.5
      ],
      [
       -177.75,
       60.51
      ],
      [
       -177.5,
       60.5785
      ],
      [
       -177.25,
       60.6466
      ],
      [
       -177,
       60.7143
      ],
      [
       -176.8674,
       60.75
      ],
      [
       -176.75,
       60.7816
      ],
      [
       -176.5,
       60.8485
      ],
      [
       -176.25,
       60.915
      ],
      [
       -176,
       60.9812
      ],
      [
       -175.9285,
       61
      ],
      [
       -175.75,
       61.0469
      ],
      [
       -175.5,
       61.1123
      ],
      [
       -175.25,
       61.1772
      ],
      [
       -175,
       61.2418
      ],
      [
       -174.9681,
       61.25
      ],
      [
       -174.75,
       61.306
      ],
      [
       -174.5,
       61.3698
      ],
      [
       -174.25,
       61.4332
      ],
      [
       -173.9849,
       61.5
      ],
      [
       -173.75,
       61.5588
      ],
      [
       -173.5,
       61.6211
      ],
      [
       -173.25,
       61.6829
      ],
      [
       -172.9769,
       61.75
      ],
      [
       -172.75,
       61.8054
      ],
      [
       -172.5,
       61.8661
      ],
      [
       -172.25,
       61.9264
      ],
      [
       -172,
       61.9863
      ],
      [
       -171.9424,
       62
      ],
      [
       -171.75,
       62.0458
      ],
      [
       -171.5,
       62.1049
      ],
      [
       -171.25,
       62.1636
      ],
      [
       -171,
       62.222
      ],
      [
       -170.8792,
       62.25
      ],
      [
       -170.75,
       62.2799
      ],
      [
       -170.5,
       62.3375
      ],
      [
       -170.25,
       62.3947
      ],
      [
       -170,
       62.4515
      ],
      [
       -169.785,
       62.5
      ],
      [
       -169.75,
       62.5079
      ],
      [
       -169.5,
       62.5639
      ],
      [
       -169.25,
       62.6196
      ],
      [
       -169,
       62.6748
      ],
      [
       -168.75,
       62.7297
      ],
      [
       -168.6569,
       62.75
      ],
      [
       -168.5,
       62.7842
      ],
      [
       -168.25,
       62.8383
      ],
      [
       -168,
       62.892
      ],
      [
       -167.75,
       62.9453
      ],
      [
       -167.4919,
       63
      ],
      [
       -167.25,
       63.0509
      ],
      [
       -167,
       63.103
      ],
      [
       -166.75,
       63.1548
      ],
      [
       -166.5,
       63.2063
      ],
      [
       -166.2861,
       63.25
      ],
      [
       -166.25,
       63.2574
      ],
      [
       -166,
       63.308
      ],
      [
       -165.75,
       63.3583
      ],
      [
       -165.5,
       63.4082
      ],
      [
       -165.25,
       63.4578
      ],
      [
       -165.0353,
       63.5
      ],
      [
       -165,
       63.5069
      ],
      [
       -164.75,
       63.5557
      ],
      [
       -164.5,
       63.6041
      ],
      [
       -164.25,
       63.6522
      ],
      [
       -164,
       63.6999
      ],
      [
       -163.7349,
       63.75
      ],
      [
       -163.5,
       63.7941
      ],
      [
       -163.25,
       63.8406
      ],
      [
       -163,
       63.8868
      ],
      [
       -162.75,
       63.9326
      ],
      [
       -162.5,
       63.978
      ],
      [
       -162.3783,
       64
      ],
      [
       -162.25,
       64.0231
      ],
      [
       -162,
       64.0678
      ],
      [
       -161.75,
       64.1121
      ],
      [
       -161.5,
       64.1561
      ],
      [
       -161.25,
       64.1997
      ],
      [
       -161,
       64.2429
      ],
      [
       -160.9587,
       64.25
      ],
      [
       -160.75,
       64.2858
      ],
      [
       -160.5,
       64.3283
      ],
      [
       -160.25,
       64.3704
      ],
      [
       -160,
       64.4122
      ],
      [
       -159.75,
       64.4536
      ],
      [
       -159.5,
       64.4947
      ],
      [
       -159.4672,
       64.5
      ],
      [
       -159.25,
       64.5353
      ],
      [
       -159,
       64.5757
      ],
      [
       -158.75,
       64.6156
      ],
      [
       -158.5,
       64.6552
      ],
      [
       -158.25,
       64.6945
      ],
      [
       -158,
       64.7334
      ],
      [
       -157.8924,
       64.75
      ],
      [
       -157.75,
       64.7719
      ],
      [
       -157.5,
       64.8101
      ],
      [
       -157.25,
       64.8479
      ],
      [
       -157,
       64.8854
      ],
      [
       -156.75,
       64.9225
      ],
      [
       -156.5,
       64.9593
      ],
      [
       -156.2203,
       65
      ],
      [
       -156,
       65.0318
      ],
      [
       -155.75,
       65.0675
      ],
      [
       -155.5,
       65.1028
      ],
      [
       -155.25,
       65.1378
      ],
      [
       -155,
       65.1725
      ],
      [
       -154.75,
       65.2068
      ],
      [
       -154.5,
       65.2408
      ],
      [
       -154.4317,
       65.25
      ],
      [
       -154.25,
       65.2744
      ],
      [
       -154,
       65.3077
      ],
      [
       -153.75,
       65.3406
      ],
      [
       -153.5,
       65.3732
      ],
      [
       -153.25,
       65.4054
      ],
      [
       -153,
       65.4373
      ],
      [
       -152.75,
       65.4689
      ],
      [
       -152.5,
       65.5001
      ],
      [
       -152.25,
       65.531
      ],
      [
       -152,
       65.5615
      ],
      [
       -151.75,
       65.5917
      ],
      [
       -151.5,
       65.6215
      ],
      [
       -151.25,
       65.651
      ],
      [
       -151,
       65.6802
      ],
      [
       -150.75,
       65.709
      ],
      [
       -150.5,
       65.7376
      ],
      [
       -150.3896,
       65.75
      ],
      [
       -150.25,
       65.7657
      ],
      [
       -150,
       65.7935
      ],
      [
       -149.75,
       65.821
      ],
      [
       -149.5,
       65.8482
      ],
      [
       -149.25,
       65.875
      ],
      [
       -149,
       65.9015
      ],
      [
       -148.75,
       65.9276
      ],
      [
       -148.5,
       65.9535
      ],
      [
       -148.25,
       65.979
      ],
      [
       -148.0411,
       66
      ],
      [
       -148,
       66.0041
      ],
      [
       -147.75,
       66.029
      ],
      [
       -147.5,
       66.0534
      ],
      [
       -147.25,
       66.0776
      ],
      [
       -147,
       66.1015
      ],
      [
       -146.75,
       66.125
      ],
      [
       -146.5,
       66.1481
      ],
      [
       -146.25,
       66.171
      ],
      [
       -146,
       66.1936
      ],
      [
       -145.75,
       66.2158
      ],
      [
       -145.5,
       66.2376
      ],
      [
       -145.3567,
       66.25
      ],
      [
       -145.25,
       66.2592
      ],
      [
       -145,
       66.2804
      ],
      [
       -144.75,
       66.3013
      ],
      [
       -144.5,
       66.3219
      ],
      [
       -144.25,
       66.3421
      ],
      [
       -144,
       66.3621
      ],
      [
       -143.75,
       66.3817
      ],
      [
       -143.5,
       66.401
      ],
      [
       -143.25,
       66.4199
      ],
      [
       -143,
       66.4386
      ],
      [
       -142.75,
       66.4569
      ],
      [
       -142.5,
       66.4749
      ],
      [
       -142.25,
       66.4926
      ],
      [
       -142.1436,
       66.5
      ],
      [
       -142,
       66.51
      ],
      [
       -141.75,
       66.527
      ],
      [
       -141.5,
       66.5437
      ],
      [
       -141.25,
       66.5601
      ],
      [
       -141,
       66.5762
      ],
      [
       -140.75,
       66.592
      ],
      [
       -140.5,
       66.6074
      ],
      [
       -140.25,
       66.6225
      ],
      [
       -140,
       66.6373
      ],
      [
       -139.75,
       66.6518
      ],
      [
       -139.5,
       66.666
      ],
      [
       -139.25,
       66.6799
      ],
      [
       -139,
       66.6934
      ],
      [
       -138.75,
       66.7066
      ],
      [
       -138.5,
       66.7195
      ],
      [
       -138.25,
       66.7321
      ],
      [
       -138,
       66.7444
      ],
      [
       -137.883,
       66.75
      ],
      [
       -137.75,
       66.7564
      ],
      [
       -137.5,
       66.768
      ],
      [
       -137.25,
       66.7793
      ],
      [
       -137,
       66.7903
      ],
      [
       -136.75,
       66.801
      ],
      [
       -136.5,
       66.8114
      ],
      [
       -136.25,
       66.8214
      ],
      [
       -136,
       66.8312
      ],
      [
       -135.75,
       66.8406
      ],
      [
       -135.5,
       66.8497
      ],
      [
       -135.25,
       66.8585
      ],
      [
       -135,
       66.867
      ],
      [
       -134.75,
       66.8752
      ],
      [
       -134.5,
       66.883
      ],
      [
       -134.25,
       66.8906
      ],
      [
       -134,
       66.8978
      ],
      [
       -133.75,
       66.9047
      ],
      [
       -133.5,
       66.9113
      ],
      [
       -133.25,
       66.9176
      ],
      [
       -133,
       66.9235
      ],
      [
       -132.75,
       66.9292
      ],
      [
       -132.5,
       66.9345
      ],
      [
       -132.25,
       66.9395
      ],
      [
       -132,
       66.9442
      ],
      [
       -131.75,
       66.9486
      ],
      [
       -131.5,
       66.9526
      ],
      [
       -131.25,
       66.9564
      ],
      [
       -131,
       66.9598
      ],
      [
       -130.75,
       66.9629
      ],
      [
       -130.5,
       66.9657
      ],
      [
       -130.25,
       66.9682
      ],
      [
       -130,
       66.9703
      ],
      [
       -129.75,
       66.9722
      ],
      [
       -129.5,
       66.9737
      ],
      [
       -129.25,
       66.9749
      ],
      [
       -129,
       66.9758
      ],
      [
       -128.75,
       66.9763
      ],
      [
       -128.5,
       66.9766
      ],
      [
       -128.25,
       66.9765
      ],
      [
       -128,
       66.9761
      ],
      [
       -127.75,
       66.9753
      ],
      [
       -127.5,
       66.9743
      ],
      [
       -127.25,
       66.9729
      ],
      [
       -127,
       66.9712
      ],
      [
       -126.75,
       66.9692
      ],
      [
       -126.5,
       66.9669
      ],
      [
       -126.25,
       66.9642
      ],
      [
       -126,
       66.9612
      ],
      [
       -125.75,
       66.9579
      ],
      [
       -125.5,
       66.9542
      ],
      [
       -125.25,
       66.9503
      ],
      [
       -125,
       66.946
      ],
      [
       -124.75,
       66.9413
      ],
      [
       -124.5,
       66.9364
      ],
      [
       -124.25,
       66.9311
      ],
      [
       -124,
       66.9255
      ],
      [
       -123.75,
       66.9195
      ],
      [
       -123.5,
       66.9133
      ],
      [
       -123.25,
       66.9066
      ],
      [
       -123,
       66.8997
      ],
      [
       -122.75,
       66.8924
      ],
      [
       -122.5,
       66.8848
      ],
      [
       -122.25,
       66.8768
      ],
      [
       -122,
       66.8686
      ],
      [
       -121.75,
       66.8599
      ],
      [
       -121.5,
       66.851
      ],
      [
       -121.25,
       66.8417
      ],
      [
       -121,
       66.832
      ],
      [
       -120.75,
       66.8221
      ],
      [
       -120.5,
       66.8117
      ],
      [
       -120.25,
       66.8011
      ],
      [
       -120,
       66.7901
      ],
      [
       -119.75,
       66.7787
      ],
      [
       -119.5,
       66.767
      ],
      [
       -119.25,
       66.755
      ],
      [
       -119.1498,
       66.75
      ],
      [
       -119,
       66.7426
      ],
      [
       -118.75,
       66.7298
      ],
      [
       -118.5,
       66.7167
      ],
      [
       -118.25,
       66.7033
      ],
      [
       -118,
       66.6895
      ],
      [
       -117.75,
       66.6753
      ],
      [
       -117.5,
       66.6608
      ],
      [
       -117.25,
       66.6459
      ],
      [
       -117,
       66.6307
      ],
      [
       -116.75,
       66.6151
      ],
      [
       -116.5,
       66.5991
      ],
      [
       -116.25,
       66.5828
      ],
      [
       -116,
       66.5662
      ],
      [
       -115.75,
       66.5491
      ],
      [
       -115.5,
       66.5317
      ],
      [
       -115.25,
       66.514
      ],
      [
       -115.0577,
       66.5
      ],
      [
       -115,
       66.4958
      ],
      [
       -114.75,
       66.4773
      ],
      [
       -114.5,
       66.4584
      ],
      [
       -114.25,
       66.4391
      ],
      [
       -114,
       66.4195
      ],
      [
       -113.75,
       66.3995
      ],
      [
       -113.5,
       66.3791
      ],
      [
       -113.25,
       66.3583
      ],
      [
       -113,
       66.3372
      ],
      [
       -112.75,
       66.3156
      ],
      [
       -112.5,
       66.2937
      ],
      [
       -112.25,
       66.2714
      ],
      [
       -112.0147,
       66.25
      ],
      [
       -112,
       66.2487
      ],
      [
       -111.75,
       66.2256
      ],
      [
       -111.5,
       66.2021
      ],
      [
       -111.25,
       66.1782
      ],
      [
       -111,
       66.1539
      ],
      [
       -110.75,
       66.1292
      ],
      [
       -110.5,
       66.1041
      ],
      [
       -110.25,
       66.0786
      ],
      [
       -110,
       66.0527
      ],
      [
       -109.75,
       66.0264
      ],
      [
       -109.5024,
       66
      ],
      [
       -109.5,
       65.9997
      ],
      [
       -109.25,
       65.9726
      ],
      [
       -109,
       65.9451
      ],
      [
       -108.75,
       65.9171
      ],
      [
       -108.5,
       65.8887
      ],
      [
       -108.25,
       65.8599
      ],
      [
       -108,
       65.8307
      ],
      [
       -107.75,
       65.8011
      ],
      [
       -107.5,
       65.771
      ],
      [
       -107.3277,
       65.75
      ],
      [
       -107.25,
       65.7405
      ],
      [
       -107,
       65.7096
      ],
      [
       -106.75,
       65.6782
      ],
      [
       -106.5,
       65.6464
      ],
      [
       -106.25,
       65.6141
      ],
      [
       -106,
       65.5814
      ],
      [
       -105.75,
       65.5483
      ],
      [
       -105.5,
       65.5147
      ],
      [
       -105.392,
       65.5
      ],
      [
       -105.25,
       65.4807
      ],
      [
       -105,
       65.4461
      ],
      [
       -104.75,
       65.4112
      ],
      [
       -104.5,
       65.3758
      ],
      [
       -104.25,
       65.3399
      ],
      [
       -104,
       65.3035
      ],
      [
       -103.75,
       65.2667
      ],
      [
       -103.6378,
       65.25
      ],
      [
       -103.5,
       65.2294
      ],
      [
       -103.25,
       65.1917
      ],
      [
       -103,
       65.1534
      ],
      [
       -102.75,
       65.1147
      ],
      [
       -102.5,
       65.0755
      ],
      [
       -102.25,
       65.0358
      ],
      [
       -102.0275,
       65
      ],
      [
       -102,
       64.9956
      ],
      [
       -101.75,
       64.9549
      ],
      [
       -101.5,
       64.9137
      ],
      [
       -101.25,
       64.872
      ],
      [
       -101,
       64.8298
      ],
      [
       -100.75,
       64.7871
      ],
      [
       -100.5356,
       64.75
      ],
      [
       -100.5,
       64.7438
      ],
      [
       -100.25,
       64.7001
      ],
      [
       -100,
       64.6558
      ],
      [
       -99.75,
       64.611
      ],
      [
       -99.5,
       64.5657
      ],
      [
       -99.25,
       64.5199
      ],
      [
       -99.1428,
       64.5
      ],
      [
       -99,
       64.4735
      ],
      [
       -98.75,
       64.4265
      ],
      [
       -98.5,
       64.3791
      ],
      [
       -98.25,
       64.331
      ],
      [
       -98,
       64.2825
      ],
      [
       -97.8347,
       64.25
      ],
      [
       -97.75,
       64.2333
      ],
      [
       -97.5,
       64.1836
      ],
      [
       -97.25,
       64.1334
      ],
      [
       -97,
       64.0825
      ],
      [
       -96.75,
       64.0311
      ],
      [
       -96.6002,
       64
      ],
      [
       -96.5,
       63.9791
      ],
      [
       -96.25,
       63.9266
      ],
      [
       -96,
       63.8734
      ],
      [
       -95.75,
       63.8196
      ],
      [
       -95.5,
       63.7653
      ],
      [
       -95.4304,
       63.75
      ],
      [
       -95.25,
       63.7103
      ],
      [
       -95,
       63.6547
      ],
      [
       -94.75,
       63.5985
      ],
      [
       -94.5,
       63.5418
      ],
      [
       -94.3181,
       63.5
      ],
      [
       -94.25,
       63.4843
      ],
      [
       -94,
       63.4263
      ],
      [
       -93.75,
       63.3676
      ],
      [
       -93.5,
       63.3082
      ],
      [
       -93.2572,
       63.25
      ],
      [
       -93.25,
       63.2483
      ],
      [
       -93,
       63.1876
      ],
      [
       -92.75,
       63.1263
      ],
      [
       -92.5,
       63.0644
      ],
      [
       -92.2431,
       63
      ],
      [
       -92,
       62.9385
      ],
      [
       -91.75,
       62.8745
      ],
      [
       -91.5,
       62.8098
      ],
      [
       -91.2711,
       62.75
      ],
      [
       -91.25,
       62.7445
      ],
      [
       -91,
       62.6784
      ],
      [
       -90.75,
       62.6116
      ],
      [
       -90.5,
       62.5442
      ],
      [
       -90.3379,
       62.5
      ],
      [
       -90.25,
       62.476
      ],
      [
       -90,
       62.4071
      ],
      [
       -89.75,
       62.3374
      ],
      [
       -89.5,
       62.2671
      ],
      [
       -89.4399,
       62.25
      ],
      [
       -89.25,
       62.1959
      ],
      [
       -89,
       62.124
      ],
      [
       -88.75,
       62.0514
      ],
      [
       -88.5747,
       62
      ],
      [
       -88.5,
       61.978
      ],
      [
       -88.25,
       61.9038
      ],
      [
       -88,
       61.8289
      ],
      [
       -87.7396,
       61.75
      ],
      [
       -87.5,
       61.6766
      ],
      [
       -87.25,
       61.5993
      ],
      [
       -87,
       61.5211
      ],
      [
       -86.9329,
       61.5
      ],
      [
       -86.75,
       61.4422
      ],
      [
       -86.5,
       61.3624
      ],
      [
       -86.25,
       61.2818
      ],
      [
       -86.1524,
       61.25
      ],
      [
       -86,
       61.2003
      ],
      [
       -85.75,
       61.118
      ],
      [
       -85.5,
       61.0348
      ],
      [
       -85.3963,
       61
      ],
      [
       -85.25,
       60.9508
      ],
      [
       -85,
       60.8659
      ],
      [
       -84.75,
       60.7801
      ],
      [
       -84.6631,
       60.75
      ],
      [
       -84.5,
       60.6934
      ],
      [
       -84.25,
       60.6058
      ],
      [
       -84,
       60.5173
      ],
      [
       -83.9515,
       60.5
      ],
      [
       -83.75,
       60.4279
      ],
      [
       -83.5,
       60.3375
      ],
      [
       -83.2602,
       60.25
      ],
      [
       -83.25,
       60.2463
      ],
      [
       -83,
       60.154
      ],
      [
       -82.75,
       60.0609
      ],
      [
       -82.5882,
       60
      ],
      [
       -82.5,
       59.9667
      ],
      [
       -82.25,
       59.8716
      ],
      [
       -82,
       59.7755
      ],
      [
       -81.9341,
       59.75
      ],
      [
       -81.75,
       59.6784
      ],
      [
       -81.5,
       59.5803
      ],
      [
       -81.2972,
       59.5
      ],
      [
       -81.25,
       59.4812
      ],
      [
       -81,
       59.3811
      ],
      [
       -80.75,
       59.28
      ],
      [
       -80.6766,
       59.25
      ],
      [
       -80.5,
       59.1777
      ],
      [
       -80.25,
       59.0745
      ],
      [
       -80.0713,
       59
      ],
      [
       -80,
       58.9702
      ],
      [
       -79.75,
       58.8648
      ],
      [
       -79.4807,
       58.75
      ],
      [
       -79.25,
       58.6507
      ],
      [
       -79,
       58.542
      ],
      [
       -78.9041,
       58.5
      ],
      [
       -78.75,
       58.4322
      ],
      [
       -78.5,
       58.3213
      ],
      [
       -78.3408,
       58.25
      ],
      [
       -78.25,
       58.2092
      ],
      [
       -78,
       58.096
      ],
      [
       -77.7901,
       58
      ],
      [
       -77.75,
       57.9816
      ],
      [
       -77.5,
       57.866
      ],
      [
       -77.2515,
       57.75
      ],
      [
       -77.25,
       57.7493
      ],
      [
       -77,
       57.6314
      ],
      [
       -76.7245,
       57.5
      ],
      [
       -76.5,
       57.3919
      ],
      [
       -76.25,
       57.2703
      ],
      [
       -76.2086,
       57.25
      ],
      [
       -76,
       57.1474
      ],
      [
       -75.75,
       57.0233
      ],
      [
       -75.7033,
       57
      ],
      [
       -75.5,
       56.898
      ],
      [
       -75.25,
       56.7714
      ],
      [
       -75.2082,
       56.75
      ],
      [
       -75,
       56.6434
      ],
      [
       -74.7227,
       56.5
      ],
      [
       -74.5,
       56.3836
      ],
      [
       -74.2466,
       56.25
      ],
      [
       -74,
       56.1186
      ],
      [
       -73.7796,
       56
      ],
      [
       -73.75,
       55.984
      ],
      [
       -73.5,
       55.8481
      ],
      [
       -73.3211,
       55.75
      ],
      [
       -73.25,
       55.7108
      ],
      [
       -73,
       55.5721
      ],
      [
       -72.871,
       55.5
      ],
      [
       -72.75,
       55.4321
      ],
      [
       -72.5,
       55.2906
      ],
      [
       -72.4287,
       55.25
      ],
      [
       -72.25,
       55.1477
      ],
      [
       -71.9941,
       55
      ],
      [
       -71.75,
       54.8576
      ],
      [
       -71.567,
       54.75
      ],
      [
       -71.5,
       54.7105
      ],
      [
       -71.25,
       54.5618
      ],
      [
       -71.1469,
       54.5
      ],
      [
       -71,
       54.4116
      ],
      [
       -70.7336,
       54.25
      ],
      [
       -70.5,
       54.1069
      ],
      [
       -70.327,
       54
      ],
      [
       -70.25,
       53.9522
      ],
      [
       -70,
       53.7961
      ],
      [
       -69.9267,
       53.75
      ],
      [
       -69.75,
       53.6384
      ],
      [
       -69.5325,
       53.5
      ],
      [
       -69.5,
       53.4792
      ],
      [
       -69.25,
       53.3185
      ],
      [
       -69.1443,
       53.25
      ],
      [
       -69,
       53.1562
      ],
      [
       -68.7617,
       53
      ],
      [
       -68.75,
       52.9923
      ],
      [
       -68.5,
       52.8269
      ],
      [
       -68.3847,
       52.75
      ],
      [
       -68.25,
       52.6599
      ],
      [
       -68.0128,
       52.5
      ],
      [
       -68,
       52.4913
      ],
      [
       -67.75,
       52.3211
      ],
      [
       -67.6463,
       52.25
      ],
      [
       -67.5,
       52.1493
      ],
      [
       -67.2845,
       52
      ],
      [
       -67.25,
       51.976
      ],
      [
       -67,
       51.801
      ],
      [
       -66.9277,
       51.75
      ],
      [
       -66.75,
       51.6244
      ],
      [
       -66.5753,
       51.5
      ],
      [
       -66.5,
       51.4461
      ],
      [
       -66.2274,
       51.25
      ],
      [
       -66,
       51.0848
      ],
      [
       -65.8839,
       51
      ],
      [
       -65.75,
       50.9018
      ],
      [
       -65.5445,
       50.75
      ],
      [
       -65.5,
       50.7171
      ],
      [
       -65.25,
       50.5307
      ],
      [
       -65.209,
       50.5
      ],
      [
       -65,
       50.3427
      ],
      [
       -64.8775,
       50.25
      ],
      [
       -64.75,
       50.1531
      ],
      [
       -64.5496,
       50
      ],
      [
       -64.5,
       49.9619
      ],
      [
       -64.2254,
       49.75
      ],
      [
       -64,
       49.5746
      ],
      [
       -63.9046,
       49.5
      ],
      [
       -63.75,
       49.3786
      ],
      [
       -63.5872,
       49.25
      ],
      [
       -63.5,
       49.1809
      ],
      [
       -63.273,
       49
      ],
      [
       -63.25,
       48.9816
      ],
      [
       -63,
       48.7808
      ],
      [
       -62.9619,
       48.75
      ],
      [
       -62.75,
       48.5783
      ],
      [
       -62.6538,
       48.5
      ],
      [
       -62.5,
       48.3743
      ],
      [
       -62.3487,
       48.25
      ],
      [
       -62.25,
       48.1687
      ],
      [
       -62.0463,
       48
      ],
      [
       -62,
       47.9616
      ],
      [
       -61.7465,
       47.75
      ],
      [
       -61.5,
       47.5427
      ],
      [
       -61.4494,
       47.5
      ],
      [
       -61.25,
       47.331
      ],
      [
       -61.1548,
       47.25
      ],
      [
       -61,
       47.1179
      ],
      [
       -60.8625,
       47
      ],
      [
       -60.75,
       46.9032
      ],
      [
       -60.5726,
       46.75
      ],
      [
       -60.5,
       46.6872
      ],
      [
       -60.2848,
       46.5
      ],
      [
       -60.25,
       46.4697
      ],
      [
       -59.9991,
       46.25
      ],
      [
       -59.75,
       46.0305
      ],
      [
       -59.7155,
       46
      ],
      [
       -59.5,
       45.8089
      ],
      [
       -59.4339,
       45.75
      ],
      [
       -59.25,
       45.5859
      ],
      [
       -59.1541,
       45.5
      ],
      [
       -59,
       45.3617
      ],
      [
       -58.876,
       45.25
      ],
      [
       -58.75,
       45.1362
      ],
      [
       -58.5997,
       45
      ],
      [
       -58.5,
       44.9095
      ],
      [
       -58.3249,
       44.75
      ],
      [
       -58.25,
       44.6816
      ],
      [
       -58.0517,
       44.5
      ],
      [
       -58,
       44.4525
      ],
      [
       -57.78,
       44.25
      ],
      [
       -57.75,
       44.2223
      ],
      [
       -57.5096,
       44
      ],
      [
       -57.5,
       43.9911
      ],
      [
       -57.2406,
       43.75
      ],
      [
       -56.9728,
       43.5
      ],
      [
       -56.75,
       43.2912
      ],
      [
       -56.7062,
       43.25
      ],
      [
       -56.5,
       43.056
      ],
      [
       -56.4406,
       43
      ],
      [
       -56.25,
       42.8199
      ],
      [
       -56.1761,
       42.75
      ],
      [
       -56,
       42.583
      ],
      [
       -55.9126,
       42.5
      ],
      [
       -55.75,
       42.3453
      ],
      [
       -55.6499,
       42.25
      ],
      [
       -55.5,
       42.1069
      ],
      [
       -55.3881,
       42
      ],
      [
       -55.25,
       41.8679
      ],
      [
       -55.127,
       41.75
      ],
      [
       -55,
       41.6282
      ],
      [
       -54.8666,
       41.5
      ],
      [
       -54.75,
       41.3879
      ],
      [
       -54.6069,
       41.25
      ],
      [
       -54.5,
       41.147
      ],
      [
       -54.3477,
       41
      ],
      [
       -54.25,
       40.9057
      ],
      [
       -54.0889,
       40.75
      ],
      [
       -54,
       40.664
      ],
      [
       -53.8307,
       40.5
      ],
      [
       -53.75,
       40.4219
      ],
      [
       -53.5728,
       40.25
      ],
      [
       -53.5,
       40.1794
      ],
      [
       -53.3152,
       40
      ],
      [
       -53.25,
       39.9367
      ],
      [
       -53.0578,
       39.75
      ],
      [
       -53,
       39.6938
      ],
      [
       -52.8007,
       39.5
      ],
      [
       -52.75,
       39.4508
      ],
      [
       -52.5436,
       39.25
      ],
      [
       -52.5,
       39.2076
      ],
      [
       -52.2866,
       39
      ],
      [
       -52.25,
       38.9644
      ],
      [
       -52.0297,
       38.75
      ],
      [
       -52,
       38.7212
      ],
      [
       -51.7726,
       38.5
      ],
      [
       -51.75,
       38.478
      ],
      [
       -51.5155,
       38.25
      ],
      [
       -51.5,
       38.235
      ],
      [
       -51.2581,
       38
      ],
      [
       -51.25,
       37.9921
      ],
      [
       -51.0005,
       37.75
      ],
      [
       -51,
       37.7495
      ],
      [
       -50.7426,
       37.5
      ],
      [
       -50.4844,
       37.25
      ],
      [
       -50.2257,
       37
      ],
      [
       -50,
       36.7823
      ],
      [
       -49.9665,
       36.75
      ],
      [
       -49.75,
       36.5416
      ],
      [
       -49.7068,
       36.5
      ],
      [
       -49.5,
       36.3014
      ],
      [
       -49.4465,
       36.25
      ],
      [
       -49.25,
       36.0618
      ],
      [
       -49.1854,
       36
      ],
      [
       -49,
       35.8228
      ],
      [
       -48.9237,
       35.75
      ],
      [
       -48.75,
       35.5845
      ],
      [
       -48.6612,
       35.5
      ],
      [
       -48.5,
       35.3469
      ],
      [
       -48.3978,
       35.25
      ],
      [
       -48.25,
       35.1101
      ],
      [
       -48.1335,
       35
      ],
      [
       -48,
       34.8741
      ],
      [
       -47.8682,
       34.75
      ],
      [
       -47.75,
       34.6389
      ],
      [
       -47.6019,
       34.5
      ],
      [
       -47.5,
       34.4046
      ],
      [
       -47.3344,
       34.25
      ],
      [
       -47.25,
       34.1713
      ],
      [
       -47.0658,
       34
      ],
      [
       -47,
       33.9389
      ],
      [
       -46.7959,
       33.75
      ],
      [
       -46.75,
       33.7076
      ],
      [
       -46.5248,
       33.5
      ],
      [
       -46.5,
       33.4772
      ],
      [
       -46.2523,
       33.25
      ],
      [
       -46.25,
       33.2479
      ],
      [
       -45.9782,
       33
      ],
      [
       -45.75,
       32.7928
      ],
      [
       -45.7027,
       32.75
      ],
      [
       -45.5,
       32.567
      ],
      [
       -45.4256,
       32.5
      ],
      [
       -45.25,
       32.3424
      ],
      [
       -45.1468,
       32.25
      ],
      [
       -45,
       32.119
      ],
      [
       -44.8663,
       32
      ],
      [
       -44.75,
       31.8968
      ],
      [
       -44.584,
       31.75
      ],
      [
       -44.5,
       31.6759
      ],
      [
       -44.2999,
       31.5
      ],
      [
       -44.25,
       31.4563
      ],
      [
       -44.0138,
       31.25
      ],
      [
       -44,
       31.238
      ],
      [
       -43.7256,
       31
      ],
      [
       -43.5,
       30.8055
      ],
      [
       -43.4353,
       30.75
      ],
      [
       -43.25,
       30.5914
      ],
      [
       -43.1429,
       30.5
      ],
      [
       -43,
       30.3786
      ],
      [
       -42.8481,
       30.25
      ],
      [
       -42.75,
       30.1672
      ],
      [
       -42.5511,
       30
      ],
      [
       -42.5,
       29.9572
      ],
      [
       -42.2516,
       29.75
      ],
      [
       -42.25,
       29.7487
      ],
      [
       -42,
       29.5416
      ],
      [
       -41.9495,
       29.5
      ],
      [
       -41.75,
       29.3361
      ],
      [
       -41.6448,
       29.25
      ],
      [
       -41.5,
       29.1319
      ],
      [
       -41.3374,
       29
      ],
      [
       -41.25,
       28.9293
      ],
      [
       -41.0273,
       28.75
      ],
      [
       -41,
       28.7281
      ],
      [
       -40.75,
       28.5285
      ],
      [
       -40.7142,
       28.5
      ],
      [
       -40.5,
       28.3303
      ],
      [
       -40.3981,
       28.25
      ],
      [
       -40.25,
       28.1337
      ],
      [
       -40.0789,
       28
      ],
      [
       -40,
       27.9386
      ],
      [
       -39.7566,
       27.75
      ],
      [
       -39.75,
       27.7449
      ],
      [
       -39.5,
       27.5529
      ],
      [
       -39.4308,
       27.5
      ],
      [
       -39.25,
       27.3623
      ],
      [
       -39.1017,
       27.25
      ],
      [
       -39,
       27.1733
      ],
      [
       -38.7691,
       27
      ],
      [
       -38.75,
       26.9858
      ],
      [
       -38.5,
       26.7998
      ],
      [
       -38.4327,
       26.75
      ],
      [
       -38.25,
       26.6154
      ],
      [
       -38.0925,
       26.5
      ],
      [
       -38,
       26.4325
      ],
      [
       -37.7486,
       26.25
      ],
      [
       -37.5,
       26.0712
      ],
      [
       -37.4005,
       26
      ],
      [
       -37.25,
       25.8928
      ],
      [
       -37.0483,
       25.75
      ],
      [
       -37,
       25.716
      ],
      [
       -36.75,
       25.5406
      ],
      [
       -36.6917,
       25.5
      ],
      [
       -36.5,
       25.3668
      ],
      [
       -36.3307,
       25.25
      ],
      [
       -36.25,
       25.1945
      ],
      [
       -36,
       25.0237
      ],
      [
       -35.9652,
       25
      ],
      [
       -35.75,
       24.8544
      ],
      [
       -35.5948,
       24.75
      ],
      [
       -35.5,
       24.6865
      ],
      [
       -35.2195,
       24.5
      ],
      [
       -35,
       24.3553
      ],
      [
       -34.8391,
       24.25
      ],
      [
       -34.75,
       24.1919
      ],
      [
       -34.5,
       24.0299
      ],
      [
       -34.4535,
       24
      ],
      [
       -34.25,
       23.8695
      ],
      [
       -34.0624,
       23.75
      ],
      [
       -34,
       23.7104
      ],
      [
       -33.75,
       23.5529
      ],
      [
       -33.6656,
       23.5
      ],
      [
       -33.5,
       23.3967
      ],
      [
       -33.2631,
       23.25
      ],
      [
       -33.25,
       23.2419
      ],
      [
       -33,
       23.0887
      ],
      [
       -32.8543,
       23
      ],
      [
       -32.75,
       22.9368
      ],
      [
       -32.5,
       22.7862
      ],
      [
       -32.4394,
       22.75
      ],
      [
       -32.25,
       22.6372
      ],
      [
       -32.018,
       22.5
      ],
      [
       -32,
       22.4894
      ],
      [
       -31.75,
       22.3431
      ],
      [
       -31.5897,
       22.25
      ],
      [
       -31.5,
       22.1981
      ],
      [
       -31.25,
       22.0545
      ],
      [
       -31.1544,
       22
      ],
      [
       -31,
       21.9123
      ],
      [
       -30.75,
       21.7713
      ],
      [
       -30.712,
       21.75
      ],
      [
       -30.5,
       21.6317
      ],
      [
       -30.2619,
       21.5
      ],
      [
       -30.25,
       21.4934
      ],
      [
       -30,
       21.3565
      ],
      [
       -29.8039,
       21.25
      ],
      [
       -29.75,
       21.2208
      ],
      [
       -29.5,
       21.0865
      ],
      [
       -29.3377,
       21
      ],
      [
       -29.25,
       20.9534
      ],
      [
       -29,
       20.8216
      ],
      [
       -28.863,
       20.75
      ],
      [
       -28.75,
       20.6911
      ],
      [
       -28.5,
       20.5618
      ],
      [
       -28.3795,
       20.5
      ],
      [
       -28.25,
       20.4338
      ],
      [
       -28,
       20.307
      ],
      [
       -27.8867,
       20.25
      ],
      [
       -27.75,
       20.1815
      ],
      [
       -27.5,
       20.0571
      ],
      [
       -27.3842,
       20
      ],
      [
       -27.25,
       19.934
      ],
      [
       -27,
       19.8121
      ],
      [
       -26.8716,
       19.75
      ],
      [
       -26.75,
       19.6914
      ],
      [
       -26.5,
       19.5719
      ],
      [
       -26.3484,
       19.5
      ],
      [
       -26.25,
       19.4535
      ],
      [
       -26,
       19.3363
      ],
      [
       -25.8142,
       19.25
      ],
      [
       -25.75,
       19.2203
      ],
      [
       -25.5,
       19.1054
      ],
      [
       -25.2684,
       19
      ],
      [
       -25.25,
       18.9916
      ],
      [
       -25,
       18.8791
      ],
      [
       -24.75,
       18.7675
      ],
      [
       -24.7104,
       18.75
      ],
      [
       -24.5,
       18.6572
      ],
      [
       -24.25,
       18.5479
      ],
      [
       -24.1394,
       18.5
      ],
      [
       -24,
       18.4397
      ],
      [
       -23.75,
       18.3327
      ],
      [
       -23.5552,
       18.25
      ],
      [
       -23.5,
       18.2267
      ],
      [
       -23.25,
       18.1217
      ],
      [
       -23,
       18.0179
      ],
      [
       -22.9567,
       18
      ],
      [
       -22.75,
       17.9151
      ],
      [
       -22.5,
       17.8133
      ],
      [
       -22.3431,
       17.75
      ],
      [
       -22.25,
       17.7125
      ],
      [
       -22,
       17.6129
      ],
      [
       -21.75,
       17.5142
      ],
      [
       -21.7138,
       17.5
      ],
      [
       -21.5,
       17.4165
      ],
      [
       -21.25,
       17.3199
      ],
      [
       -21.0675,
       17.25
      ],
      [
       -21,
       17.2242
      ],
      [
       -20.75,
       17.1296
      ],
      [
       -20.5,
       17.0359
      ],
      [
       -20.4034,
       17
      ],
      [
       -20.25,
       16.9432
      ],
      [
       -20,
       16.8515
      ],
      [
       -19.7203,
       16.75
      ],
      [
       -19.5,
       16.6709
      ],
      [
       -19.25,
       16.582
      ],
      [
       -19.0169,
       16.5
      ],
      [
       -19,
       16.4941
      ],
      [
       -18.75,
       16.4071
      ],
      [
       -18.5,
       16.321
      ],
      [
       -18.2916,
       16.25
      ],
      [
       -18.25,
       16.2359
      ],
      [
       -18,
       16.1516
      ],
      [
       -17.75,
       16.0683
      ],
      [
       -17.543,
       16
      ],
      [
       -17.5,
       15.9859
      ],
      [
       -17.25,
       15.9043
      ],
      [
       -17,
       15.8237
      ],
      [
       -16.7693,
       15.75
      ],
      [
       -16.75,
       15.7439
      ],
      [
       -16.5,
       15.665
      ],
      [
       -16.25,
       15.5869
      ],
      [
       -16,
       15.5097
      ],
      [
       -15.9683,
       15.5
      ],
      [
       -15.75,
       15.4334
      ],
      [
       -15.5,
       15.3579
      ],
      [
       -15.25,
       15.2832
      ],
      [
       -15.1376,
       15.25
      ],
      [
       -15,
       15.2094
      ],
      [
       -14.75,
       15.1364
      ],
      [
       -14.5,
       15.0643
      ],
      [
       -14.2749,
       15
      ],
      [
       -14.25,
       14.9929
      ],
      [
       -14,
       14.9224
      ],
      [
       -13.75,
       14.8527
      ],
      [
       -13.5,
       14.7837
      ],
      [
       -13.3765,
       14.75
      ],
      [
       -13.25,
       14.7156
      ],
      [
       -13,
       14.6482
      ],
      [
       -12.75,
       14.5829
      ],
      [
       -12.5,
       14.5385
      ],
      [
       -12.25,
       14.523
      ],
      [
       -12,
       14.5321
      ],
      [
       -11.75,
       14.5623
      ],
      [
       -11.5,
       14.6108
      ],
      [
       -11.25,
       14.6754
      ],
      [
       -11.0139,
       14.75
      ],
      [
       -11,
       14.7541
      ],
      [
       -10.75,
       14.8428
      ],
      [
       -10.5,
       14.9417
      ],
      [
       -10.3673,
       15
      ],
      [
       -10.25,
       15.0536
      ],
      [
       -10,
       15.1793
      ],
      [
       -9.8706,
       15.25
      ],
      [
       -9.75,
       15.311
      ],
      [
       -9.5,
       15.4463
      ],
      [
       -9.4069,
       15.5
      ],
      [
       -9.25,
       15.5952
      ],
      [
       -9.0091,
       15.75
      ],
      [
       -9,
       15.7558
      ],
      [
       -8.75,
       15.9243
      ],
      [
       -8.6432,
       16
      ],
      [
       -8.5,
       16.0931
      ],
      [
       -8.2682,
       16.25
      ],
      [
       -8.25,
       16.2631
      ],
      [
       -8,
       16.452
      ],
      [
       -7.939,
       16.5
      ],
      [
       -7.75,
       16.636
      ],
      [
       -7.5971,
       16.75
      ],
      [
       -7.5,
       16.8274
      ],
      [
       -7.2917,
       17
      ],
      [
       -7.25,
       17.0315
      ],
      [
       -7,
       17.2267
      ],
      [
       -6.971,
       17.25
      ],
      [
       -6.75,
       17.442
      ],
      [
       -6.6853,
       17.5
      ],
      [
       -6.5,
       17.651
      ],
      [
       -6.3817,
       17.75
      ],
      [
       -6.25,
       17.8692
      ],
      [
       -6.1098,
       18
      ],
      [
       -6,
       18.0928
      ],
      [
       -5.8187,
       18.25
      ],
      [
       -5.75,
       18.3146
      ],
      [
       -5.5582,
       18.5
      ],
      [
       -5.5,
       18.5509
      ],
      [
       -5.2777,
       18.75
      ],
      [
       -5.25,
       18.777
      ],
      [
       -5.0269,
       19
      ],
      [
       -5,
       19.0243
      ],
      [
       -4.7553,
       19.25
      ],
      [
       -4.75,
       19.2554
      ],
      [
       -4.5126,
       19.5
      ],
      [
       -4.5,
       19.5118
      ],
      [
       -4.25,
       19.7489
      ],
      [
       -4.2489,
       19.75
      ],
      [
       -4.0131,
       20
      ],
      [
       -4,
       20.0126
      ],
      [
       -3.756,
       20.25
      ],
      [
       -3.75,
       20.2558
      ],
      [
       -3.5019,
       20.5
      ],
      [
       -3.5,
       20.502
      ],
      [
       -3.275,
       20.75
      ],
      [
       -3.25,
       20.7748
      ],
      [
       -3.0264,
       21
      ],
      [
       -3,
       21.0293
      ],
      [
       -2.8045,
       21.25
      ],
      [
       -2.75,
       21.3052
      ],
      [
       -2.5607,
       21.5
      ],
      [
       -2.5,
       21.5622
      ],
      [
       -2.3191,
       21.75
      ],
      [
       -2.25,
       21.8295
      ],
      [
       -2.1037,
       22
      ],
      [
       -2,
       22.1084
      ],
      [
       -1.8662,
       22.25
      ],
      [
       -1.75,
       22.3726
      ],
      [
       -1.6307,
       22.5
      ],
      [
       -1.5,
       22.6391
      ],
      [
       -1.397,
       22.75
      ],
      [
       -1.25,
       22.926
      ],
      [
       -1.1888,
       23
      ],
      [
       -1,
       23.2046
      ],
      [
       -0.9585,
       23.25
      ],
      [
       -0.75,
       23.4777
      ],
      [
       -0.7298,
       23.5
      ],
      [
       -0.5026,
       23.75
      ],
      [
       -0.5,
       23.7532
      ],
      [
       -0.3007,
       24
      ],
      [
       -0.25,
       24.0561
      ],
      [
       -0.0764,
       24.25
      ],
      [
       0,
       24.3352
      ],
      [
       0.1466,
       24.5
      ],
      [
       0.25,
       24.6162
      ],
      [
       0.3682,
       24.75
      ],
      [
       0.5,
       24.899
      ],
      [
       0.5887,
       25
      ],
      [
       0.75,
       25.1836
      ],
      [
       0.8079,
       25.25
      ],
      [
       1,
       25.4969
      ],
      [
       1.0024,
       25.5
      ],
      [
       1.2193,
       25.75
      ],
      [
       1.25,
       25.7853
      ],
      [
       1.4353,
       26
      ],
      [
       1.5,
       26.075
      ],
      [
       1.6501,
       26.25
      ],
      [
       1.75,
       26.3664
      ],
      [
       1.864,
       26.5
      ],
      [
       2,
       26.6594
      ],
      [
       2.0769,
       26.75
      ],
      [
       2.25,
       26.954
      ],
      [
       2.2889,
       27
      ],
      [
       2.4999,
       27.25
      ],
      [
       2.5,
       27.2502
      ],
      [
       2.7102,
       27.5
      ],
      [
       2.75,
       27.5474
      ],
      [
       2.9196,
       27.75
      ],
      [
       3,
       27.8462
      ],
      [
       3.1282,
       28
      ],
      [
       3.25,
       28.1464
      ],
      [
       3.336,
       28.25
      ],
      [
       3.5,
       28.4278
      ],
      [
       3.5663,
       28.5
      ],
      [
       3.75,
       28.7227
      ],
      [
       3.7725,
       28.75
      ],
      [
       3.9781,
       29
      ],
      [
       4,
       29.0267
      ],
      [
       4.183,
       29.25
      ],
      [
       4.25,
       29.3318
      ],
      [
       4.3873,
       29.5
      ],
      [
       4.5,
       29.6383
      ],
      [
       4.5909,
       29.75
      ],
      [
       4.75,
       29.9257
      ],
      [
       4.8171,
       30
      ],
      [
       5,
       30.2261
      ],
      [
       5.0193,
       30.25
      ],
      [
       5.221,
       30.5
      ],
      [
       5.25,
       30.5322
      ],
      [
       5.4455,
       30.75
      ],
      [
       5.5,
       30.8178
      ],
      [
       5.6463,
       31
      ],
      [
       5.75,
       31.1296
      ],
      [
       5.8463,
       31.25
      ],
      [
       6,
       31.4224
      ],
      [
       6.0691,
       31.5
      ],
      [
       6.25,
       31.7274
      ],
      [
       6.268,
       31.75
      ],
      [
       6.4667,
       32
      ],
      [
       6.5,
       32.0376
      ],
      [
       6.688,
       32.25
      ],
      [
       6.75,
       32.3283
      ],
      [
       6.8858,
       32.5
      ],
      [
       7,
       32.6295
      ],
      [
       7.1062,
       32.75
      ],
      [
       7.25,
       32.9328
      ],
      [
       7.3029,
       33
      ],
      [
       7.5,
       33.2246
      ],
      [
       7.5223,
       33.25
      ],
      [
       7.7413,
       33.5
      ],
      [
       7.75,
       33.5111
      ],
      [
       7.9371,
       33.75
      ],
      [
       8,
       33.822
      ],
      [
       8.1555,
       34
      ],
      [
       8.25,
       34.1213
      ],
      [
       8.3504,
       34.25
      ],
      [
       8.5,
       34.422
      ],
      [
       8.5679,
       34.5
      ],
      [
       8.75,
       34.7097
      ],
      [
       8.785,
       34.75
      ],
      [
       9,
       34.9979
      ],
      [
       9.0018,
       35
      ],
      [
       9.1955,
       35.25
      ],
      [
       9.25,
       35.313
      ],
      [
       9.4119,
       35.5
      ],
      [
       9.5,
       35.602
      ],
      [
       9.6279,
       35.75
      ],
      [
       9.75,
       35.8916
      ],
      [
       9.8436,
       36
      ],
      [
       10,
       36.1817
      ],
      [
       10.0589,
       36.25
      ],
      [
       10.25,
       36.4723
      ],
      [
       10.2739,
       36.5
      ],
      [
       10.4887,
       36.75
      ],
      [
       10.5,
       36.7632
      ],
      [
       10.7034,
       37
      ],
      [
       10.75,
       37.0543
      ],
      [
       10.9179,
       37.25
      ],
      [
       11,
       37.3459
      ],
      [
       11.1321,
       37.5
      ],
      [
       11.25,
       37.6379
      ],
      [
       11.346,
       37.75
      ],
      [
       11.5,
       37.9303
      ],
      [
       11.5596,
       38
      ],
      [
       11.75,
       38.2013
      ],
      [
       11.7961,
       38.25
      ],
      [
       12,
       38.4892
      ],
      [
       12.0092,
       38.5
      ],
      [
       12.2224,
       38.75
      ],
      [
       12.25,
       38.7824
      ],
      [
       12.4355,
       39
      ],
      [
       12.5,
       39.0685
      ],
      [
       12.6713,
       39.25
      ],
      [
       12.75,
       39.3427
      ],
      [
       12.8839,
       39.5
      ],
      [
       13,
       39.6233
      ],
      [
       13.1193,
       39.75
      ],
      [
       13.25,
       39.904
      ],
      [
       13.3316,
       40
      ],
      [
       13.5,
       40.1792
      ],
      [
       13.5667,
       40.25
      ],
      [
       13.75,
       40.4664
      ],
      [
       13.7785,
       40.5
      ],
      [
       14,
       40.7358
      ],
      [
       14.0133,
       40.75
      ],
      [
       14.2251,
       41
      ],
      [
       14.25,
       41.0265
      ],
      [
       14.4598,
       41.25
      ],
      [
       14.5,
       41.2929
      ],
      [
       14.6944,
       41.5
      ],
      [
       14.75,
       41.5593
      ],
      [
       14.9289,
       41.75
      ],
      [
       15,
       41.8259
      ],
      [
       15.1632,
       42
      ],
      [
       15.25,
       42.1028
      ],
      [
       15.3745,
       42.25
      ],
      [
       15.5,
       42.3841
      ],
      [
       15.6087,
       42.5
      ],
      [
       15.75,
       42.651
      ],
      [
       15.8428,
       42.75
      ],
      [
       16,
       42.9181
      ],
      [
       16.0767,
       43
      ],
      [
       16.25,
       43.1686
      ],
      [
       16.3337,
       43.25
      ],
      [
       16.5,
       43.4278
      ],
      [
       16.5676,
       43.5
      ],
      [
       16.75,
       43.6951
      ],
      [
       16.8014,
       43.75
      ],
      [
       17,
       43.9625
      ],
      [
       17.0351,
       44
      ],
      [
       17.25,
       44.2092
      ],
      [
       17.2919,
       44.25
      ],
      [
       17.5,
       44.4726
      ],
      [
       17.5256,
       44.5
      ],
      [
       17.75,
       44.7401
      ],
      [
       17.7593,
       44.75
      ],
      [
       18,
       44.9844
      ],
      [
       18.016,
       45
      ],
      [
       18.2496,
       45.25
      ],
      [
       18.25,
       45.2504
      ],
      [
       18.5,
       45.4939
      ],
      [
       18.5063,
       45.5
      ],
      [
       18.75,
       45.7374
      ],
      [
       18.763,
       45.75
      ],
      [
       18.9966,
       46
      ],
      [
       19,
       46.0033
      ],
      [
       19.25,
       46.2468
      ],
      [
       19.2533,
       46.25
      ],
      [
       19.5,
       46.4903
      ],
      [
       19.51,
       46.5
      ],
      [
       19.75,
       46.7337
      ],
      [
       19.7667,
       46.75
      ],
      [
       20,
       46.9772
      ],
      [
       20.0235,
       47
      ],
      [
       20.25,
       47.2206
      ],
      [
       20.2803,
       47.25
      ],
      [
       20.5,
       47.464
      ],
      [
       20.5371,
       47.5
      ],
      [
       20.75,
       47.6902
      ],
      [
       20.817,
       47.75
      ],
      [
       21,
       47.9282
      ],
      [
       21.0738,
       48
      ],
      [
       21.25,
       48.1715
      ],
      [
       21.3307,
       48.25
      ],
      [
       21.5,
       48.4011
      ],
      [
       21.6107,
       48.5
      ],
      [
       21.75,
       48.6355
      ],
      [
       21.8677,
       48.75
      ],
      [
       22,
       48.8681
      ],
      [
       22.1478,
       49
      ],
      [
       22.25,
       49.0913
      ],
      [
       22.4279,
       49.25
      ],
      [
       22.5,
       49.3144
      ],
      [
       22.708,
       49.5
      ],
      [
       22.75,
       49.5409
      ],
      [
       22.9652,
       49.75
      ],
      [
       23,
       49.7811
      ],
      [
       23.2454,
       50
      ],
      [
       23.25,
       50.0038
      ],
      [
       23.5,
       50.2096
      ],
      [
       23.549,
       50.25
      ],
      [
       23.75,
       50.4291
      ],
      [
       23.8296,
       50.5
      ],
      [
       24,
       50.6519
      ],
      [
       24.1102,
       50.75
      ],
      [
       24.25,
       50.8746
      ],
      [
       24.3908,
       51
      ],
      [
       24.5,
       51.0899
      ],
      [
       24.6945,
       51.25
      ],
      [
       24.75,
       51.2994
      ],
      [
       24.9752,
       51.5
      ],
      [
       25,
       51.5204
      ],
      [
       25.25,
       51.726
      ],
      [
       25.2792,
       51.75
      ],
      [
       25.5,
       51.9314
      ],
      [
       25.5834,
       52
      ],
      [
       25.75,
       52.1369
      ],
      [
       25.8876,
       52.25
      ],
      [
       26,
       52.3423
      ],
      [
       26.1918,
       52.5
      ],
      [
       26.25,
       52.5478
      ],
      [
       26.496,
       52.75
      ],
      [
       26.5,
       52.7533
      ],
      [
       26.75,
       52.9584
      ],
      [
       26.8006,
       53
      ],
      [
       27,
       53.1636
      ],
      [
       27.1052,
       53.25
      ],
      [
       27.25,
       53.3604
      ],
      [
       27.4329,
       53.5
      ],
      [
       27.5,
       53.555
      ],
      [
       27.7376,
       53.75
      ],
      [
       27.75,
       53.7595
      ],
      [
       28,
       53.9499
      ],
      [
       28.0657,
       54
      ],
      [
       28.25,
       54.1403
      ],
      [
       28.3938,
       54.25
      ],
      [
       28.5,
       54.3309
      ],
      [
       28.7219,
       54.5
      ],
      [
       28.75,
       54.5214
      ],
      [
       29,
       54.7117
      ],
      [
       29.0502,
       54.75
      ],
      [
       29.25,
       54.902
      ],
      [
       29.3787,
       55
      ],
      [
       29.5,
       55.0862
      ],
      [
       29.7302,
       55.25
      ],
      [
       29.75,
       55.2651
      ],
      [
       30,
       55.4552
      ],
      [
       30.0589,
       55.5
      ],
      [
       30.25,
       55.6356
      ],
      [
       30.4108,
       55.75
      ],
      [
       30.5,
       55.8133
      ],
      [
       30.75,
       55.991
      ],
      [
       30.7626,
       56
      ],
      [
       31,
       56.1684
      ],
      [
       31.1148,
       56.25
      ],
      [
       31.25,
       56.3459
      ],
      [
       31.4669,
       56.5
      ],
      [
       31.5,
       56.5235
      ],
      [
       31.75,
       56.7008
      ],
      [
       31.8263,
       56.75
      ],
      [
       32,
       56.8617
      ],
      [
       32.1947,
       57
      ],
      [
       32.25,
       57.0368
      ],
      [
       32.5,
       57.2031
      ],
      [
       32.5704,
       57.25
      ],
      [
       32.75,
       57.3694
      ],
      [
       32.9461,
       57.5
      ],
      [
       33,
       57.5358
      ],
      [
       33.25,
       57.7021
      ],
      [
       33.3219,
       57.75
      ],
      [
       33.5,
       57.8683
      ],
      [
       33.6978,
       58
      ],
      [
       33.75,
       58.0347
      ],
      [
       34,
       58.2009
      ],
      [
       34.0738,
       58.25
      ],
      [
       34.25,
       58.3602
      ],
      [
       34.473,
       58.5
      ],
      [
       34.5,
       58.5169
      ],
      [
       34.75,
       58.6732
      ],
      [
       34.8724,
       58.75
      ],
      [
       35,
       58.8297
      ],
      [
       35.25,
       58.9864
      ],
      [
       35.2717,
       59
      ],
      [
       35.5,
       59.1427
      ],
      [
       35.6712,
       59.25
      ],
      [
       35.75,
       59.2965
      ],
      [
       36,
       59.4443
      ],
      [
       36.094,
       59.5
      ],
      [
       36.25,
       59.5921
      ],
      [
       36.5,
       59.7401
      ],
      [
       36.5167,
       59.75
      ],
      [
       36.75,
       59.8877
      ],
      [
       36.9396,
       60
      ],
      [
       37,
       60.0357
      ],
      [
       37.25,
       60.1834
      ],
      [
       37.3625,
       60.25
      ],
      [
       37.5,
       60.3269
      ],
      [
       37.75,
       60.4671
      ],
      [
       37.8086,
       60.5
      ],
      [
       38,
       60.6129
      ],
      [
       38.2314,
       60.75
      ],
      [
       38.25,
       60.7599
      ],
      [
       38.5,
       60.8927
      ],
      [
       38.7009,
       61
      ],
      [
       38.75,
       61.0275
      ],
      [
       39,
       61.1674
      ],
      [
       39.1471,
       61.25
      ],
      [
       39.25,
       61.3047
      ],
      [
       39.5,
       61.4377
      ],
      [
       39.6166,
       61.5
      ],
      [
       39.75,
       61.5709
      ],
      [
       40,
       61.7041
      ],
      [
       40.086,
       61.75
      ],
      [
       40.25,
       61.8371
      ],
      [
       40.5,
       61.9704
      ],
      [
       40.5553,
       62
      ],
      [
       40.75,
       62.1034
      ],
      [
       41,
       62.2368
      ],
      [
       41.0246,
       62.25
      ],
      [
       41.25,
       62.3641
      ],
      [
       41.5,
       62.4908
      ],
      [
       41.5172,
       62.5
      ],
      [
       41.75,
       62.6125
      ],
      [
       42,
       62.7339
      ],
      [
       42.033,
       62.75
      ],
      [
       42.25,
       62.8599
      ],
      [
       42.5,
       62.9871
      ],
      [
       42.5254,
       63
      ],
      [
       42.75,
       63.1086
      ],
      [
       43,
       63.23
      ],
      [
       43.041,
       63.25
      ],
      [
       43.25,
       63.3466
      ],
      [
       43.5,
       63.4628
      ],
      [
       43.5799,
       63.5
      ],
      [
       43.75,
       63.5787
      ],
      [
       44,
       63.6947
      ],
      [
       44.1186,
       63.75
      ],
      [
       44.25,
       63.8108
      ],
      [
       44.5,
       63.9268
      ],
      [
       44.6571,
       64
      ],
      [
       44.75,
       64.0412
      ],
      [
       45,
       64.1522
      ],
      [
       45.2187,
       64.25
      ],
      [
       45.25,
       64.2639
      ],
      [
       45.5,
       64.3748
      ],
      [
       45.75,
       64.4865
      ],
      [
       45.7802,
       64.5
      ],
      [
       46,
       64.5975
      ],
      [
       46.25,
       64.709
      ],
      [
       46.3416,
       64.75
      ],
      [
       46.5,
       64.8175
      ],
      [
       46.75,
       64.9244
      ],
      [
       46.9441,
       65
      ],
      [
       47,
       65.0216
      ],
      [
       47.25,
       65.1283
      ],
      [
       47.5,
       65.2356
      ],
      [
       47.5334,
       65.25
      ],
      [
       47.75,
       65.3388
      ],
      [
       48,
       65.4418
      ],
      [
       48.1407,
       65.5
      ],
      [
       48.25,
       65.5432
      ],
      [
       48.5,
       65.6421
      ],
      [
       48.75,
       65.7417
      ],
      [
       48.7708,
       65.75
      ],
      [
       49,
       65.8405
      ],
      [
       49.25,
       65.9398
      ],
      [
       49.4009,
       66
      ],
      [
       49.5,
       66.0378
      ],
      [
       49.75,
       66.1332
      ],
      [
       50,
       66.2293
      ],
      [
       50.0537,
       66.25
      ],
      [
       50.25,
       66.3222
      ],
      [
       50.5,
       66.4146
      ],
      [
       50.7295,
       66.5
      ],
      [
       50.75,
       66.5075
      ],
      [
       51,
       66.5996
      ],
      [
       51.25,
       66.6922
      ],
      [
       51.4051,
       66.75
      ],
      [
       51.5,
       66.7838
      ],
      [
       51.75,
       66.8729
      ],
      [
       52,
       66.9627
      ],
      [
       52.1035,
       67
      ],
      [
       52.25,
       67.0522
      ],
      [
       52.5,
       67.1369
      ],
      [
       52.75,
       67.2239
      ],
      [
       52.8247,
       67.25
      ],
      [
       53,
       67.3104
      ],
      [
       53.25,
       67.3969
      ],
      [
       53.5,
       67.4841
      ],
      [
       53.5453,
       67.5
      ],
      [
       53.75,
       67.5684
      ],
      [
       54,
       67.6523
      ],
      [
       54.25,
       67.7368
      ],
      [
       54.2888,
       67.75
      ],
      [
       54.5,
       67.8184
      ],
      [
       54.75,
       67.8998
      ],
      [
       55,
       67.9819
      ],
      [
       55.0551,
       68
      ],
      [
       55.25,
       68.0613
      ],
      [
       55.5,
       68.1403
      ],
      [
       55.75,
       68.2199
      ],
      [
       55.8441,
       68.25
      ],
      [
       56,
       68.2976
      ],
      [
       56.25,
       68.3743
      ],
      [
       56.5,
       68.4502
      ],
      [
       56.6557,
       68.5
      ],
      [
       56.75,
       68.528
      ],
      [
       57,
       68.6025
      ],
      [
       57.25,
       68.6754
      ],
      [
       57.4898,
       68.75
      ],
      [
       57.5,
       68.753
      ],
      [
       57.75,
       68.8253
      ],
      [
       58,
       68.8952
      ],
      [
       58.25,
       68.9646
      ],
      [
       58.3701,
       69
      ],
      [
       58.5,
       69.0366
      ],
      [
       58.75,
       69.1072
      ],
      [
       59,
       69.1784
      ],
      [
       59.2492,
       69.25
      ],
      [
       59.25,
       69.2502
      ],
      [
       59.5,
       69.3188
      ],
      [
       59.75,
       69.3879
      ],
      [
       60,
       69.4576
      ],
      [
       60.1512,
       69.5
      ],
      [
       60.25,
       69.5258
      ],
      [
       60.5,
       69.5912
      ],
      [
       60.75,
       69.6571
      ],
      [
       61,
       69.7236
      ],
      [
       61.0986,
       69.75
      ],
      [
       61.25,
       69.7886
      ],
      [
       61.5,
       69.8526
      ],
      [
       61.75,
       69.917
      ],
      [
       62,
       69.9821
      ],
      [
       62.0684,
       70
      ],
      [
       62.25,
       70.0442
      ],
      [
       62.5,
       70.1053
      ],
      [
       62.75,
       70.1669
      ],
      [
       63,
       70.2291
      ],
      [
       63.0837,
       70.25
      ],
      [
       63.25,
       70.2896
      ],
      [
       63.5,
       70.3493
      ],
      [
       63.75,
       70.4095
      ],
      [
       64,
       70.4703
      ],
      [
       64.1212,
       70.5
      ],
      [
       64.25,
       70.5294
      ],
      [
       64.5,
       70.5865
      ],
      [
       64.75,
       70.644
      ],
      [
       65,
       70.7021
      ],
      [
       65.204,
       70.75
      ],
      [
       65.25,
       70.7601
      ],
      [
       65.5,
       70.8147
      ],
      [
       65.75,
       70.8698
      ],
      [
       66,
       70.9238
      ],
      [
       66.25,
       70.9811
      ],
      [
       66.3322,
       71
      ],
      [
       66.5,
       71.0352
      ],
      [
       66.75,
       71.0879
      ],
      [
       67,
       71.1388
      ],
      [
       67.25,
       71.1935
      ],
      [
       67.5,
       71.2488
      ],
      [
       67.5059,
       71.25
      ],
      [
       67.75,
       71.2947
      ],
      [
       68,
       71.3454
      ],
      [
       68.25,
       71.3966
      ],
      [
       68.5,
       71.4483
      ],
      [
       68.7471,
       71.5
      ],
      [
       68.75,
       71.5006
      ],
      [
       69,
       71.5492
      ],
      [
       69.25,
       71.5982
      ],
      [
       69.5,
       71.6448
      ],
      [
       69.75,
       71.6937
      ],
      [
       70,
       71.7433
      ],
      [
       70.0339,
       71.75
      ],
      [
       70.25,
       71.7899
      ],
      [
       70.5,
       71.8362
      ],
      [
       70.75,
       71.8829
      ],
      [
       71,
       71.9301
      ],
      [
       71.25,
       71.9778
      ],
      [
       71.3654,
       72
      ],
      [
       71.5,
       72.0232
      ],
      [
       71.75,
       72.0664
      ],
      [
       72,
       72.1099
      ],
      [
       72.25,
       72.1538
      ],
      [
       72.5,
       72.1974
      ],
      [
       72.75,
       72.243
      ],
      [
       72.788,
       72.25
      ],
      [
       73,
       72.2848
      ],
      [
       73.25,
       72.3261
      ],
      [
       73.5,
       72.3677
      ],
      [
       73.75,
       72.4096
      ],
      [
       74,
       72.4521
      ],
      [
       74.25,
       72.4951
      ],
      [
       74.2784,
       72.5
      ],
      [
       74.5,
       72.5343
      ],
      [
       74.75,
       72.5731
      ],
      [
       75,
       72.6122
      ],
      [
       75.25,
       72.6517
      ],
      [
       75.5,
       72.6917
      ],
      [
       75.75,
       72.7321
      ],
      [
       75.8597,
       72.75
      ],
      [
       76,
       72.7705
      ],
      [
       76.25,
       72.8071
      ],
      [
       76.5,
       72.8426
      ],
      [
       76.75,
       72.8792
      ],
      [
       77,
       72.9151
      ],
      [
       77.25,
       72.953
      ],
      [
       77.5,
       72.9915
      ],
      [
       77.5547,
       73
      ],
      [
       77.75,
       73.0266
      ],
      [
       78,
       73.0609
      ],
      [
       78.25,
       73.0953
      ],
      [
       78.5,
       73.1301
      ],
      [
       78.75,
       73.1653
      ],
      [
       79,
       73.1981
      ],
      [
       79.25,
       73.2337
      ],
      [
       79.3635,
       73.25
      ],
      [
       79.5,
       73.2673
      ],
      [
       79.75,
       73.2989
      ],
      [
       80,
       73.3308
      ],
      [
       80.25,
       73.3629
      ],
      [
       80.5,
       73.3954
      ],
      [
       80.75,
       73.426
      ],
      [
       81,
       73.4588
      ],
      [
       81.25,
       73.4922
      ],
      [
       81.3085,
       73.5
      ],
      [
       81.5,
       73.522
      ],
      [
       81.75,
       73.5509
      ],
      [
       82,
       73.5799
      ],
      [
       82.25,
       73.6092
      ],
      [
       82.5,
       73.6388
      ],
      [
       82.75,
       73.6687
      ],
      [
       83,
       73.699
      ],
      [
       83.25,
       73.7297
      ],
      [
       83.4129,
       73.75
      ],
      [
       83.5,
       73.759
      ],
      [
       83.75,
       73.7849
      ],
      [
       84,
       73.8091
      ],
      [
       84.25,
       73.8355
      ],
      [
       84.5,
       73.8622
      ],
      [
       84.75,
       73.8891
      ],
      [
       85,
       73.9164
      ],
      [
       85.25,
       73.944
      ],
      [
       85.5,
       73.972
      ],
      [
       85.7455,
       74
      ],
      [
       85.75,
       74.0004
      ],
      [
       86,
       74.0234
      ],
      [
       86.25,
       74.0448
      ],
      [
       86.5,
       74.0682
      ],
      [
       86.75,
       74.0918
      ],
      [
       87,
       74.1157
      ],
      [
       87.25,
       74.1397
      ],
      [
       87.5,
       74.1641
      ],
      [
       87.75,
       74.1888
      ],
      [
       88,
       74.2139
      ],
      [
       88.25,
       74.2394
      ],
      [
       88.3636,
       74.25
      ],
      [
       88.5,
       74.26
      ],
      [
       88.75,
       74.2803
      ],
      [
       89,
       74.3006
      ],
      [
       89.25,
       74.3211
      ],
      [
       89.5,
       74.3409
      ],
      [
       89.75,
       74.3615
      ],
      [
       90,
       74.3824
      ],
      [
       90.25,
       74.4034
      ],
      [
       90.5,
       74.4248
      ],
      [
       90.75,
       74.4464
      ],
      [
       91,
       74.4682
      ],
      [
       91.25,
       74.4909
      ],
      [
       91.3599,
       74.5
      ],
      [
       91.5,
       74.5085
      ],
      [
       91.75,
       74.5254
      ],
      [
       92,
       74.5422
      ],
      [
       92.25,
       74.5591
      ],
      [
       92.5,
       74.5757
      ],
      [
       92.75,
       74.5927
      ],
      [
       93,
       74.6099
      ],
      [
       93.25,
       74.6272
      ],
      [
       93.5,
       74.6448
      ],
      [
       93.75,
       74.662
      ],
      [
       94,
       74.6802
      ],
      [
       94.25,
       74.6973
      ],
      [
       94.5,
       74.7159
      ],
      [
       94.75,
       74.735
      ],
      [
       94.9432,
       74.75
      ],
      [
       95,
       74.7529
      ],
      [
       95.25,
       74.7657
      ],
      [
       95.5,
       74.7784
      ],
      [
       95.75,
       74.7912
      ],
      [
       96,
       74.8031
      ],
      [
       96.25,
       74.8157
      ],
      [
       96.5,
       74.8286
      ],
      [
       96.75,
       74.8416
      ],
      [
       97,
       74.8547
      ],
      [
       97.25,
       74.868
      ],
      [
       97.5,
       74.8806
      ],
      [
       97.75,
       74.8937
      ],
      [
       98,
       74.9074
      ],
      [
       98.25,
       74.9213
      ],
      [
       98.5,
       74.9355
      ],
      [
       98.75,
       74.9488
      ],
      [
       99,
       74.9635
      ],
      [
       99.25,
       74.9786
      ],
      [
       99.5,
       74.994
      ],
      [
       99.5948,
       75
      ],
      [
       99.75,
       75.0052
      ],
      [
       100,
       75.0124
      ],
      [
       100.25,
       75.0198
      ],
      [
       100.5,
       75.0265
      ],
      [
       100.75,
       75.033
      ],
      [
       101,
       75.0395
      ],
      [
       101.25,
       75.0457
      ],
      [
       101.5,
       75.0523
      ],
      [
       101.75,
       75.0591
      ],
      [
       102,
       75.0657
      ],
      [
       102.25,
       75.0725
      ],
      [
       102.5,
       75.0791
      ],
      [
       102.75,
       75.0856
      ],
      [
       103,
       75.0923
      ],
      [
       103.25,
       75.0992
      ],
      [
       103.5,
       75.1059
      ],
      [
       103.75,
       75.1129
      ],
      [
       104,
       75.1194
      ],
      [
       104.25,
       75.1265
      ],
      [
       104.5,
       75.1333
      ],
      [
       104.75,
       75.1401
      ],
      [
       105,
       75.1475
      ],
      [
       105.25,
       75.1543
      ],
      [
       105.5,
       75.1597
      ],
      [
       105.75,
       75.1447
      ],
      [
       106,
       75.1368
      ],
      [
       106.25,
       75.1295
      ],
      [
       106.5,
       75.1219
      ],
      [
       106.75,
       75.1146
      ],
      [
       107,
       75.1072
      ],
      [
       107.25,
       75.0999
      ],
      [
       107.5,
       75.093
      ],
      [
       107.75,
       75.0858
      ],
      [
       108,
       75.0786
      ],
      [
       108.25,
       75.0716
      ],
      [
       108.5,
       75.0648
      ],
      [
       108.75,
       75.0579
      ],
      [
       109,
       75.0512
      ],
      [
       109.25,
       75.044
      ],
      [
       109.5,
       75.0374
      ],
      [
       109.75,
       75.0314
      ],
      [
       110,
       75.0252
      ],
      [
       110.25,
       75.0186
      ],
      [
       110.5,
       75.0114
      ],
      [
       110.75,
       75.0029
      ],
      [
       110.8391,
       75
      ],
      [
       111,
       74.9899
      ],
      [
       111.25,
       74.9745
      ],
      [
       111.5,
       74.9595
      ],
      [
       111.75,
       74.9449
      ],
      [
       112,
       74.9293
      ],
      [
       112.25,
       74.9153
      ],
      [
       112.5,
       74.9015
      ],
      [
       112.75,
       74.8879
      ],
      [
       113,
       74.8745
      ],
      [
       113.25,
       74.8607
      ],
      [
       113.5,
       74.8477
      ],
      [
       113.75,
       74.834
      ],
      [
       114,
       74.8211
      ],
      [
       114.25,
       74.8084
      ],
      [
       114.5,
       74.7954
      ],
      [
       114.75,
       74.7828
      ],
      [
       115,
       74.7703
      ],
      [
       115.25,
       74.7578
      ],
      [
       115.3928,
       74.75
      ],
      [
       115.5,
       74.7409
      ],
      [
       115.75,
       74.7217
      ],
      [
       116,
       74.7029
      ],
      [
       116.25,
       74.6845
      ],
      [
       116.5,
       74.6664
      ],
      [
       116.75,
       74.6486
      ],
      [
       117,
       74.6304
      ],
      [
       117.25,
       74.6121
      ],
      [
       117.5,
       74.595
      ],
      [
       117.75,
       74.578
      ],
      [
       118,
       74.5612
      ],
      [
       118.25,
       74.5444
      ],
      [
       118.5,
       74.5278
      ],
      [
       118.75,
       74.5113
      ],
      [
       118.9212,
       74.5
      ],
      [
       119,
       74.4928
      ],
      [
       119.25,
       74.4683
      ],
      [
       119.5,
       74.4464
      ],
      [
       119.75,
       74.4248
      ],
      [
       120,
       74.4028
      ],
      [
       120.25,
       74.3817
      ],
      [
       120.5,
       74.3608
      ],
      [
       120.75,
       74.3402
      ],
      [
       121,
       74.3197
      ],
      [
       121.25,
       74.2995
      ],
      [
       121.5,
       74.2791
      ],
      [
       121.75,
       74.2592
      ],
      [
       121.8665,
       74.25
      ],
      [
       122,
       74.2362
      ],
      [
       122.25,
       74.2106
      ],
      [
       122.5,
       74.1838
      ],
      [
       122.75,
       74.1593
      ],
      [
       123,
       74.1352
      ],
      [
       123.25,
       74.1113
      ],
      [
       123.5,
       74.0877
      ],
      [
       123.75,
       74.0628
      ],
      [
       124,
       74.0394
      ],
      [
       124.25,
       74.0162
      ],
      [
       124.4255,
       74
      ],
      [
       124.5,
       73.9915
      ],
      [
       124.75,
       73.963
      ],
      [
       125,
       73.9351
      ],
      [
       125.25,
       73.9075
      ],
      [
       125.5,
       73.8804
      ],
      [
       125.75,
       73.8535
      ],
      [
       126,
       73.8269
      ],
      [
       126.25,
       73.8006
      ],
      [
       126.5,
       73.7745
      ],
      [
       126.7359,
       73.75
      ],
      [
       126.7359,
       73.75
      ],
      [
       127,
       73.7171
      ],
      [
       127.25,
       73.6859
      ],
      [
       127.5,
       73.6554
      ],
      [
       127.75,
       73.6239
      ],
      [
       128,
       73.5945
      ],
      [
       128.25,
       73.5654
      ],
      [
       128.5,
       73.5366
      ],
      [
       128.75,
       73.508
      ],
      [
       128.8195,
       73.5
      ],
      [
       129,
       73.4755
      ],
      [
       129.25,
       73.4421
      ],
      [
       129.5,
       73.4091
      ],
      [
       129.75,
       73.3765
      ],
      [
       130,
       73.3444
      ],
      [
       130.25,
       73.3125
      ],
      [
       130.5,
       73.2809
      ],
      [
       130.7462,
       73.25
      ],
      [
       130.7462,
       73.25
      ],
      [
       131,
       73.2132
      ],
      [
       131.25,
       73.1775
      ],
      [
       131.5,
       73.1423
      ],
      [
       131.75,
       73.1075
      ],
      [
       132,
       73.0721
      ],
      [
       132.25,
       73.0358
      ],
      [
       132.5,
       73.002
      ],
      [
       132.75,
       72.9637
      ],
      [
       133,
       72.9257
      ],
      [
       133.25,
       72.8883
      ],
      [
       133.5,
       72.8512
      ],
      [
       133.75,
       72.8145
      ],
      [
       134,
       72.7781
      ],
      [
       134.1944,
       72.75
      ],
      [
       134.25,
       72.7408
      ],
      [
       134.5,
       72.6998
      ],
      [
       134.75,
       72.6594
      ],
      [
       135,
       72.6195
      ],
      [
       135.25,
       72.5799
      ],
      [
       135.5,
       72.5402
      ],
      [
       135.75,
       72.5019
      ],
      [
       136,
       72.4586
      ],
      [
       136.25,
       72.4157
      ],
      [
       136.5,
       72.3733
      ],
      [
       136.75,
       72.3301
      ],
      [
       137,
       72.2891
      ],
      [
       137.2407,
       72.25
      ],
      [
       137.2407,
       72.25
      ],
      [
       137.5,
       72.2029
      ],
      [
       137.75,
       72.1566
      ],
      [
       138,
       72.1116
      ],
      [
       138.25,
       72.0659
      ],
      [
       138.5,
       72.0224
      ],
      [
       138.6295,
       72
      ],
      [
       138.75,
       71.977
      ],
      [
       139,
       71.9298
      ],
      [
       139.25,
       71.8831
      ],
      [
       139.5,
       71.8369
      ],
      [
       139.75,
       71.7911
      ],
      [
       139.9756,
       71.75
      ],
      [
       139.9756,
       71.75
      ],
      [
       140.25,
       71.6952
      ],
      [
       140.5,
       71.646
      ],
      [
       140.75,
       71.5972
      ],
      [
       141,
       71.5489
      ],
      [
       141.2333,
       71.5
      ],
      [
       141.2333,
       71.5
      ],
      [
       141.5,
       71.4446
      ],
      [
       141.75,
       71.3937
      ],
      [
       142,
       71.3433
      ],
      [
       142.25,
       71.2933
      ],
      [
       142.4677,
       71.25
      ],
      [
       142.5,
       71.243
      ],
      [
       142.75,
       71.1886
      ],
      [
       143,
       71.1348
      ],
      [
       143.25,
       71.0816
      ],
      [
       143.5,
       71.0288
      ],
      [
       143.6368,
       71
      ],
      [
       143.75,
       70.9744
      ],
      [
       144,
       70.9182
      ],
      [
       144.25,
       70.8626
      ],
      [
       144.5,
       70.8075
      ],
      [
       144.75,
       70.7528
      ],
      [
       145,
       70.6943
      ],
      [
       145.25,
       70.6362
      ],
      [
       145.5,
       70.577
      ],
      [
       145.75,
       70.5211
      ],
      [
       145.8444,
       70.5
      ],
      [
       146,
       70.4619
      ],
      [
       146.25,
       70.4013
      ],
      [
       146.5,
       70.3412
      ],
      [
       146.75,
       70.2808
      ],
      [
       146.8825,
       70.25
      ],
      [
       147,
       70.2207
      ],
      [
       147.25,
       70.1587
      ],
      [
       147.5,
       70.0974
      ],
      [
       147.75,
       70.0365
      ],
      [
       147.9002,
       70
      ],
      [
       148,
       69.974
      ],
      [
       148.25,
       69.9055
      ],
      [
       148.5,
       69.8429
      ],
      [
       148.75,
       69.7807
      ],
      [
       148.874,
       69.75
      ],
      [
       149,
       69.7165
      ],
      [
       149.25,
       69.648
      ],
      [
       149.5,
       69.581
      ],
      [
       149.75,
       69.5143
      ],
      [
       149.8038,
       69.5
      ],
      [
       150,
       69.4468
      ],
      [
       150.25,
       69.3796
      ],
      [
       150.5,
       69.3128
      ],
      [
       150.7365,
       69.25
      ],
      [
       150.7365,
       69.25
      ],
      [
       151,
       69.1752
      ],
      [
       151.25,
       69.1048
      ],
      [
       151.5,
       69.0349
      ],
      [
       151.6251,
       69
      ],
      [
       151.75,
       68.9636
      ],
      [
       152,
       68.8913
      ],
      [
       152.25,
       68.8195
      ],
      [
       152.4931,
       68.75
      ],
      [
       152.4931,
       68.75
      ],
      [
       152.75,
       68.6736
      ],
      [
       153,
       68.5998
      ],
      [
       153.25,
       68.5265
      ],
      [
       153.3404,
       68.5
      ],
      [
       153.5,
       68.4513
      ],
      [
       153.75,
       68.3755
      ],
      [
       154,
       68.3002
      ],
      [
       154.1671,
       68.25
      ],
      [
       154.25,
       68.2241
      ],
      [
       154.5,
       68.1462
      ],
      [
       154.75,
       68.0688
      ],
      [
       154.9733,
       68
      ],
      [
       154.9733,
       68
      ],
      [
       155.25,
       67.9114
      ],
      [
       155.5,
       67.8319
      ],
      [
       155.75,
       67.7528
      ],
      [
       156,
       67.6707
      ],
      [
       156.25,
       67.589
      ],
      [
       156.5,
       67.5077
      ],
      [
       156.75,
       67.4259
      ],
      [
       157,
       67.3446
      ],
      [
       157.25,
       67.2635
      ],
      [
       157.2917,
       67.25
      ],
      [
       157.5,
       67.1777
      ],
      [
       157.75,
       67.0914
      ],
      [
       158,
       67.0053
      ],
      [
       158.25,
       66.919
      ],
      [
       158.5,
       66.8331
      ],
      [
       158.7424,
       66.75
      ],
      [
       158.7424,
       66.75
      ],
      [
       159,
       66.6585
      ],
      [
       159.25,
       66.5702
      ],
      [
       159.449,
       66.5
      ],
      [
       159.5,
       66.4819
      ],
      [
       159.75,
       66.3937
      ],
      [
       160,
       66.3058
      ],
      [
       160.1591,
       66.25
      ],
      [
       160.25,
       66.2168
      ],
      [
       160.5,
       66.1262
      ],
      [
       160.75,
       66.0357
      ],
      [
       160.8488,
       66
      ],
      [
       161,
       65.9433
      ],
      [
       161.25,
       65.85
      ],
      [
       161.5,
       65.7567
      ],
      [
       161.75,
       65.6637
      ],
      [
       162,
       65.571
      ],
      [
       162.1915,
       65.5
      ],
      [
       162.25,
       65.4774
      ],
      [
       162.5,
       65.3817
      ],
      [
       162.75,
       65.2861
      ],
      [
       162.8448,
       65.25
      ],
      [
       163,
       65.1885
      ],
      [
       163.25,
       65.0898
      ],
      [
       163.4777,
       65
      ],
      [
       163.4777,
       65
      ],
      [
       163.75,
       64.8971
      ],
      [
       164,
       64.8027
      ],
      [
       164.1398,
       64.75
      ],
      [
       164.25,
       64.7052
      ],
      [
       164.5,
       64.6002
      ],
      [
       164.75,
       64.5028
      ],
      [
       165,
       64.4026
      ],
      [
       165.25,
       64.3022
      ],
      [
       165.3804,
       64.25
      ],
      [
       165.5,
       64.2022
      ],
      [
       165.75,
       64.1028
      ],
      [
       166,
       64.0031
      ],
      [
       166.25,
       63.9006
      ],
      [
       166.5,
       63.798
      ],
      [
       166.6172,
       63.75
      ],
      [
       166.75,
       63.6958
      ],
      [
       167,
       63.5943
      ],
      [
       167.2314,
       63.5
      ],
      [
       167.2314,
       63.5
      ],
      [
       167.5,
       63.3875
      ],
      [
       167.75,
       63.2826
      ],
      [
       167.8283,
       63.25
      ],
      [
       168,
       63.1787
      ],
      [
       168.25,
       63.0752
      ],
      [
       168.4314,
       63
      ],
      [
       168.5,
       62.9717
      ],
      [
       168.75,
       62.8696
      ],
      [
       169,
       62.767
      ],
      [
       169.0418,
       62.75
      ],
      [
       169.25,
       62.6624
      ],
      [
       169.5,
       62.5572
      ],
      [
       169.6362,
       62.5
      ],
      [
       169.75,
       62.4525
      ],
      [
       170,
       62.3491
      ],
      [
       170.2382,
       62.25
      ],
      [
       170.2382,
       62.25
      ],
      [
       170.5,
       62.1436
      ],
      [
       170.75,
       62.0415
      ],
      [
       170.8525,
       62
      ],
      [
       171,
       61.9382
      ],
      [
       171.25,
       61.834
      ],
      [
       171.4514,
       61.75
      ],
      [
       171.5,
       61.7299
      ],
      [
       171.75,
       61.6282
      ],
      [
       172,
       61.526
      ],
      [
       172.0645,
       61.5
      ],
      [
       172.25,
       61.426
      ],
      [
       172.5,
       61.3267
      ],
      [
       172.693,
       61.25
      ],
      [
       172.75,
       61.2266
      ],
      [
       173,
       61.1263
      ],
      [
       173.25,
       61.0256
      ],
      [
       173.3147,
       61
      ],
      [
       173.5,
       60.9277
      ],
      [
       173.75,
       60.831
      ],
      [
       173.9593,
       60.75
      ],
      [
       174,
       60.7345
      ],
      [
       174.25,
       60.6421
      ],
      [
       174.5,
       60.5497
      ],
      [
       174.6367,
       60.5
      ],
      [
       174.75,
       60.4577
      ],
      [
       175,
       60.3672
      ],
      [
       175.25,
       60.277
      ],
      [
       175.3277,
       60.25
      ],
      [
       175.5,
       60.1936
      ],
      [
       175.75,
       60.114
      ],
      [
       176,
       60.0351
      ],
      [
       176.1161,
       60
      ],
      [
       176.25,
       59.9591
      ],
      [
       176.5,
       59.8869
      ],
      [
       176.75,
       59.8173
      ],
      [
       177,
       59.7503
      ],
      [
       177.25,
       59.6916
      ],
      [
       177.5,
       59.6385
      ],
      [
       177.75,
       59.5925
      ],
      [
       178,
       59.5555
      ],
      [
       178.25,
       59.5305
      ],
      [
       178.5,
       59.5222
      ],
      [
       178.75,
       59.5383
      ],
      [
       179,
       59.5867
      ],
      [
       179.25,
       59.658
      ],
      [
       179.5,
       59.7312
      ],
      [
       179.5647,
       59.75
      ],
      [
       179.75,
       59.8039
      ],
      [
       180,
       59.8763
      ],
      [
       180,
       90
      ],
      [
       -180,
       90
      ],
      [
       -180,
       59.8763
      ]
     ]
    ]
   }
  },
  {
   "type": "Feature",
   "properties": {
    "kind": "partial",
    "obscuration": 0.5,
    "percent": 50,
    "title": "50% of the solar disc obscured"
   },
   "geometry": {
    "type": "Polygon",
    "coordinates": [
     [
      [
       -180,
       64.25
      ],
      [
       -179.9747,
       64.25
      ],
      [
       -179.75,
       64.3095
      ],
      [
       -179.5,
       64.3752
      ],
      [
       -179.25,
       64.4406
      ],
      [
       -179,
       64.5054
      ],
      [
       -178.75,
       64.57
      ],
      [
       -178.5,
       64.6341
      ],
      [
       -178.25,
       64.6978
      ],
      [
       -178.0439,
       64.75
      ],
      [
       -178,
       64.7611
      ],
      [
       -177.75,
       64.824
      ],
      [
       -177.5,
       64.8865
      ],
      [
       -177.25,
       64.9486
      ],
      [
       -177.0417,
       65
      ],
      [
       -177,
       65.0103
      ],
      [
       -176.75,
       65.0716
      ],
      [
       -176.5,
       65.1325
      ],
      [
       -176.25,
       65.193
      ],
      [
       -176,
       65.253
      ],
      [
       -175.75,
       65.3127
      ],
      [
       -175.5,
       65.372
      ],
      [
       -175.25,
       65.4309
      ],
      [
       -175,
       65.4894
      ],
      [
       -174.9543,
       65.5
      ],
      [
       -174.75,
       65.5475
      ],
      [
       -174.5,
       65.6052
      ],
      [
       -174.25,
       65.6625
      ],
      [
       -174,
       65.7193
      ],
      [
       -173.8645,
       65.75
      ],
      [
       -173.75,
       65.7759
      ],
      [
       -173.5,
       65.832
      ],
      [
       -173.25,
       65.8877
      ],
      [
       -173,
       65.943
      ],
      [
       -172.7406,
       66
      ],
      [
       -172.5,
       66.0525
      ],
      [
       -172.25,
       66.1067
      ],
      [
       -172,
       66.1604
      ],
      [
       -171.75,
       66.2138
      ],
      [
       -171.5794,
       66.25
      ],
      [
       -171.5,
       66.2668
      ],
      [
       -171.25,
       66.3194
      ],
      [
       -171,
       66.3717
      ],
      [
       -170.75,
       66.4235
      ],
      [
       -170.5,
       66.4749
      ],
      [
       -170.3774,
       66.5
      ],
      [
       -170.25,
       66.526
      ],
      [
       -170,
       66.5767
      ],
      [
       -169.75,
       66.6271
      ],
      [
       -169.5,
       66.677
      ],
      [
       -169.25,
       66.7265
      ],
      [
       -169.1307,
       66.75
      ],
      [
       -169,
       66.7757
      ],
      [
       -168.75,
       66.8245
      ],
      [
       -168.5,
       66.873
      ],
      [
       -168.25,
       66.921
      ],
      [
       -168,
       66.9687
      ],
      [
       -167.8345,
       67
      ],
      [
       -167.75,
       67.016
      ],
      [
       -167.5,
       67.0629
      ],
      [
       -167.25,
       67.1095
      ],
      [
       -167,
       67.1557
      ],
      [
       -166.75,
       67.2015
      ],
      [
       -166.4834,
       67.25
      ],
      [
       -166.25,
       67.2921
      ],
      [
       -166,
       67.3369
      ],
      [
       -165.75,
       67.3812
      ],
      [
       -165.5,
       67.4252
      ],
      [
       -165.25,
       67.4689
      ],
      [
       -165.0703,
       67.5
      ],
      [
       -165,
       67.5122
      ],
      [
       -164.75,
       67.5551
      ],
      [
       -164.5,
       67.5977
      ],
      [
       -164.25,
       67.6399
      ],
      [
       -164,
       67.6817
      ],
      [
       -163.75,
       67.7232
      ],
      [
       -163.5873,
       67.75
      ],
      [
       -163.5,
       67.7644
      ],
      [
       -163.25,
       67.8052
      ],
      [
       -163,
       67.8456
      ],
      [
       -162.75,
       67.8857
      ],
      [
       -162.5,
       67.9254
      ],
      [
       -162.25,
       67.9648
      ],
      [
       -162,
       68.0038
      ],
      [
       -161.75,
       68.0426
      ],
      [
       -161.5,
       68.0809
      ],
      [
       -161.25,
       68.1189
      ],
      [
       -161,
       68.1566
      ],
      [
       -160.75,
       68.1939
      ],
      [
       -160.5,
       68.2309
      ],
      [
       -160.3695,
       68.25
      ],
      [
       -160.25,
       68.2675
      ],
      [
       -160,
       68.3038
      ],
      [
       -159.75,
       68.3398
      ],
      [
       -159.5,
       68.3754
      ],
      [
       -159.25,
       68.4107
      ],
      [
       -159,
       68.4456
      ],
      [
       -158.75,
       68.4802
      ],
      [
       -158.6059,
       68.5
      ],
      [
       -158.5,
       68.5145
      ],
      [
       -158.25,
       68.5485
      ],
      [
       -158,
       68.5821
      ],
      [
       -157.75,
       68.6154
      ],
      [
       -157.5,
       68.6483
      ],
      [
       -157.25,
       68.681
      ],
      [
       -157,
       68.7133
      ],
      [
       -156.75,
       68.7452
      ],
      [
       -156.7124,
       68.75
      ],
      [
       -156.5,
       68.7769
      ],
      [
       -156.25,
       68.8082
      ],
      [
       -156,
       68.8392
      ],
      [
       -155.75,
       68.8699
      ],
      [
       -155.5,
       68.9003
      ],
      [
       -155.25,
       68.9303
      ],
      [
       -155,
       68.96
      ],
      [
       -154.75,
       68.9894
      ],
      [
       -154.6591,
       69
      ],
      [
       -154.5,
       69.0185
      ],
      [
       -154.25,
       69.0473
      ],
      [
       -154,
       69.0757
      ],
      [
       -153.75,
       69.1039
      ],
      [
       -153.5,
       69.1317
      ],
      [
       -153.25,
       69.1592
      ],
      [
       -153,
       69.1864
      ],
      [
       -152.75,
       69.2133
      ],
      [
       -152.5,
       69.2398
      ],
      [
       -152.4032,
       69.25
      ],
      [
       -152.25,
       69.2661
      ],
      [
       -152,
       69.2921
      ],
      [
       -151.75,
       69.3177
      ],
      [
       -151.5,
       69.343
      ],
      [
       -151.25,
       69.3681
      ],
      [
       -151,
       69.3928
      ],
      [
       -150.75,
       69.4172
      ],
      [
       -150.5,
       69.4413
      ],
      [
       -150.25,
       69.4651
      ],
      [
       -150,
       69.4886
      ],
      [
       -149.8775,
       69.5
      ],
      [
       -149.75,
       69.5118
      ],
      [
       -149.5,
       69.5347
      ],
      [
       -149.25,
       69.5574
      ],
      [
       -149,
       69.5796
      ],
      [
       -148.75,
       69.6017
      ],
      [
       -148.5,
       69.6234
      ],
      [
       -148.25,
       69.6448
      ],
      [
       -148,
       69.6659
      ],
      [
       -147.75,
       69.6867
      ],
      [
       -147.5,
       69.7072
      ],
      [
       -147.25,
       69.7274
      ],
      [
       -147,
       69.7473
      ],
      [
       -146.9663,
       69.75
      ],
      [
       -146.75,
       69.767
      ],
      [
       -146.5,
       69.7863
      ],
      [
       -146.25,
       69.8054
      ],
      [
       -146,
       69.8242
      ],
      [
       -145.75,
       69.8426
      ],
      [
       -145.5,
       69.8608
      ],
      [
       -145.25,
       69.8787
      ],
      [
       -145,
       69.8963
      ],
      [
       -144.75,
       69.9136
      ],
      [
       -144.5,
       69.9306
      ],
      [
       -144.25,
       69.9473
      ],
      [
       -144,
       69.9638
      ],
      [
       -143.75,
       69.9799
      ],
      [
       -143.5,
       69.9958
      ],
      [
       -143.4326,
       70
      ],
      [
       -143.25,
       70.0114
      ],
      [
       -143,
       70.0267
      ],
      [
       -142.75,
       70.0417
      ],
      [
       -142.5,
       70.0564
      ],
      [
       -142.25,
       70.0709
      ],
      [
       -142,
       70.0851
      ],
      [
       -141.75,
       70.0989
      ],
      [
       -141.5,
       70.1125
      ],
      [
       -141.25,
       70.1258
      ],
      [
       -141,
       70.1389
      ],
      [
       -140.75,
       70.1516
      ],
      [
       -140.5,
       70.1641
      ],
      [
       -140.25,
       70.1763
      ],
      [
       -140,
       70.1881
      ],
      [
       -139.75,
       70.1998
      ],
      [
       -139.5,
       70.2111
      ],
      [
       -139.25,
       70.2222
      ],
      [
       -139,
       70.233
      ],
      [
       -138.75,
       70.2435
      ],
      [
       -138.5902,
       70.25
      ],
      [
       -138.5,
       70.2537
      ],
      [
       -138.25,
       70.2636
      ],
      [
       -138,
       70.2733
      ],
      [
       -137.75,
       70.2827
      ],
      [
       -137.5,
       70.2918
      ],
      [
       -137.25,
       70.3006
      ],
      [
       -137,
       70.3092
      ],
      [
       -136.75,
       70.3175
      ],
      [
       -136.5,
       70.3255
      ],
      [
       -136.25,
       70.3332
      ],
      [
       -136,
       70.3407
      ],
      [
       -135.75,
       70.3478
      ],
      [
       -135.5,
       70.3547
      ],
      [
       -135.25,
       70.3613
      ],
      [
       -135,
       70.3677
      ],
      [
       -134.75,
       70.3737
      ],
      [
       -134.5,
       70.3795
      ],
      [
       -134.25,
       70.385
      ],
      [
       -134,
       70.3903
      ],
      [
       -133.75,
       70.3952
      ],
      [
       -133.5,
       70.3999
      ],
      [
       -133.25,
       70.4043
      ],
      [
       -133,
       70.4084
      ],
      [
       -132.75,
       70.4123
      ],
      [
       -132.5,
       70.4158
      ],
      [
       -132.25,
       70.4191
      ],
      [
       -132,
       70.4222
      ],
      [
       -131.75,
       70.4249
      ],
      [
       -131.5,
       70.4274
      ],
      [
       -131.25,
       70.4295
      ],
      [
       -131,
       70.4314
      ],
      [
       -130.75,
       70.4331
      ],
      [
       -130.5,
       70.4344
      ],
      [
       -130.25,
       70.4355
      ],
      [
       -130,
       70.4363
      ],
      [
       -129.75,
       70.4368
      ],
      [
       -129.5,
       70.4371
      ],
      [
       -129.25,
       70.437
      ],
      [
       -129,
       70.4367
      ],
      [
       -128.75,
       70.4361
      ],
      [
       -128.5,
       70.4352
      ],
      [
       -128.25,
       70.4341
      ],
      [
       -128,
       70.4326
      ],
      [
       -127.75,
       70.4309
      ],
      [
       -127.5,
       70.4289
      ],
      [
       -127.25,
       70.4266
      ],
      [
       -127,
       70.4241
      ],
      [
       -126.75,
       70.4212
      ],
      [
       -126.5,
       70.4181
      ],
      [
       -126.25,
       70.4147
      ],
      [
       -126,
       70.411
      ],
      [
       -125.75,
       70.407
      ],
      [
       -125.5,
       70.4027
      ],
      [
       -125.25,
       70.3982
      ],
      [
       -125,
       70.3933
      ],
      [
       -124.75,
       70.3882
      ],
      [
       -124.5,
       70.3828
      ],
      [
       -124.25,
       70.3771
      ],
      [
       -124,
       70.3712
      ],
      [
       -123.75,
       70.3649
      ],
      [
       -123.5,
       70.3583
      ],
      [
       -123.25,
       70.3515
      ],
      [
       -123,
       70.3443
      ],
      [
       -122.75,
       70.3369
      ],
      [
       -122.5,
       70.3291
      ],
      [
       -122.25,
       70.3211
      ],
      [
       -122,
       70.3128
      ],
      [
       -121.75,
       70.3042
      ],
      [
       -121.5,
       70.2953
      ],
      [
       -121.25,
       70.2861
      ],
      [
       -121,
       70.2766
      ],
      [
       -120.75,
       70.2668
      ],
      [
       -120.5,
       70.2567
      ],
      [
       -120.3378,
       70.25
      ],
      [
       -120.25,
       70.2464
      ],
      [
       -120,
       70.2357
      ],
      [
       -119.75,
       70.2247
      ],
      [
       -119.5,
       70.2134
      ],
      [
       -119.25,
       70.2018
      ],
      [
       -119,
       70.1899
      ],
      [
       -118.75,
       70.1777
      ],
      [
       -118.5,
       70.1652
      ],
      [
       -118.25,
       70.1524
      ],
      [
       -118,
       70.1393
      ],
      [
       -117.75,
       70.1259
      ],
      [
       -117.5,
       70.1121
      ],
      [
       -117.25,
       70.0981
      ],
      [
       -117,
       70.0837
      ],
      [
       -116.75,
       70.0691
      ],
      [
       -116.5,
       70.0541
      ],
      [
       -116.25,
       70.0388
      ],
      [
       -116,
       70.0231
      ],
      [
       -115.75,
       70.0072
      ],
      [
       -115.6397,
       70
      ],
      [
       -115.5,
       69.9909
      ],
      [
       -115.25,
       69.9743
      ],
      [
       -115,
       69.9575
      ],
      [
       -114.75,
       69.9402
      ],
      [
       -114.5,
       69.9227
      ],
      [
       -114.25,
       69.9048
      ],
      [
       -114,
       69.8866
      ],
      [
       -113.75,
       69.8681
      ],
      [
       -113.5,
       69.8492
      ],
      [
       -113.25,
       69.83
      ],
      [
       -113,
       69.8105
      ],
      [
       -112.75,
       69.7906
      ],
      [
       -112.5,
       69.7704
      ],
      [
       -112.2513,
       69.75
      ],
      [
       -112.25,
       69.7499
      ],
      [
       -112,
       69.729
      ],
      [
       -111.75,
       69.7078
      ],
      [
       -111.5,
       69.6863
      ],
      [
       -111.25,
       69.6644
      ],
      [
       -111,
       69.6421
      ],
      [
       -110.75,
       69.6195
      ],
      [
       -110.5,
       69.5966
      ],
      [
       -110.25,
       69.5733
      ],
      [
       -110,
       69.5496
      ],
      [
       -109.75,
       69.5256
      ],
      [
       -109.4877,
       69.5
      ],
      [
       -109.25,
       69.4765
      ],
      [
       -109,
       69.4514
      ],
      [
       -108.75,
       69.426
      ],
      [
       -108.5,
       69.4002
      ],
      [
       -108.25,
       69.374
      ],
      [
       -108,
       69.3475
      ],
      [
       -107.75,
       69.3205
      ],
      [
       -107.5,
       69.2932
      ],
      [
       -107.25,
       69.2655
      ],
      [
       -107.1115,
       69.25
      ],
      [
       -107,
       69.2375
      ],
      [
       -106.75,
       69.2091
      ],
      [
       -106.5,
       69.1803
      ],
      [
       -106.25,
       69.1511
      ],
      [
       -106,
       69.1215
      ],
      [
       -105.75,
       69.0915
      ],
      [
       -105.5,
       69.0612
      ],
      [
       -105.25,
       69.0304
      ],
      [
       -105.0064,
       69
      ],
      [
       -105,
       68.9992
      ],
      [
       -104.75,
       68.9677
      ],
      [
       -104.5,
       68.9357
      ],
      [
       -104.25,
       68.9034
      ],
      [
       -104,
       68.8706
      ],
      [
       -103.75,
       68.8374
      ],
      [
       -103.5,
       68.8038
      ],
      [
       -103.25,
       68.7698
      ],
      [
       -103.1061,
       68.75
      ],
      [
       -103,
       68.7354
      ],
      [
       -102.75,
       68.7006
      ],
      [
       -102.5,
       68.6653
      ],
      [
       -102.25,
       68.6296
      ],
      [
       -102,
       68.5935
      ],
      [
       -101.75,
       68.5569
      ],
      [
       -101.5,
       68.5199
      ],
      [
       -101.3669,
       68.5
      ],
      [
       -101.25,
       68.4825
      ],
      [
       -101,
       68.4447
      ],
      [
       -100.75,
       68.4064
      ],
      [
       -100.5,
       68.3676
      ],
      [
       -100.25,
       68.3284
      ],
      [
       -100,
       68.2887
      ],
      [
       -99.7591,
       68.25
      ],
      [
       -99.75,
       68.2485
      ],
      [
       -99.5,
       68.208
      ],
      [
       -99.25,
       68.1669
      ],
      [
       -99,
       68.1254
      ],
      [
       -98.75,
       68.0834
      ],
      [
       -98.5,
       68.0409
      ],
      [
       -98.2617,
       68
      ],
      [
       -98.25,
       67.998
      ],
      [
       -98,
       67.9546
      ],
      [
       -97.75,
       67.9107
      ],
      [
       -97.5,
       67.8663
      ],
      [
       -97.25,
       67.8214
      ],
      [
       -97,
       67.7759
      ],
      [
       -96.8587,
       67.75
      ],
      [
       -96.75,
       67.73
      ],
      [
       -96.5,
       67.6836
      ],
      [
       -96.25,
       67.6367
      ],
      [
       -96,
       67.5893
      ],
      [
       -95.75,
       67.5413
      ],
      [
       -95.5368,
       67.5
      ],
      [
       -95.5,
       67.4929
      ],
      [
       -95.25,
       67.4439
      ],
      [
       -95,
       67.3944
      ],
      [
       -94.75,
       67.3443
      ],
      [
       -94.5,
       67.2937
      ],
      [
       -94.2866,
       67.25
      ],
      [
       -94.25,
       67.2425
      ],
      [
       -94,
       67.1908
      ],
      [
       -93.75,
       67.1386
      ],
      [
       -93.5,
       67.0858
      ],
      [
       -93.25,
       67.0324
      ],
      [
       -93.0999,
       67
      ],
      [
       -93,
       66.9784
      ],
      [
       -92.75,
       66.9239
      ],
      [
       -92.5,
       66.8689
      ],
      [
       -92.25,
       66.8132
      ],
      [
       -91.9697,
       66.75
      ],
      [
       -91.75,
       66.7
      ],
      [
       -91.5,
       66.6426
      ],
      [
       -91.25,
       66.5845
      ],
      [
       -91,
       66.5258
      ],
      [
       -90.891,
       66.5
      ],
      [
       -90.75,
       66.4666
      ],
      [
       -90.5,
       66.4067
      ],
      [
       -90.25,
       66.3461
      ],
      [
       -90,
       66.2849
      ],
      [
       -89.8586,
       66.25
      ],
      [
       -89.75,
       66.2231
      ],
      [
       -89.5,
       66.1607
      ],
      [
       -89.25,
       66.0976
      ],
      [
       -89,
       66.0338
      ],
      [
       -88.8686,
       66
      ],
      [
       -88.75,
       65.9694
      ],
      [
       -88.5,
       65.9044
      ],
      [
       -88.25,
       65.8386
      ],
      [
       -88,
       65.7721
      ],
      [
       -87.9175,
       65.75
      ],
      [
       -87.75,
       65.705
      ],
      [
       -87.5,
       65.6372
      ],
      [
       -87.25,
       65.5687
      ],
      [
       -87.002,
       65.5
      ],
      [
       -87,
       65.4994
      ],
      [
       -86.75,
       65.4295
      ],
      [
       -86.5,
       65.3589
      ],
      [
       -86.25,
       65.2875
      ],
      [
       -86.12,
       65.25
      ],
      [
       -86,
       65.2154
      ],
      [
       -85.75,
       65.1425
      ],
      [
       -85.5,
       65.0689
      ],
      [
       -85.2685,
       65
      ],
      [
       -85.25,
       64.9945
      ],
      [
       -85,
       64.9194
      ],
      [
       -84.75,
       64.8435
      ],
      [
       -84.5,
       64.7668
      ],
      [
       -84.4457,
       64.75
      ],
      [
       -84.25,
       64.6893
      ],
      [
       -84,
       64.6111
      ],
      [
       -83.75,
       64.532
      ],
      [
       -83.6498,
       64.5
      ],
      [
       -83.5,
       64.4521
      ],
      [
       -83.25,
       64.3714
      ],
      [
       -83,
       64.2899
      ],
      [
       -82.8788,
       64.25
      ],
      [
       -82.75,
       64.2075
      ],
      [
       -82.5,
       64.1243
      ],
      [
       -82.25,
       64.0403
      ],
      [
       -82.1313,
       64
      ],
      [
       -82,
       63.9554
      ],
      [
       -81.75,
       63.8696
      ],
      [
       -81.5,
       63.7829
      ],
      [
       -81.4059,
       63.75
      ],
      [
       -81.25,
       63.6954
      ],
      [
       -81,
       63.6069
      ],
      [
       -80.75,
       63.5176
      ],
      [
       -80.7013,
       63.5
      ],
      [
       -80.5,
       63.4273
      ],
      [
       -80.25,
       63.3361
      ],
      [
       -80.0164,
       63.25
      ],
      [
       -80,
       63.244
      ],
      [
       -79.75,
       63.1509
      ],
      [
       -79.5,
       63.0569
      ],
      [
       -79.3502,
       63
      ],
      [
       -79.25,
       62.9619
      ],
      [
       -79,
       62.8659
      ],
      [
       -78.75,
       62.769
      ],
      [
       -78.7015,
       62.75
      ],
      [
       -78.5,
       62.671
      ],
      [
       -78.25,
       62.5721
      ],
      [
       -78.0696,
       62.5
      ],
      [
       -78,
       62.4721
      ],
      [
       -77.75,
       62.3712
      ],
      [
       -77.5,
       62.2691
      ],
      [
       -77.4535,
       62.25
      ],
      [
       -77.25,
       62.1661
      ],
      [
       -77,
       62.0619
      ],
      [
       -76.8526,
       62
      ],
      [
       -76.75,
       61.9568
      ],
      [
       -76.5,
       61.8505
      ],
      [
       -76.2659,
       61.75
      ],
      [
       -76.25,
       61.7431
      ],
      [
       -76,
       61.6347
      ],
      [
       -75.75,
       61.5251
      ],
      [
       -75.6932,
       61.5
      ],
      [
       -75.5,
       61.4144
      ],
      [
       -75.25,
       61.3026
      ],
      [
       -75.1334,
       61.25
      ],
      [
       -75,
       61.1896
      ],
      [
       -74.75,
       61.0755
      ],
      [
       -74.5861,
       61
      ],
      [
       -74.5,
       60.9602
      ],
      [
       -74.25,
       60.8437
      ],
      [
       -74.0508,
       60.75
      ],
      [
       -74,
       60.726
      ],
      [
       -73.75,
       60.6072
      ],
      [
       -73.5269,
       60.5
      ],
      [
       -73.5,
       60.487
      ],
      [
       -73.25,
       60.3657
      ],
      [
       -73.014,
       60.25
      ],
      [
       -73,
       60.2431
      ],
      [
       -72.75,
       60.1193
      ],
      [
       -72.5116,
       60
      ],
      [
       -72.5,
       59.9942
      ],
      [
       -72.25,
       59.8679
      ],
      [
       -72.0192,
       59.75
      ],
      [
       -72,
       59.7402
      ],
      [
       -71.75,
       59.6112
      ],
      [
       -71.5365,
       59.5
      ],
      [
       -71.5,
       59.4809
      ],
      [
       -71.25,
       59.3493
      ],
      [
       -71.0631,
       59.25
      ],
      [
       -71,
       59.2163
      ],
      [
       -70.75,
       59.0821
      ],
      [
       -70.5986,
       59
      ],
      [
       -70.5,
       58.9464
      ],
      [
       -70.25,
       58.8093
      ],
      [
       -70.1427,
       58.75
      ],
      [
       -70,
       58.6709
      ],
      [
       -69.75,
       58.531
      ],
      [
       -69.6949,
       58.5
      ],
      [
       -69.5,
       58.3898
      ],
      [
       -69.2551,
       58.25
      ],
      [
       -69.25,
       58.2471
      ],
      [
       -69,
       58.103
      ],
      [
       -68.8229,
       58
      ],
      [
       -68.75,
       57.9574
      ],
      [
       -68.5,
       57.8104
      ],
      [
       -68.3981,
       57.75
      ],
      [
       -68.25,
       57.6619
      ],
      [
       -67.9803,
       57.5
      ],
      [
       -67.75,
       57.3604
      ],
      [
       -67.5694,
       57.25
      ],
      [
       -67.5,
       57.2074
      ],
      [
       -67.25,
       57.0529
      ],
      [
       -67.1651,
       57
      ],
      [
       -67,
       56.8968
      ],
      [
       -66.767,
       56.75
      ],
      [
       -66.75,
       56.7392
      ],
      [
       -66.5,
       56.5801
      ],
      [
       -66.3752,
       56.5
      ],
      [
       -66.25,
       56.4194
      ],
      [
       -65.9891,
       56.25
      ],
      [
       -65.75,
       56.0933
      ],
      [
       -65.6088,
       56
      ],
      [
       -65.5,
       55.9279
      ],
      [
       -65.2339,
       55.75
      ],
      [
       -65,
       55.5922
      ],
      [
       -64.8644,
       55.5
      ],
      [
       -64.75,
       55.4219
      ],
      [
       -64.5,
       55.25
      ],
      [
       -64.25,
       55.0765
      ],
      [
       -64.1405,
       55
      ],
      [
       -64,
       54.9014
      ],
      [
       -63.7858,
       54.75
      ],
      [
       -63.75,
       54.7246
      ],
      [
       -63.5,
       54.5462
      ],
      [
       -63.4357,
       54.5
      ],
      [
       -63.25,
       54.3661
      ],
      [
       -63.09,
       54.25
      ],
      [
       -63,
       54.1844
      ],
      [
       -62.7486,
       54
      ],
      [
       -62.5,
       53.816
      ],
      [
       -62.4114,
       53.75
      ],
      [
       -62.25,
       53.6293
      ],
      [
       -62.0782,
       53.5
      ],
      [
       -62,
       53.4409
      ],
      [
       -61.7488,
       53.25
      ],
      [
       -61.5,
       53.0593
      ],
      [
       -61.4232,
       53
      ],
      [
       -61.25,
       52.8659
      ],
      [
       -61.1011,
       52.75
      ],
      [
       -61,
       52.6709
      ],
      [
       -60.7826,
       52.5
      ],
      [
       -60.75,
       52.4743
      ],
      [
       -60.5,
       52.276
      ],
      [
       -60.4674,
       52.25
      ],
      [
       -60.25,
       52.0761
      ],
      [
       -60.1554,
       52
      ],
      [
       -60,
       51.8746
      ],
      [
       -59.8466,
       51.75
      ],
      [
       -59.75,
       51.6714
      ],
      [
       -59.5407,
       51.5
      ],
      [
       -59.5,
       51.4666
      ],
      [
       -59.2377,
       51.25
      ],
      [
       -59,
       51.0522
      ],
      [
       -58.9376,
       51
      ],
      [
       -58.75,
       50.8427
      ],
      [
       -58.6401,
       50.75
      ],
      [
       -58.5,
       50.6315
      ],
      [
       -58.3452,
       50.5
      ],
      [
       -58.25,
       50.4189
      ],
      [
       -58.0528,
       50.25
      ],
      [
       -58,
       50.2046
      ],
      [
       -57.7628,
       50
      ],
      [
       -57.75,
       49.9889
      ],
      [
       -57.4751,
       49.75
      ],
      [
       -57.25,
       49.553
      ],
      [
       -57.1896,
       49.5
      ],
      [
       -57,
       49.333
      ],
      [
       -56.9062,
       49.25
      ],
      [
       -56.75,
       49.1114
      ],
      [
       -56.6249,
       49
      ],
      [
       -56.5,
       48.8885
      ],
      [
       -56.3455,
       48.75
      ],
      [
       -56.25,
       48.6642
      ],
      [
       -56.068,
       48.5
      ],
      [
       -56,
       48.4385
      ],
      [
       -55.7922,
       48.25
      ],
      [
       -55.75,
       48.2116
      ],
      [
       -55.5182,
       48
      ],
      [
       -55.5,
       47.9834
      ],
      [
       -55.2457,
       47.75
      ],
      [
       -54.9748,
       47.5
      ],
      [
       -54.75,
       47.2915
      ],
      [
       -54.7054,
       47.25
      ],
      [
       -54.5,
       47.0586
      ],
      [
       -54.4374,
       47
      ],
      [
       -54.25,
       46.8245
      ],
      [
       -54.1707,
       46.75
      ],
      [
       -54,
       46.5894
      ],
      [
       -53.9052,
       46.5
      ],
      [
       -53.75,
       46.3534
      ],
      [
       -53.6409,
       46.25
      ],
      [
       -53.5,
       46.1163
      ],
      [
       -53.3777,
       46
      ],
      [
       -53.25,
       45.8784
      ],
      [
       -53.1155,
       45.75
      ],
      [
       -53,
       45.6396
      ],
      [
       -52.8543,
       45.5
      ],
      [
       -52.75,
       45.4
      ],
      [
       -52.594,
       45.25
      ],
      [
       -52.5,
       45.1596
      ],
      [
       -52.3345,
       45
      ],
      [
       -52.25,
       44.9185
      ],
      [
       -52.0758,
       44.75
      ],
      [
       -52,
       44.6767
      ],
      [
       -51.8177,
       44.5
      ],
      [
       -51.75,
       44.4343
      ],
      [
       -51.5603,
       44.25
      ],
      [
       -51.5,
       44.1913
      ],
      [
       -51.3035,
       44
      ],
      [
       -51.25,
       43.9479
      ],
      [
       -51.0472,
       43.75
      ],
      [
       -51,
       43.704
      ],
      [
       -50.7912,
       43.5
      ],
      [
       -50.75,
       43.4597
      ],
      [
       -50.5357,
       43.25
      ],
      [
       -50.5,
       43.215
      ],
      [
       -50.2805,
       43
      ],
      [
       -50.25,
       42.9701
      ],
      [
       -50.0255,
       42.75
      ],
      [
       -50,
       42.725
      ],
      [
       -49.7707,
       42.5
      ],
      [
       -49.75,
       42.4797
      ],
      [
       -49.5161,
       42.25
      ],
      [
       -49.5,
       42.2342
      ],
      [
       -49.2615,
       42
      ],
      [
       -49.25,
       41.9887
      ],
      [
       -49.0069,
       41.75
      ],
      [
       -49,
       41.7433
      ],
      [
       -48.7522,
       41.5
      ],
      [
       -48.75,
       41.4979
      ],
      [
       -48.4974,
       41.25
      ],
      [
       -48.2424,
       41
      ],
      [
       -47.9872,
       40.75
      ],
      [
       -47.7316,
       40.5
      ],
      [
       -47.4758,
       40.25
      ],
      [
       -47.2194,
       40
      ],
      [
       -47,
       39.7864
      ],
      [
       -46.9626,
       39.75
      ],
      [
       -46.75,
       39.5435
      ],
      [
       -46.7052,
       39.5
      ],
      [
       -46.5,
       39.3011
      ],
      [
       -46.4472,
       39.25
      ],
      [
       -46.25,
       39.0594
      ],
      [
       -46.1885,
       39
      ],
      [
       -46,
       38.8183
      ],
      [
       -45.9291,
       38.75
      ],
      [
       -45.75,
       38.5779
      ],
      [
       -45.6689,
       38.5
      ],
      [
       -45.5,
       38.3382
      ],
      [
       -45.4078,
       38.25
      ],
      [
       -45.25,
       38.0994
      ],
      [
       -45.1458,
       38
      ],
      [
       -45,
       37.8614
      ],
      [
       -44.8827,
       37.75
      ],
      [
       -44.75,
       37.6242
      ],
      [
       -44.6187,
       37.5
      ],
      [
       -44.5,
       37.388
      ],
      [
       -44.3535,
       37.25
      ],
      [
       -44.25,
       37.1528
      ],
      [
       -44.087,
       37
      ],
      [
       -44,
       36.9186
      ],
      [
       -43.8194,
       36.75
      ],
      [
       -43.75,
       36.6854
      ],
      [
       -43.5504,
       36.5
      ],
      [
       -43.5,
       36.4533
      ],
      [
       -43.28,
       36.25
      ],
      [
       -43.25,
       36.2224
      ],
      [
       -43.0082,
       36
      ],
      [
       -43,
       35.9925
      ],
      [
       -42.7347,
       35.75
      ],
      [
       -42.5,
       35.5366
      ],
      [
       -42.4597,
       35.5
      ],
      [
       -42.25,
       35.3105
      ],
      [
       -42.183,
       35.25
      ],
      [
       -42,
       35.0856
      ],
      [
       -41.9045,
       35
      ],
      [
       -41.75,
       34.8621
      ],
      [
       -41.6241,
       34.75
      ],
      [
       -41.5,
       34.6399
      ],
      [
       -41.3419,
       34.5
      ],
      [
       -41.25,
       34.419
      ],
      [
       -41.0577,
       34.25
      ],
      [
       -41,
       34.1994
      ],
      [
       -40.7715,
       34
      ],
      [
       -40.75,
       33.9813
      ],
      [
       -40.4831,
       33.75
      ],
      [
       -40.25,
       33.5495
      ],
      [
       -40.1923,
       33.5
      ],
      [
       -40,
       33.3357
      ],
      [
       -39.8993,
       33.25
      ],
      [
       -39.75,
       33.1234
      ],
      [
       -39.6039,
       33
      ],
      [
       -39.5,
       32.9126
      ],
      [
       -39.306,
       32.75
      ],
      [
       -39.25,
       32.7032
      ],
      [
       -39.0056,
       32.5
      ],
      [
       -39,
       32.4953
      ],
      [
       -38.75,
       32.2891
      ],
      [
       -38.7024,
       32.25
      ],
      [
       -38.5,
       32.0844
      ],
      [
       -38.3964,
       32
      ],
      [
       -38.25,
       31.8812
      ],
      [
       -38.0876,
       31.75
      ],
      [
       -38,
       31.6795
      ],
      [
       -37.7759,
       31.5
      ],
      [
       -37.75,
       31.4794
      ],
      [
       -37.5,
       31.2809
      ],
      [
       -37.461,
       31.25
      ],
      [
       -37.25,
       31.084
      ],
      [
       -37.1428,
       31
      ],
      [
       -37,
       30.8886
      ],
      [
       -36.8215,
       30.75
      ],
      [
       -36.75,
       30.6947
      ],
      [
       -36.4968,
       30.5
      ],
      [
       -36.25,
       30.3119
      ],
      [
       -36.1684,
       30.25
      ],
      [
       -36,
       30.1229
      ],
      [
       -35.8365,
       30
      ],
      [
       -35.75,
       29.9354
      ],
      [
       -35.5009,
       29.75
      ],
      [
       -35.5,
       29.7494
      ],
      [
       -35.25,
       29.5651
      ],
      [
       -35.1611,
       29.5
      ],
      [
       -35,
       29.3824
      ],
      [
       -34.8175,
       29.25
      ],
      [
       -34.75,
       29.2013
      ],
      [
       -34.4697,
       29
      ],
      [
       -34.25,
       28.8437
      ],
      [
       -34.1175,
       28.75
      ],
      [
       -34,
       28.6673
      ],
      [
       -33.7609,
       28.5
      ],
      [
       -33.75,
       28.4924
      ],
      [
       -33.5,
       28.3192
      ],
      [
       -33.3996,
       28.25
      ],
      [
       -33.25,
       28.1474
      ],
      [
       -33.0337,
       28
      ],
      [
       -33,
       27.9772
      ],
      [
       -32.75,
       27.8086
      ],
      [
       -32.6626,
       27.75
      ],
      [
       -32.5,
       27.6415
      ],
      [
       -32.2866,
       27.5
      ],
      [
       -32.25,
       27.4758
      ],
      [
       -32,
       27.3118
      ],
      [
       -31.9052,
       27.25
      ],
      [
       -31.75,
       27.1493
      ],
      [
       -31.5184,
       27
      ],
      [
       -31.5,
       26.9882
      ],
      [
       -31.25,
       26.8288
      ],
      [
       -31.1257,
       26.75
      ],
      [
       -31,
       26.6707
      ],
      [
       -30.7273,
       26.5
      ],
      [
       -30.5,
       26.3592
      ],
      [
       -30.3226,
       26.25
      ],
      [
       -30.25,
       26.2055
      ],
      [
       -30,
       26.0534
      ],
      [
       -29.9116,
       26
      ],
      [
       -29.75,
       25.9028
      ],
      [
       -29.4942,
       25.75
      ],
      [
       -29.25,
       25.6057
      ],
      [
       -29.0697,
       25.5
      ],
      [
       -29,
       25.4593
      ],
      [
       -28.75,
       25.3144
      ],
      [
       -28.6381,
       25.25
      ],
      [
       -28.5,
       25.1709
      ],
      [
       -28.25,
       25.0287
      ],
      [
       -28.1993,
       25
      ],
      [
       -28,
       24.8879
      ],
      [
       -27.7528,
       24.75
      ],
      [
       -27.75,
       24.7485
      ],
      [
       -27.5,
       24.6105
      ],
      [
       -27.2981,
       24.5
      ],
      [
       -27.25,
       24.4738
      ],
      [
       -27,
       24.3386
      ],
      [
       -26.8351,
       24.25
      ],
      [
       -26.75,
       24.2045
      ],
      [
       -26.5,
       24.0719
      ],
      [
       -26.3634,
       24
      ],
      [
       -26.25,
       23.9406
      ],
      [
       -26,
       23.8106
      ],
      [
       -25.8827,
       23.75
      ],
      [
       -25.75,
       23.6819
      ],
      [
       -25.5,
       23.5544
      ],
      [
       -25.3924,
       23.5
      ],
      [
       -25.25,
       23.4283
      ],
      [
       -25,
       23.3034
      ],
      [
       -24.8923,
       23.25
      ],
      [
       -24.75,
       23.1798
      ],
      [
       -24.5,
       23.0574
      ],
      [
       -24.3818,
       23
      ],
      [
       -24.25,
       22.9363
      ],
      [
       -24,
       22.8164
      ],
      [
       -23.8604,
       22.75
      ],
      [
       -23.75,
       22.6977
      ],
      [
       -23.5,
       22.5803
      ],
      [
       -23.3277,
       22.5
      ],
      [
       -23.25,
       22.464
      ],
      [
       -23,
       22.3489
      ],
      [
       -22.7831,
       22.25
      ],
      [
       -22.75,
       22.235
      ],
      [
       -22.5,
       22.1223
      ],
      [
       -22.2258,
       22
      ],
      [
       -22,
       21.9004
      ],
      [
       -21.75,
       21.7911
      ],
      [
       -21.6551,
       21.75
      ],
      [
       -21.5,
       21.683
      ],
      [
       -21.25,
       21.5761
      ],
      [
       -21.0706,
       21.5
      ],
      [
       -21,
       21.4702
      ],
      [
       -20.75,
       21.3655
      ],
      [
       -20.4714,
       21.25
      ],
      [
       -20.25,
       21.1593
      ],
      [
       -20,
       21.0578
      ],
      [
       -19.8563,
       21
      ],
      [
       -19.75,
       20.9574
      ],
      [
       -19.5,
       20.8581
      ],
      [
       -19.225,
       20.75
      ],
      [
       -19,
       20.6626
      ],
      [
       -18.75,
       20.5664
      ],
      [
       -18.5757,
       20.5
      ],
      [
       -18.5,
       20.4713
      ],
      [
       -18.25,
       20.3772
      ],
      [
       -18,
       20.2841
      ],
      [
       -17.9077,
       20.25
      ],
      [
       -17.75,
       20.192
      ],
      [
       -17.5,
       20.1009
      ],
      [
       -17.2199,
       20
      ],
      [
       -17,
       19.9217
      ],
      [
       -16.75,
       19.8336
      ],
      [
       -16.5103,
       19.75
      ],
      [
       -16.5,
       19.7464
      ],
      [
       -16.25,
       19.6603
      ],
      [
       -16,
       19.575
      ],
      [
       -15.7778,
       19.5
      ],
      [
       -15.75,
       19.4907
      ],
      [
       -15.5,
       19.4074
      ],
      [
       -15.25,
       19.325
      ],
      [
       -15.0202,
       19.25
      ],
      [
       -15,
       19.2434
      ],
      [
       -14.75,
       19.1629
      ],
      [
       -14.5,
       19.0833
      ],
      [
       -14.2357,
       19
      ],
      [
       -14,
       18.9267
      ],
      [
       -13.75,
       18.8497
      ],
      [
       -13.5,
       18.7736
      ],
      [
       -13.4218,
       18.75
      ],
      [
       -13.25,
       18.6984
      ],
      [
       -13,
       18.6241
      ],
      [
       -12.75,
       18.5506
      ],
      [
       -12.5759,
       18.5
      ],
      [
       -12.5,
       18.478
      ],
      [
       -12.25,
       18.4063
      ],
      [
       -12,
       18.3354
      ],
      [
       -11.75,
       18.2653
      ],
      [
       -11.6949,
       18.25
      ],
      [
       -11.5,
       18.1961
      ],
      [
       -11.25,
       18.1277
      ],
      [
       -11,
       18.0601
      ],
      [
       -10.75,
       17.9933
      ],
      [
       -10.7751,
       18
      ],
      [
       -10.5,
       17.9362
      ],
      [
       -10.25,
       17.9142
      ],
      [
       -10,
       17.9232
      ],
      [
       -9.75,
       17.9568
      ],
      [
       -9.552,
       18
      ],
      [
       -9.5,
       18.0115
      ],
      [
       -9.25,
       18.0879
      ],
      [
       -9,
       18.1802
      ],
      [
       -8.8129,
       18.25
      ],
      [
       -8.75,
       18.2731
      ],
      [
       -8.5,
       18.393
      ],
      [
       -8.2975,
       18.5
      ],
      [
       -8.25,
       18.5231
      ],
      [
       -8,
       18.6575
      ],
      [
       -7.8389,
       18.75
      ],
      [
       -7.75,
       18.8035
      ],
      [
       -7.5,
       18.9656
      ],
      [
       -7.4505,
       19
      ],
      [
       -7.25,
       19.1275
      ],
      [
       -7.0664,
       19.25
      ],
      [
       -7,
       19.2969
      ],
      [
       -6.75,
       19.4836
      ],
      [
       -6.7292,
       19.5
      ],
      [
       -6.5,
       19.6646
      ],
      [
       -6.3858,
       19.75
      ],
      [
       -6.25,
       19.8584
      ],
      [
       -6.0802,
       20
      ],
      [
       -6,
       20.0608
      ],
      [
       -5.7593,
       20.25
      ],
      [
       -5.75,
       20.2572
      ],
      [
       -5.5,
       20.4588
      ],
      [
       -5.4505,
       20.5
      ],
      [
       -5.25,
       20.6802
      ],
      [
       -5.1749,
       20.75
      ],
      [
       -5,
       20.8973
      ],
      [
       -4.8814,
       21
      ],
      [
       -4.75,
       21.1233
      ],
      [
       -4.6192,
       21.25
      ],
      [
       -4.5,
       21.3543
      ],
      [
       -4.3378,
       21.5
      ],
      [
       -4.25,
       21.5781
      ],
      [
       -4.0617,
       21.75
      ],
      [
       -4,
       21.8113
      ],
      [
       -3.8152,
       22
      ],
      [
       -3.75,
       22.06
      ],
      [
       -3.5483,
       22.25
      ],
      [
       -3.5,
       22.2951
      ],
      [
       -3.2855,
       22.5
      ],
      [
       -3.25,
       22.5337
      ],
      [
       -3.0265,
       22.75
      ],
      [
       -3,
       22.7781
      ],
      [
       -2.7955,
       23
      ],
      [
       -2.75,
       23.0444
      ],
      [
       -2.5432,
       23.25
      ],
      [
       -2.5,
       23.2927
      ],
      [
       -2.2939,
       23.5
      ],
      [
       -2.25,
       23.5439
      ],
      [
       -2.0475,
       23.75
      ],
      [
       -2,
       23.8033
      ],
      [
       -1.8279,
       24
      ],
      [
       -1.75,
       24.0798
      ],
      [
       -1.5865,
       24.25
      ],
      [
       -1.5,
       24.3396
      ],
      [
       -1.3474,
       24.5
      ],
      [
       -1.25,
       24.602
      ],
      [
       -1.1106,
       24.75
      ],
      [
       -1,
       24.8669
      ],
      [
       -0.8759,
       25
      ],
      [
       -0.75,
       25.1344
      ],
      [
       -0.6431,
       25.25
      ],
      [
       -0.5,
       25.422
      ],
      [
       -0.4359,
       25.5
      ],
      [
       -0.25,
       25.7024
      ],
      [
       -0.2067,
       25.75
      ],
      [
       0,
       25.977
      ],
      [
       0.0207,
       26
      ],
      [
       0.2466,
       26.25
      ],
      [
       0.25,
       26.2538
      ],
      [
       0.4707,
       26.5
      ],
      [
       0.5,
       26.5326
      ],
      [
       0.6934,
       26.75
      ],
      [
       0.75,
       26.8135
      ],
      [
       0.9147,
       27
      ],
      [
       1,
       27.0964
      ],
      [
       1.1346,
       27.25
      ],
      [
       1.25,
       27.3814
      ],
      [
       1.3533,
       27.5
      ],
      [
       1.5,
       27.6682
      ],
      [
       1.5707,
       27.75
      ],
      [
       1.75,
       27.957
      ],
      [
       1.787,
       28
      ],
      [
       2,
       28.2476
      ],
      [
       2.002,
       28.25
      ],
      [
       2.2383,
       28.5
      ],
      [
       2.25,
       28.5123
      ],
      [
       2.4523,
       28.75
      ],
      [
       2.5,
       28.8061
      ],
      [
       2.6641,
       29
      ],
      [
       2.75,
       29.1015
      ],
      [
       2.8749,
       29.25
      ],
      [
       3,
       29.3987
      ],
      [
       3.0848,
       29.5
      ],
      [
       3.25,
       29.6974
      ],
      [
       3.2938,
       29.75
      ],
      [
       3.5,
       29.9727
      ],
      [
       3.5252,
       30
      ],
      [
       3.7324,
       30.25
      ],
      [
       3.75,
       30.2713
      ],
      [
       3.9388,
       30.5
      ],
      [
       4,
       30.5743
      ],
      [
       4.1444,
       30.75
      ],
      [
       4.25,
       30.8655
      ],
      [
       4.3725,
       31
      ],
      [
       4.5,
       31.1561
      ],
      [
       4.5765,
       31.25
      ],
      [
       4.75,
       31.4413
      ],
      [
       4.8031,
       31.5
      ],
      [
       5,
       31.743
      ],
      [
       5.0056,
       31.75
      ],
      [
       5.2076,
       32
      ],
      [
       5.25,
       32.047
      ],
      [
       5.4322,
       32.25
      ],
      [
       5.5,
       32.3343
      ],
      [
       5.6329,
       32.5
      ],
      [
       5.75,
       32.631
      ],
      [
       5.8562,
       32.75
      ],
      [
       6,
       32.9303
      ],
      [
       6.0556,
       33
      ],
      [
       6.25,
       33.2189
      ],
      [
       6.2776,
       33.25
      ],
      [
       6.4759,
       33.5
      ],
      [
       6.5,
       33.5272
      ],
      [
       6.6969,
       33.75
      ],
      [
       6.75,
       33.8101
      ],
      [
       6.9174,
       34
      ],
      [
       7,
       34.1049
      ],
      [
       7.1142,
       34.25
      ],
      [
       7.25,
       34.4047
      ],
      [
       7.3336,
       34.5
      ],
      [
       7.5,
       34.69
      ],
      [
       7.5525,
       34.75
      ],
      [
       7.75,
       34.9761
      ],
      [
       7.7709,
       35
      ],
      [
       7.9658,
       35.25
      ],
      [
       8,
       35.2893
      ],
      [
       8.1835,
       35.5
      ],
      [
       8.25,
       35.5766
      ],
      [
       8.4007,
       35.75
      ],
      [
       8.5,
       35.8645
      ],
      [
       8.6175,
       36
      ],
      [
       8.75,
       36.1532
      ],
      [
       8.8338,
       36.25
      ],
      [
       9,
       36.4424
      ],
      [
       9.0497,
       36.5
      ],
      [
       9.25,
       36.7323
      ],
      [
       9.2653,
       36.75
      ],
      [
       9.4805,
       37
      ],
      [
       9.5,
       37.0226
      ],
      [
       9.6956,
       37.25
      ],
      [
       9.75,
       37.3134
      ],
      [
       9.9102,
       37.5
      ],
      [
       10,
       37.6048
      ],
      [
       10.1246,
       37.75
      ],
      [
       10.25,
       37.8966
      ],
      [
       10.3385,
       38
      ],
      [
       10.5,
       38.189
      ],
      [
       10.5574,
       38.25
      ],
      [
       10.75,
       38.4549
      ],
      [
       10.7885,
       38.5
      ],
      [
       11,
       38.7482
      ],
      [
       11.0015,
       38.75
      ],
      [
       11.2145,
       39
      ],
      [
       11.25,
       39.0377
      ],
      [
       11.4502,
       39.25
      ],
      [
       11.5,
       39.3087
      ],
      [
       11.6627,
       39.5
      ],
      [
       11.75,
       39.5929
      ],
      [
       11.8978,
       39.75
      ],
      [
       12,
       39.8706
      ],
      [
       12.1098,
       40
      ],
      [
       12.25,
       40.1494
      ],
      [
       12.3445,
       40.25
      ],
      [
       12.5,
       40.434
      ],
      [
       12.5559,
       40.5
      ],
      [
       12.75,
       40.7072
      ],
      [
       12.7902,
       40.75
      ],
      [
       13,
       40.9986
      ],
      [
       13.0012,
       41
      ],
      [
       13.2352,
       41.25
      ],
      [
       13.25,
       41.2659
      ],
      [
       13.469,
       41.5
      ],
      [
       13.5,
       41.5332
      ],
      [
       13.7027,
       41.75
      ],
      [
       13.75,
       41.8063
      ],
      [
       13.9132,
       42
      ],
      [
       14,
       42.093
      ],
      [
       14.1466,
       42.25
      ],
      [
       14.25,
       42.361
      ],
      [
       14.3798,
       42.5
      ],
      [
       14.5,
       42.6291
      ],
      [
       14.6128,
       42.75
      ],
      [
       14.75,
       42.8973
      ],
      [
       14.8458,
       43
      ],
      [
       15,
       43.1657
      ],
      [
       15.0786,
       43.25
      ],
      [
       15.25,
       43.4176
      ],
      [
       15.3343,
       43.5
      ],
      [
       15.5,
       43.6781
      ],
      [
       15.5669,
       43.75
      ],
      [
       15.75,
       43.9469
      ],
      [
       15.7995,
       44
      ],
      [
       16,
       44.2157
      ],
      [
       16.0319,
       44.25
      ],
      [
       16.25,
       44.4635
      ],
      [
       16.2873,
       44.5
      ],
      [
       16.5,
       44.7289
      ],
      [
       16.5196,
       44.75
      ],
      [
       16.75,
       44.9757
      ],
      [
       16.7749,
       45
      ],
      [
       17,
       45.2424
      ],
      [
       17.0071,
       45.25
      ],
      [
       17.25,
       45.488
      ],
      [
       17.2622,
       45.5
      ],
      [
       17.5,
       45.733
      ],
      [
       17.5174,
       45.75
      ],
      [
       17.7495,
       46
      ],
      [
       17.75,
       46.0005
      ],
      [
       18,
       46.2455
      ],
      [
       18.0046,
       46.25
      ],
      [
       18.25,
       46.4905
      ],
      [
       18.2597,
       46.5
      ],
      [
       18.5,
       46.7356
      ],
      [
       18.5147,
       46.75
      ],
      [
       18.75,
       46.9806
      ],
      [
       18.7698,
       47
      ],
      [
       19,
       47.2256
      ],
      [
       19.0249,
       47.25
      ],
      [
       19.25,
       47.4707
      ],
      [
       19.28,
       47.5
      ],
      [
       19.5,
       47.6978
      ],
      [
       19.5581,
       47.75
      ],
      [
       19.75,
       47.9381
      ],
      [
       19.8132,
       48
      ],
      [
       20,
       48.1831
      ],
      [
       20.0684,
       48.25
      ],
      [
       20.25,
       48.4133
      ],
      [
       20.3466,
       48.5
      ],
      [
       20.5,
       48.6504
      ],
      [
       20.6018,
       48.75
      ],
      [
       20.75,
       48.8832
      ],
      [
       20.88,
       49
      ],
      [
       21,
       49.1079
      ],
      [
       21.1583,
       49.25
      ],
      [
       21.25,
       49.3324
      ],
      [
       21.4367,
       49.5
      ],
      [
       21.5,
       49.5621
      ],
      [
       21.6921,
       49.75
      ],
      [
       21.75,
       49.802
      ],
      [
       21.9706,
       50
      ],
      [
       22,
       50.0265
      ],
      [
       22.2491,
       50.25
      ],
      [
       22.25,
       50.2508
      ],
      [
       22.5,
       50.4579
      ],
      [
       22.5508,
       50.5
      ],
      [
       22.75,
       50.6787
      ],
      [
       22.8296,
       50.75
      ],
      [
       23,
       50.9029
      ],
      [
       23.1084,
       51
      ],
      [
       23.25,
       51.1173
      ],
      [
       23.4103,
       51.25
      ],
      [
       23.5,
       51.3304
      ],
      [
       23.6893,
       51.5
      ],
      [
       23.75,
       51.5503
      ],
      [
       23.9914,
       51.75
      ],
      [
       24,
       51.7571
      ],
      [
       24.25,
       51.9639
      ],
      [
       24.2937,
       52
      ],
      [
       24.5,
       52.1706
      ],
      [
       24.5961,
       52.25
      ],
      [
       24.75,
       52.3773
      ],
      [
       24.8986,
       52.5
      ],
      [
       25,
       52.5839
      ],
      [
       25.2011,
       52.75
      ],
      [
       25.25,
       52.7904
      ],
      [
       25.5,
       52.9968
      ],
      [
       25.5038,
       53
      ],
      [
       25.75,
       53.2032
      ],
      [
       25.8067,
       53.25
      ],
      [
       26,
       53.3983
      ],
      [
       26.1327,
       53.5
      ],
      [
       26.25,
       53.5968
      ],
      [
       26.4358,
       53.75
      ],
      [
       26.5,
       53.7992
      ],
      [
       26.75,
       53.9908
      ],
      [
       26.7621,
       54
      ],
      [
       27,
       54.1822
      ],
      [
       27.0885,
       54.25
      ],
      [
       27.25,
       54.3737
      ],
      [
       27.4151,
       54.5
      ],
      [
       27.5,
       54.565
      ],
      [
       27.7418,
       54.75
      ],
      [
       27.75,
       54.7563
      ],
      [
       28,
       54.9475
      ],
      [
       28.0687,
       55
      ],
      [
       28.25,
       55.1296
      ],
      [
       28.4187,
       55.25
      ],
      [
       28.5,
       55.3122
      ],
      [
       28.7459,
       55.5
      ],
      [
       28.75,
       55.503
      ],
      [
       29,
       55.6814
      ],
      [
       29.0963,
       55.75
      ],
      [
       29.25,
       55.8597
      ],
      [
       29.4468,
       56
      ],
      [
       29.5,
       56.038
      ],
      [
       29.75,
       56.2162
      ],
      [
       29.7975,
       56.25
      ],
      [
       30,
       56.3944
      ],
      [
       30.1483,
       56.5
      ],
      [
       30.25,
       56.5725
      ],
      [
       30.4993,
       56.75
      ],
      [
       30.5,
       56.7505
      ],
      [
       30.75,
       56.9175
      ],
      [
       30.8736,
       57
      ],
      [
       31,
       57.0845
      ],
      [
       31.248,
       57.25
      ],
      [
       31.25,
       57.2514
      ],
      [
       31.5,
       57.4183
      ],
      [
       31.6225,
       57.5
      ],
      [
       31.75,
       57.5851
      ],
      [
       31.9972,
       57.75
      ],
      [
       32,
       57.7518
      ],
      [
       32.25,
       57.9186
      ],
      [
       32.3721,
       58
      ],
      [
       32.5,
       58.0854
      ],
      [
       32.7471,
       58.25
      ],
      [
       32.75,
       58.2518
      ],
      [
       33,
       58.4088
      ],
      [
       33.1453,
       58.5
      ],
      [
       33.25,
       58.5658
      ],
      [
       33.5,
       58.7226
      ],
      [
       33.5438,
       58.75
      ],
      [
       33.75,
       58.8794
      ],
      [
       33.9423,
       59
      ],
      [
       34,
       59.0362
      ],
      [
       34.25,
       59.193
      ],
      [
       34.341,
       59.25
      ],
      [
       34.5,
       59.3443
      ],
      [
       34.75,
       59.4923
      ],
      [
       34.763,
       59.5
      ],
      [
       35,
       59.6404
      ],
      [
       35.1851,
       59.75
      ],
      [
       35.25,
       59.7885
      ],
      [
       35.5,
       59.9365
      ],
      [
       35.6073,
       60
      ],
      [
       35.75,
       60.0845
      ],
      [
       36,
       60.2324
      ],
      [
       36.0297,
       60.25
      ],
      [
       36.25,
       60.3737
      ],
      [
       36.4753,
       60.5
      ],
      [
       36.5,
       60.5146
      ],
      [
       36.75,
       60.6626
      ],
      [
       36.8978,
       60.75
      ],
      [
       37,
       60.8074
      ],
      [
       37.25,
       60.9475
      ],
      [
       37.3437,
       61
      ],
      [
       37.5,
       61.0834
      ],
      [
       37.75,
       61.2165
      ],
      [
       37.8128,
       61.25
      ],
      [
       38,
       61.355
      ],
      [
       38.25,
       61.4951
      ],
      [
       38.2588,
       61.5
      ],
      [
       38.5,
       61.6286
      ],
      [
       38.728,
       61.75
      ],
      [
       38.75,
       61.7612
      ],
      [
       39,
       61.8881
      ],
      [
       39.2206,
       62
      ],
      [
       39.25,
       62.0157
      ],
      [
       39.5,
       62.1489
      ],
      [
       39.6899,
       62.25
      ],
      [
       39.75,
       62.2805
      ],
      [
       40,
       62.4074
      ],
      [
       40.1826,
       62.5
      ],
      [
       40.25,
       62.5327
      ],
      [
       40.5,
       62.6539
      ],
      [
       40.6985,
       62.75
      ],
      [
       40.75,
       62.7762
      ],
      [
       41,
       62.903
      ],
      [
       41.1911,
       63
      ],
      [
       41.25,
       63.0286
      ],
      [
       41.5,
       63.1497
      ],
      [
       41.7071,
       63.25
      ],
      [
       41.75,
       63.2699
      ],
      [
       42,
       63.3859
      ],
      [
       42.2462,
       63.5
      ],
      [
       42.25,
       63.5018
      ],
      [
       42.5,
       63.6177
      ],
      [
       42.75,
       63.7336
      ],
      [
       42.7854,
       63.75
      ],
      [
       43,
       63.8496
      ],
      [
       43.25,
       63.9655
      ],
      [
       43.3244,
       64
      ],
      [
       43.5,
       64.0815
      ],
      [
       43.75,
       64.1974
      ],
      [
       43.875,
       64.25
      ],
      [
       44,
       64.3004
      ],
      [
       44.25,
       64.4116
      ],
      [
       44.4488,
       64.5
      ],
      [
       44.5,
       64.5228
      ],
      [
       44.75,
       64.634
      ],
      [
       45,
       64.7452
      ],
      [
       45.0109,
       64.75
      ],
      [
       45.25,
       64.8522
      ],
      [
       45.5,
       64.9589
      ],
      [
       45.5961,
       65
      ],
      [
       45.75,
       65.0633
      ],
      [
       46,
       65.166
      ],
      [
       46.2044,
       65.25
      ],
      [
       46.25,
       65.2687
      ],
      [
       46.5,
       65.3715
      ],
      [
       46.75,
       65.4742
      ],
      [
       46.8126,
       65.5
      ],
      [
       47,
       65.5742
      ],
      [
       47.25,
       65.6732
      ],
      [
       47.4439,
       65.75
      ],
      [
       47.5,
       65.7722
      ],
      [
       47.75,
       65.8713
      ],
      [
       48,
       65.9703
      ],
      [
       48.0749,
       66
      ],
      [
       48.25,
       66.0669
      ],
      [
       48.5,
       66.1624
      ],
      [
       48.729,
       66.25
      ],
      [
       48.75,
       66.2577
      ],
      [
       49,
       66.35
      ],
      [
       49.25,
       66.4423
      ],
      [
       49.4062,
       66.5
      ],
      [
       49.5,
       66.5347
      ],
      [
       49.75,
       66.6269
      ],
      [
       50,
       66.7193
      ],
      [
       50.083,
       66.75
      ],
      [
       50.25,
       66.8097
      ],
      [
       50.5,
       66.8989
      ],
      [
       50.75,
       66.9883
      ],
      [
       50.7828,
       67
      ],
      [
       51,
       67.0776
      ],
      [
       51.25,
       67.1669
      ],
      [
       51.4821,
       67.25
      ],
      [
       51.5,
       67.256
      ],
      [
       51.75,
       67.3398
      ],
      [
       52,
       67.4235
      ],
      [
       52.2278,
       67.5
      ],
      [
       52.25,
       67.5075
      ],
      [
       52.5,
       67.5913
      ],
      [
       52.75,
       67.6751
      ],
      [
       52.9729,
       67.75
      ],
      [
       53,
       67.7588
      ],
      [
       53.25,
       67.8401
      ],
      [
       53.5,
       67.9214
      ],
      [
       53.7409,
       68
      ],
      [
       53.75,
       68.0029
      ],
      [
       54,
       68.0818
      ],
      [
       54.25,
       68.1608
      ],
      [
       54.5,
       68.2399
      ],
      [
       54.5317,
       68.25
      ],
      [
       54.75,
       68.317
      ],
      [
       55,
       68.3937
      ],
      [
       55.25,
       68.4706
      ],
      [
       55.3452,
       68.5
      ],
      [
       55.5,
       68.5462
      ],
      [
       55.75,
       68.6209
      ],
      [
       56,
       68.6956
      ],
      [
       56.1814,
       68.75
      ],
      [
       56.25,
       68.77
      ],
      [
       56.5,
       68.8426
      ],
      [
       56.75,
       68.9153
      ],
      [
       57,
       68.9882
      ],
      [
       57.0402,
       69
      ],
      [
       57.25,
       69.0594
      ],
      [
       57.5,
       69.1268
      ],
      [
       57.75,
       69.1959
      ],
      [
       57.945,
       69.25
      ],
      [
       58,
       69.2652
      ],
      [
       58.25,
       69.3342
      ],
      [
       58.5,
       69.4032
      ],
      [
       58.75,
       69.4725
      ],
      [
       58.8489,
       69.5
      ],
      [
       59,
       69.5397
      ],
      [
       59.25,
       69.6053
      ],
      [
       59.5,
       69.6711
      ],
      [
       59.75,
       69.7371
      ],
      [
       59.7986,
       69.75
      ],
      [
       60,
       69.8017
      ],
      [
       60.25,
       69.8658
      ],
      [
       60.5,
       69.9301
      ],
      [
       60.75,
       69.9947
      ],
      [
       60.7706,
       70
      ],
      [
       61,
       70.0562
      ],
      [
       61.25,
       70.1174
      ],
      [
       61.5,
       70.1788
      ],
      [
       61.75,
       70.2405
      ],
      [
       61.7884,
       70.25
      ],
      [
       62,
       70.3007
      ],
      [
       62.25,
       70.3606
      ],
      [
       62.5,
       70.4206
      ],
      [
       62.75,
       70.481
      ],
      [
       62.8284,
       70.5
      ],
      [
       63,
       70.5394
      ],
      [
       63.25,
       70.5967
      ],
      [
       63.5,
       70.6542
      ],
      [
       63.75,
       70.712
      ],
      [
       63.9138,
       70.75
      ],
      [
       64,
       70.769
      ],
      [
       64.25,
       70.824
      ],
      [
       64.5,
       70.8791
      ],
      [
       64.75,
       70.9344
      ],
      [
       65,
       70.99
      ],
      [
       65.0446,
       71
      ],
      [
       65.25,
       71.0435
      ],
      [
       65.5,
       71.0963
      ],
      [
       65.75,
       71.1494
      ],
      [
       66,
       71.2027
      ],
      [
       66.2206,
       71.25
      ],
      [
       66.25,
       71.256
      ],
      [
       66.5,
       71.3069
      ],
      [
       66.75,
       71.3578
      ],
      [
       67,
       71.4089
      ],
      [
       67.25,
       71.4563
      ],
      [
       67.4652,
       71.5
      ],
      [
       67.5,
       71.5068
      ],
      [
       67.75,
       71.5559
      ],
      [
       68,
       71.605
      ],
      [
       68.25,
       71.6543
      ],
      [
       68.5,
       71.7038
      ],
      [
       68.7313,
       71.75
      ],
      [
       68.75,
       71.7534
      ],
      [
       69,
       71.7991
      ],
      [
       69.25,
       71.8449
      ],
      [
       69.5,
       71.8889
      ],
      [
       69.75,
       71.9358
      ],
      [
       70,
       71.9831
      ],
      [
       70.0891,
       72
      ],
      [
       70.25,
       72.0285
      ],
      [
       70.5,
       72.0727
      ],
      [
       70.75,
       72.117
      ],
      [
       71,
       72.1589
      ],
      [
       71.25,
       72.2029
      ],
      [
       71.5,
       72.2474
      ],
      [
       71.5147,
       72.25
      ],
      [
       71.75,
       72.289
      ],
      [
       72,
       72.3305
      ],
      [
       72.25,
       72.3721
      ],
      [
       72.5,
       72.414
      ],
      [
       72.75,
       72.4561
      ],
      [
       73,
       72.4986
      ],
      [
       73.0082,
       72.5
      ],
      [
       73.25,
       72.5378
      ],
      [
       73.5,
       72.5768
      ],
      [
       73.75,
       72.616
      ],
      [
       74,
       72.6554
      ],
      [
       74.25,
       72.6951
      ],
      [
       74.5,
       72.7351
      ],
      [
       74.5927,
       72.75
      ],
      [
       74.75,
       72.7732
      ],
      [
       75,
       72.8101
      ],
      [
       75.25,
       72.8471
      ],
      [
       75.5,
       72.8842
      ],
      [
       75.75,
       72.9216
      ],
      [
       76,
       72.9593
      ],
      [
       76.25,
       72.9973
      ],
      [
       76.2695,
       73
      ],
      [
       76.5,
       73.0288
      ],
      [
       76.75,
       73.0633
      ],
      [
       77,
       73.0979
      ],
      [
       77.25,
       73.1327
      ],
      [
       77.5,
       73.1677
      ],
      [
       77.75,
       73.203
      ],
      [
       78,
       73.2386
      ],
      [
       78.0798,
       73.25
      ],
      [
       78.25,
       73.2715
      ],
      [
       78.5,
       73.3031
      ],
      [
       78.75,
       73.3348
      ],
      [
       79,
       73.365
      ],
      [
       79.25,
       73.3974
      ],
      [
       79.5,
       73.43
      ],
      [
       79.75,
       73.4629
      ],
      [
       80,
       73.4962
      ],
      [
       80.0283,
       73.5
      ],
      [
       80.25,
       73.5259
      ],
      [
       80.5,
       73.555
      ],
      [
       80.75,
       73.5824
      ],
      [
       81,
       73.6109
      ],
      [
       81.25,
       73.6404
      ],
      [
       81.5,
       73.6701
      ],
      [
       81.75,
       73.7001
      ],
      [
       82,
       73.7304
      ],
      [
       82.1598,
       73.75
      ],
      [
       82.25,
       73.7596
      ],
      [
       82.5,
       73.7861
      ],
      [
       82.75,
       73.8126
      ],
      [
       83,
       73.8392
      ],
      [
       83.25,
       73.8659
      ],
      [
       83.5,
       73.8914
      ],
      [
       83.75,
       73.9182
      ],
      [
       84,
       73.9448
      ],
      [
       84.25,
       73.9724
      ],
      [
       84.4964,
       74
      ],
      [
       84.5,
       74.0003
      ],
      [
       84.75,
       74.024
      ],
      [
       85,
       74.0476
      ],
      [
       85.25,
       74.0712
      ],
      [
       85.5,
       74.095
      ],
      [
       85.75,
       74.1189
      ],
      [
       86,
       74.1416
      ],
      [
       86.25,
       74.1649
      ],
      [
       86.5,
       74.1893
      ],
      [
       86.75,
       74.2141
      ],
      [
       87,
       74.2391
      ],
      [
       87.1078,
       74.25
      ],
      [
       87.25,
       74.2617
      ],
      [
       87.5,
       74.2821
      ],
      [
       87.75,
       74.3025
      ],
      [
       88,
       74.323
      ],
      [
       88.25,
       74.3436
      ],
      [
       88.5,
       74.3632
      ],
      [
       88.75,
       74.3842
      ],
      [
       89,
       74.4054
      ],
      [
       89.25,
       74.4267
      ],
      [
       89.5,
       74.4467
      ],
      [
       89.75,
       74.4684
      ],
      [
       90,
       74.4904
      ],
      [
       90.1087,
       74.5
      ],
      [
       90.25,
       74.5097
      ],
      [
       90.5,
       74.5269
      ],
      [
       90.75,
       74.5438
      ],
      [
       91,
       74.5608
      ],
      [
       91.25,
       74.5779
      ],
      [
       91.5,
       74.5941
      ],
      [
       91.75,
       74.6114
      ],
      [
       92,
       74.6289
      ],
      [
       92.25,
       74.6465
      ],
      [
       92.5,
       74.6632
      ],
      [
       92.75,
       74.6811
      ],
      [
       93,
       74.6991
      ],
      [
       93.25,
       74.7175
      ],
      [
       93.5,
       74.7361
      ],
      [
       93.6835,
       74.75
      ],
      [
       93.75,
       74.7535
      ],
      [
       94,
       74.7667
      ],
      [
       94.25,
       74.7787
      ],
      [
       94.5,
       74.7918
      ],
      [
       94.75,
       74.8046
      ],
      [
       95,
       74.8177
      ],
      [
       95.25,
       74.8307
      ],
      [
       95.5,
       74.8438
      ],
      [
       95.75,
       74.8571
      ],
      [
       96,
       74.8697
      ],
      [
       96.25,
       74.8825
      ],
      [
       96.5,
       74.896
      ],
      [
       96.75,
       74.9097
      ],
      [
       97,
       74.9235
      ],
      [
       97.25,
       74.9375
      ],
      [
       97.5,
       74.9506
      ],
      [
       97.75,
       74.9648
      ],
      [
       98,
       74.9795
      ],
      [
       98.25,
       74.9945
      ],
      [
       98.3404,
       75
      ],
      [
       98.5,
       75.0069
      ],
      [
       98.75,
       75.0159
      ],
      [
       99,
       75.025
      ],
      [
       99.25,
       75.0333
      ],
      [
       99.5,
       75.0409
      ],
      [
       99.75,
       75.0479
      ],
      [
       100,
       75.0538
      ],
      [
       100.25,
       75.0598
      ],
      [
       100.5,
       75.0653
      ],
      [
       100.75,
       75.0709
      ],
      [
       101,
       75.0769
      ],
      [
       101.25,
       75.083
      ],
      [
       101.5,
       75.0895
      ],
      [
       101.75,
       75.0965
      ],
      [
       102,
       75.1032
      ],
      [
       102.25,
       75.1102
      ],
      [
       102.5,
       75.117
      ],
      [
       102.75,
       75.124
      ],
      [
       103,
       75.1309
      ],
      [
       103.25,
       75.1382
      ],
      [
       103.5,
       75.1452
      ],
      [
       103.75,
       75.1527
      ],
      [
       104,
       75.1596
      ],
      [
       104.25,
       75.1674
      ],
      [
       104.5,
       75.1746
      ],
      [
       104.75,
       75.182
      ],
      [
       105,
       75.1901
      ],
      [
       105.25,
       75.1976
      ],
      [
       105.5,
       75.205
      ],
      [
       105.75,
       75.1871
      ],
      [
       106,
       75.1783
      ],
      [
       106.25,
       75.1704
      ],
      [
       106.5,
       75.1621
      ],
      [
       106.75,
       75.1542
      ],
      [
       107,
       75.1462
      ],
      [
       107.25,
       75.1383
      ],
      [
       107.5,
       75.131
      ],
      [
       107.75,
       75.1233
      ],
      [
       108,
       75.1158
      ],
      [
       108.25,
       75.1083
      ],
      [
       108.5,
       75.1013
      ],
      [
       108.75,
       75.094
      ],
      [
       109,
       75.0871
      ],
      [
       109.25,
       75.0796
      ],
      [
       109.5,
       75.073
      ],
      [
       109.75,
       75.0679
      ],
      [
       110,
       75.0627
      ],
      [
       110.25,
       75.0571
      ],
      [
       110.5,
       75.0512
      ],
      [
       110.75,
       75.0441
      ],
      [
       111,
       75.0371
      ],
      [
       111.25,
       75.0295
      ],
      [
       111.5,
       75.0213
      ],
      [
       111.75,
       75.0123
      ],
      [
       112,
       75.0016
      ],
      [
       112.0372,
       75
      ],
      [
       112.25,
       74.9871
      ],
      [
       112.5,
       74.9723
      ],
      [
       112.75,
       74.9578
      ],
      [
       113,
       74.9435
      ],
      [
       113.25,
       74.9284
      ],
      [
       113.5,
       74.9146
      ],
      [
       113.75,
       74.9006
      ],
      [
       114,
       74.887
      ],
      [
       114.25,
       74.8736
      ],
      [
       114.5,
       74.8597
      ],
      [
       114.75,
       74.8466
      ],
      [
       115,
       74.8336
      ],
      [
       115.25,
       74.8207
      ],
      [
       115.5,
       74.8069
      ],
      [
       115.75,
       74.7937
      ],
      [
       116,
       74.781
      ],
      [
       116.25,
       74.7682
      ],
      [
       116.5,
       74.7554
      ],
      [
       116.6063,
       74.75
      ],
      [
       116.75,
       74.7391
      ],
      [
       117,
       74.7202
      ],
      [
       117.25,
       74.7003
      ],
      [
       117.5,
       74.6822
      ],
      [
       117.75,
       74.6643
      ],
      [
       118,
       74.6466
      ],
      [
       118.25,
       74.6291
      ],
      [
       118.5,
       74.6117
      ],
      [
       118.75,
       74.5945
      ],
      [
       119,
       74.5774
      ],
      [
       119.25,
       74.5589
      ],
      [
       119.5,
       74.542
      ],
      [
       119.75,
       74.5252
      ],
      [
       120,
       74.5084
      ],
      [
       120.1246,
       74.5
      ],
      [
       120.25,
       74.4888
      ],
      [
       120.5,
       74.4667
      ],
      [
       120.75,
       74.4449
      ],
      [
       121,
       74.4234
      ],
      [
       121.25,
       74.4021
      ],
      [
       121.5,
       74.38
      ],
      [
       121.75,
       74.3593
      ],
      [
       122,
       74.3387
      ],
      [
       122.25,
       74.3184
      ],
      [
       122.5,
       74.2966
      ],
      [
       122.75,
       74.2762
      ],
      [
       123,
       74.256
      ],
      [
       123.0736,
       74.25
      ],
      [
       123.25,
       74.2322
      ],
      [
       123.5,
       74.2074
      ],
      [
       123.75,
       74.1822
      ],
      [
       124,
       74.1577
      ],
      [
       124.25,
       74.1335
      ],
      [
       124.5,
       74.1095
      ],
      [
       124.75,
       74.0856
      ],
      [
       125,
       74.0614
      ],
      [
       125.25,
       74.0381
      ],
      [
       125.5,
       74.0148
      ],
      [
       125.6598,
       74
      ],
      [
       125.75,
       73.9898
      ],
      [
       126,
       73.9618
      ],
      [
       126.25,
       73.9342
      ],
      [
       126.5,
       73.9069
      ],
      [
       126.75,
       73.8785
      ],
      [
       127,
       73.852
      ],
      [
       127.25,
       73.8256
      ],
      [
       127.5,
       73.7994
      ],
      [
       127.75,
       73.7712
      ],
      [
       127.9514,
       73.75
      ],
      [
       128,
       73.744
      ],
      [
       128.25,
       73.7135
      ],
      [
       128.5,
       73.6832
      ],
      [
       128.75,
       73.6534
      ],
      [
       129,
       73.6238
      ],
      [
       129.25,
       73.5944
      ],
      [
       129.5,
       73.5652
      ],
      [
       129.75,
       73.5362
      ],
      [
       130,
       73.5073
      ],
      [
       130.0634,
       73.5
      ],
      [
       130.25,
       73.4751
      ],
      [
       130.5,
       73.442
      ],
      [
       130.75,
       73.4074
      ],
      [
       131,
       73.3754
      ],
      [
       131.25,
       73.3436
      ],
      [
       131.5,
       73.3121
      ],
      [
       131.75,
       73.2807
      ],
      [
       131.9744,
       73.25
      ],
      [
       131.9744,
       73.25
      ],
      [
       132.25,
       73.2103
      ],
      [
       132.5,
       73.175
      ],
      [
       132.75,
       73.1401
      ],
      [
       133,
       73.1055
      ],
      [
       133.25,
       73.071
      ],
      [
       133.5,
       73.0368
      ],
      [
       133.75,
       73.0027
      ],
      [
       134,
       72.965
      ],
      [
       134.25,
       72.9274
      ],
      [
       134.5,
       72.8902
      ],
      [
       134.75,
       72.8532
      ],
      [
       135,
       72.8165
      ],
      [
       135.25,
       72.78
      ],
      [
       135.4381,
       72.75
      ],
      [
       135.5,
       72.7392
      ],
      [
       135.75,
       72.6993
      ],
      [
       136,
       72.6598
      ],
      [
       136.25,
       72.6207
      ],
      [
       136.5,
       72.5818
      ],
      [
       136.75,
       72.5402
      ],
      [
       137,
       72.5011
      ],
      [
       137.25,
       72.4589
      ],
      [
       137.5,
       72.4171
      ],
      [
       137.75,
       72.3756
      ],
      [
       138,
       72.3344
      ],
      [
       138.25,
       72.2902
      ],
      [
       138.4922,
       72.25
      ],
      [
       138.4922,
       72.25
      ],
      [
       138.75,
       72.2038
      ],
      [
       139,
       72.1595
      ],
      [
       139.25,
       72.1155
      ],
      [
       139.5,
       72.0718
      ],
      [
       139.75,
       72.0282
      ],
      [
       139.9118,
       72
      ],
      [
       140,
       71.9834
      ],
      [
       140.25,
       71.9367
      ],
      [
       140.5,
       71.8904
      ],
      [
       140.75,
       71.8444
      ],
      [
       141,
       71.7986
      ],
      [
       141.25,
       71.7529
      ],
      [
       141.5,
       71.6993
      ],
      [
       141.75,
       71.6506
      ],
      [
       142,
       71.6022
      ],
      [
       142.25,
       71.5539
      ],
      [
       142.5,
       71.5058
      ],
      [
       142.75,
       71.4553
      ],
      [
       143,
       71.4049
      ],
      [
       143.25,
       71.3548
      ],
      [
       143.5,
       71.3049
      ],
      [
       143.75,
       71.2503
      ],
      [
       144,
       71.1978
      ],
      [
       144.25,
       71.1457
      ],
      [
       144.5,
       71.0938
      ],
      [
       144.75,
       71.0421
      ],
      [
       144.9362,
       71
      ],
      [
       145,
       70.9848
      ],
      [
       145.25,
       70.9305
      ],
      [
       145.5,
       70.874
      ],
      [
       145.75,
       70.8192
      ],
      [
       146,
       70.7644
      ],
      [
       146.0658,
       70.75
      ],
      [
       146.25,
       70.7084
      ],
      [
       146.5,
       70.6522
      ],
      [
       146.75,
       70.593
      ],
      [
       147,
       70.5361
      ],
      [
       147.1582,
       70.5
      ],
      [
       147.25,
       70.4784
      ],
      [
       147.5,
       70.4199
      ],
      [
       147.75,
       70.3617
      ],
      [
       148,
       70.3037
      ],
      [
       148.2309,
       70.25
      ],
      [
       148.2309,
       70.25
      ],
      [
       148.5,
       70.1828
      ],
      [
       148.75,
       70.1207
      ],
      [
       149,
       70.0587
      ],
      [
       149.2368,
       70
      ],
      [
       149.2368,
       70
      ],
      [
       149.5,
       69.9346
      ],
      [
       149.75,
       69.8727
      ],
      [
       150,
       69.8065
      ],
      [
       150.223,
       69.75
      ],
      [
       150.223,
       69.75
      ],
      [
       150.5,
       69.6781
      ],
      [
       150.75,
       69.6136
      ],
      [
       151,
       69.549
      ],
      [
       151.1896,
       69.5
      ],
      [
       151.25,
       69.4839
      ],
      [
       151.5,
       69.4179
      ],
      [
       151.75,
       69.352
      ],
      [
       152,
       69.286
      ],
      [
       152.1364,
       69.25
      ],
      [
       152.25,
       69.2184
      ],
      [
       152.5,
       69.1493
      ],
      [
       152.75,
       69.0802
      ],
      [
       153,
       69.0107
      ],
      [
       153.0398,
       69
      ],
      [
       153.25,
       68.9405
      ],
      [
       153.5,
       68.8699
      ],
      [
       153.75,
       68.7992
      ],
      [
       153.9236,
       68.75
      ],
      [
       154,
       68.7278
      ],
      [
       154.25,
       68.6556
      ],
      [
       154.5,
       68.5834
      ],
      [
       154.75,
       68.5109
      ],
      [
       154.7877,
       68.5
      ],
      [
       155,
       68.4372
      ],
      [
       155.25,
       68.3634
      ],
      [
       155.5,
       68.2894
      ],
      [
       155.6326,
       68.25
      ],
      [
       155.75,
       68.2144
      ],
      [
       156,
       68.1389
      ],
      [
       156.25,
       68.0632
      ],
      [
       156.4577,
       68
      ],
      [
       156.5,
       67.9868
      ],
      [
       156.75,
       67.9095
      ],
      [
       157,
       67.8321
      ],
      [
       157.25,
       67.7542
      ],
      [
       157.5,
       67.6751
      ],
      [
       157.75,
       67.5958
      ],
      [
       158,
       67.516
      ],
      [
       158.0503,
       67.5
      ],
      [
       158.25,
       67.4372
      ],
      [
       158.5,
       67.3585
      ],
      [
       158.75,
       67.2722
      ],
      [
       158.818,
       67.25
      ],
      [
       159,
       67.1913
      ],
      [
       159.25,
       67.1107
      ],
      [
       159.5,
       67.0296
      ],
      [
       159.591,
       67
      ],
      [
       159.75,
       66.9474
      ],
      [
       160,
       66.8649
      ],
      [
       160.25,
       66.7817
      ],
      [
       160.3453,
       66.75
      ],
      [
       160.5,
       66.6976
      ],
      [
       160.75,
       66.613
      ],
      [
       161,
       66.5277
      ],
      [
       161.0811,
       66.5
      ],
      [
       161.25,
       66.4434
      ],
      [
       161.5,
       66.3595
      ],
      [
       161.75,
       66.2748
      ],
      [
       161.8233,
       66.25
      ],
      [
       162,
       66.1893
      ],
      [
       162.25,
       66.1034
      ],
      [
       162.5,
       66.0165
      ],
      [
       162.5476,
       66
      ],
      [
       162.75,
       65.9289
      ],
      [
       163,
       65.8408
      ],
      [
       163.25,
       65.7515
      ],
      [
       163.5,
       65.665
      ],
      [
       163.75,
       65.5777
      ],
      [
       163.9698,
       65.5
      ],
      [
       163.9698,
       65.5
      ],
      [
       164.25,
       65.4007
      ],
      [
       164.5,
       65.3092
      ],
      [
       164.6695,
       65.25
      ],
      [
       164.75,
       65.2206
      ],
      [
       165,
       65.1299
      ],
      [
       165.25,
       65.0381
      ],
      [
       165.3536,
       65
      ],
      [
       165.5,
       64.9476
      ],
      [
       165.75,
       64.8582
      ],
      [
       166,
       64.7673
      ],
      [
       166.0479,
       64.75
      ],
      [
       166.25,
       64.6793
      ],
      [
       166.5,
       64.5913
      ],
      [
       166.75,
       64.5015
      ],
      [
       167,
       64.413
      ],
      [
       167.25,
       64.3233
      ],
      [
       167.4519,
       64.25
      ],
      [
       167.5,
       64.233
      ],
      [
       167.75,
       64.1467
      ],
      [
       168,
       64.059
      ],
      [
       168.1667,
       64
      ],
      [
       168.25,
       63.9705
      ],
      [
       168.5,
       63.8834
      ],
      [
       168.75,
       63.7949
      ],
      [
       168.877,
       63.75
      ],
      [
       169,
       63.7082
      ],
      [
       169.25,
       63.6243
      ],
      [
       169.5,
       63.5389
      ],
      [
       169.6149,
       63.5
      ],
      [
       169.75,
       63.4545
      ],
      [
       170,
       63.3717
      ],
      [
       170.25,
       63.2877
      ],
      [
       170.364,
       63.25
      ],
      [
       170.5,
       63.2071
      ],
      [
       170.75,
       63.1302
      ],
      [
       171,
       63.0525
      ],
      [
       171.1708,
       63
      ],
      [
       171.25,
       62.977
      ],
      [
       171.5,
       62.9083
      ],
      [
       171.75,
       62.8403
      ],
      [
       172,
       62.7725
      ],
      [
       172.0894,
       62.75
      ],
      [
       172.25,
       62.7112
      ],
      [
       172.5,
       62.6561
      ],
      [
       172.75,
       62.6052
      ],
      [
       173,
       62.5599
      ],
      [
       173.25,
       62.5229
      ],
      [
       173.4895,
       62.5
      ],
      [
       173.4895,
       62.5
      ],
      [
       173.75,
       62.4984
      ],
      [
       173.7676,
       62.5
      ],
      [
       174,
       62.536
      ],
      [
       174.25,
       62.609
      ],
      [
       174.5,
       62.6845
      ],
      [
       174.718,
       62.75
      ],
      [
       174.75,
       62.7596
      ],
      [
       175,
       62.8344
      ],
      [
       175.25,
       62.9087
      ],
      [
       175.5,
       62.9826
      ],
      [
       175.559,
       63
      ],
      [
       175.75,
       63.0562
      ],
      [
       176,
       63.1293
      ],
      [
       176.25,
       63.202
      ],
      [
       176.4161,
       63.25
      ],
      [
       176.5,
       63.2742
      ],
      [
       176.75,
       63.3462
      ],
      [
       177,
       63.4176
      ],
      [
       177.25,
       63.4886
      ],
      [
       177.2902,
       63.5
      ],
      [
       177.5,
       63.5593
      ],
      [
       177.75,
       63.6296
      ],
      [
       178,
       63.6994
      ],
      [
       178.1822,
       63.75
      ],
      [
       178.25,
       63.7688
      ],
      [
       178.5,
       63.8378
      ],
      [
       178.75,
       63.9065
      ],
      [
       179,
       63.9746
      ],
      [
       179.0936,
       64
      ],
      [
       179.25,
       64.0424
      ],
      [
       179.5,
       64.1098
      ],
      [
       179.75,
       64.1768
      ],
      [
       180,
       64.2433
      ],
      [
       180,
       90
      ],
      [
       -180,
       90
      ],
      [
       -180,
       64.25
      ]
     ]
    ]
   }
  },
  {
   "type": "Feature",
   "properties": {
    "kind": "partial",
    "obscuration": 0.6,
    "percent": 60,
    "title": "60% of the solar disc obscured"
   },
   "geometry": {
    "type": "Polygon",
    "coordinates": [
     [
      [
       -180,
       68.7209
      ],
      [
       -179.8767,
       68.75
      ],
      [
       -179.75,
       68.7799
      ],
      [
       -179.5,
       68.8384
      ],
      [
       -179.25,
       68.8966
      ],
      [
       -179,
       68.9542
      ],
      [
       -178.8002,
       69
      ],
      [
       -178.75,
       69.0115
      ],
      [
       -178.5,
       69.0684
      ],
      [
       -178.25,
       69.1249
      ],
      [
       -178,
       69.1809
      ],
      [
       -177.75,
       69.2365
      ],
      [
       -177.6891,
       69.25
      ],
      [
       -177.5,
       69.2918
      ],
      [
       -177.25,
       69.3467
      ],
      [
       -177,
       69.4011
      ],
      [
       -176.75,
       69.4551
      ],
      [
       -176.5407,
       69.5
      ],
      [
       -176.5,
       69.5087
      ],
      [
       -176.25,
       69.5621
      ],
      [
       -176,
       69.6149
      ],
      [
       -175.75,
       69.6673
      ],
      [
       -175.5,
       69.7194
      ],
      [
       -175.3516,
       69.75
      ],
      [
       -175.25,
       69.771
      ],
      [
       -175,
       69.8223
      ],
      [
       -174.75,
       69.8732
      ],
      [
       -174.5,
       69.9237
      ],
      [
       -174.25,
       69.9737
      ],
      [
       -174.1178,
       70
      ],
      [
       -174,
       70.0234
      ],
      [
       -173.75,
       70.0728
      ],
      [
       -173.5,
       70.1218
      ],
      [
       -173.25,
       70.1703
      ],
      [
       -173,
       70.2185
      ],
      [
       -172.835,
       70.25
      ],
      [
       -172.75,
       70.2663
      ],
      [
       -172.5,
       70.3137
      ],
      [
       -172.25,
       70.3608
      ],
      [
       -172,
       70.4075
      ],
      [
       -171.75,
       70.4537
      ],
      [
       -171.4981,
       70.5
      ],
      [
       -171.25,
       70.5453
      ],
      [
       -171,
       70.5905
      ],
      [
       -170.75,
       70.6353
      ],
      [
       -170.5,
       70.6798
      ],
      [
       -170.25,
       70.7238
      ],
      [
       -170.1004,
       70.75
      ],
      [
       -170,
       70.7676
      ],
      [
       -169.75,
       70.811
      ],
      [
       -169.5,
       70.854
      ],
      [
       -169.25,
       70.8967
      ],
      [
       -169,
       70.939
      ],
      [
       -168.75,
       70.9809
      ],
      [
       -168.6354,
       71
      ],
      [
       -168.5,
       71.0225
      ],
      [
       -168.25,
       71.0638
      ],
      [
       -168,
       71.1047
      ],
      [
       -167.75,
       71.1453
      ],
      [
       -167.5,
       71.1855
      ],
      [
       -167.25,
       71.2253
      ],
      [
       -167.0937,
       71.25
      ],
      [
       -167,
       71.2648
      ],
      [
       -166.75,
       71.304
      ],
      [
       -166.5,
       71.3428
      ],
      [
       -166.25,
       71.3813
      ],
      [
       -166,
       71.4195
      ],
      [
       -165.75,
       71.4573
      ],
      [
       -165.5,
       71.4947
      ],
      [
       -165.4646,
       71.5
      ],
      [
       -165.25,
       71.5319
      ],
      [
       -165,
       71.5687
      ],
      [
       -164.75,
       71.6052
      ],
      [
       -164.5,
       71.6414
      ],
      [
       -164.25,
       71.6772
      ],
      [
       -164,
       71.7127
      ],
      [
       -163.7342,
       71.75
      ],
      [
       -163.5,
       71.7827
      ],
      [
       -163.25,
       71.8172
      ],
      [
       -163,
       71.8514
      ],
      [
       -162.75,
       71.8853
      ],
      [
       -162.5,
       71.9189
      ],
      [
       -162.25,
       71.9521
      ],
      [
       -162,
       71.985
      ],
      [
       -161.885,
       72
      ],
      [
       -161.75,
       72.0176
      ],
      [
       -161.5,
       72.05
      ],
      [
       -161.25,
       72.082
      ],
      [
       -161,
       72.1136
      ],
      [
       -160.75,
       72.145
      ],
      [
       -160.5,
       72.1761
      ],
      [
       -160.25,
       72.2068
      ],
      [
       -160,
       72.2372
      ],
      [
       -159.8939,
       72.25
      ],
      [
       -159.75,
       72.2673
      ],
      [
       -159.5,
       72.2972
      ],
      [
       -159.25,
       72.3268
      ],
      [
       -159,
       72.356
      ],
      [
       -158.75,
       72.3849
      ],
      [
       -158.5,
       72.4136
      ],
      [
       -158.25,
       72.4419
      ],
      [
       -158,
       72.4699
      ],
      [
       -157.7286,
       72.5
      ],
      [
       -157.5,
       72.5251
      ],
      [
       -157.25,
       72.5523
      ],
      [
       -157,
       72.5792
      ],
      [
       -156.75,
       72.6058
      ],
      [
       -156.5,
       72.6321
      ],
      [
       -156.25,
       72.6581
      ],
      [
       -156,
       72.6838
      ],
      [
       -155.75,
       72.7092
      ],
      [
       -155.5,
       72.7343
      ],
      [
       -155.3425,
       72.75
      ],
      [
       -155.25,
       72.7592
      ],
      [
       -155,
       72.7838
      ],
      [
       -154.75,
       72.8081
      ],
      [
       -154.5,
       72.8322
      ],
      [
       -154.25,
       72.8559
      ],
      [
       -154,
       72.8794
      ],
      [
       -153.75,
       72.9026
      ],
      [
       -153.5,
       72.9254
      ],
      [
       -153.25,
       72.9481
      ],
      [
       -153,
       72.9704
      ],
      [
       -152.75,
       72.9925
      ],
      [
       -152.6638,
       73
      ],
      [
       -152.5,
       73.0143
      ],
      [
       -152.25,
       73.0359
      ],
      [
       -152,
       73.0571
      ],
      [
       -151.75,
       73.0782
      ],
      [
       -151.5,
       73.0989
      ],
      [
       -151.25,
       73.1194
      ],
      [
       -151,
       73.1396
      ],
      [
       -150.75,
       73.1595
      ],
      [
       -150.5,
       73.1791
      ],
      [
       -150.25,
       73.1985
      ],
      [
       -150,
       73.2176
      ],
      [
       -149.75,
       73.2365
      ],
      [
       -149.5687,
       73.25
      ],
      [
       -149.5,
       73.2551
      ],
      [
       -149.25,
       73.2735
      ],
      [
       -149,
       73.2916
      ],
      [
       -148.75,
       73.3094
      ],
      [
       -148.5,
       73.327
      ],
      [
       -148.25,
       73.3443
      ],
      [
       -148,
       73.3614
      ],
      [
       -147.75,
       73.3782
      ],
      [
       -147.5,
       73.3947
      ],
      [
       -147.25,
       73.411
      ],
      [
       -147,
       73.427
      ],
      [
       -146.75,
       73.4428
      ],
      [
       -146.5,
       73.4583
      ],
      [
       -146.25,
       73.4736
      ],
      [
       -146,
       73.4886
      ],
      [
       -145.807,
       73.5
      ],
      [
       -145.75,
       73.5034
      ],
      [
       -145.5,
       73.5179
      ],
      [
       -145.25,
       73.5322
      ],
      [
       -145,
       73.5462
      ],
      [
       -144.75,
       73.56
      ],
      [
       -144.5,
       73.5735
      ],
      [
       -144.25,
       73.5868
      ],
      [
       -144,
       73.5999
      ],
      [
       -143.75,
       73.6126
      ],
      [
       -143.5,
       73.6252
      ],
      [
       -143.25,
       73.6375
      ],
      [
       -143,
       73.6495
      ],
      [
       -142.75,
       73.6613
      ],
      [
       -142.5,
       73.6729
      ],
      [
       -142.25,
       73.6842
      ],
      [
       -142,
       73.6952
      ],
      [
       -141.75,
       73.7061
      ],
      [
       -141.5,
       73.7166
      ],
      [
       -141.25,
       73.727
      ],
      [
       -141,
       73.7371
      ],
      [
       -140.75,
       73.7469
      ],
      [
       -140.6694,
       73.75
      ],
      [
       -140.5,
       73.7565
      ],
      [
       -140.25,
       73.7659
      ],
      [
       -140,
       73.7751
      ],
      [
       -139.75,
       73.784
      ],
      [
       -139.5,
       73.7926
      ],
      [
       -139.25,
       73.8011
      ],
      [
       -139,
       73.8093
      ],
      [
       -138.75,
       73.8172
      ],
      [
       -138.5,
       73.8249
      ],
      [
       -138.25,
       73.8324
      ],
      [
       -138,
       73.8396
      ],
      [
       -137.75,
       73.8466
      ],
      [
       -137.5,
       73.8534
      ],
      [
       -137.25,
       73.8599
      ],
      [
       -137,
       73.8662
      ],
      [
       -136.75,
       73.8722
      ],
      [
       -136.5,
       73.878
      ],
      [
       -136.25,
       73.8836
      ],
      [
       -136,
       73.889
      ],
      [
       -135.75,
       73.8941
      ],
      [
       -135.5,
       73.8989
      ],
      [
       -135.25,
       73.9036
      ],
      [
       -135,
       73.908
      ],
      [
       -134.75,
       73.9121
      ],
      [
       -134.5,
       73.916
      ],
      [
       -134.25,
       73.9197
      ],
      [
       -134,
       73.9232
      ],
      [
       -133.75,
       73.9264
      ],
      [
       -133.5,
       73.9294
      ],
      [
       -133.25,
       73.9321
      ],
      [
       -133,
       73.9346
      ],
      [
       -132.75,
       73.9369
      ],
      [
       -132.5,
       73.939
      ],
      [
       -132.25,
       73.9408
      ],
      [
       -132,
       73.9424
      ],
      [
       -131.75,
       73.9437
      ],
      [
       -131.5,
       73.9448
      ],
      [
       -131.25,
       73.9457
      ],
      [
       -131,
       73.9463
      ],
      [
       -130.75,
       73.9467
      ],
      [
       -130.5,
       73.9469
      ],
      [
       -130.25,
       73.9468
      ],
      [
       -130,
       73.9465
      ],
      [
       -129.75,
       73.9459
      ],
      [
       -129.5,
       73.9451
      ],
      [
       -129.25,
       73.9441
      ],
      [
       -129,
       73.9429
      ],
      [
       -128.75,
       73.9414
      ],
      [
       -128.5,
       73.9396
      ],
      [
       -128.25,
       73.9377
      ],
      [
       -128,
       73.9355
      ],
      [
       -127.75,
       73.933
      ],
      [
       -127.5,
       73.9303
      ],
      [
       -127.25,
       73.9274
      ],
      [
       -127,
       73.9243
      ],
      [
       -126.75,
       73.9209
      ],
      [
       -126.5,
       73.9172
      ],
      [
       -126.25,
       73.9133
      ],
      [
       -126,
       73.9092
      ],
      [
       -125.75,
       73.9048
      ],
      [
       -125.5,
       73.9002
      ],
      [
       -125.25,
       73.8954
      ],
      [
       -125,
       73.8903
      ],
      [
       -124.75,
       73.885
      ],
      [
       -124.5,
       73.8794
      ],
      [
       -124.25,
       73.8736
      ],
      [
       -124,
       73.8675
      ],
      [
       -123.75,
       73.8612
      ],
      [
       -123.5,
       73.8547
      ],
      [
       -123.25,
       73.8478
      ],
      [
       -123,
       73.8408
      ],
      [
       -122.75,
       73.8335
      ],
      [
       -122.5,
       73.826
      ],
      [
       -122.25,
       73.8182
      ],
      [
       -122,
       73.8101
      ],
      [
       -121.75,
       73.8018
      ],
      [
       -121.5,
       73.7933
      ],
      [
       -121.25,
       73.7845
      ],
      [
       -121,
       73.7755
      ],
      [
       -120.75,
       73.7661
      ],
      [
       -120.5,
       73.7566
      ],
      [
       -120.3325,
       73.75
      ],
      [
       -120.25,
       73.7468
      ],
      [
       -120,
       73.7367
      ],
      [
       -119.75,
       73.7264
      ],
      [
       -119.5,
       73.7159
      ],
      [
       -119.25,
       73.7051
      ],
      [
       -119,
       73.694
      ],
      [
       -118.75,
       73.6827
      ],
      [
       -118.5,
       73.6711
      ],
      [
       -118.25,
       73.6592
      ],
      [
       -118,
       73.6471
      ],
      [
       -117.75,
       73.6347
      ],
      [
       -117.5,
       73.6221
      ],
      [
       -117.25,
       73.6092
      ],
      [
       -117,
       73.596
      ],
      [
       -116.75,
       73.5825
      ],
      [
       -116.5,
       73.5688
      ],
      [
       -116.25,
       73.5548
      ],
      [
       -116,
       73.5406
      ],
      [
       -115.75,
       73.526
      ],
      [
       -115.5,
       73.5112
      ],
      [
       -115.3141,
       73.5
      ],
      [
       -115.25,
       73.4961
      ],
      [
       -115,
       73.4808
      ],
      [
       -114.75,
       73.4652
      ],
      [
       -114.5,
       73.4494
      ],
      [
       -114.25,
       73.4332
      ],
      [
       -114,
       73.4168
      ],
      [
       -113.75,
       73.4
      ],
      [
       -113.5,
       73.383
      ],
      [
       -113.25,
       73.3657
      ],
      [
       -113,
       73.3482
      ],
      [
       -112.75,
       73.3303
      ],
      [
       -112.5,
       73.3122
      ],
      [
       -112.25,
       73.2937
      ],
      [
       -112,
       73.275
      ],
      [
       -111.75,
       73.2559
      ],
      [
       -111.6735,
       73.25
      ],
      [
       -111.5,
       73.2366
      ],
      [
       -111.25,
       73.217
      ],
      [
       -111,
       73.1972
      ],
      [
       -110.75,
       73.177
      ],
      [
       -110.5,
       73.1565
      ],
      [
       -110.25,
       73.1357
      ],
      [
       -110,
       73.1146
      ],
      [
       -109.75,
       73.0932
      ],
      [
       -109.5,
       73.0715
      ],
      [
       -109.25,
       73.0495
      ],
      [
       -109,
       73.0271
      ],
      [
       -108.75,
       73.0045
      ],
      [
       -108.7009,
       73
      ],
      [
       -108.5,
       72.9816
      ],
      [
       -108.25,
       72.9584
      ],
      [
       -108,
       72.9348
      ],
      [
       -107.75,
       72.9109
      ],
      [
       -107.5,
       72.8867
      ],
      [
       -107.25,
       72.8622
      ],
      [
       -107,
       72.8374
      ],
      [
       -106.75,
       72.8122
      ],
      [
       -106.5,
       72.7866
      ],
      [
       -106.25,
       72.7608
      ],
      [
       -106.1469,
       72.75
      ],
      [
       -106,
       72.7346
      ],
      [
       -105.75,
       72.7082
      ],
      [
       -105.5,
       72.6814
      ],
      [
       -105.25,
       72.6542
      ],
      [
       -105,
       72.6267
      ],
      [
       -104.75,
       72.5989
      ],
      [
       -104.5,
       72.5707
      ],
      [
       -104.25,
       72.5421
      ],
      [
       -104,
       72.5132
      ],
      [
       -103.8872,
       72.5
      ],
      [
       -103.75,
       72.484
      ],
      [
       -103.5,
       72.4544
      ],
      [
       -103.25,
       72.4245
      ],
      [
       -103,
       72.3942
      ],
      [
       -102.75,
       72.3635
      ],
      [
       -102.5,
       72.3325
      ],
      [
       -102.25,
       72.3011
      ],
      [
       -102,
       72.2693
      ],
      [
       -101.8499,
       72.25
      ],
      [
       -101.75,
       72.2372
      ],
      [
       -101.5,
       72.2047
      ],
      [
       -101.25,
       72.1718
      ],
      [
       -101,
       72.1386
      ],
      [
       -100.75,
       72.105
      ],
      [
       -100.5,
       72.0709
      ],
      [
       -100.25,
       72.0365
      ],
      [
       -99.9884,
       72
      ],
      [
       -99.75,
       71.9665
      ],
      [
       -99.5,
       71.9309
      ],
      [
       -99.25,
       71.8949
      ],
      [
       -99,
       71.8586
      ],
      [
       -98.75,
       71.8217
      ],
      [
       -98.5,
       71.7845
      ],
      [
       -98.2709,
       71.75
      ],
      [
       -98.25,
       71.7469
      ],
      [
       -98,
       71.7089
      ],
      [
       -97.75,
       71.6704
      ],
      [
       -97.5,
       71.6316
      ],
      [
       -97.25,
       71.5923
      ],
      [
       -97,
       71.5525
      ],
      [
       -96.75,
       71.5123
      ],
      [
       -96.674,
       71.5
      ],
      [
       -96.5,
       71.4718
      ],
      [
       -96.25,
       71.4308
      ],
      [
       -96,
       71.3893
      ],
      [
       -95.75,
       71.3474
      ],
      [
       -95.5,
       71.305
      ],
      [
       -95.25,
       71.2622
      ],
      [
       -95.1798,
       71.25
      ],
      [
       -95,
       71.2189
      ],
      [
       -94.75,
       71.1752
      ],
      [
       -94.5,
       71.131
      ],
      [
       -94.25,
       71.0863
      ],
      [
       -94,
       71.0411
      ],
      [
       -93.7748,
       71
      ],
      [
       -93.75,
       70.9955
      ],
      [
       -93.5,
       70.9494
      ],
      [
       -93.25,
       70.9029
      ],
      [
       -93,
       70.8558
      ],
      [
       -92.75,
       70.8082
      ],
      [
       -92.5,
       70.7601
      ],
      [
       -92.4481,
       70.75
      ],
      [
       -92.25,
       70.7115
      ],
      [
       -92,
       70.6625
      ],
      [
       -91.75,
       70.6129
      ],
      [
       -91.5,
       70.5628
      ],
      [
       -91.25,
       70.5121
      ],
      [
       -91.1909,
       70.5
      ],
      [
       -91,
       70.461
      ],
      [
       -90.75,
       70.4093
      ],
      [
       -90.5,
       70.3571
      ],
      [
       -90.25,
       70.3043
      ],
      [
       -89.9956,
       70.25
      ],
      [
       -89.75,
       70.1972
      ],
      [
       -89.5,
       70.1428
      ],
      [
       -89.25,
       70.0878
      ],
      [
       -89,
       70.0322
      ],
      [
       -88.8566,
       70
      ],
      [
       -88.75,
       69.9761
      ],
      [
       -88.5,
       69.9194
      ],
      [
       -88.25,
       69.8622
      ],
      [
       -88,
       69.8043
      ],
      [
       -87.7681,
       69.75
      ],
      [
       -87.75,
       69.7458
      ],
      [
       -87.5,
       69.6868
      ],
      [
       -87.25,
       69.6271
      ],
      [
       -87,
       69.5669
      ],
      [
       -86.726,
       69.5
      ],
      [
       -86.5,
       69.4445
      ],
      [
       -86.25,
       69.3823
      ],
      [
       -86,
       69.3196
      ],
      [
       -85.7264,
       69.25
      ],
      [
       -85.5,
       69.192
      ],
      [
       -85.25,
       69.1273
      ],
      [
       -85,
       69.0619
      ],
      [
       -84.7658,
       69
      ],
      [
       -84.75,
       68.9958
      ],
      [
       -84.5,
       68.9292
      ],
      [
       -84.25,
       68.8618
      ],
      [
       -84,
       68.7936
      ],
      [
       -83.8415,
       68.75
      ],
      [
       -83.75,
       68.7248
      ],
      [
       -83.5,
       68.6554
      ],
      [
       -83.25,
       68.5851
      ],
      [
       -83,
       68.5142
      ],
      [
       -82.9505,
       68.5
      ],
      [
       -82.75,
       68.4426
      ],
      [
       -82.5,
       68.3702
      ],
      [
       -82.25,
       68.297
      ],
      [
       -82.0909,
       68.25
      ],
      [
       -82,
       68.2231
      ],
      [
       -81.75,
       68.1486
      ],
      [
       -81.5,
       68.0732
      ],
      [
       -81.2601,
       68
      ],
      [
       -81.25,
       67.9969
      ],
      [
       -81,
       67.9201
      ],
      [
       -80.75,
       67.8423
      ],
      [
       -80.5,
       67.7637
      ],
      [
       -80.4567,
       67.75
      ],
      [
       -80.25,
       67.6844
      ],
      [
       -80,
       67.6043
      ],
      [
       -79.75,
       67.5233
      ],
      [
       -79.6788,
       67.5
      ],
      [
       -79.5,
       67.4415
      ],
      [
       -79.25,
       67.3589
      ],
      [
       -79,
       67.2753
      ],
      [
       -78.9248,
       67.25
      ],
      [
       -78.75,
       67.191
      ],
      [
       -78.5,
       67.1058
      ],
      [
       -78.25,
       67.0197
      ],
      [
       -78.1934,
       67
      ],
      [
       -78,
       66.9327
      ],
      [
       -77.75,
       66.8449
      ],
      [
       -77.4832,
       66.75
      ],
      [
       -77.25,
       66.6664
      ],
      [
       -77,
       66.5758
      ],
      [
       -76.7932,
       66.5
      ],
      [
       -76.75,
       66.4842
      ],
      [
       -76.5,
       66.3917
      ],
      [
       -76.25,
       66.2982
      ],
      [
       -76.1223,
       66.25
      ],
      [
       -76,
       66.2038
      ],
      [
       -75.75,
       66.1084
      ],
      [
       -75.4692,
       66
      ],
      [
       -75.25,
       65.9146
      ],
      [
       -75,
       65.8162
      ],
      [
       -74.8334,
       65.75
      ],
      [
       -74.75,
       65.7168
      ],
      [
       -74.5,
       65.6164
      ],
      [
       -74.25,
       65.5148
      ],
      [
       -74.2139,
       65.5
      ],
      [
       -74,
       65.4123
      ],
      [
       -73.75,
       65.3087
      ],
      [
       -73.6098,
       65.25
      ],
      [
       -73.5,
       65.204
      ],
      [
       -73.25,
       65.0982
      ],
      [
       -73.0204,
       65
      ],
      [
       -73,
       64.9913
      ],
      [
       -72.75,
       64.8834
      ],
      [
       -72.5,
       64.7742
      ],
      [
       -72.4451,
       64.75
      ],
      [
       -72.25,
       64.664
      ],
      [
       -72,
       64.5525
      ],
      [
       -71.8832,
       64.5
      ],
      [
       -71.75,
       64.44
      ],
      [
       -71.5,
       64.3262
      ],
      [
       -71.3341,
       64.25
      ],
      [
       -71.25,
       64.2113
      ],
      [
       -71,
       64.0952
      ],
      [
       -70.7972,
       64
      ],
      [
       -70.75,
       63.9778
      ],
      [
       -70.5,
       63.8593
      ],
      [
       -70.272,
       63.75
      ],
      [
       -70.25,
       63.7394
      ],
      [
       -70,
       63.6184
      ],
      [
       -69.7581,
       63.5
      ],
      [
       -69.75,
       63.496
      ],
      [
       -69.5,
       63.3725
      ],
      [
       -69.2549,
       63.25
      ],
      [
       -69.25,
       63.2476
      ],
      [
       -69,
       63.1214
      ],
      [
       -68.762,
       63
      ],
      [
       -68.75,
       62.9939
      ],
      [
       -68.5,
       62.8651
      ],
      [
       -68.279,
       62.75
      ],
      [
       -68.25,
       62.7348
      ],
      [
       -68,
       62.6034
      ],
      [
       -67.8055,
       62.5
      ],
      [
       -67.75,
       62.4704
      ],
      [
       -67.5,
       62.3362
      ],
      [
       -67.3411,
       62.25
      ],
      [
       -67.25,
       62.2004
      ],
      [
       -67,
       62.0634
      ],
      [
       -66.8855,
       62
      ],
      [
       -66.75,
       61.9248
      ],
      [
       -66.5,
       61.7848
      ],
      [
       -66.4383,
       61.75
      ],
      [
       -66.25,
       61.6435
      ],
      [
       -65.9991,
       61.5
      ],
      [
       -65.75,
       61.3562
      ],
      [
       -65.5678,
       61.25
      ],
      [
       -65.5,
       61.2103
      ],
      [
       -65.25,
       61.063
      ],
      [
       -65.144,
       61
      ],
      [
       -65,
       60.9142
      ],
      [
       -64.7274,
       60.75
      ],
      [
       -64.5,
       60.6118
      ],
      [
       -64.3178,
       60.5
      ],
      [
       -64.25,
       60.4583
      ],
      [
       -64,
       60.3032
      ],
      [
       -63.9149,
       60.25
      ],
      [
       -63.75,
       60.1466
      ],
      [
       -63.5183,
       60
      ],
      [
       -63.5,
       59.9884
      ],
      [
       -63.25,
       59.8286
      ],
      [
       -63.1282,
       59.75
      ],
      [
       -63,
       59.6671
      ],
      [
       -62.7439,
       59.5
      ],
      [
       -62.5,
       59.3394
      ],
      [
       -62.3655,
       59.25
      ],
      [
       -62.25,
       59.173
      ],
      [
       -61.9927,
       59
      ],
      [
       -61.75,
       58.8353
      ],
      [
       -61.6253,
       58.75
      ],
      [
       -61.5,
       58.664
      ],
      [
       -61.263,
       58.5
      ],
      [
       -61.25,
       58.491
      ],
      [
       -61,
       58.3163
      ],
      [
       -60.9059,
       58.25
      ],
      [
       -60.75,
       58.1399
      ],
      [
       -60.5536,
       58
      ],
      [
       -60.5,
       57.9617
      ],
      [
       -60.25,
       57.782
      ],
      [
       -60.2059,
       57.75
      ],
      [
       -60,
       57.6004
      ],
      [
       -59.8628,
       57.5
      ],
      [
       -59.75,
       57.4172
      ],
      [
       -59.524,
       57.25
      ],
      [
       -59.5,
       57.2322
      ],
      [
       -59.25,
       57.0455
      ],
      [
       -59.1895,
       57
      ],
      [
       -59,
       56.8571
      ],
      [
       -58.859,
       56.75
      ],
      [
       -58.75,
       56.6669
      ],
      [
       -58.5325,
       56.5
      ],
      [
       -58.5,
       56.475
      ],
      [
       -58.25,
       56.2814
      ],
      [
       -58.2097,
       56.25
      ],
      [
       -58,
       56.086
      ],
      [
       -57.8907,
       56
      ],
      [
       -57.75,
       55.889
      ],
      [
       -57.5751,
       55.75
      ],
      [
       -57.5,
       55.6901
      ],
      [
       -57.2629,
       55.5
      ],
      [
       -57.25,
       55.4896
      ],
      [
       -57,
       55.2874
      ],
      [
       -56.9541,
       55.25
      ],
      [
       -56.75,
       55.0834
      ],
      [
       -56.6484,
       55
      ],
      [
       -56.5,
       54.8778
      ],
      [
       -56.3458,
       54.75
      ],
      [
       -56.25,
       54.6704
      ],
      [
       -56.0461,
       54.5
      ],
      [
       -56,
       54.4614
      ],
      [
       -55.7492,
       54.25
      ],
      [
       -55.5,
       54.0383
      ],
      [
       -55.4551,
       54
      ],
      [
       -55.25,
       53.8244
      ],
      [
       -55.1636,
       53.75
      ],
      [
       -55,
       53.6088
      ],
      [
       -54.8746,
       53.5
      ],
      [
       -54.75,
       53.3916
      ],
      [
       -54.5881,
       53.25
      ],
      [
       -54.5,
       53.1728
      ],
      [
       -54.3039,
       53
      ],
      [
       -54.25,
       52.9524
      ],
      [
       -54.022,
       52.75
      ],
      [
       -54,
       52.7305
      ],
      [
       -53.7422,
       52.5
      ],
      [
       -53.5,
       52.2821
      ],
      [
       -53.4645,
       52.25
      ],
      [
       -53.25,
       52.0557
      ],
      [
       -53.1887,
       52
      ],
      [
       -53,
       51.8279
      ],
      [
       -52.9149,
       51.75
      ],
      [
       -52.75,
       51.5988
      ],
      [
       -52.6428,
       51.5
      ],
      [
       -52.5,
       51.3682
      ],
      [
       -52.3725,
       51.25
      ],
      [
       -52.25,
       51.1362
      ],
      [
       -52.1039,
       51
      ],
      [
       -52,
       50.903
      ],
      [
       -51.8368,
       50.75
      ],
      [
       -51.75,
       50.6685
      ],
      [
       -51.5712,
       50.5
      ],
      [
       -51.5,
       50.4328
      ],
      [
       -51.307,
       50.25
      ],
      [
       -51.25,
       50.1959
      ],
      [
       -51.0442,
       50
      ],
      [
       -51,
       49.9579
      ],
      [
       -50.7827,
       49.75
      ],
      [
       -50.75,
       49.7187
      ],
      [
       -50.5223,
       49.5
      ],
      [
       -50.5,
       49.4785
      ],
      [
       -50.2631,
       49.25
      ],
      [
       -50.25,
       49.2374
      ],
      [
       -50.0049,
       49
      ],
      [
       -50,
       48.9953
      ],
      [
       -49.7477,
       48.75
      ],
      [
       -49.4915,
       48.5
      ],
      [
       -49.2361,
       48.25
      ],
      [
       -48.9814,
       48
      ],
      [
       -48.7275,
       47.75
      ],
      [
       -48.4743,
       47.5
      ],
      [
       -48.2216,
       47.25
      ],
      [
       -47.9695,
       47
      ],
      [
       -47.75,
       46.7821
      ],
      [
       -47.7178,
       46.75
      ],
      [
       -47.5,
       46.5334
      ],
      [
       -47.4665,
       46.5
      ],
      [
       -47.25,
       46.2844
      ],
      [
       -47.2155,
       46.25
      ],
      [
       -47,
       46.0351
      ],
      [
       -46.9648,
       46
      ],
      [
       -46.75,
       45.7856
      ],
      [
       -46.7144,
       45.75
      ],
      [
       -46.5,
       45.5359
      ],
      [
       -46.464,
       45.5
      ],
      [
       -46.25,
       45.2862
      ],
      [
       -46.2138,
       45.25
      ],
      [
       -46,
       45.0364
      ],
      [
       -45.9636,
       45
      ],
      [
       -45.75,
       44.7867
      ],
      [
       -45.7133,
       44.75
      ],
      [
       -45.5,
       44.537
      ],
      [
       -45.4629,
       44.5
      ],
      [
       -45.25,
       44.2875
      ],
      [
       -45.2124,
       44.25
      ],
      [
       -45,
       44.0382
      ],
      [
       -44.9617,
       44
      ],
      [
       -44.75,
       43.7892
      ],
      [
       -44.7106,
       43.75
      ],
      [
       -44.5,
       43.5406
      ],
      [
       -44.4592,
       43.5
      ],
      [
       -44.25,
       43.2923
      ],
      [
       -44.2074,
       43.25
      ],
      [
       -44,
       43.0445
      ],
      [
       -43.9551,
       43
      ],
      [
       -43.75,
       42.7972
      ],
      [
       -43.7023,
       42.75
      ],
      [
       -43.5,
       42.5504
      ],
      [
       -43.4489,
       42.5
      ],
      [
       -43.25,
       42.3042
      ],
      [
       -43.1949,
       42.25
      ],
      [
       -43,
       42.0587
      ],
      [
       -42.9401,
       42
      ],
      [
       -42.75,
       41.814
      ],
      [
       -42.6845,
       41.75
      ],
      [
       -42.5,
       41.5701
      ],
      [
       -42.4281,
       41.5
      ],
      [
       -42.25,
       41.3269
      ],
      [
       -42.1708,
       41.25
      ],
      [
       -42,
       41.0847
      ],
      [
       -41.9125,
       41
      ],
      [
       -41.75,
       40.8433
      ],
      [
       -41.6531,
       40.75
      ],
      [
       -41.5,
       40.603
      ],
      [
       -41.3926,
       40.5
      ],
      [
       -41.25,
       40.3637
      ],
      [
       -41.131,
       40.25
      ],
      [
       -41,
       40.1253
      ],
      [
       -40.8681,
       40
      ],
      [
       -40.75,
       39.8882
      ],
      [
       -40.6039,
       39.75
      ],
      [
       -40.5,
       39.6521
      ],
      [
       -40.3383,
       39.5
      ],
      [
       -40.25,
       39.4172
      ],
      [
       -40.0713,
       39.25
      ],
      [
       -40,
       39.1835
      ],
      [
       -39.8027,
       39
      ],
      [
       -39.75,
       38.9511
      ],
      [
       -39.5326,
       38.75
      ],
      [
       -39.5,
       38.72
      ],
      [
       -39.2608,
       38.5
      ],
      [
       -39.25,
       38.4901
      ],
      [
       -38.9872,
       38.25
      ],
      [
       -38.75,
       38.0347
      ],
      [
       -38.7117,
       38
      ],
      [
       -38.5,
       37.809
      ],
      [
       -38.4344,
       37.75
      ],
      [
       -38.25,
       37.5848
      ],
      [
       -38.1551,
       37.5
      ],
      [
       -38,
       37.362
      ],
      [
       -37.8737,
       37.25
      ],
      [
       -37.75,
       37.1407
      ],
      [
       -37.5902,
       37
      ],
      [
       -37.5,
       36.9209
      ],
      [
       -37.3045,
       36.75
      ],
      [
       -37.25,
       36.7026
      ],
      [
       -37.0165,
       36.5
      ],
      [
       -37,
       36.4857
      ],
      [
       -36.726,
       36.25
      ],
      [
       -36.5,
       36.057
      ],
      [
       -36.433,
       36
      ],
      [
       -36.25,
       35.845
      ],
      [
       -36.1374,
       35.75
      ],
      [
       -36,
       35.6345
      ],
      [
       -35.8393,
       35.5
      ],
      [
       -35.75,
       35.4256
      ],
      [
       -35.5383,
       35.25
      ],
      [
       -35.5,
       35.2183
      ],
      [
       -35.2345,
       35
      ],
      [
       -35,
       34.8088
      ],
      [
       -34.9276,
       34.75
      ],
      [
       -34.75,
       34.6065
      ],
      [
       -34.6176,
       34.5
      ],
      [
       -34.5,
       34.4059
      ],
      [
       -34.3045,
       34.25
      ],
      [
       -34.25,
       34.2068
      ],
      [
       -33.9881,
       34
      ],
      [
       -33.75,
       33.8138
      ],
      [
       -33.6681,
       33.75
      ],
      [
       -33.5,
       33.6198
      ],
      [
       -33.3447,
       33.5
      ],
      [
       -33.25,
       33.4274
      ],
      [
       -33.0176,
       33.25
      ],
      [
       -33,
       33.2366
      ],
      [
       -32.75,
       33.0476
      ],
      [
       -32.6867,
       33
      ],
      [
       -32.5,
       32.8603
      ],
      [
       -32.3518,
       32.75
      ],
      [
       -32.25,
       32.6746
      ],
      [
       -32.0131,
       32.5
      ],
      [
       -32,
       32.4904
      ],
      [
       -31.75,
       32.3081
      ],
      [
       -31.6699,
       32.25
      ],
      [
       -31.5,
       32.1275
      ],
      [
       -31.3224,
       32
      ],
      [
       -31.25,
       31.9483
      ],
      [
       -30.9705,
       31.75
      ],
      [
       -30.75,
       31.5951
      ],
      [
       -30.6138,
       31.5
      ],
      [
       -30.5,
       31.421
      ],
      [
       -30.2524,
       31.25
      ],
      [
       -30.25,
       31.2483
      ],
      [
       -30,
       31.0775
      ],
      [
       -29.8858,
       31
      ],
      [
       -29.75,
       30.9083
      ],
      [
       -29.5142,
       30.75
      ],
      [
       -29.5,
       30.7405
      ],
      [
       -29.25,
       30.5745
      ],
      [
       -29.137,
       30.5
      ],
      [
       -29,
       30.4101
      ],
      [
       -28.7546,
       30.25
      ],
      [
       -28.75,
       30.247
      ],
      [
       -28.5,
       30.0859
      ],
      [
       -28.3659,
       30
      ],
      [
       -28.25,
       29.9261
      ],
      [
       -27.9716,
       29.75
      ],
      [
       -27.75,
       29.6114
      ],
      [
       -27.5709,
       29.5
      ],
      [
       -27.5,
       29.4562
      ],
      [
       -27.25,
       29.3026
      ],
      [
       -27.1637,
       29.25
      ],
      [
       -27,
       29.1507
      ],
      [
       -26.7499,
       29
      ],
      [
       -26.5,
       28.8511
      ],
      [
       -26.329,
       28.75
      ],
      [
       -26.25,
       28.7036
      ],
      [
       -26,
       28.5575
      ],
      [
       -25.9008,
       28.5
      ],
      [
       -25.75,
       28.413
      ],
      [
       -25.5,
       28.2698
      ],
      [
       -25.4652,
       28.25
      ],
      [
       -25.25,
       28.1282
      ],
      [
       -25.0216,
       28
      ],
      [
       -25,
       27.9879
      ],
      [
       -24.75,
       27.8492
      ],
      [
       -24.5697,
       27.75
      ],
      [
       -24.5,
       27.7118
      ],
      [
       -24.25,
       27.5759
      ],
      [
       -24.1093,
       27.5
      ],
      [
       -24,
       27.4414
      ],
      [
       -23.75,
       27.3082
      ],
      [
       -23.6399,
       27.25
      ],
      [
       -23.5,
       27.1764
      ],
      [
       -23.25,
       27.046
      ],
      [
       -23.1613,
       27
      ],
      [
       -23,
       26.917
      ],
      [
       -22.75,
       26.7892
      ],
      [
       -22.6728,
       26.75
      ],
      [
       -22.5,
       26.6628
      ],
      [
       -22.25,
       26.5377
      ],
      [
       -22.174,
       26.5
      ],
      [
       -22,
       26.4141
      ],
      [
       -21.75,
       26.2915
      ],
      [
       -21.6645,
       26.25
      ],
      [
       -21.5,
       26.1705
      ],
      [
       -21.25,
       26.0505
      ],
      [
       -21.1438,
       26
      ],
      [
       -21,
       25.932
      ],
      [
       -20.75,
       25.8146
      ],
      [
       -20.6111,
       25.75
      ],
      [
       -20.5,
       25.6985
      ],
      [
       -20.25,
       25.5837
      ],
      [
       -20.0661,
       25.5
      ],
      [
       -20,
       25.4701
      ],
      [
       -19.75,
       25.3577
      ],
      [
       -19.5081,
       25.25
      ],
      [
       -19.5,
       25.2464
      ],
      [
       -19.25,
       25.1366
      ],
      [
       -19,
       25.0277
      ],
      [
       -18.9358,
       25
      ],
      [
       -18.75,
       24.9202
      ],
      [
       -18.5,
       24.8137
      ],
      [
       -18.349,
       24.75
      ],
      [
       -18.25,
       24.7084
      ],
      [
       -18,
       24.6044
      ],
      [
       -17.7469,
       24.5
      ],
      [
       -17.5,
       24.3996
      ],
      [
       -17.25,
       24.2988
      ],
      [
       -17.1278,
       24.25
      ],
      [
       -17,
       24.1992
      ],
      [
       -16.75,
       24.1007
      ],
      [
       -16.4916,
       24
      ],
      [
       -16.25,
       23.907
      ],
      [
       -16,
       23.8118
      ],
      [
       -15.8364,
       23.75
      ],
      [
       -15.75,
       23.7176
      ],
      [
       -15.5,
       23.6245
      ],
      [
       -15.25,
       23.5324
      ],
      [
       -15.1612,
       23.5
      ],
      [
       -15,
       23.4414
      ],
      [
       -14.75,
       23.3515
      ],
      [
       -14.5,
       23.2625
      ],
      [
       -14.4646,
       23.25
      ],
      [
       -14.25,
       23.1746
      ],
      [
       -14,
       23.0877
      ],
      [
       -13.745,
       23
      ],
      [
       -13.5,
       22.9169
      ],
      [
       -13.25,
       22.833
      ],
      [
       -13.0002,
       22.75
      ],
      [
       -13,
       22.7499
      ],
      [
       -12.75,
       22.668
      ],
      [
       -12.5,
       22.587
      ],
      [
       -12.2284,
       22.5
      ],
      [
       -12,
       22.4278
      ],
      [
       -11.75,
       22.3497
      ],
      [
       -11.5,
       22.2724
      ],
      [
       -11.4269,
       22.25
      ],
      [
       -11.25,
       22.1961
      ],
      [
       -11,
       22.1208
      ],
      [
       -10.75,
       22.0462
      ],
      [
       -10.5932,
       22
      ],
      [
       -10.5,
       21.9726
      ],
      [
       -10.25,
       21.9
      ],
      [
       -10,
       21.8282
      ],
      [
       -9.7241,
       21.75
      ],
      [
       -9.5,
       21.6873
      ],
      [
       -9.25,
       21.6182
      ],
      [
       -9,
       21.5499
      ],
      [
       -8.8155,
       21.5
      ],
      [
       -8.75,
       21.4824
      ],
      [
       -8.5,
       21.4159
      ],
      [
       -8.25,
       21.36
      ],
      [
       -8,
       21.3461
      ],
      [
       -7.75,
       21.37
      ],
      [
       -7.5,
       21.4222
      ],
      [
       -7.25,
       21.4961
      ],
      [
       -7.2401,
       21.5
      ],
      [
       -7,
       21.5913
      ],
      [
       -6.75,
       21.7007
      ],
      [
       -6.6517,
       21.75
      ],
      [
       -6.5,
       21.8289
      ],
      [
       -6.25,
       21.9736
      ],
      [
       -6.209,
       22
      ],
      [
       -6,
       22.123
      ],
      [
       -5.7976,
       22.25
      ],
      [
       -5.75,
       22.2793
      ],
      [
       -5.5,
       22.4449
      ],
      [
       -5.4217,
       22.5
      ],
      [
       -5.25,
       22.628
      ],
      [
       -5.0956,
       22.75
      ],
      [
       -5,
       22.8186
      ],
      [
       -4.7587,
       23
      ],
      [
       -4.75,
       23.0065
      ],
      [
       -4.5,
       23.2013
      ],
      [
       -4.4401,
       23.25
      ],
      [
       -4.25,
       23.4021
      ],
      [
       -4.1322,
       23.5
      ],
      [
       -4,
       23.6181
      ],
      [
       -3.8423,
       23.75
      ],
      [
       -3.75,
       23.8262
      ],
      [
       -3.5676,
       24
      ],
      [
       -3.5,
       24.0581
      ],
      [
       -3.2838,
       24.25
      ],
      [
       -3.25,
       24.2796
      ],
      [
       -3.0064,
       24.5
      ],
      [
       -3,
       24.5057
      ],
      [
       -2.75,
       24.7362
      ],
      [
       -2.7354,
       24.75
      ],
      [
       -2.5,
       24.9708
      ],
      [
       -2.4696,
       25
      ],
      [
       -2.25,
       25.2309
      ],
      [
       -2.2304,
       25.25
      ],
      [
       -2,
       25.4726
      ],
      [
       -1.975,
       25.5
      ],
      [
       -1.75,
       25.7214
      ],
      [
       -1.7215,
       25.75
      ],
      [
       -1.5,
       25.9709
      ],
      [
       -1.4715,
       26
      ],
      [
       -1.25,
       26.2239
      ],
      [
       -1.2246,
       26.25
      ],
      [
       -1,
       26.48
      ],
      [
       -0.9808,
       26.5
      ],
      [
       -0.75,
       26.7392
      ],
      [
       -0.7398,
       26.75
      ],
      [
       -0.5014,
       27
      ],
      [
       -0.5,
       27.0014
      ],
      [
       -0.2656,
       27.25
      ],
      [
       -0.25,
       27.2665
      ],
      [
       -0.0322,
       27.5
      ],
      [
       0,
       27.5343
      ],
      [
       0.1991,
       27.75
      ],
      [
       0.25,
       27.8049
      ],
      [
       0.4283,
       28
      ],
      [
       0.5,
       28.078
      ],
      [
       0.6557,
       28.25
      ],
      [
       0.75,
       28.3537
      ],
      [
       0.8813,
       28.5
      ],
      [
       1,
       28.6192
      ],
      [
       1.1288,
       28.75
      ],
      [
       1.25,
       28.8857
      ],
      [
       1.3509,
       29
      ],
      [
       1.5,
       29.1684
      ],
      [
       1.5715,
       29.25
      ],
      [
       1.75,
       29.4533
      ],
      [
       1.7906,
       29.5
      ],
      [
       2,
       29.7404
      ],
      [
       2.0083,
       29.75
      ],
      [
       2.248,
       30
      ],
      [
       2.25,
       30.0023
      ],
      [
       2.4628,
       30.25
      ],
      [
       2.5,
       30.2932
      ],
      [
       2.6764,
       30.5
      ],
      [
       2.75,
       30.5862
      ],
      [
       2.8888,
       30.75
      ],
      [
       3,
       30.868
      ],
      [
       3.1235,
       31
      ],
      [
       3.25,
       31.1501
      ],
      [
       3.3336,
       31.25
      ],
      [
       3.5,
       31.4487
      ],
      [
       3.5427,
       31.5
      ],
      [
       3.75,
       31.7238
      ],
      [
       3.7741,
       31.75
      ],
      [
       3.9812,
       32
      ],
      [
       4,
       32.0204
      ],
      [
       4.2106,
       32.25
      ],
      [
       4.25,
       32.2979
      ],
      [
       4.4157,
       32.5
      ],
      [
       4.5,
       32.5923
      ],
      [
       4.6433,
       32.75
      ],
      [
       4.75,
       32.8809
      ],
      [
       4.8468,
       33
      ],
      [
       5,
       33.1694
      ],
      [
       5.0726,
       33.25
      ],
      [
       5.25,
       33.4697
      ],
      [
       5.2744,
       33.5
      ],
      [
       5.4986,
       33.75
      ],
      [
       5.5,
       33.7515
      ],
      [
       5.7222,
       34
      ],
      [
       5.75,
       34.0348
      ],
      [
       5.9218,
       34.25
      ],
      [
       6,
       34.3379
      ],
      [
       6.1439,
       34.5
      ],
      [
       6.25,
       34.6197
      ],
      [
       6.3653,
       34.75
      ],
      [
       6.5,
       34.9024
      ],
      [
       6.586,
       35
      ],
      [
       6.75,
       35.2081
      ],
      [
       6.7829,
       35.25
      ],
      [
       7,
       35.4973
      ],
      [
       7.0024,
       35.5
      ],
      [
       7.2213,
       35.75
      ],
      [
       7.25,
       35.7828
      ],
      [
       7.4397,
       36
      ],
      [
       7.5,
       36.0692
      ],
      [
       7.6575,
       36.25
      ],
      [
       7.75,
       36.3564
      ],
      [
       7.8748,
       36.5
      ],
      [
       8,
       36.6444
      ],
      [
       8.0915,
       36.75
      ],
      [
       8.25,
       36.9333
      ],
      [
       8.3077,
       37
      ],
      [
       8.5,
       37.223
      ],
      [
       8.5233,
       37.25
      ],
      [
       8.7386,
       37.5
      ],
      [
       8.75,
       37.5133
      ],
      [
       8.9535,
       37.75
      ],
      [
       9,
       37.8043
      ],
      [
       9.1679,
       38
      ],
      [
       9.25,
       38.0959
      ],
      [
       9.3819,
       38.25
      ],
      [
       9.5,
       38.3748
      ],
      [
       9.6185,
       38.5
      ],
      [
       9.75,
       38.6543
      ],
      [
       9.8317,
       38.75
      ],
      [
       10,
       38.9479
      ],
      [
       10.0444,
       39
      ],
      [
       10.25,
       39.2184
      ],
      [
       10.2798,
       39.25
      ],
      [
       10.4918,
       39.5
      ],
      [
       10.5,
       39.5097
      ],
      [
       10.7037,
       39.75
      ],
      [
       10.75,
       39.7994
      ],
      [
       10.9381,
       40
      ],
      [
       11,
       40.0734
      ],
      [
       11.1493,
       40.25
      ],
      [
       11.25,
       40.3578
      ],
      [
       11.3831,
       40.5
      ],
      [
       11.5,
       40.6253
      ],
      [
       11.6166,
       40.75
      ],
      [
       11.75,
       40.9088
      ],
      [
       11.8268,
       41
      ],
      [
       12,
       41.186
      ],
      [
       12.0597,
       41.25
      ],
      [
       12.25,
       41.4545
      ],
      [
       12.2924,
       41.5
      ],
      [
       12.5,
       41.7234
      ],
      [
       12.5248,
       41.75
      ],
      [
       12.734,
       42
      ],
      [
       12.75,
       42.0172
      ],
      [
       12.9661,
       42.25
      ],
      [
       13,
       42.2867
      ],
      [
       13.1979,
       42.5
      ],
      [
       13.25,
       42.5563
      ],
      [
       13.4295,
       42.75
      ],
      [
       13.5,
       42.8263
      ],
      [
       13.6609,
       43
      ],
      [
       13.75,
       43.0965
      ],
      [
       13.8921,
       43.25
      ],
      [
       14,
       43.3563
      ],
      [
       14.1461,
       43.5
      ],
      [
       14.25,
       43.6127
      ],
      [
       14.3769,
       43.75
      ],
      [
       14.5,
       43.8835
      ],
      [
       14.6076,
       44
      ],
      [
       14.75,
       44.1545
      ],
      [
       14.8382,
       44.25
      ],
      [
       15,
       44.4098
      ],
      [
       15.0916,
       44.5
      ],
      [
       15.25,
       44.6721
      ],
      [
       15.3219,
       44.75
      ],
      [
       15.5,
       44.926
      ],
      [
       15.575,
       45
      ],
      [
       15.75,
       45.1902
      ],
      [
       15.8051,
       45.25
      ],
      [
       16,
       45.4427
      ],
      [
       16.0581,
       45.5
      ],
      [
       16.25,
       45.6899
      ],
      [
       16.3109,
       45.75
      ],
      [
       16.5,
       45.9558
      ],
      [
       16.5408,
       46
      ],
      [
       16.75,
       46.2071
      ],
      [
       16.7935,
       46.25
      ],
      [
       17,
       46.4545
      ],
      [
       17.0461,
       46.5
      ],
      [
       17.25,
       46.7019
      ],
      [
       17.2987,
       46.75
      ],
      [
       17.5,
       46.9493
      ],
      [
       17.5513,
       47
      ],
      [
       17.75,
       47.1968
      ],
      [
       17.8038,
       47.25
      ],
      [
       18,
       47.4444
      ],
      [
       18.0563,
       47.5
      ],
      [
       18.25,
       47.676
      ],
      [
       18.3317,
       47.75
      ],
      [
       18.5,
       47.9168
      ],
      [
       18.5842,
       48
      ],
      [
       18.75,
       48.1643
      ],
      [
       18.8367,
       48.25
      ],
      [
       19,
       48.3984
      ],
      [
       19.1121,
       48.5
      ],
      [
       19.25,
       48.6367
      ],
      [
       19.3646,
       48.75
      ],
      [
       19.5,
       48.8731
      ],
      [
       19.6401,
       49
      ],
      [
       19.75,
       49.1
      ],
      [
       19.9156,
       49.25
      ],
      [
       20,
       49.3337
      ],
      [
       20.1682,
       49.5
      ],
      [
       20.25,
       49.5744
      ],
      [
       20.4438,
       49.75
      ],
      [
       20.5,
       49.8011
      ],
      [
       20.7195,
       50
      ],
      [
       20.75,
       50.0278
      ],
      [
       20.9952,
       50.25
      ],
      [
       21,
       50.254
      ],
      [
       21.25,
       50.4633
      ],
      [
       21.2939,
       50.5
      ],
      [
       21.5,
       50.6869
      ],
      [
       21.5698,
       50.75
      ],
      [
       21.75,
       50.9134
      ],
      [
       21.8457,
       51
      ],
      [
       22,
       51.1292
      ],
      [
       22.1447,
       51.25
      ],
      [
       22.25,
       51.3455
      ],
      [
       22.4209,
       51.5
      ],
      [
       22.5,
       51.5662
      ],
      [
       22.7203,
       51.75
      ],
      [
       22.75,
       51.7749
      ],
      [
       23,
       51.9836
      ],
      [
       23.0197,
       52
      ],
      [
       23.25,
       52.1925
      ],
      [
       23.3191,
       52.25
      ],
      [
       23.5,
       52.4012
      ],
      [
       23.6187,
       52.5
      ],
      [
       23.75,
       52.6098
      ],
      [
       23.9184,
       52.75
      ],
      [
       24,
       52.8182
      ],
      [
       24.2185,
       53
      ],
      [
       24.25,
       53.0264
      ],
      [
       24.5,
       53.2346
      ],
      [
       24.5186,
       53.25
      ],
      [
       24.75,
       53.4293
      ],
      [
       24.8417,
       53.5
      ],
      [
       25,
       53.6321
      ],
      [
       25.142,
       53.75
      ],
      [
       25.25,
       53.8337
      ],
      [
       25.4657,
       54
      ],
      [
       25.5,
       54.0266
      ],
      [
       25.75,
       54.2196
      ],
      [
       25.7895,
       54.25
      ],
      [
       26,
       54.4128
      ],
      [
       26.1133,
       54.5
      ],
      [
       26.25,
       54.6058
      ],
      [
       26.4375,
       54.75
      ],
      [
       26.5,
       54.7984
      ],
      [
       26.75,
       54.9908
      ],
      [
       26.762,
       55
      ],
      [
       27,
       55.1717
      ],
      [
       27.1093,
       55.25
      ],
      [
       27.25,
       55.3587
      ],
      [
       27.434,
       55.5
      ],
      [
       27.5,
       55.5476
      ],
      [
       27.75,
       55.727
      ],
      [
       27.7821,
       55.75
      ],
      [
       28,
       55.9069
      ],
      [
       28.1301,
       56
      ],
      [
       28.25,
       56.0863
      ],
      [
       28.4788,
       56.25
      ],
      [
       28.5,
       56.2653
      ],
      [
       28.75,
       56.4448
      ],
      [
       28.8272,
       56.5
      ],
      [
       29,
       56.6242
      ],
      [
       29.1761,
       56.75
      ],
      [
       29.25,
       56.7999
      ],
      [
       29.5,
       56.9677
      ],
      [
       29.5483,
       57
      ],
      [
       29.75,
       57.1359
      ],
      [
       29.9206,
       57.25
      ],
      [
       30,
       57.307
      ],
      [
       30.25,
       57.4855
      ],
      [
       30.2703,
       57.5
      ],
      [
       30.5,
       57.6546
      ],
      [
       30.6429,
       57.75
      ],
      [
       30.75,
       57.8179
      ],
      [
       31,
       57.9738
      ],
      [
       31.0393,
       58
      ],
      [
       31.25,
       58.1417
      ],
      [
       31.4124,
       58.25
      ],
      [
       31.5,
       58.3055
      ],
      [
       31.75,
       58.4629
      ],
      [
       31.8092,
       58.5
      ],
      [
       32,
       58.6208
      ],
      [
       32.2061,
       58.75
      ],
      [
       32.25,
       58.7778
      ],
      [
       32.5,
       58.9354
      ],
      [
       32.6031,
       59
      ],
      [
       32.75,
       59.0929
      ],
      [
       33,
       59.2495
      ],
      [
       33.0008,
       59.25
      ],
      [
       33.25,
       59.3988
      ],
      [
       33.4212,
       59.5
      ],
      [
       33.5,
       59.5471
      ],
      [
       33.75,
       59.6955
      ],
      [
       33.8422,
       59.75
      ],
      [
       34,
       59.8442
      ],
      [
       34.25,
       59.9919
      ],
      [
       34.2637,
       60
      ],
      [
       34.5,
       60.1409
      ],
      [
       34.6849,
       60.25
      ],
      [
       34.75,
       60.2889
      ],
      [
       35,
       60.4372
      ],
      [
       35.1064,
       60.5
      ],
      [
       35.25,
       60.5812
      ],
      [
       35.5,
       60.7212
      ],
      [
       35.5516,
       60.75
      ],
      [
       35.75,
       60.8621
      ],
      [
       35.9971,
       61
      ],
      [
       36,
       61.0016
      ],
      [
       36.25,
       61.1357
      ],
      [
       36.4655,
       61.25
      ],
      [
       36.5,
       61.2695
      ],
      [
       36.75,
       61.4102
      ],
      [
       36.911,
       61.5
      ],
      [
       37,
       61.5478
      ],
      [
       37.25,
       61.6811
      ],
      [
       37.38,
       61.75
      ],
      [
       37.5,
       61.8114
      ],
      [
       37.75,
       61.9382
      ],
      [
       37.8724,
       62
      ],
      [
       38,
       62.0684
      ],
      [
       38.25,
       62.2014
      ],
      [
       38.3418,
       62.25
      ],
      [
       38.5,
       62.3309
      ],
      [
       38.75,
       62.4574
      ],
      [
       38.8345,
       62.5
      ],
      [
       39,
       62.5845
      ],
      [
       39.25,
       62.7109
      ],
      [
       39.3274,
       62.75
      ],
      [
       39.5,
       62.8342
      ],
      [
       39.75,
       62.9549
      ],
      [
       39.8437,
       63
      ],
      [
       40,
       63.0763
      ],
      [
       40.25,
       63.197
      ],
      [
       40.36,
       63.25
      ],
      [
       40.5,
       63.3154
      ],
      [
       40.75,
       63.4311
      ],
      [
       40.8998,
       63.5
      ],
      [
       41,
       63.5489
      ],
      [
       41.25,
       63.67
      ],
      [
       41.4164,
       63.75
      ],
      [
       41.5,
       63.7875
      ],
      [
       41.75,
       63.8988
      ],
      [
       41.9799,
       64
      ],
      [
       42,
       64.0094
      ],
      [
       42.25,
       64.1259
      ],
      [
       42.5,
       64.2409
      ],
      [
       42.5198,
       64.25
      ],
      [
       42.75,
       64.353
      ],
      [
       43,
       64.4635
      ],
      [
       43.0914,
       64.5
      ],
      [
       43.25,
       64.5644
      ],
      [
       43.5,
       64.6753
      ],
      [
       43.6694,
       64.75
      ],
      [
       43.75,
       64.7847
      ],
      [
       44,
       64.8916
      ],
      [
       44.25,
       64.9973
      ],
      [
       44.2563,
       65
      ],
      [
       44.5,
       65.1008
      ],
      [
       44.75,
       65.2028
      ],
      [
       44.8659,
       65.25
      ],
      [
       45,
       65.3055
      ],
      [
       45.25,
       65.4081
      ],
      [
       45.4759,
       65.5
      ],
      [
       45.5,
       65.5096
      ],
      [
       45.75,
       65.6091
      ],
      [
       46,
       65.7074
      ],
      [
       46.1087,
       65.75
      ],
      [
       46.25,
       65.8064
      ],
      [
       46.5,
       65.9052
      ],
      [
       46.7419,
       66
      ],
      [
       46.75,
       66.0031
      ],
      [
       47,
       66.0992
      ],
      [
       47.25,
       66.1941
      ],
      [
       47.3977,
       66.25
      ],
      [
       47.5,
       66.2894
      ],
      [
       47.75,
       66.385
      ],
      [
       48,
       66.4796
      ],
      [
       48.0537,
       66.5
      ],
      [
       48.25,
       66.5706
      ],
      [
       48.5,
       66.6595
      ],
      [
       48.75,
       66.7477
      ],
      [
       48.7563,
       66.75
      ],
      [
       49,
       66.8376
      ],
      [
       49.25,
       66.9264
      ],
      [
       49.4583,
       67
      ],
      [
       49.5,
       67.015
      ],
      [
       49.75,
       67.1047
      ],
      [
       50,
       67.1934
      ],
      [
       50.16,
       67.25
      ],
      [
       50.25,
       67.2804
      ],
      [
       50.5,
       67.3644
      ],
      [
       50.75,
       67.4475
      ],
      [
       50.9083,
       67.5
      ],
      [
       51,
       67.531
      ],
      [
       51.25,
       67.615
      ],
      [
       51.5,
       67.6982
      ],
      [
       51.6561,
       67.75
      ],
      [
       51.75,
       67.7808
      ],
      [
       52,
       67.8623
      ],
      [
       52.25,
       67.943
      ],
      [
       52.427,
       68
      ],
      [
       52.5,
       68.0233
      ],
      [
       52.75,
       68.1025
      ],
      [
       53,
       68.181
      ],
      [
       53.2208,
       68.25
      ],
      [
       53.25,
       68.259
      ],
      [
       53.5,
       68.3362
      ],
      [
       53.75,
       68.4126
      ],
      [
       54,
       68.4886
      ],
      [
       54.0374,
       68.5
      ],
      [
       54.25,
       68.564
      ],
      [
       54.5,
       68.6385
      ],
      [
       54.75,
       68.7125
      ],
      [
       54.8766,
       68.75
      ],
      [
       55,
       68.7862
      ],
      [
       55.25,
       68.859
      ],
      [
       55.5,
       68.9312
      ],
      [
       55.7389,
       69
      ],
      [
       55.75,
       69.0032
      ],
      [
       56,
       69.0745
      ],
      [
       56.25,
       69.1451
      ],
      [
       56.5,
       69.2153
      ],
      [
       56.6235,
       69.25
      ],
      [
       56.75,
       69.2844
      ],
      [
       57,
       69.3518
      ],
      [
       57.25,
       69.4188
      ],
      [
       57.5,
       69.4851
      ],
      [
       57.5544,
       69.5
      ],
      [
       57.75,
       69.5531
      ],
      [
       58,
       69.6175
      ],
      [
       58.25,
       69.6828
      ],
      [
       58.5,
       69.7479
      ],
      [
       58.5079,
       69.75
      ],
      [
       58.75,
       69.8127
      ],
      [
       59,
       69.8767
      ],
      [
       59.25,
       69.9405
      ],
      [
       59.4836,
       70
      ],
      [
       59.5,
       70.0042
      ],
      [
       59.75,
       70.0673
      ],
      [
       60,
       70.1299
      ],
      [
       60.25,
       70.1923
      ],
      [
       60.5,
       70.2487
      ],
      [
       60.5053,
       70.25
      ],
      [
       60.75,
       70.3092
      ],
      [
       61,
       70.3691
      ],
      [
       61.25,
       70.4287
      ],
      [
       61.5,
       70.4883
      ],
      [
       61.549,
       70.5
      ],
      [
       61.75,
       70.5466
      ],
      [
       62,
       70.6041
      ],
      [
       62.25,
       70.6613
      ],
      [
       62.5,
       70.7183
      ],
      [
       62.6384,
       70.75
      ],
      [
       62.75,
       70.7749
      ],
      [
       63,
       70.8302
      ],
      [
       63.25,
       70.8852
      ],
      [
       63.5,
       70.94
      ],
      [
       63.75,
       70.9948
      ],
      [
       63.7734,
       71
      ],
      [
       64,
       71.0485
      ],
      [
       64.25,
       71.1015
      ],
      [
       64.5,
       71.1543
      ],
      [
       64.75,
       71.207
      ],
      [
       64.9537,
       71.25
      ],
      [
       65,
       71.2596
      ],
      [
       65.25,
       71.311
      ],
      [
       65.5,
       71.3619
      ],
      [
       65.75,
       71.4127
      ],
      [
       66,
       71.4635
      ],
      [
       66.1792,
       71.5
      ],
      [
       66.25,
       71.5139
      ],
      [
       66.5,
       71.5625
      ],
      [
       66.75,
       71.6107
      ],
      [
       67,
       71.6588
      ],
      [
       67.25,
       71.7061
      ],
      [
       67.4732,
       71.75
      ],
      [
       67.5,
       71.7551
      ],
      [
       67.75,
       71.8021
      ],
      [
       68,
       71.8471
      ],
      [
       68.25,
       71.8928
      ],
      [
       68.5,
       71.9385
      ],
      [
       68.75,
       71.9843
      ],
      [
       68.8355,
       72
      ],
      [
       69,
       72.0295
      ],
      [
       69.25,
       72.0741
      ],
      [
       69.5,
       72.1184
      ],
      [
       69.75,
       72.1626
      ],
      [
       70,
       72.2069
      ],
      [
       70.2425,
       72.25
      ],
      [
       70.25,
       72.2513
      ],
      [
       70.5,
       72.2933
      ],
      [
       70.75,
       72.335
      ],
      [
       71,
       72.3746
      ],
      [
       71.25,
       72.4168
      ],
      [
       71.5,
       72.4591
      ],
      [
       71.75,
       72.4976
      ],
      [
       71.7643,
       72.5
      ],
      [
       72,
       72.5379
      ],
      [
       72.25,
       72.5779
      ],
      [
       72.5,
       72.6176
      ],
      [
       72.75,
       72.6573
      ],
      [
       73,
       72.6971
      ],
      [
       73.25,
       72.7336
      ],
      [
       73.3536,
       72.75
      ],
      [
       73.5,
       72.772
      ],
      [
       73.75,
       72.8093
      ],
      [
       74,
       72.8463
      ],
      [
       74.25,
       72.8833
      ],
      [
       74.5,
       72.9204
      ],
      [
       74.75,
       72.9576
      ],
      [
       75,
       72.9949
      ],
      [
       75.0336,
       73
      ],
      [
       75.25,
       73.0304
      ],
      [
       75.5,
       73.0644
      ],
      [
       75.75,
       73.0986
      ],
      [
       76,
       73.1328
      ],
      [
       76.25,
       73.167
      ],
      [
       76.5,
       73.2008
      ],
      [
       76.75,
       73.2358
      ],
      [
       76.8509,
       73.25
      ],
      [
       77,
       73.2695
      ],
      [
       77.25,
       73.3019
      ],
      [
       77.5,
       73.3331
      ],
      [
       77.75,
       73.3648
      ],
      [
       78,
       73.3966
      ],
      [
       78.25,
       73.4285
      ],
      [
       78.5,
       73.4606
      ],
      [
       78.75,
       73.4929
      ],
      [
       78.8049,
       73.5
      ],
      [
       79,
       73.5233
      ],
      [
       79.25,
       73.5528
      ],
      [
       79.5,
       73.5822
      ],
      [
       79.75,
       73.6115
      ],
      [
       80,
       73.6408
      ],
      [
       80.25,
       73.6703
      ],
      [
       80.5,
       73.6999
      ],
      [
       80.75,
       73.7295
      ],
      [
       80.9357,
       73.75
      ],
      [
       81,
       73.7564
      ],
      [
       81.25,
       73.7834
      ],
      [
       81.5,
       73.8102
      ],
      [
       81.75,
       73.8369
      ],
      [
       82,
       73.8635
      ],
      [
       82.25,
       73.8903
      ],
      [
       82.5,
       73.9171
      ],
      [
       82.75,
       73.9441
      ],
      [
       83,
       73.9713
      ],
      [
       83.25,
       73.9988
      ],
      [
       83.2619,
       74
      ],
      [
       83.5,
       74.0209
      ],
      [
       83.75,
       74.0449
      ],
      [
       84,
       74.0688
      ],
      [
       84.25,
       74.0926
      ],
      [
       84.5,
       74.1164
      ],
      [
       84.75,
       74.1402
      ],
      [
       85,
       74.1642
      ],
      [
       85.25,
       74.1884
      ],
      [
       85.5,
       74.2127
      ],
      [
       85.75,
       74.2373
      ],
      [
       85.8913,
       74.25
      ],
      [
       86,
       74.2584
      ],
      [
       86.25,
       74.2796
      ],
      [
       86.5,
       74.3005
      ],
      [
       86.75,
       74.3213
      ],
      [
       87,
       74.342
      ],
      [
       87.25,
       74.3619
      ],
      [
       87.5,
       74.3826
      ],
      [
       87.75,
       74.4034
      ],
      [
       88,
       74.4243
      ],
      [
       88.25,
       74.4454
      ],
      [
       88.5,
       74.4665
      ],
      [
       88.75,
       74.4882
      ],
      [
       88.8853,
       74.5
      ],
      [
       89,
       74.5082
      ],
      [
       89.25,
       74.5259
      ],
      [
       89.5,
       74.5419
      ],
      [
       89.75,
       74.5592
      ],
      [
       90,
       74.5764
      ],
      [
       90.25,
       74.5937
      ],
      [
       90.5,
       74.611
      ],
      [
       90.75,
       74.6275
      ],
      [
       91,
       74.6449
      ],
      [
       91.25,
       74.6624
      ],
      [
       91.5,
       74.6796
      ],
      [
       91.75,
       74.6975
      ],
      [
       92,
       74.7156
      ],
      [
       92.25,
       74.7339
      ],
      [
       92.4892,
       74.75
      ],
      [
       92.5,
       74.7506
      ],
      [
       92.75,
       74.7651
      ],
      [
       93,
       74.7788
      ],
      [
       93.25,
       74.7921
      ],
      [
       93.5,
       74.805
      ],
      [
       93.75,
       74.818
      ],
      [
       94,
       74.831
      ],
      [
       94.25,
       74.8433
      ],
      [
       94.5,
       74.8565
      ],
      [
       94.75,
       74.8691
      ],
      [
       95,
       74.8824
      ],
      [
       95.25,
       74.8958
      ],
      [
       95.5,
       74.9093
      ],
      [
       95.75,
       74.9229
      ],
      [
       96,
       74.9364
      ],
      [
       96.25,
       74.9493
      ],
      [
       96.5,
       74.9634
      ],
      [
       96.75,
       74.9777
      ],
      [
       97,
       74.9923
      ],
      [
       97.1315,
       75
      ],
      [
       97.25,
       75.0068
      ],
      [
       97.5,
       75.0186
      ],
      [
       97.75,
       75.0303
      ],
      [
       98,
       75.0408
      ],
      [
       98.25,
       75.0502
      ],
      [
       98.5,
       75.0587
      ],
      [
       98.75,
       75.0657
      ],
      [
       99,
       75.0728
      ],
      [
       99.25,
       75.0792
      ],
      [
       99.5,
       75.0851
      ],
      [
       99.75,
       75.0906
      ],
      [
       100,
       75.0951
      ],
      [
       100.25,
       75.0998
      ],
      [
       100.5,
       75.1041
      ],
      [
       100.75,
       75.1088
      ],
      [
       101,
       75.1143
      ],
      [
       101.25,
       75.1203
      ],
      [
       101.5,
       75.1268
      ],
      [
       101.75,
       75.1338
      ],
      [
       102,
       75.1406
      ],
      [
       102.25,
       75.148
      ],
      [
       102.5,
       75.1549
      ],
      [
       102.75,
       75.1623
      ],
      [
       103,
       75.1694
      ],
      [
       103.25,
       75.1772
      ],
      [
       103.5,
       75.1845
      ],
      [
       103.75,
       75.1925
      ],
      [
       104,
       75.1999
      ],
      [
       104.25,
       75.2082
      ],
      [
       104.5,
       75.2159
      ],
      [
       104.75,
       75.2238
      ],
      [
       105,
       75.2327
      ],
      [
       105.25,
       75.2409
      ],
      [
       105.4916,
       75.25
      ],
      [
       105.75,
       75.2295
      ],
      [
       106,
       75.2199
      ],
      [
       106.25,
       75.2113
      ],
      [
       106.5,
       75.2022
      ],
      [
       106.75,
       75.1939
      ],
      [
       107,
       75.1852
      ],
      [
       107.25,
       75.1767
      ],
      [
       107.5,
       75.1689
      ],
      [
       107.75,
       75.1608
      ],
      [
       108,
       75.153
      ],
      [
       108.25,
       75.1451
      ],
      [
       108.5,
       75.1377
      ],
      [
       108.75,
       75.1301
      ],
      [
       109,
       75.1229
      ],
      [
       109.25,
       75.1153
      ],
      [
       109.5,
       75.1086
      ],
      [
       109.75,
       75.1043
      ],
      [
       110,
       75.1001
      ],
      [
       110.25,
       75.0957
      ],
      [
       110.5,
       75.0909
      ],
      [
       110.75,
       75.0853
      ],
      [
       111,
       75.0797
      ],
      [
       111.25,
       75.0736
      ],
      [
       111.5,
       75.067
      ],
      [
       111.75,
       75.0598
      ],
      [
       112,
       75.0512
      ],
      [
       112.25,
       75.0426
      ],
      [
       112.5,
       75.033
      ],
      [
       112.75,
       75.0225
      ],
      [
       113,
       75.0108
      ],
      [
       113.19,
       75
      ],
      [
       113.25,
       74.9962
      ],
      [
       113.5,
       74.9816
      ],
      [
       113.75,
       74.9671
      ],
      [
       114,
       74.9529
      ],
      [
       114.25,
       74.9389
      ],
      [
       114.5,
       74.9241
      ],
      [
       114.75,
       74.9104
      ],
      [
       115,
       74.8969
      ],
      [
       115.25,
       74.8835
      ],
      [
       115.5,
       74.8696
      ],
      [
       115.75,
       74.8558
      ],
      [
       116,
       74.8426
      ],
      [
       116.25,
       74.8296
      ],
      [
       116.5,
       74.8165
      ],
      [
       116.75,
       74.8036
      ],
      [
       117,
       74.7906
      ],
      [
       117.25,
       74.7765
      ],
      [
       117.5,
       74.7636
      ],
      [
       117.75,
       74.7504
      ],
      [
       118,
       74.732
      ],
      [
       118.25,
       74.7137
      ],
      [
       118.5,
       74.6956
      ],
      [
       118.75,
       74.6777
      ],
      [
       119,
       74.66
      ],
      [
       119.25,
       74.6408
      ],
      [
       119.5,
       74.6234
      ],
      [
       119.75,
       74.6061
      ],
      [
       120,
       74.5889
      ],
      [
       120.25,
       74.5718
      ],
      [
       120.5,
       74.5547
      ],
      [
       120.75,
       74.5377
      ],
      [
       121,
       74.5206
      ],
      [
       121.25,
       74.5036
      ],
      [
       121.2985,
       74.5
      ],
      [
       121.5,
       74.4808
      ],
      [
       121.75,
       74.4593
      ],
      [
       122,
       74.438
      ],
      [
       122.25,
       74.4169
      ],
      [
       122.5,
       74.3952
      ],
      [
       122.75,
       74.3743
      ],
      [
       123,
       74.3535
      ],
      [
       123.25,
       74.3328
      ],
      [
       123.5,
       74.3122
      ],
      [
       123.75,
       74.2914
      ],
      [
       124,
       74.271
      ],
      [
       124.25,
       74.2506
      ],
      [
       124.5,
       74.2258
      ],
      [
       124.75,
       74.2011
      ],
      [
       125,
       74.175
      ],
      [
       125.25,
       74.151
      ],
      [
       125.5,
       74.1271
      ],
      [
       125.75,
       74.1034
      ],
      [
       126,
       74.0798
      ],
      [
       126.25,
       74.0563
      ],
      [
       126.5,
       74.0329
      ],
      [
       126.75,
       74.0073
      ],
      [
       126.8264,
       74
      ],
      [
       127,
       73.9809
      ],
      [
       127.25,
       73.9537
      ],
      [
       127.5,
       73.9267
      ],
      [
       127.75,
       73.899
      ],
      [
       128,
       73.8721
      ],
      [
       128.25,
       73.8454
      ],
      [
       128.5,
       73.8188
      ],
      [
       128.75,
       73.7923
      ],
      [
       129,
       73.7657
      ],
      [
       129.1479,
       73.75
      ],
      [
       129.25,
       73.7376
      ],
      [
       129.5,
       73.7076
      ],
      [
       129.75,
       73.6778
      ],
      [
       130,
       73.6482
      ],
      [
       130.25,
       73.6188
      ],
      [
       130.5,
       73.5896
      ],
      [
       130.75,
       73.5583
      ],
      [
       131,
       73.5285
      ],
      [
       131.2441,
       73.5
      ],
      [
       131.2441,
       73.5
      ],
      [
       131.5,
       73.4668
      ],
      [
       131.75,
       73.4346
      ],
      [
       132,
       73.4015
      ],
      [
       132.25,
       73.3694
      ],
      [
       132.5,
       73.3374
      ],
      [
       132.75,
       73.3055
      ],
      [
       133,
       73.2736
      ],
      [
       133.1839,
       73.25
      ],
      [
       133.25,
       73.2407
      ],
      [
       133.5,
       73.2056
      ],
      [
       133.75,
       73.1708
      ],
      [
       134,
       73.1362
      ],
      [
       134.25,
       73.1018
      ],
      [
       134.5,
       73.0675
      ],
      [
       134.75,
       73.0331
      ],
      [
       134.9901,
       73
      ],
      [
       134.9901,
       73
      ],
      [
       135.25,
       72.9612
      ],
      [
       135.5,
       72.9231
      ],
      [
       135.75,
       72.8858
      ],
      [
       136,
       72.8486
      ],
      [
       136.25,
       72.8106
      ],
      [
       136.5,
       72.7739
      ],
      [
       136.6623,
       72.75
      ],
      [
       136.75,
       72.736
      ],
      [
       137,
       72.6962
      ],
      [
       137.25,
       72.6567
      ],
      [
       137.5,
       72.6174
      ],
      [
       137.75,
       72.5782
      ],
      [
       138,
       72.5389
      ],
      [
       138.2466,
       72.5
      ],
      [
       138.2466,
       72.5
      ],
      [
       138.5,
       72.4573
      ],
      [
       138.75,
       72.4155
      ],
      [
       139,
       72.3739
      ],
      [
       139.25,
       72.3323
      ],
      [
       139.5,
       72.2907
      ],
      [
       139.7428,
       72.25
      ],
      [
       139.7428,
       72.25
      ],
      [
       140,
       72.2049
      ],
      [
       140.25,
       72.1612
      ],
      [
       140.5,
       72.1177
      ],
      [
       140.75,
       72.0742
      ],
      [
       141,
       72.0306
      ],
      [
       141.1743,
       72
      ],
      [
       141.25,
       71.9861
      ],
      [
       141.5,
       71.9392
      ],
      [
       141.75,
       71.8928
      ],
      [
       142,
       71.8464
      ],
      [
       142.25,
       71.8
      ],
      [
       142.5,
       71.7532
      ],
      [
       142.75,
       71.7052
      ],
      [
       143,
       71.6573
      ],
      [
       143.25,
       71.6095
      ],
      [
       143.5,
       71.5615
      ],
      [
       143.75,
       71.5133
      ],
      [
       143.8184,
       71.5
      ],
      [
       144,
       71.4632
      ],
      [
       144.25,
       71.4128
      ],
      [
       144.5,
       71.3625
      ],
      [
       144.75,
       71.312
      ],
      [
       145,
       71.2611
      ],
      [
       145.0541,
       71.25
      ],
      [
       145.25,
       71.209
      ],
      [
       145.5,
       71.1569
      ],
      [
       145.75,
       71.1048
      ],
      [
       146,
       71.0524
      ],
      [
       146.2478,
       71
      ],
      [
       146.2478,
       71
      ],
      [
       146.5,
       70.9455
      ],
      [
       146.75,
       70.8916
      ],
      [
       147,
       70.8375
      ],
      [
       147.25,
       70.783
      ],
      [
       147.4002,
       70.75
      ],
      [
       147.5,
       70.7276
      ],
      [
       147.75,
       70.6716
      ],
      [
       148,
       70.6156
      ],
      [
       148.25,
       70.5593
      ],
      [
       148.5,
       70.5023
      ],
      [
       148.75,
       70.4455
      ],
      [
       149,
       70.3887
      ],
      [
       149.25,
       70.3316
      ],
      [
       149.5,
       70.2686
      ],
      [
       149.5785,
       70.25
      ],
      [
       149.75,
       70.2095
      ],
      [
       150,
       70.1505
      ],
      [
       150.25,
       70.0912
      ],
      [
       150.5,
       70.0312
      ],
      [
       150.6288,
       70
      ],
      [
       150.75,
       69.9701
      ],
      [
       151,
       69.9088
      ],
      [
       151.25,
       69.8471
      ],
      [
       151.5,
       69.7846
      ],
      [
       151.6372,
       69.75
      ],
      [
       151.75,
       69.7217
      ],
      [
       152,
       69.6594
      ],
      [
       152.25,
       69.5966
      ],
      [
       152.5,
       69.5329
      ],
      [
       152.6279,
       69.5
      ],
      [
       152.75,
       69.4689
      ],
      [
       153,
       69.4031
      ],
      [
       153.25,
       69.3374
      ],
      [
       153.5,
       69.2707
      ],
      [
       153.577,
       69.25
      ],
      [
       153.75,
       69.2053
      ],
      [
       154,
       69.1408
      ],
      [
       154.25,
       69.0754
      ],
      [
       154.5,
       69.0087
      ],
      [
       154.5327,
       69
      ],
      [
       154.75,
       68.9416
      ],
      [
       155,
       68.874
      ],
      [
       155.25,
       68.8054
      ],
      [
       155.448,
       68.75
      ],
      [
       155.5,
       68.7357
      ],
      [
       155.75,
       68.6673
      ],
      [
       156,
       68.5982
      ],
      [
       156.25,
       68.5276
      ],
      [
       156.347,
       68.5
      ],
      [
       156.5,
       68.4573
      ],
      [
       156.75,
       68.3876
      ],
      [
       157,
       68.3166
      ],
      [
       157.2289,
       68.25
      ],
      [
       157.2289,
       68.25
      ],
      [
       157.5,
       68.1735
      ],
      [
       157.75,
       68.102
      ],
      [
       158,
       68.028
      ],
      [
       158.0973,
       68
      ],
      [
       158.25,
       67.9561
      ],
      [
       158.5,
       67.884
      ],
      [
       158.75,
       67.8088
      ],
      [
       158.95,
       67.75
      ],
      [
       159,
       67.7353
      ],
      [
       159.25,
       67.6626
      ],
      [
       159.5,
       67.5885
      ],
      [
       159.75,
       67.5121
      ],
      [
       159.7897,
       67.5
      ],
      [
       160,
       67.4381
      ],
      [
       160.25,
       67.3636
      ],
      [
       160.5,
       67.2868
      ],
      [
       160.6186,
       67.25
      ],
      [
       160.75,
       67.2118
      ],
      [
       161,
       67.1394
      ],
      [
       161.25,
       67.0649
      ],
      [
       161.4609,
       67
      ],
      [
       161.5,
       66.9884
      ],
      [
       161.75,
       66.9161
      ],
      [
       162,
       66.8419
      ],
      [
       162.25,
       66.7647
      ],
      [
       162.2978,
       66.75
      ],
      [
       162.5,
       66.6912
      ],
      [
       162.75,
       66.6176
      ],
      [
       163,
       66.5413
      ],
      [
       163.133,
       66.5
      ],
      [
       163.25,
       66.4668
      ],
      [
       163.5,
       66.3967
      ],
      [
       163.75,
       66.3183
      ],
      [
       163.9692,
       66.25
      ],
      [
       163.9692,
       66.25
      ],
      [
       164.25,
       66.1731
      ],
      [
       164.5,
       66.1031
      ],
      [
       164.75,
       66.0301
      ],
      [
       164.853,
       66
      ],
      [
       165,
       65.962
      ],
      [
       165.25,
       65.8986
      ],
      [
       165.5,
       65.8334
      ],
      [
       165.75,
       65.765
      ],
      [
       165.8069,
       65.75
      ],
      [
       166,
       65.7036
      ],
      [
       166.25,
       65.6454
      ],
      [
       166.5,
       65.5872
      ],
      [
       166.75,
       65.5278
      ],
      [
       166.8796,
       65.5
      ],
      [
       167,
       65.4783
      ],
      [
       167.25,
       65.4416
      ],
      [
       167.5,
       65.4135
      ],
      [
       167.75,
       65.4005
      ],
      [
       168,
       65.4164
      ],
      [
       168.25,
       65.4666
      ],
      [
       168.364,
       65.5
      ],
      [
       168.5,
       65.5432
      ],
      [
       168.75,
       65.6223
      ],
      [
       169,
       65.7008
      ],
      [
       169.1576,
       65.75
      ],
      [
       169.25,
       65.7789
      ],
      [
       169.5,
       65.8566
      ],
      [
       169.75,
       65.9338
      ],
      [
       169.9657,
       66
      ],
      [
       170,
       66.0105
      ],
      [
       170.25,
       66.0869
      ],
      [
       170.5,
       66.1628
      ],
      [
       170.75,
       66.2382
      ],
      [
       170.7893,
       66.25
      ],
      [
       171,
       66.3133
      ],
      [
       171.25,
       66.3878
      ],
      [
       171.5,
       66.4619
      ],
      [
       171.6293,
       66.5
      ],
      [
       171.75,
       66.5356
      ],
      [
       172,
       66.6088
      ],
      [
       172.25,
       66.6816
      ],
      [
       172.4867,
       66.75
      ],
      [
       172.5,
       66.7539
      ],
      [
       172.75,
       66.8258
      ],
      [
       173,
       66.8973
      ],
      [
       173.25,
       66.9682
      ],
      [
       173.3626,
       67
      ],
      [
       173.5,
       67.0388
      ],
      [
       173.75,
       67.109
      ],
      [
       174,
       67.1787
      ],
      [
       174.25,
       67.2479
      ],
      [
       174.2578,
       67.25
      ],
      [
       174.5,
       67.3167
      ],
      [
       174.75,
       67.3851
      ],
      [
       175,
       67.453
      ],
      [
       175.1742,
       67.5
      ],
      [
       175.25,
       67.5205
      ],
      [
       175.5,
       67.5876
      ],
      [
       175.75,
       67.6542
      ],
      [
       176,
       67.7203
      ],
      [
       176.1129,
       67.75
      ],
      [
       176.25,
       67.7861
      ],
      [
       176.5,
       67.8515
      ],
      [
       176.75,
       67.9163
      ],
      [
       177,
       67.9807
      ],
      [
       177.0752,
       68
      ],
      [
       177.25,
       68.0448
      ],
      [
       177.5,
       68.1084
      ],
      [
       177.75,
       68.1716
      ],
      [
       178,
       68.2343
      ],
      [
       178.0631,
       68.25
      ],
      [
       178.25,
       68.2966
      ],
      [
       178.5,
       68.3585
      ],
      [
       178.75,
       68.42
      ],
      [
       179,
       68.481
      ],
      [
       179.0785,
       68.5
      ],
      [
       179.25,
       68.5416
      ],
      [
       179.5,
       68.6018
      ],
      [
       179.75,
       68.6616
      ],
      [
       180,
       68.7209
      ],
      [
       180,
       90
      ],
      [
       -180,
       90
      ],
      [
       -180,
       68.7209
      ]
     ]
    ]
   }
  },
  {
   "type": "Feature",
   "properties": {
    "kind": "partial",
    "obscuration": 0.7,
    "percent": 70,
    "title": "70% of the solar disc obscured"
   },
   "geometry": {
    "type": "Polygon",
    "coordinates": [
     [
      [
       -180,
       73.4144
      ],
      [
       -179.75,
       73.4642
      ],
      [
       -179.5685,
       73.5
      ],
      [
       -179.5,
       73.5135
      ],
      [
       -179.25,
       73.5626
      ],
      [
       -179,
       73.6113
      ],
      [
       -178.75,
       73.6596
      ],
      [
       -178.5,
       73.7073
      ],
      [
       -178.25,
       73.7548
      ],
      [
       -178,
       73.8019
      ],
      [
       -177.75,
       73.8486
      ],
      [
       -177.5,
       73.8949
      ],
      [
       -177.25,
       73.9408
      ],
      [
       -177,
       73.9863
      ],
      [
       -176.9241,
       74
      ],
      [
       -176.75,
       74.0314
      ],
      [
       -176.5,
       74.0762
      ],
      [
       -176.25,
       74.1207
      ],
      [
       -176,
       74.1647
      ],
      [
       -175.75,
       74.2083
      ],
      [
       -175.5,
       74.2515
      ],
      [
       -175.25,
       74.2945
      ],
      [
       -175,
       74.3371
      ],
      [
       -174.75,
       74.3793
      ],
      [
       -174.5,
       74.4211
      ],
      [
       -174.25,
       74.4625
      ],
      [
       -174,
       74.5036
      ],
      [
       -173.75,
       74.5444
      ],
      [
       -173.5,
       74.5848
      ],
      [
       -173.25,
       74.6249
      ],
      [
       -173,
       74.6646
      ],
      [
       -172.75,
       74.7039
      ],
      [
       -172.5,
       74.7429
      ],
      [
       -172.4541,
       74.75
      ],
      [
       -172.25,
       74.7816
      ],
      [
       -172,
       74.82
      ],
      [
       -171.75,
       74.858
      ],
      [
       -171.5,
       74.8957
      ],
      [
       -171.25,
       74.933
      ],
      [
       -171,
       74.9699
      ],
      [
       -170.795,
       75
      ],
      [
       -170.75,
       75.0066
      ],
      [
       -170.5,
       75.043
      ],
      [
       -170.25,
       75.079
      ],
      [
       -170,
       75.1147
      ],
      [
       -169.75,
       75.15
      ],
      [
       -169.5,
       75.1851
      ],
      [
       -169.25,
       75.2198
      ],
      [
       -169,
       75.2542
      ],
      [
       -168.75,
       75.2883
      ],
      [
       -168.5,
       75.3221
      ],
      [
       -168.25,
       75.3555
      ],
      [
       -168,
       75.3887
      ],
      [
       -167.75,
       75.4215
      ],
      [
       -167.5,
       75.454
      ],
      [
       -167.25,
       75.4862
      ],
      [
       -167.142,
       75.5
      ],
      [
       -167,
       75.5182
      ],
      [
       -166.75,
       75.5498
      ],
      [
       -166.5,
       75.5812
      ],
      [
       -166.25,
       75.6122
      ],
      [
       -166,
       75.643
      ],
      [
       -165.75,
       75.6734
      ],
      [
       -165.5,
       75.7035
      ],
      [
       -165.25,
       75.7334
      ],
      [
       -165.1091,
       75.75
      ],
      [
       -165,
       75.7629
      ],
      [
       -164.75,
       75.7922
      ],
      [
       -164.5,
       75.8212
      ],
      [
       -164.25,
       75.8499
      ],
      [
       -164,
       75.8784
      ],
      [
       -163.75,
       75.9065
      ],
      [
       -163.5,
       75.9344
      ],
      [
       -163.25,
       75.9619
      ],
      [
       -163,
       75.9892
      ],
      [
       -162.8999,
       76
      ],
      [
       -162.75,
       76.0162
      ],
      [
       -162.5,
       76.043
      ],
      [
       -162.25,
       76.0695
      ],
      [
       -162,
       76.0957
      ],
      [
       -161.75,
       76.1217
      ],
      [
       -161.5,
       76.1474
      ],
      [
       -161.25,
       76.1728
      ],
      [
       -161,
       76.1979
      ],
      [
       -160.75,
       76.2227
      ],
      [
       -160.4728,
       76.25
      ],
      [
       -160.25,
       76.2717
      ],
      [
       -160,
       76.2958
      ],
      [
       -159.75,
       76.3197
      ],
      [
       -159.5,
       76.3433
      ],
      [
       -159.25,
       76.3666
      ],
      [
       -159,
       76.3897
      ],
      [
       -158.75,
       76.4125
      ],
      [
       -158.5,
       76.4351
      ],
      [
       -158.25,
       76.4573
      ],
      [
       -158,
       76.4794
      ],
      [
       -157.75,
       76.5011
      ],
      [
       -157.5,
       76.5228
      ],
      [
       -157.25,
       76.5441
      ],
      [
       -157,
       76.5652
      ],
      [
       -156.75,
       76.5861
      ],
      [
       -156.5,
       76.6066
      ],
      [
       -156.25,
       76.627
      ],
      [
       -156,
       76.6471
      ],
      [
       -155.75,
       76.667
      ],
      [
       -155.5,
       76.6866
      ],
      [
       -155.25,
       76.706
      ],
      [
       -155,
       76.7251
      ],
      [
       -154.75,
       76.7441
      ],
      [
       -154.6703,
       76.75
      ],
      [
       -154.5,
       76.7627
      ],
      [
       -154.25,
       76.7812
      ],
      [
       -154,
       76.7995
      ],
      [
       -153.75,
       76.8175
      ],
      [
       -153.5,
       76.8353
      ],
      [
       -153.25,
       76.8528
      ],
      [
       -153,
       76.8701
      ],
      [
       -152.75,
       76.8872
      ],
      [
       -152.5,
       76.9041
      ],
      [
       -152.25,
       76.9207
      ],
      [
       -152,
       76.9371
      ],
      [
       -151.75,
       76.9533
      ],
      [
       -151.5,
       76.9692
      ],
      [
       -151.25,
       76.985
      ],
      [
       -151,
       77.0005
      ],
      [
       -150.75,
       77.0158
      ],
      [
       -150.5,
       77.0309
      ],
      [
       -150.25,
       77.0458
      ],
      [
       -150,
       77.0605
      ],
      [
       -149.75,
       77.0749
      ],
      [
       -149.5,
       77.0892
      ],
      [
       -149.25,
       77.1032
      ],
      [
       -149,
       77.117
      ],
      [
       -148.75,
       77.1306
      ],
      [
       -148.5,
       77.1439
      ],
      [
       -148.25,
       77.1571
      ],
      [
       -148,
       77.17
      ],
      [
       -147.75,
       77.1828
      ],
      [
       -147.5,
       77.1953
      ],
      [
       -147.25,
       77.2076
      ],
      [
       -147,
       77.2197
      ],
      [
       -146.75,
       77.2316
      ],
      [
       -146.5,
       77.2433
      ],
      [
       -146.3531,
       77.25
      ],
      [
       -146.25,
       77.2547
      ],
      [
       -146,
       77.2661
      ],
      [
       -145.75,
       77.2771
      ],
      [
       -145.5,
       77.288
      ],
      [
       -145.25,
       77.2987
      ],
      [
       -145,
       77.3092
      ],
      [
       -144.75,
       77.3195
      ],
      [
       -144.5,
       77.3296
      ],
      [
       -144.25,
       77.3394
      ],
      [
       -144,
       77.3491
      ],
      [
       -143.75,
       77.3586
      ],
      [
       -143.5,
       77.3678
      ],
      [
       -143.25,
       77.3769
      ],
      [
       -143,
       77.3858
      ],
      [
       -142.75,
       77.3944
      ],
      [
       -142.5,
       77.4029
      ],
      [
       -142.25,
       77.4112
      ],
      [
       -142,
       77.4193
      ],
      [
       -141.75,
       77.4271
      ],
      [
       -141.5,
       77.4348
      ],
      [
       -141.25,
       77.4423
      ],
      [
       -141,
       77.4496
      ],
      [
       -140.75,
       77.4566
      ],
      [
       -140.5,
       77.4635
      ],
      [
       -140.25,
       77.4702
      ],
      [
       -140,
       77.4767
      ],
      [
       -139.75,
       77.483
      ],
      [
       -139.5,
       77.4891
      ],
      [
       -139.25,
       77.4951
      ],
      [
       -139.0347,
       77.5
      ],
      [
       -139,
       77.5008
      ],
      [
       -138.75,
       77.5064
      ],
      [
       -138.5,
       77.5117
      ],
      [
       -138.25,
       77.5169
      ],
      [
       -138,
       77.5219
      ],
      [
       -137.75,
       77.5266
      ],
      [
       -137.5,
       77.5312
      ],
      [
       -137.25,
       77.5356
      ],
      [
       -137,
       77.5398
      ],
      [
       -136.75,
       77.5439
      ],
      [
       -136.5,
       77.5477
      ],
      [
       -136.25,
       77.5513
      ],
      [
       -136,
       77.5548
      ],
      [
       -135.75,
       77.558
      ],
      [
       -135.5,
       77.5611
      ],
      [
       -135.25,
       77.564
      ],
      [
       -135,
       77.5666
      ],
      [
       -134.75,
       77.5691
      ],
      [
       -134.5,
       77.5714
      ],
      [
       -134.25,
       77.5735
      ],
      [
       -134,
       77.5754
      ],
      [
       -133.75,
       77.5772
      ],
      [
       -133.5,
       77.5787
      ],
      [
       -133.25,
       77.5801
      ],
      [
       -133,
       77.5813
      ],
      [
       -132.75,
       77.5822
      ],
      [
       -132.5,
       77.583
      ],
      [
       -132.25,
       77.5836
      ],
      [
       -132,
       77.584
      ],
      [
       -131.75,
       77.5842
      ],
      [
       -131.5,
       77.5842
      ],
      [
       -131.25,
       77.5841
      ],
      [
       -131,
       77.5837
      ],
      [
       -130.75,
       77.5831
      ],
      [
       -130.5,
       77.5824
      ],
      [
       -130.25,
       77.5815
      ],
      [
       -130,
       77.5804
      ],
      [
       -129.75,
       77.5791
      ],
      [
       -129.5,
       77.5776
      ],
      [
       -129.25,
       77.5759
      ],
      [
       -129,
       77.574
      ],
      [
       -128.75,
       77.5719
      ],
      [
       -128.5,
       77.5696
      ],
      [
       -128.25,
       77.5672
      ],
      [
       -128,
       77.5645
      ],
      [
       -127.75,
       77.5617
      ],
      [
       -127.5,
       77.5587
      ],
      [
       -127.25,
       77.5554
      ],
      [
       -127,
       77.552
      ],
      [
       -126.75,
       77.5484
      ],
      [
       -126.5,
       77.5446
      ],
      [
       -126.25,
       77.5406
      ],
      [
       -126,
       77.5364
      ],
      [
       -125.75,
       77.532
      ],
      [
       -125.5,
       77.5274
      ],
      [
       -125.25,
       77.5226
      ],
      [
       -125,
       77.5176
      ],
      [
       -124.75,
       77.5124
      ],
      [
       -124.5,
       77.507
      ],
      [
       -124.25,
       77.5015
      ],
      [
       -124.1869,
       77.5
      ],
      [
       -124,
       77.4957
      ],
      [
       -123.75,
       77.4898
      ],
      [
       -123.5,
       77.4836
      ],
      [
       -123.25,
       77.4773
      ],
      [
       -123,
       77.4707
      ],
      [
       -122.75,
       77.464
      ],
      [
       -122.5,
       77.457
      ],
      [
       -122.25,
       77.4499
      ],
      [
       -122,
       77.4425
      ],
      [
       -121.75,
       77.435
      ],
      [
       -121.5,
       77.4272
      ],
      [
       -121.25,
       77.4192
      ],
      [
       -121,
       77.4111
      ],
      [
       -120.75,
       77.4027
      ],
      [
       -120.5,
       77.3941
      ],
      [
       -120.25,
       77.3853
      ],
      [
       -120,
       77.3763
      ],
      [
       -119.75,
       77.3671
      ],
      [
       -119.5,
       77.3577
      ],
      [
       -119.25,
       77.3481
      ],
      [
       -119,
       77.3383
      ],
      [
       -118.75,
       77.3282
      ],
      [
       -118.5,
       77.3179
      ],
      [
       -118.25,
       77.3075
      ],
      [
       -118,
       77.2968
      ],
      [
       -117.75,
       77.2859
      ],
      [
       -117.5,
       77.2748
      ],
      [
       -117.25,
       77.2634
      ],
      [
       -117,
       77.2519
      ],
      [
       -116.9602,
       77.25
      ],
      [
       -116.75,
       77.2401
      ],
      [
       -116.5,
       77.2282
      ],
      [
       -116.25,
       77.216
      ],
      [
       -116,
       77.2036
      ],
      [
       -115.75,
       77.191
      ],
      [
       -115.5,
       77.1782
      ],
      [
       -115.25,
       77.1652
      ],
      [
       -115,
       77.1519
      ],
      [
       -114.75,
       77.1384
      ],
      [
       -114.5,
       77.1246
      ],
      [
       -114.25,
       77.1107
      ],
      [
       -114,
       77.0964
      ],
      [
       -113.75,
       77.082
      ],
      [
       -113.5,
       77.0673
      ],
      [
       -113.25,
       77.0524
      ],
      [
       -113,
       77.0373
      ],
      [
       -112.75,
       77.0219
      ],
      [
       -112.5,
       77.0063
      ],
      [
       -112.4002,
       77
      ],
      [
       -112.25,
       76.9905
      ],
      [
       -112,
       76.9745
      ],
      [
       -111.75,
       76.9582
      ],
      [
       -111.5,
       76.9417
      ],
      [
       -111.25,
       76.925
      ],
      [
       -111,
       76.908
      ],
      [
       -110.75,
       76.8907
      ],
      [
       -110.5,
       76.8732
      ],
      [
       -110.25,
       76.8554
      ],
      [
       -110,
       76.8374
      ],
      [
       -109.75,
       76.8192
      ],
      [
       -109.5,
       76.8007
      ],
      [
       -109.25,
       76.7819
      ],
      [
       -109,
       76.7629
      ],
      [
       -108.8335,
       76.75
      ],
      [
       -108.75,
       76.7436
      ],
      [
       -108.5,
       76.7241
      ],
      [
       -108.25,
       76.7044
      ],
      [
       -108,
       76.6844
      ],
      [
       -107.75,
       76.6641
      ],
      [
       -107.5,
       76.6436
      ],
      [
       -107.25,
       76.6227
      ],
      [
       -107,
       76.6017
      ],
      [
       -106.75,
       76.5803
      ],
      [
       -106.5,
       76.5587
      ],
      [
       -106.25,
       76.5368
      ],
      [
       -106,
       76.5145
      ],
      [
       -105.8381,
       76.5
      ],
      [
       -105.75,
       76.4921
      ],
      [
       -105.5,
       76.4695
      ],
      [
       -105.25,
       76.4465
      ],
      [
       -105,
       76.4232
      ],
      [
       -104.75,
       76.3997
      ],
      [
       -104.5,
       76.3759
      ],
      [
       -104.25,
       76.3518
      ],
      [
       -104,
       76.3273
      ],
      [
       -103.75,
       76.3026
      ],
      [
       -103.5,
       76.2776
      ],
      [
       -103.2282,
       76.25
      ],
      [
       -103,
       76.2267
      ],
      [
       -102.75,
       76.2009
      ],
      [
       -102.5,
       76.1747
      ],
      [
       -102.25,
       76.1482
      ],
      [
       -102,
       76.1215
      ],
      [
       -101.75,
       76.0944
      ],
      [
       -101.5,
       76.0669
      ],
      [
       -101.25,
       76.0392
      ],
      [
       -101,
       76.0111
      ],
      [
       -100.902,
       76
      ],
      [
       -100.75,
       75.9828
      ],
      [
       -100.5,
       75.9542
      ],
      [
       -100.25,
       75.9252
      ],
      [
       -100,
       75.8959
      ],
      [
       -99.75,
       75.8663
      ],
      [
       -99.5,
       75.8363
      ],
      [
       -99.25,
       75.806
      ],
      [
       -99,
       75.7753
      ],
      [
       -98.796,
       75.75
      ],
      [
       -98.75,
       75.7443
      ],
      [
       -98.5,
       75.7131
      ],
      [
       -98.25,
       75.6814
      ],
      [
       -98,
       75.6495
      ],
      [
       -97.75,
       75.6171
      ],
      [
       -97.5,
       75.5844
      ],
      [
       -97.25,
       75.5513
      ],
      [
       -97,
       75.5179
      ],
      [
       -96.8677,
       75.5
      ],
      [
       -96.75,
       75.4841
      ],
      [
       -96.5,
       75.45
      ],
      [
       -96.25,
       75.4156
      ],
      [
       -96,
       75.3807
      ],
      [
       -95.75,
       75.3455
      ],
      [
       -95.5,
       75.3098
      ],
      [
       -95.25,
       75.2738
      ],
      [
       -95.0866,
       75.25
      ],
      [
       -95,
       75.2374
      ],
      [
       -94.75,
       75.2007
      ],
      [
       -94.5,
       75.1636
      ],
      [
       -94.25,
       75.1261
      ],
      [
       -94,
       75.0881
      ],
      [
       -93.75,
       75.0497
      ],
      [
       -93.5,
       75.0109
      ],
      [
       -93.4302,
       75
      ],
      [
       -93.25,
       74.9718
      ],
      [
       -93,
       74.9323
      ],
      [
       -92.75,
       74.8924
      ],
      [
       -92.5,
       74.852
      ],
      [
       -92.25,
       74.8112
      ],
      [
       -92,
       74.7698
      ],
      [
       -91.8809,
       74.75
      ],
      [
       -91.75,
       74.7282
      ],
      [
       -91.5,
       74.6862
      ],
      [
       -91.25,
       74.6437
      ],
      [
       -91,
       74.6007
      ],
      [
       -90.75,
       74.5572
      ],
      [
       -90.5,
       74.5132
      ],
      [
       -90.4253,
       74.5
      ],
      [
       -90.25,
       74.469
      ],
      [
       -90,
       74.4242
      ],
      [
       -89.75,
       74.379
      ],
      [
       -89.5,
       74.3333
      ],
      [
       -89.25,
       74.287
      ],
      [
       -89.0519,
       74.25
      ],
      [
       -89,
       74.2403
      ],
      [
       -88.75,
       74.1932
      ],
      [
       -88.5,
       74.1456
      ],
      [
       -88.25,
       74.0975
      ],
      [
       -88,
       74.0488
      ],
      [
       -87.7522,
       74
      ],
      [
       -87.75,
       73.9996
      ],
      [
       -87.5,
       73.95
      ],
      [
       -87.25,
       73.8999
      ],
      [
       -87,
       73.8493
      ],
      [
       -86.75,
       73.798
      ],
      [
       -86.5183,
       73.75
      ],
      [
       -86.5,
       73.7462
      ],
      [
       -86.25,
       73.694
      ],
      [
       -86,
       73.6413
      ],
      [
       -85.75,
       73.588
      ],
      [
       -85.5,
       73.534
      ],
      [
       -85.3439,
       73.5
      ],
      [
       -85.25,
       73.4795
      ],
      [
       -85,
       73.4246
      ],
      [
       -84.75,
       73.3691
      ],
      [
       -84.5,
       73.3129
      ],
      [
       -84.2234,
       73.25
      ],
      [
       -84,
       73.1989
      ],
      [
       -83.75,
       73.141
      ],
      [
       -83.5,
       73.0825
      ],
      [
       -83.25,
       73.0233
      ],
      [
       -83.1524,
       73
      ],
      [
       -83,
       72.9636
      ],
      [
       -82.75,
       72.9034
      ],
      [
       -82.5,
       72.8424
      ],
      [
       -82.25,
       72.7807
      ],
      [
       -82.1266,
       72.75
      ],
      [
       -82,
       72.7185
      ],
      [
       -81.75,
       72.6557
      ],
      [
       -81.5,
       72.5922
      ],
      [
       -81.25,
       72.528
      ],
      [
       -81.1423,
       72.5
      ],
      [
       -81,
       72.4631
      ],
      [
       -80.75,
       72.3977
      ],
      [
       -80.5,
       72.3314
      ],
      [
       -80.25,
       72.2645
      ],
      [
       -80.1965,
       72.25
      ],
      [
       -80,
       72.1969
      ],
      [
       -79.75,
       72.1287
      ],
      [
       -79.5,
       72.0597
      ],
      [
       -79.2863,
       72
      ],
      [
       -79.25,
       71.9899
      ],
      [
       -79,
       71.9195
      ],
      [
       -78.75,
       71.8483
      ],
      [
       -78.5,
       71.7763
      ],
      [
       -78.4095,
       71.75
      ],
      [
       -78.25,
       71.7036
      ],
      [
       -78,
       71.6302
      ],
      [
       -77.75,
       71.556
      ],
      [
       -77.5635,
       71.5
      ],
      [
       -77.5,
       71.481
      ],
      [
       -77.25,
       71.4052
      ],
      [
       -77,
       71.3286
      ],
      [
       -76.7465,
       71.25
      ],
      [
       -76.5,
       71.173
      ],
      [
       -76.25,
       71.094
      ],
      [
       -76,
       71.014
      ],
      [
       -75.9565,
       71
      ],
      [
       -75.75,
       70.9334
      ],
      [
       -75.5,
       70.8518
      ],
      [
       -75.25,
       70.7693
      ],
      [
       -75.1921,
       70.75
      ],
      [
       -75,
       70.686
      ],
      [
       -74.75,
       70.6019
      ],
      [
       -74.5,
       70.5167
      ],
      [
       -74.4515,
       70.5
      ],
      [
       -74.25,
       70.4308
      ],
      [
       -74,
       70.3439
      ],
      [
       -73.7334,
       70.25
      ],
      [
       -73.5,
       70.1672
      ],
      [
       -73.25,
       70.0775
      ],
      [
       -73.0366,
       70
      ],
      [
       -73,
       69.9867
      ],
      [
       -72.75,
       69.8952
      ],
      [
       -72.5,
       69.8025
      ],
      [
       -72.3599,
       69.75
      ],
      [
       -72.25,
       69.7088
      ],
      [
       -72,
       69.6142
      ],
      [
       -71.75,
       69.5184
      ],
      [
       -71.7023,
       69.5
      ],
      [
       -71.5,
       69.4218
      ],
      [
       -71.25,
       69.3241
      ],
      [
       -71.0626,
       69.25
      ],
      [
       -71,
       69.2252
      ],
      [
       -70.75,
       69.1255
      ],
      [
       -70.5,
       69.0244
      ],
      [
       -70.44,
       69
      ],
      [
       -70.25,
       68.9225
      ],
      [
       -70,
       68.8193
      ],
      [
       -69.8339,
       68.75
      ],
      [
       -69.75,
       68.715
      ],
      [
       -69.5,
       68.6097
      ],
      [
       -69.243,
       68.5
      ],
      [
       -69,
       68.3954
      ],
      [
       -68.75,
       68.2865
      ],
      [
       -68.667,
       68.25
      ],
      [
       -68.5,
       68.1765
      ],
      [
       -68.25,
       68.0652
      ],
      [
       -68.105,
       68
      ],
      [
       -68,
       67.9527
      ],
      [
       -67.75,
       67.839
      ],
      [
       -67.5564,
       67.75
      ],
      [
       -67.5,
       67.724
      ],
      [
       -67.25,
       67.6079
      ],
      [
       -67.0205,
       67.5
      ],
      [
       -67,
       67.4903
      ],
      [
       -66.75,
       67.3717
      ],
      [
       -66.4969,
       67.25
      ],
      [
       -66.25,
       67.1303
      ],
      [
       -65.9849,
       67
      ],
      [
       -65.75,
       66.8835
      ],
      [
       -65.4842,
       66.75
      ],
      [
       -65.25,
       66.6313
      ],
      [
       -64.9941,
       66.5
      ],
      [
       -64.75,
       66.3736
      ],
      [
       -64.5143,
       66.25
      ],
      [
       -64.5,
       66.2425
      ],
      [
       -64.25,
       66.1102
      ],
      [
       -64.0443,
       66
      ],
      [
       -64,
       65.9762
      ],
      [
       -63.75,
       65.8409
      ],
      [
       -63.5838,
       65.75
      ],
      [
       -63.5,
       65.7041
      ],
      [
       -63.25,
       65.5658
      ],
      [
       -63.1323,
       65.5
      ],
      [
       -63,
       65.4259
      ],
      [
       -62.75,
       65.2845
      ],
      [
       -62.6895,
       65.25
      ],
      [
       -62.5,
       65.1417
      ],
      [
       -62.255,
       65
      ],
      [
       -62.25,
       64.9971
      ],
      [
       -62,
       64.8512
      ],
      [
       -61.8286,
       64.75
      ],
      [
       -61.75,
       64.7035
      ],
      [
       -61.5,
       64.5543
      ],
      [
       -61.4099,
       64.5
      ],
      [
       -61.25,
       64.4035
      ],
      [
       -60.9985,
       64.25
      ],
      [
       -60.75,
       64.0968
      ],
      [
       -60.5945,
       64
      ],
      [
       -60.5,
       63.941
      ],
      [
       -60.25,
       63.7835
      ],
      [
       -60.1972,
       63.75
      ],
      [
       -60,
       63.6244
      ],
      [
       -59.8066,
       63.5
      ],
      [
       -59.75,
       63.4635
      ],
      [
       -59.5,
       63.3009
      ],
      [
       -59.4223,
       63.25
      ],
      [
       -59.25,
       63.1367
      ],
      [
       -59.0442,
       63
      ],
      [
       -59,
       62.9706
      ],
      [
       -58.75,
       62.8028
      ],
      [
       -58.672,
       62.75
      ],
      [
       -58.5,
       62.6332
      ],
      [
       -58.3055,
       62.5
      ],
      [
       -58.25,
       62.4618
      ],
      [
       -58,
       62.2887
      ],
      [
       -57.9446,
       62.25
      ],
      [
       -57.75,
       62.1138
      ],
      [
       -57.5889,
       62
      ],
      [
       -57.5,
       61.937
      ],
      [
       -57.2384,
       61.75
      ],
      [
       -57,
       61.5781
      ],
      [
       -56.8928,
       61.5
      ],
      [
       -56.75,
       61.3958
      ],
      [
       -56.5519,
       61.25
      ],
      [
       -56.5,
       61.2117
      ],
      [
       -56.25,
       61.0258
      ],
      [
       -56.2156,
       61
      ],
      [
       -56,
       60.838
      ],
      [
       -55.8838,
       60.75
      ],
      [
       -55.75,
       60.6484
      ],
      [
       -55.5562,
       60.5
      ],
      [
       -55.5,
       60.4568
      ],
      [
       -55.2328,
       60.25
      ],
      [
       -55,
       60.0682
      ],
      [
       -54.9133,
       60
      ],
      [
       -54.75,
       59.8711
      ],
      [
       -54.5977,
       59.75
      ],
      [
       -54.5,
       59.6721
      ],
      [
       -54.2858,
       59.5
      ],
      [
       -54.25,
       59.4712
      ],
      [
       -53.9774,
       59.25
      ],
      [
       -53.75,
       59.0639
      ],
      [
       -53.6725,
       59
      ],
      [
       -53.5,
       58.8575
      ],
      [
       -53.3709,
       58.75
      ],
      [
       -53.25,
       58.6492
      ],
      [
       -53.0724,
       58.5
      ],
      [
       -53,
       58.439
      ],
      [
       -52.7771,
       58.25
      ],
      [
       -52.75,
       58.2269
      ],
      [
       -52.4847,
       58
      ],
      [
       -52.25,
       57.7975
      ],
      [
       -52.1952,
       57.75
      ],
      [
       -52,
       57.5802
      ],
      [
       -51.9084,
       57.5
      ],
      [
       -51.75,
       57.361
      ],
      [
       -51.6243,
       57.25
      ],
      [
       -51.5,
       57.14
      ],
      [
       -51.3427,
       57
      ],
      [
       -51.25,
       56.9173
      ],
      [
       -51.0636,
       56.75
      ],
      [
       -51,
       56.6928
      ],
      [
       -50.7868,
       56.5
      ],
      [
       -50.75,
       56.4666
      ],
      [
       -50.5123,
       56.25
      ],
      [
       -50.5,
       56.2388
      ],
      [
       -50.2399,
       56
      ],
      [
       -49.9696,
       55.75
      ],
      [
       -49.75,
       55.5456
      ],
      [
       -49.7013,
       55.5
      ],
      [
       -49.5,
       55.3114
      ],
      [
       -49.4348,
       55.25
      ],
      [
       -49.25,
       55.0756
      ],
      [
       -49.1703,
       55
      ],
      [
       -49,
       54.8383
      ],
      [
       -48.9074,
       54.75
      ],
      [
       -48.75,
       54.5996
      ],
      [
       -48.6462,
       54.5
      ],
      [
       -48.5,
       54.3595
      ],
      [
       -48.3865,
       54.25
      ],
      [
       -48.25,
       54.118
      ],
      [
       -48.1284,
       54
      ],
      [
       -48,
       53.8752
      ],
      [
       -47.8718,
       53.75
      ],
      [
       -47.75,
       53.6311
      ],
      [
       -47.6164,
       53.5
      ],
      [
       -47.5,
       53.3857
      ],
      [
       -47.3623,
       53.25
      ],
      [
       -47.25,
       53.1392
      ],
      [
       -47.1094,
       53
      ],
      [
       -47,
       52.8916
      ],
      [
       -46.8576,
       52.75
      ],
      [
       -46.75,
       52.6429
      ],
      [
       -46.607,
       52.5
      ],
      [
       -46.5,
       52.3931
      ],
      [
       -46.3573,
       52.25
      ],
      [
       -46.25,
       52.1424
      ],
      [
       -46.1085,
       52
      ],
      [
       -46,
       51.8908
      ],
      [
       -45.8605,
       51.75
      ],
      [
       -45.75,
       51.6384
      ],
      [
       -45.6133,
       51.5
      ],
      [
       -45.5,
       51.3852
      ],
      [
       -45.367,
       51.25
      ],
      [
       -45.25,
       51.1312
      ],
      [
       -45.1212,
       51
      ],
      [
       -45,
       50.8765
      ],
      [
       -44.8761,
       50.75
      ],
      [
       -44.75,
       50.6213
      ],
      [
       -44.6314,
       50.5
      ],
      [
       -44.5,
       50.3656
      ],
      [
       -44.3872,
       50.25
      ],
      [
       -44.25,
       50.1094
      ],
      [
       -44.1434,
       50
      ],
      [
       -44,
       49.8528
      ],
      [
       -43.9,
       49.75
      ],
      [
       -43.75,
       49.5958
      ],
      [
       -43.6569,
       49.5
      ],
      [
       -43.5,
       49.3386
      ],
      [
       -43.414,
       49.25
      ],
      [
       -43.25,
       49.0812
      ],
      [
       -43.1712,
       49
      ],
      [
       -43,
       48.8238
      ],
      [
       -42.9285,
       48.75
      ],
      [
       -42.75,
       48.5662
      ],
      [
       -42.6859,
       48.5
      ],
      [
       -42.5,
       48.3086
      ],
      [
       -42.4432,
       48.25
      ],
      [
       -42.25,
       48.0511
      ],
      [
       -42.2004,
       48
      ],
      [
       -42,
       47.7938
      ],
      [
       -41.9575,
       47.75
      ],
      [
       -41.75,
       47.5367
      ],
      [
       -41.7144,
       47.5
      ],
      [
       -41.4709,
       47.25
      ],
      [
       -41.2272,
       47
      ],
      [
       -40.9831,
       46.75
      ],
      [
       -40.7385,
       46.5
      ],
      [
       -40.4933,
       46.25
      ],
      [
       -40.2477,
       46
      ],
      [
       -40.0013,
       45.75
      ],
      [
       -40,
       45.7487
      ],
      [
       -39.7543,
       45.5
      ],
      [
       -39.75,
       45.4957
      ],
      [
       -39.5064,
       45.25
      ],
      [
       -39.5,
       45.2435
      ],
      [
       -39.2578,
       45
      ],
      [
       -39.25,
       44.9922
      ],
      [
       -39.0083,
       44.75
      ],
      [
       -39,
       44.7418
      ],
      [
       -38.7578,
       44.5
      ],
      [
       -38.75,
       44.4923
      ],
      [
       -38.5062,
       44.25
      ],
      [
       -38.5,
       44.2438
      ],
      [
       -38.2537,
       44
      ],
      [
       -38.25,
       43.9964
      ],
      [
       -37.9999,
       43.75
      ],
      [
       -37.7449,
       43.5
      ],
      [
       -37.4886,
       43.25
      ],
      [
       -37.2309,
       43
      ],
      [
       -36.9718,
       42.75
      ],
      [
       -36.75,
       42.5371
      ],
      [
       -36.7113,
       42.5
      ],
      [
       -36.5,
       42.2985
      ],
      [
       -36.4491,
       42.25
      ],
      [
       -36.25,
       42.0612
      ],
      [
       -36.1853,
       42
      ],
      [
       -36,
       41.8254
      ],
      [
       -35.9197,
       41.75
      ],
      [
       -35.75,
       41.5911
      ],
      [
       -35.6524,
       41.5
      ],
      [
       -35.5,
       41.3583
      ],
      [
       -35.3832,
       41.25
      ],
      [
       -35.25,
       41.127
      ],
      [
       -35.1121,
       41
      ],
      [
       -35,
       40.8973
      ],
      [
       -34.8389,
       40.75
      ],
      [
       -34.75,
       40.6691
      ],
      [
       -34.5636,
       40.5
      ],
      [
       -34.5,
       40.4426
      ],
      [
       -34.2862,
       40.25
      ],
      [
       -34.25,
       40.2176
      ],
      [
       -34.0065,
       40
      ],
      [
       -34,
       39.9943
      ],
      [
       -33.7243,
       39.75
      ],
      [
       -33.5,
       39.5529
      ],
      [
       -33.4396,
       39.5
      ],
      [
       -33.25,
       39.3348
      ],
      [
       -33.1523,
       39.25
      ],
      [
       -33,
       39.1184
      ],
      [
       -32.8626,
       39
      ],
      [
       -32.75,
       38.9036
      ],
      [
       -32.57,
       38.75
      ],
      [
       -32.5,
       38.6906
      ],
      [
       -32.2746,
       38.5
      ],
      [
       -32.25,
       38.4793
      ],
      [
       -31.9763,
       38.25
      ],
      [
       -31.75,
       38.0623
      ],
      [
       -31.6747,
       38
      ],
      [
       -31.5,
       37.8564
      ],
      [
       -31.3701,
       37.75
      ],
      [
       -31.25,
       37.6522
      ],
      [
       -31.0623,
       37.5
      ],
      [
       -31,
       37.4498
      ],
      [
       -30.751,
       37.25
      ],
      [
       -30.75,
       37.2492
      ],
      [
       -30.5,
       37.0505
      ],
      [
       -30.4362,
       37
      ],
      [
       -30.25,
       36.8536
      ],
      [
       -30.1177,
       36.75
      ],
      [
       -30,
       36.6584
      ],
      [
       -29.7956,
       36.5
      ],
      [
       -29.75,
       36.4649
      ],
      [
       -29.4695,
       36.25
      ],
      [
       -29.25,
       36.0836
      ],
      [
       -29.1392,
       36
      ],
      [
       -29,
       35.8956
      ],
      [
       -28.805,
       35.75
      ],
      [
       -28.75,
       35.7092
      ],
      [
       -28.5,
       35.5247
      ],
      [
       -28.4663,
       35.5
      ],
      [
       -28.25,
       35.3422
      ],
      [
       -28.1231,
       35.25
      ],
      [
       -28,
       35.1612
      ],
      [
       -27.7754,
       35
      ],
      [
       -27.75,
       34.9819
      ],
      [
       -27.5,
       34.8046
      ],
      [
       -27.4227,
       34.75
      ],
      [
       -27.25,
       34.629
      ],
      [
       -27.065,
       34.5
      ],
      [
       -27,
       34.4549
      ],
      [
       -26.75,
       34.2827
      ],
      [
       -26.7023,
       34.25
      ],
      [
       -26.5,
       34.1123
      ],
      [
       -26.3341,
       34
      ],
      [
       -26.25,
       33.9435
      ],
      [
       -26,
       33.7763
      ],
      [
       -25.9604,
       33.75
      ],
      [
       -25.75,
       33.611
      ],
      [
       -25.5808,
       33.5
      ],
      [
       -25.5,
       33.4473
      ],
      [
       -25.25,
       33.2852
      ],
      [
       -25.1954,
       33.25
      ],
      [
       -25,
       33.1249
      ],
      [
       -24.8036,
       33
      ],
      [
       -24.75,
       32.9662
      ],
      [
       -24.5,
       32.8091
      ],
      [
       -24.4054,
       32.75
      ],
      [
       -24.25,
       32.6537
      ],
      [
       -24.0005,
       32.5
      ],
      [
       -24,
       32.4997
      ],
      [
       -23.75,
       32.3477
      ],
      [
       -23.5884,
       32.25
      ],
      [
       -23.5,
       32.1969
      ],
      [
       -23.25,
       32.0479
      ],
      [
       -23.1692,
       32
      ],
      [
       -23,
       31.9005
      ],
      [
       -22.7425,
       31.75
      ],
      [
       -22.5,
       31.6102
      ],
      [
       -22.3076,
       31.5
      ],
      [
       -22.25,
       31.4672
      ],
      [
       -22,
       31.326
      ],
      [
       -21.8645,
       31.25
      ],
      [
       -21.75,
       31.1862
      ],
      [
       -21.5,
       31.0479
      ],
      [
       -21.4128,
       31
      ],
      [
       -21.25,
       30.9112
      ],
      [
       -21,
       30.7758
      ],
      [
       -20.9521,
       30.75
      ],
      [
       -20.75,
       30.642
      ],
      [
       -20.4821,
       30.5
      ],
      [
       -20.25,
       30.3786
      ],
      [
       -20.0021,
       30.25
      ],
      [
       -20,
       30.2489
      ],
      [
       -19.75,
       30.121
      ],
      [
       -19.5118,
       30
      ],
      [
       -19.5,
       29.994
      ],
      [
       -19.25,
       29.8689
      ],
      [
       -19.0106,
       29.75
      ],
      [
       -19,
       29.7448
      ],
      [
       -18.75,
       29.6224
      ],
      [
       -18.4979,
       29.5
      ],
      [
       -18.25,
       29.3813
      ],
      [
       -17.9731,
       29.25
      ],
      [
       -17.75,
       29.1455
      ],
      [
       -17.5,
       29.0296
      ],
      [
       -17.4358,
       29
      ],
      [
       -17.25,
       28.915
      ],
      [
       -17,
       28.8017
      ],
      [
       -16.885,
       28.75
      ],
      [
       -16.75,
       28.6897
      ],
      [
       -16.5,
       28.5789
      ],
      [
       -16.3202,
       28.5
      ],
      [
       -16.25,
       28.4694
      ],
      [
       -16,
       28.3612
      ],
      [
       -15.7406,
       28.25
      ],
      [
       -15.5,
       28.1484
      ],
      [
       -15.25,
       28.0437
      ],
      [
       -15.1446,
       28
      ],
      [
       -15,
       27.9404
      ],
      [
       -14.75,
       27.8382
      ],
      [
       -14.5322,
       27.75
      ],
      [
       -14.5,
       27.7371
      ],
      [
       -14.25,
       27.6374
      ],
      [
       -14,
       27.5386
      ],
      [
       -13.9013,
       27.5
      ],
      [
       -13.75,
       27.4411
      ],
      [
       -13.5,
       27.3448
      ],
      [
       -13.2516,
       27.25
      ],
      [
       -13.25,
       27.2494
      ],
      [
       -13,
       27.1554
      ],
      [
       -12.75,
       27.0624
      ],
      [
       -12.5807,
       27
      ],
      [
       -12.5,
       26.9704
      ],
      [
       -12.25,
       26.8797
      ],
      [
       -12,
       26.7899
      ],
      [
       -11.8877,
       26.75
      ],
      [
       -11.75,
       26.7013
      ],
      [
       -11.5,
       26.6138
      ],
      [
       -11.25,
       26.5272
      ],
      [
       -11.1708,
       26.5
      ],
      [
       -11,
       26.4417
      ],
      [
       -10.75,
       26.3573
      ],
      [
       -10.5,
       26.2738
      ],
      [
       -10.4279,
       26.25
      ],
      [
       -10.25,
       26.1915
      ],
      [
       -10,
       26.1102
      ],
      [
       -9.75,
       26.0298
      ],
      [
       -9.6564,
       26
      ],
      [
       -9.5,
       25.9505
      ],
      [
       -9.25,
       25.8721
      ],
      [
       -9,
       25.7947
      ],
      [
       -8.8542,
       25.75
      ],
      [
       -8.75,
       25.7182
      ],
      [
       -8.5,
       25.6429
      ],
      [
       -8.25,
       25.5684
      ],
      [
       -8.018,
       25.5
      ],
      [
       -8,
       25.4947
      ],
      [
       -7.75,
       25.4223
      ],
      [
       -7.5,
       25.3506
      ],
      [
       -7.25,
       25.2798
      ],
      [
       -7.1434,
       25.25
      ],
      [
       -7,
       25.2101
      ],
      [
       -6.75,
       25.1412
      ],
      [
       -6.5,
       25.0732
      ],
      [
       -6.2275,
       25
      ],
      [
       -6,
       24.9399
      ],
      [
       -5.75,
       24.893
      ],
      [
       -5.5,
       24.9014
      ],
      [
       -5.25,
       24.9519
      ],
      [
       -5.1052,
       25
      ],
      [
       -5,
       25.0352
      ],
      [
       -4.75,
       25.1478
      ],
      [
       -4.5586,
       25.25
      ],
      [
       -4.5,
       25.2785
      ],
      [
       -4.25,
       25.4201
      ],
      [
       -4.122,
       25.5
      ],
      [
       -4,
       25.5741
      ],
      [
       -3.75,
       25.7389
      ],
      [
       -3.7347,
       25.75
      ],
      [
       -3.5,
       25.9155
      ],
      [
       -3.3872,
       26
      ],
      [
       -3.25,
       26.1004
      ],
      [
       -3.057,
       26.25
      ],
      [
       -3,
       26.2932
      ],
      [
       -2.75,
       26.4936
      ],
      [
       -2.7424,
       26.5
      ],
      [
       -2.5,
       26.7015
      ],
      [
       -2.4442,
       26.75
      ],
      [
       -2.25,
       26.9157
      ],
      [
       -2.1552,
       27
      ],
      [
       -2,
       27.1357
      ],
      [
       -1.8743,
       27.25
      ],
      [
       -1.75,
       27.3612
      ],
      [
       -1.6006,
       27.5
      ],
      [
       -1.5,
       27.592
      ],
      [
       -1.3332,
       27.75
      ],
      [
       -1.25,
       27.8277
      ],
      [
       -1.0714,
       28
      ],
      [
       -1,
       28.068
      ],
      [
       -0.8147,
       28.25
      ],
      [
       -0.75,
       28.3127
      ],
      [
       -0.5625,
       28.5
      ],
      [
       -0.5,
       28.5563
      ],
      [
       -0.29,
       28.75
      ],
      [
       -0.25,
       28.7901
      ],
      [
       -0.0458,
       29
      ],
      [
       0,
       29.0466
      ],
      [
       0.1951,
       29.25
      ],
      [
       0.25,
       29.3067
      ],
      [
       0.4329,
       29.5
      ],
      [
       0.5,
       29.5704
      ],
      [
       0.6678,
       29.75
      ],
      [
       0.75,
       29.8293
      ],
      [
       0.924,
       30
      ],
      [
       1,
       30.0817
      ],
      [
       1.1537,
       30.25
      ],
      [
       1.25,
       30.3548
      ],
      [
       1.3812,
       30.5
      ],
      [
       1.5,
       30.6308
      ],
      [
       1.6065,
       30.75
      ],
      [
       1.75,
       30.8945
      ],
      [
       1.8534,
       31
      ],
      [
       2,
       31.1648
      ],
      [
       2.0748,
       31.25
      ],
      [
       2.25,
       31.449
      ],
      [
       2.2943,
       31.5
      ],
      [
       2.5,
       31.7128
      ],
      [
       2.5356,
       31.75
      ],
      [
       2.75,
       31.9979
      ],
      [
       2.7518,
       32
      ],
      [
       2.9897,
       32.25
      ],
      [
       3,
       32.262
      ],
      [
       3.2025,
       32.5
      ],
      [
       3.25,
       32.5501
      ],
      [
       3.4375,
       32.75
      ],
      [
       3.5,
       32.8239
      ],
      [
       3.6477,
       33
      ],
      [
       3.75,
       33.1096
      ],
      [
       3.88,
       33.25
      ],
      [
       4,
       33.394
      ],
      [
       4.0877,
       33.5
      ],
      [
       4.25,
       33.6762
      ],
      [
       4.3175,
       33.75
      ],
      [
       4.5,
       33.9493
      ],
      [
       4.5462,
       34
      ],
      [
       4.75,
       34.2494
      ],
      [
       4.7505,
       34.25
      ],
      [
       4.9769,
       34.5
      ],
      [
       5,
       34.5255
      ],
      [
       5.2023,
       34.75
      ],
      [
       5.25,
       34.8029
      ],
      [
       5.4268,
       35
      ],
      [
       5.5,
       35.0912
      ],
      [
       5.6271,
       35.25
      ],
      [
       5.75,
       35.3878
      ],
      [
       5.8497,
       35.5
      ],
      [
       6,
       35.6693
      ],
      [
       6.0714,
       35.75
      ],
      [
       6.25,
       35.9521
      ],
      [
       6.2922,
       36
      ],
      [
       6.5,
       36.2361
      ],
      [
       6.5122,
       36.25
      ],
      [
       6.7314,
       36.5
      ],
      [
       6.75,
       36.5212
      ],
      [
       6.95,
       36.75
      ],
      [
       7,
       36.8074
      ],
      [
       7.1677,
       37
      ],
      [
       7.25,
       37.0947
      ],
      [
       7.3848,
       37.25
      ],
      [
       7.5,
       37.3831
      ],
      [
       7.6011,
       37.5
      ],
      [
       7.75,
       37.6726
      ],
      [
       7.8168,
       37.75
      ],
      [
       8,
       37.9631
      ],
      [
       8.0318,
       38
      ],
      [
       8.2461,
       38.25
      ],
      [
       8.25,
       38.2541
      ],
      [
       8.483,
       38.5
      ],
      [
       8.5,
       38.52
      ],
      [
       8.6963,
       38.75
      ],
      [
       8.75,
       38.8132
      ],
      [
       8.909,
       39
      ],
      [
       9,
       39.0968
      ],
      [
       9.1441,
       39.25
      ],
      [
       9.25,
       39.3752
      ],
      [
       9.3557,
       39.5
      ],
      [
       9.5,
       39.6709
      ],
      [
       9.5668,
       39.75
      ],
      [
       9.75,
       39.9461
      ],
      [
       9.8004,
       40
      ],
      [
       10,
       40.2375
      ],
      [
       10.0105,
       40.25
      ],
      [
       10.2431,
       40.5
      ],
      [
       10.25,
       40.5074
      ],
      [
       10.4753,
       40.75
      ],
      [
       10.5,
       40.7796
      ],
      [
       10.6842,
       41
      ],
      [
       10.75,
       41.0712
      ],
      [
       10.9156,
       41.25
      ],
      [
       11,
       41.3415
      ],
      [
       11.1465,
       41.5
      ],
      [
       11.25,
       41.6123
      ],
      [
       11.3771,
       41.75
      ],
      [
       11.5,
       41.8984
      ],
      [
       11.5844,
       42
      ],
      [
       11.75,
       42.1803
      ],
      [
       11.8142,
       42.25
      ],
      [
       12,
       42.4525
      ],
      [
       12.0437,
       42.5
      ],
      [
       12.25,
       42.7252
      ],
      [
       12.2728,
       42.75
      ],
      [
       12.5,
       42.9982
      ],
      [
       12.5016,
       43
      ],
      [
       12.7302,
       43.25
      ],
      [
       12.75,
       43.2698
      ],
      [
       12.9813,
       43.5
      ],
      [
       13,
       43.5206
      ],
      [
       13.2092,
       43.75
      ],
      [
       13.25,
       43.7949
      ],
      [
       13.4369,
       44
      ],
      [
       13.5,
       44.0696
      ],
      [
       13.6643,
       44.25
      ],
      [
       13.75,
       44.3359
      ],
      [
       13.9143,
       44.5
      ],
      [
       14,
       44.5946
      ],
      [
       14.1413,
       44.75
      ],
      [
       14.25,
       44.8591
      ],
      [
       14.3909,
       45
      ],
      [
       14.5,
       45.1207
      ],
      [
       14.6174,
       45.25
      ],
      [
       14.75,
       45.3833
      ],
      [
       14.8665,
       45.5
      ],
      [
       15,
       45.6343
      ],
      [
       15.1155,
       45.75
      ],
      [
       15.25,
       45.899
      ],
      [
       15.3415,
       46
      ],
      [
       15.5,
       46.1596
      ],
      [
       15.5902,
       46.25
      ],
      [
       15.75,
       46.4111
      ],
      [
       15.8386,
       46.5
      ],
      [
       16,
       46.6627
      ],
      [
       16.087,
       46.75
      ],
      [
       16.25,
       46.9144
      ],
      [
       16.3352,
       47
      ],
      [
       16.5,
       47.1663
      ],
      [
       16.5833,
       47.25
      ],
      [
       16.75,
       47.4183
      ],
      [
       16.8313,
       47.5
      ],
      [
       17,
       47.6704
      ],
      [
       17.0792,
       47.75
      ],
      [
       17.25,
       47.9081
      ],
      [
       17.3498,
       48
      ],
      [
       17.5,
       48.1518
      ],
      [
       17.5976,
       48.25
      ],
      [
       17.75,
       48.3913
      ],
      [
       17.8681,
       48.5
      ],
      [
       18,
       48.6335
      ],
      [
       18.1157,
       48.75
      ],
      [
       18.25,
       48.8746
      ],
      [
       18.3861,
       49
      ],
      [
       18.5,
       49.1057
      ],
      [
       18.6566,
       49.25
      ],
      [
       18.75,
       49.3447
      ],
      [
       18.9041,
       49.5
      ],
      [
       19,
       49.589
      ],
      [
       19.1746,
       49.75
      ],
      [
       19.25,
       49.8201
      ],
      [
       19.4451,
       50
      ],
      [
       19.5,
       50.0511
      ],
      [
       19.7156,
       50.25
      ],
      [
       19.75,
       50.282
      ],
      [
       19.9863,
       50.5
      ],
      [
       20,
       50.5118
      ],
      [
       20.25,
       50.7229
      ],
      [
       20.2795,
       50.75
      ],
      [
       20.5,
       50.9541
      ],
      [
       20.55,
       51
      ],
      [
       20.75,
       51.171
      ],
      [
       20.8432,
       51.25
      ],
      [
       21,
       51.3953
      ],
      [
       21.1139,
       51.5
      ],
      [
       21.25,
       51.6165
      ],
      [
       21.4076,
       51.75
      ],
      [
       21.5,
       51.8292
      ],
      [
       21.7016,
       52
      ],
      [
       21.75,
       52.0449
      ],
      [
       21.9729,
       52.25
      ],
      [
       22,
       52.2733
      ],
      [
       22.25,
       52.4856
      ],
      [
       22.2671,
       52.5
      ],
      [
       22.5,
       52.6846
      ],
      [
       22.5836,
       52.75
      ],
      [
       22.75,
       52.8921
      ],
      [
       22.8778,
       53
      ],
      [
       23,
       53.1044
      ],
      [
       23.1725,
       53.25
      ],
      [
       23.25,
       53.3116
      ],
      [
       23.4907,
       53.5
      ],
      [
       23.5,
       53.5079
      ],
      [
       23.75,
       53.7202
      ],
      [
       23.7854,
       53.75
      ],
      [
       24,
       53.9198
      ],
      [
       24.1029,
       54
      ],
      [
       24.25,
       54.1165
      ],
      [
       24.4212,
       54.25
      ],
      [
       24.5,
       54.3124
      ],
      [
       24.7405,
       54.5
      ],
      [
       24.75,
       54.5076
      ],
      [
       25,
       54.7044
      ],
      [
       25.0586,
       54.75
      ],
      [
       25.25,
       54.901
      ],
      [
       25.3773,
       55
      ],
      [
       25.5,
       55.0969
      ],
      [
       25.7172,
       55.25
      ],
      [
       25.75,
       55.2736
      ],
      [
       26,
       55.4693
      ],
      [
       26.0397,
       55.5
      ],
      [
       26.25,
       55.6548
      ],
      [
       26.3819,
       55.75
      ],
      [
       26.5,
       55.837
      ],
      [
       26.7258,
       56
      ],
      [
       26.75,
       56.0178
      ],
      [
       27,
       56.2005
      ],
      [
       27.0688,
       56.25
      ],
      [
       27.25,
       56.3831
      ],
      [
       27.4124,
       56.5
      ],
      [
       27.5,
       56.5644
      ],
      [
       27.75,
       56.7445
      ],
      [
       27.7576,
       56.75
      ],
      [
       28,
       56.9167
      ],
      [
       28.124,
       57
      ],
      [
       28.25,
       57.0924
      ],
      [
       28.4697,
       57.25
      ],
      [
       28.5,
       57.2709
      ],
      [
       28.75,
       57.4414
      ],
      [
       28.8374,
       57.5
      ],
      [
       29,
       57.6117
      ],
      [
       29.2065,
       57.75
      ],
      [
       29.25,
       57.7783
      ],
      [
       29.5,
       57.9383
      ],
      [
       29.5981,
       58
      ],
      [
       29.75,
       58.1041
      ],
      [
       29.9683,
       58.25
      ],
      [
       30,
       58.2705
      ],
      [
       30.25,
       58.4307
      ],
      [
       30.3606,
       58.5
      ],
      [
       30.5,
       58.59
      ],
      [
       30.75,
       58.7466
      ],
      [
       30.7554,
       58.75
      ],
      [
       31,
       58.9075
      ],
      [
       31.1479,
       59
      ],
      [
       31.25,
       59.0658
      ],
      [
       31.5,
       59.2232
      ],
      [
       31.5429,
       59.25
      ],
      [
       31.75,
       59.3761
      ],
      [
       31.9608,
       59.5
      ],
      [
       32,
       59.5253
      ],
      [
       32.25,
       59.6843
      ],
      [
       32.3554,
       59.75
      ],
      [
       32.5,
       59.838
      ],
      [
       32.75,
       59.9852
      ],
      [
       32.7752,
       60
      ],
      [
       33,
       60.1296
      ],
      [
       33.2174,
       60.25
      ],
      [
       33.25,
       60.2698
      ],
      [
       33.5,
       60.4202
      ],
      [
       33.6364,
       60.5
      ],
      [
       33.75,
       60.5655
      ],
      [
       34,
       60.7057
      ],
      [
       34.08,
       60.75
      ],
      [
       34.25,
       60.8478
      ],
      [
       34.5,
       60.9864
      ],
      [
       34.5246,
       61
      ],
      [
       34.75,
       61.1232
      ],
      [
       34.9925,
       61.25
      ],
      [
       35,
       61.2543
      ],
      [
       35.25,
       61.3974
      ],
      [
       35.4362,
       61.5
      ],
      [
       35.5,
       61.5349
      ],
      [
       35.75,
       61.6693
      ],
      [
       35.9044,
       61.75
      ],
      [
       36,
       61.8023
      ],
      [
       36.25,
       61.9356
      ],
      [
       36.3732,
       62
      ],
      [
       36.5,
       62.0661
      ],
      [
       36.75,
       62.1925
      ],
      [
       36.8658,
       62.25
      ],
      [
       37,
       62.3199
      ],
      [
       37.25,
       62.446
      ],
      [
       37.3588,
       62.5
      ],
      [
       37.5,
       62.5734
      ],
      [
       37.75,
       62.6993
      ],
      [
       37.8522,
       62.75
      ],
      [
       38,
       62.8235
      ],
      [
       38.25,
       62.9437
      ],
      [
       38.3693,
       63
      ],
      [
       38.5,
       63.065
      ],
      [
       38.75,
       63.1854
      ],
      [
       38.8868,
       63.25
      ],
      [
       39,
       63.3062
      ],
      [
       39.25,
       63.427
      ],
      [
       39.4048,
       63.5
      ],
      [
       39.5,
       63.5454
      ],
      [
       39.75,
       63.6616
      ],
      [
       39.9467,
       63.75
      ],
      [
       40,
       63.7754
      ],
      [
       40.25,
       63.8925
      ],
      [
       40.4894,
       64
      ],
      [
       40.5,
       64.0049
      ],
      [
       40.75,
       64.1124
      ],
      [
       41,
       64.2256
      ],
      [
       41.0542,
       64.25
      ],
      [
       41.25,
       64.3392
      ],
      [
       41.5,
       64.4485
      ],
      [
       41.6195,
       64.5
      ],
      [
       41.75,
       64.5573
      ],
      [
       42,
       64.6636
      ],
      [
       42.2096,
       64.75
      ],
      [
       42.25,
       64.7677
      ],
      [
       42.5,
       64.876
      ],
      [
       42.75,
       64.9796
      ],
      [
       42.7993,
       65
      ],
      [
       43,
       65.0846
      ],
      [
       43.25,
       65.1858
      ],
      [
       43.4121,
       65.25
      ],
      [
       43.5,
       65.2871
      ],
      [
       43.75,
       65.3904
      ],
      [
       44,
       65.4895
      ],
      [
       44.0264,
       65.5
      ],
      [
       44.25,
       65.5941
      ],
      [
       44.5,
       65.6948
      ],
      [
       44.6537,
       65.75
      ],
      [
       44.75,
       65.7856
      ],
      [
       45,
       65.8852
      ],
      [
       45.25,
       65.9808
      ],
      [
       45.3001,
       66
      ],
      [
       45.5,
       66.0784
      ],
      [
       45.75,
       66.1727
      ],
      [
       45.9608,
       66.25
      ],
      [
       46,
       66.2654
      ],
      [
       46.25,
       66.3625
      ],
      [
       46.5,
       66.4555
      ],
      [
       46.6207,
       66.5
      ],
      [
       46.75,
       66.5491
      ],
      [
       47,
       66.6414
      ],
      [
       47.25,
       66.7304
      ],
      [
       47.3051,
       66.75
      ],
      [
       47.5,
       66.8216
      ],
      [
       47.75,
       66.9067
      ],
      [
       48,
       66.9953
      ],
      [
       48.0131,
       67
      ],
      [
       48.25,
       67.0842
      ],
      [
       48.5,
       67.1693
      ],
      [
       48.7439,
       67.25
      ],
      [
       48.75,
       67.2522
      ],
      [
       49,
       67.3409
      ],
      [
       49.25,
       67.4258
      ],
      [
       49.474,
       67.5
      ],
      [
       49.5,
       67.5088
      ],
      [
       49.75,
       67.592
      ],
      [
       50,
       67.6693
      ],
      [
       50.25,
       67.7495
      ],
      [
       50.2516,
       67.75
      ],
      [
       50.5,
       67.8331
      ],
      [
       50.75,
       67.9132
      ],
      [
       51,
       67.9912
      ],
      [
       51.028,
       68
      ],
      [
       51.25,
       68.0722
      ],
      [
       51.5,
       68.1504
      ],
      [
       51.75,
       68.2264
      ],
      [
       51.8275,
       68.25
      ],
      [
       52,
       68.3047
      ],
      [
       52.25,
       68.3814
      ],
      [
       52.5,
       68.4557
      ],
      [
       52.6504,
       68.5
      ],
      [
       52.75,
       68.5308
      ],
      [
       53,
       68.6064
      ],
      [
       53.25,
       68.6793
      ],
      [
       53.4974,
       68.75
      ],
      [
       53.5,
       68.7508
      ],
      [
       53.75,
       68.8257
      ],
      [
       54,
       68.8976
      ],
      [
       54.25,
       68.9677
      ],
      [
       54.3654,
       69
      ],
      [
       54.5,
       69.0395
      ],
      [
       54.75,
       69.1109
      ],
      [
       55,
       69.18
      ],
      [
       55.25,
       69.2478
      ],
      [
       55.258,
       69.25
      ],
      [
       55.5,
       69.3174
      ],
      [
       55.75,
       69.3843
      ],
      [
       56,
       69.4495
      ],
      [
       56.1955,
       69.5
      ],
      [
       56.25,
       69.5153
      ],
      [
       56.5,
       69.5842
      ],
      [
       56.75,
       69.6506
      ],
      [
       57,
       69.7157
      ],
      [
       57.1324,
       69.75
      ],
      [
       57.25,
       69.7814
      ],
      [
       57.5,
       69.8465
      ],
      [
       57.75,
       69.906
      ],
      [
       58,
       69.9656
      ],
      [
       58.1392,
       70
      ],
      [
       58.25,
       70.0289
      ],
      [
       58.5,
       70.0926
      ],
      [
       58.75,
       70.1544
      ],
      [
       59,
       70.215
      ],
      [
       59.145,
       70.25
      ],
      [
       59.25,
       70.2763
      ],
      [
       59.5,
       70.3373
      ],
      [
       59.75,
       70.3935
      ],
      [
       60,
       70.4503
      ],
      [
       60.2206,
       70.5
      ],
      [
       60.25,
       70.5072
      ],
      [
       60.5,
       70.5664
      ],
      [
       60.75,
       70.6236
      ],
      [
       61,
       70.6796
      ],
      [
       61.25,
       70.7349
      ],
      [
       61.3177,
       70.75
      ],
      [
       61.5,
       70.7927
      ],
      [
       61.75,
       70.8476
      ],
      [
       62,
       70.9018
      ],
      [
       62.25,
       70.9552
      ],
      [
       62.4608,
       71
      ],
      [
       62.5,
       71.0089
      ],
      [
       62.75,
       71.0635
      ],
      [
       63,
       71.1164
      ],
      [
       63.25,
       71.1682
      ],
      [
       63.5,
       71.2195
      ],
      [
       63.649,
       71.25
      ],
      [
       63.75,
       71.2716
      ],
      [
       64,
       71.3239
      ],
      [
       64.25,
       71.3746
      ],
      [
       64.5,
       71.4244
      ],
      [
       64.75,
       71.4737
      ],
      [
       64.8828,
       71.5
      ],
      [
       65,
       71.5238
      ],
      [
       65.25,
       71.5733
      ],
      [
       65.5,
       71.6213
      ],
      [
       65.75,
       71.6685
      ],
      [
       66,
       71.7153
      ],
      [
       66.1854,
       71.75
      ],
      [
       66.25,
       71.7627
      ],
      [
       66.5,
       71.8109
      ],
      [
       66.75,
       71.8576
      ],
      [
       67,
       71.9034
      ],
      [
       67.25,
       71.9488
      ],
      [
       67.5,
       71.994
      ],
      [
       67.5329,
       72
      ],
      [
       67.75,
       72.0398
      ],
      [
       68,
       72.0812
      ],
      [
       68.25,
       72.1252
      ],
      [
       68.5,
       72.1686
      ],
      [
       68.75,
       72.2117
      ],
      [
       68.9721,
       72.25
      ],
      [
       69,
       72.2549
      ],
      [
       69.25,
       72.2984
      ],
      [
       69.5,
       72.3405
      ],
      [
       69.75,
       72.3816
      ],
      [
       70,
       72.4223
      ],
      [
       70.25,
       72.4628
      ],
      [
       70.4792,
       72.5
      ],
      [
       70.5,
       72.5035
      ],
      [
       70.75,
       72.5446
      ],
      [
       71,
       72.5843
      ],
      [
       71.25,
       72.6232
      ],
      [
       71.5,
       72.6616
      ],
      [
       71.75,
       72.6991
      ],
      [
       72,
       72.7379
      ],
      [
       72.0772,
       72.75
      ],
      [
       72.25,
       72.7771
      ],
      [
       72.5,
       72.8152
      ],
      [
       72.75,
       72.8509
      ],
      [
       73,
       72.887
      ],
      [
       73.25,
       72.9216
      ],
      [
       73.5,
       72.9579
      ],
      [
       73.75,
       72.9941
      ],
      [
       73.79,
       73
      ],
      [
       74,
       73.0309
      ],
      [
       74.25,
       73.0664
      ],
      [
       74.5,
       73.1011
      ],
      [
       74.75,
       73.1353
      ],
      [
       75,
       73.1693
      ],
      [
       75.25,
       73.2032
      ],
      [
       75.5,
       73.2343
      ],
      [
       75.6163,
       73.25
      ],
      [
       75.75,
       73.2684
      ],
      [
       76,
       73.3019
      ],
      [
       76.25,
       73.3343
      ],
      [
       76.5,
       73.3662
      ],
      [
       76.75,
       73.3978
      ],
      [
       77,
       73.4294
      ],
      [
       77.25,
       73.461
      ],
      [
       77.5,
       73.4899
      ],
      [
       77.5798,
       73.5
      ],
      [
       77.75,
       73.5217
      ],
      [
       78,
       73.552
      ],
      [
       78.25,
       73.5816
      ],
      [
       78.5,
       73.6107
      ],
      [
       78.75,
       73.6396
      ],
      [
       79,
       73.6684
      ],
      [
       79.25,
       73.6973
      ],
      [
       79.5,
       73.7263
      ],
      [
       79.7029,
       73.75
      ],
      [
       79.75,
       73.7555
      ],
      [
       80,
       73.784
      ],
      [
       80.25,
       73.8114
      ],
      [
       80.5,
       73.8381
      ],
      [
       80.75,
       73.8634
      ],
      [
       81,
       73.8883
      ],
      [
       81.25,
       73.9146
      ],
      [
       81.5,
       73.9409
      ],
      [
       81.75,
       73.9674
      ],
      [
       82,
       73.9941
      ],
      [
       82.0553,
       74
      ],
      [
       82.25,
       74.0204
      ],
      [
       82.5,
       74.0454
      ],
      [
       82.75,
       74.0695
      ],
      [
       83,
       74.0931
      ],
      [
       83.25,
       74.1166
      ],
      [
       83.5,
       74.1378
      ],
      [
       83.75,
       74.1613
      ],
      [
       84,
       74.1848
      ],
      [
       84.25,
       74.2085
      ],
      [
       84.5,
       74.2324
      ],
      [
       84.6826,
       74.25
      ],
      [
       84.75,
       74.2565
      ],
      [
       85,
       74.2792
      ],
      [
       85.25,
       74.3005
      ],
      [
       85.5,
       74.3212
      ],
      [
       85.75,
       74.3416
      ],
      [
       86,
       74.3607
      ],
      [
       86.25,
       74.3811
      ],
      [
       86.5,
       74.4016
      ],
      [
       86.75,
       74.4222
      ],
      [
       87,
       74.4429
      ],
      [
       87.25,
       74.4621
      ],
      [
       87.5,
       74.4831
      ],
      [
       87.7006,
       74.5
      ],
      [
       87.75,
       74.5044
      ],
      [
       88,
       74.5248
      ],
      [
       88.25,
       74.5431
      ],
      [
       88.5,
       74.5604
      ],
      [
       88.75,
       74.5774
      ],
      [
       89,
       74.5936
      ],
      [
       89.25,
       74.6103
      ],
      [
       89.5,
       74.6263
      ],
      [
       89.75,
       74.6433
      ],
      [
       90,
       74.6604
      ],
      [
       90.25,
       74.6777
      ],
      [
       90.5,
       74.6951
      ],
      [
       90.75,
       74.7113
      ],
      [
       91,
       74.729
      ],
      [
       91.25,
       74.7469
      ],
      [
       91.2935,
       74.75
      ],
      [
       91.5,
       74.7668
      ],
      [
       91.75,
       74.7842
      ],
      [
       92,
       74.7991
      ],
      [
       92.25,
       74.812
      ],
      [
       92.5,
       74.8225
      ],
      [
       92.75,
       74.834
      ],
      [
       93,
       74.8458
      ],
      [
       93.25,
       74.8579
      ],
      [
       93.5,
       74.8698
      ],
      [
       93.75,
       74.8824
      ],
      [
       94,
       74.8953
      ],
      [
       94.25,
       74.9079
      ],
      [
       94.5,
       74.9211
      ],
      [
       94.75,
       74.9336
      ],
      [
       95,
       74.9471
      ],
      [
       95.25,
       74.9608
      ],
      [
       95.5,
       74.9747
      ],
      [
       95.75,
       74.9888
      ],
      [
       95.9471,
       75
      ],
      [
       96,
       75.0043
      ],
      [
       96.25,
       75.0212
      ],
      [
       96.5,
       75.0371
      ],
      [
       96.75,
       75.0509
      ],
      [
       97,
       75.0629
      ],
      [
       97.25,
       75.0734
      ],
      [
       97.5,
       75.0819
      ],
      [
       97.75,
       75.0902
      ],
      [
       98,
       75.0977
      ],
      [
       98.25,
       75.1044
      ],
      [
       98.5,
       75.1105
      ],
      [
       98.75,
       75.1155
      ],
      [
       99,
       75.1205
      ],
      [
       99.25,
       75.1251
      ],
      [
       99.5,
       75.1294
      ],
      [
       99.75,
       75.1332
      ],
      [
       100,
       75.1365
      ],
      [
       100.25,
       75.1398
      ],
      [
       100.5,
       75.1429
      ],
      [
       100.75,
       75.1466
      ],
      [
       101,
       75.1517
      ],
      [
       101.25,
       75.1577
      ],
      [
       101.5,
       75.1641
      ],
      [
       101.75,
       75.1712
      ],
      [
       102,
       75.1781
      ],
      [
       102.25,
       75.1857
      ],
      [
       102.5,
       75.1929
      ],
      [
       102.75,
       75.2006
      ],
      [
       103,
       75.208
      ],
      [
       103.25,
       75.2162
      ],
      [
       103.5,
       75.2238
      ],
      [
       103.75,
       75.2323
      ],
      [
       104,
       75.2401
      ],
      [
       104.25,
       75.249
      ],
      [
       104.2803,
       75.25
      ],
      [
       104.5,
       75.2643
      ],
      [
       104.75,
       75.2785
      ],
      [
       105,
       75.2923
      ],
      [
       105.25,
       75.3032
      ],
      [
       105.5,
       75.3139
      ],
      [
       105.75,
       75.2873
      ],
      [
       106,
       75.2713
      ],
      [
       106.25,
       75.2544
      ],
      [
       106.304,
       75.25
      ],
      [
       106.5,
       75.2423
      ],
      [
       106.75,
       75.2335
      ],
      [
       107,
       75.2242
      ],
      [
       107.25,
       75.2151
      ],
      [
       107.5,
       75.2069
      ],
      [
       107.75,
       75.1983
      ],
      [
       108,
       75.1902
      ],
      [
       108.25,
       75.1818
      ],
      [
       108.5,
       75.1742
      ],
      [
       108.75,
       75.1661
      ],
      [
       109,
       75.1587
      ],
      [
       109.25,
       75.151
      ],
      [
       109.5,
       75.1442
      ],
      [
       109.75,
       75.1407
      ],
      [
       110,
       75.1376
      ],
      [
       110.25,
       75.1343
      ],
      [
       110.5,
       75.1307
      ],
      [
       110.75,
       75.1265
      ],
      [
       111,
       75.1223
      ],
      [
       111.25,
       75.1177
      ],
      [
       111.5,
       75.1128
      ],
      [
       111.75,
       75.1074
      ],
      [
       112,
       75.1009
      ],
      [
       112.25,
       75.0944
      ],
      [
       112.5,
       75.0873
      ],
      [
       112.75,
       75.0794
      ],
      [
       113,
       75.0706
      ],
      [
       113.25,
       75.0598
      ],
      [
       113.5,
       75.0487
      ],
      [
       113.75,
       75.036
      ],
      [
       114,
       75.0217
      ],
      [
       114.25,
       75.0051
      ],
      [
       114.3147,
       75
      ],
      [
       114.5,
       74.9884
      ],
      [
       114.75,
       74.9742
      ],
      [
       115,
       74.9602
      ],
      [
       115.25,
       74.9463
      ],
      [
       115.5,
       74.9323
      ],
      [
       115.75,
       74.9178
      ],
      [
       116,
       74.9043
      ],
      [
       116.25,
       74.8909
      ],
      [
       116.5,
       74.8776
      ],
      [
       116.75,
       74.8645
      ],
      [
       117,
       74.8514
      ],
      [
       117.25,
       74.8373
      ],
      [
       117.5,
       74.8247
      ],
      [
       117.75,
       74.813
      ],
      [
       118,
       74.8021
      ],
      [
       118.25,
       74.7901
      ],
      [
       118.5,
       74.7763
      ],
      [
       118.75,
       74.7606
      ],
      [
       118.8987,
       74.75
      ],
      [
       119,
       74.7426
      ],
      [
       119.25,
       74.7228
      ],
      [
       119.5,
       74.7049
      ],
      [
       119.75,
       74.6871
      ],
      [
       120,
       74.6695
      ],
      [
       120.25,
       74.652
      ],
      [
       120.5,
       74.6346
      ],
      [
       120.75,
       74.6174
      ],
      [
       121,
       74.5996
      ],
      [
       121.25,
       74.5826
      ],
      [
       121.5,
       74.5646
      ],
      [
       121.75,
       74.5476
      ],
      [
       122,
       74.5306
      ],
      [
       122.25,
       74.5132
      ],
      [
       122.4286,
       74.5
      ],
      [
       122.5,
       74.4938
      ],
      [
       122.75,
       74.4723
      ],
      [
       123,
       74.451
      ],
      [
       123.25,
       74.4299
      ],
      [
       123.5,
       74.409
      ],
      [
       123.75,
       74.3871
      ],
      [
       124,
       74.3666
      ],
      [
       124.25,
       74.3461
      ],
      [
       124.5,
       74.3257
      ],
      [
       124.75,
       74.3054
      ],
      [
       125,
       74.2832
      ],
      [
       125.25,
       74.2622
      ],
      [
       125.3916,
       74.25
      ],
      [
       125.5,
       74.2394
      ],
      [
       125.75,
       74.2152
      ],
      [
       126,
       74.1912
      ],
      [
       126.25,
       74.1673
      ],
      [
       126.5,
       74.1437
      ],
      [
       126.75,
       74.119
      ],
      [
       127,
       74.0953
      ],
      [
       127.25,
       74.0716
      ],
      [
       127.5,
       74.0475
      ],
      [
       127.75,
       74.0237
      ],
      [
       127.9938,
       74
      ],
      [
       127.9938,
       74
      ],
      [
       128.25,
       73.9721
      ],
      [
       128.5,
       73.9452
      ],
      [
       128.75,
       73.9184
      ],
      [
       129,
       73.8918
      ],
      [
       129.25,
       73.8653
      ],
      [
       129.5,
       73.838
      ],
      [
       129.75,
       73.8117
      ],
      [
       130,
       73.7853
      ],
      [
       130.25,
       73.7584
      ],
      [
       130.3265,
       73.75
      ],
      [
       130.5,
       73.7294
      ],
      [
       130.75,
       73.6995
      ],
      [
       131,
       73.6681
      ],
      [
       131.25,
       73.639
      ],
      [
       131.5,
       73.61
      ],
      [
       131.75,
       73.581
      ],
      [
       132,
       73.5518
      ],
      [
       132.25,
       73.5223
      ],
      [
       132.435,
       73.5
      ],
      [
       132.5,
       73.4916
      ],
      [
       132.75,
       73.4596
      ],
      [
       133,
       73.4277
      ],
      [
       133.25,
       73.396
      ],
      [
       133.5,
       73.3644
      ],
      [
       133.75,
       73.3327
      ],
      [
       134,
       73.3007
      ],
      [
       134.25,
       73.2681
      ],
      [
       134.3886,
       73.25
      ],
      [
       134.5,
       73.2347
      ],
      [
       134.75,
       73.2005
      ],
      [
       135,
       73.1665
      ],
      [
       135.25,
       73.1325
      ],
      [
       135.5,
       73.0986
      ],
      [
       135.75,
       73.0636
      ],
      [
       136,
       73.0294
      ],
      [
       136.1918,
       73
      ],
      [
       136.25,
       72.9907
      ],
      [
       136.5,
       72.9544
      ],
      [
       136.75,
       72.9183
      ],
      [
       137,
       72.8823
      ],
      [
       137.25,
       72.8461
      ],
      [
       137.5,
       72.8097
      ],
      [
       137.75,
       72.7725
      ],
      [
       137.8985,
       72.75
      ],
      [
       138,
       72.7342
      ],
      [
       138.25,
       72.6957
      ],
      [
       138.5,
       72.6572
      ],
      [
       138.75,
       72.6187
      ],
      [
       139,
       72.5799
      ],
      [
       139.25,
       72.5405
      ],
      [
       139.5,
       72.5001
      ],
      [
       139.75,
       72.4594
      ],
      [
       140,
       72.4188
      ],
      [
       140.25,
       72.3782
      ],
      [
       140.5,
       72.3373
      ],
      [
       140.75,
       72.2957
      ],
      [
       141,
       72.2529
      ],
      [
       141.25,
       72.2105
      ],
      [
       141.5,
       72.1683
      ],
      [
       141.75,
       72.126
      ],
      [
       142,
       72.0832
      ],
      [
       142.25,
       72.0396
      ],
      [
       142.451,
       72
      ],
      [
       142.5,
       71.9905
      ],
      [
       142.75,
       71.9465
      ],
      [
       143,
       71.9024
      ],
      [
       143.25,
       71.8581
      ],
      [
       143.5,
       71.813
      ],
      [
       143.75,
       71.7665
      ],
      [
       143.8369,
       71.75
      ],
      [
       144,
       71.7199
      ],
      [
       144.25,
       71.674
      ],
      [
       144.5,
       71.6278
      ],
      [
       144.75,
       71.5809
      ],
      [
       145,
       71.5327
      ],
      [
       145.1645,
       71.5
      ],
      [
       145.25,
       71.4834
      ],
      [
       145.5,
       71.4354
      ],
      [
       145.75,
       71.3871
      ],
      [
       146,
       71.338
      ],
      [
       146.25,
       71.2875
      ],
      [
       146.4293,
       71.25
      ],
      [
       146.5,
       71.2359
      ],
      [
       146.75,
       71.1866
      ],
      [
       147,
       71.1368
      ],
      [
       147.25,
       71.0862
      ],
      [
       147.5,
       71.0338
      ],
      [
       147.6559,
       71
      ],
      [
       147.75,
       70.9807
      ],
      [
       148,
       70.93
      ],
      [
       148.25,
       70.8786
      ],
      [
       148.5,
       70.826
      ],
      [
       148.75,
       70.7712
      ],
      [
       148.8444,
       70.75
      ],
      [
       149,
       70.7174
      ],
      [
       149.25,
       70.665
      ],
      [
       149.5,
       70.6117
      ],
      [
       149.75,
       70.5567
      ],
      [
       149.9941,
       70.5
      ],
      [
       149.9941,
       70.5
      ],
      [
       150.25,
       70.4452
      ],
      [
       150.5,
       70.3909
      ],
      [
       150.75,
       70.3351
      ],
      [
       151,
       70.2766
      ],
      [
       151.1101,
       70.25
      ],
      [
       151.25,
       70.2196
      ],
      [
       151.5,
       70.1655
      ],
      [
       151.75,
       70.1101
      ],
      [
       152,
       70.0522
      ],
      [
       152.2128,
       70
      ],
      [
       152.25,
       69.9916
      ],
      [
       152.5,
       69.9364
      ],
      [
       152.75,
       69.88
      ],
      [
       153,
       69.8212
      ],
      [
       153.25,
       69.7584
      ],
      [
       153.2829,
       69.75
      ],
      [
       153.5,
       69.702
      ],
      [
       153.75,
       69.646
      ],
      [
       154,
       69.5877
      ],
      [
       154.25,
       69.5254
      ],
      [
       154.3484,
       69.5
      ],
      [
       154.5,
       69.4655
      ],
      [
       154.75,
       69.4086
      ],
      [
       155,
       69.3494
      ],
      [
       155.25,
       69.2861
      ],
      [
       155.3855,
       69.25
      ],
      [
       155.5,
       69.224
      ],
      [
       155.75,
       69.1681
      ],
      [
       156,
       69.1099
      ],
      [
       156.25,
       69.0474
      ],
      [
       156.4267,
       69
      ],
      [
       156.5,
       68.984
      ],
      [
       156.75,
       68.9294
      ],
      [
       157,
       68.8731
      ],
      [
       157.25,
       68.8127
      ],
      [
       157.4832,
       68.75
      ],
      [
       157.4832,
       68.75
      ],
      [
       157.75,
       68.6952
      ],
      [
       158,
       68.6427
      ],
      [
       158.25,
       68.5869
      ],
      [
       158.5,
       68.5245
      ],
      [
       158.5948,
       68.5
      ],
      [
       158.75,
       68.4706
      ],
      [
       159,
       68.4256
      ],
      [
       159.25,
       68.38
      ],
      [
       159.5,
       68.3323
      ],
      [
       159.75,
       68.2793
      ],
      [
       159.8855,
       68.25
      ],
      [
       160,
       68.2352
      ],
      [
       160.25,
       68.2137
      ],
      [
       160.5,
       68.2077
      ],
      [
       160.75,
       68.231
      ],
      [
       160.854,
       68.25
      ],
      [
       161,
       68.3004
      ],
      [
       161.25,
       68.3861
      ],
      [
       161.5,
       68.4711
      ],
      [
       161.5854,
       68.5
      ],
      [
       161.75,
       68.5558
      ],
      [
       162,
       68.64
      ],
      [
       162.25,
       68.7235
      ],
      [
       162.3296,
       68.75
      ],
      [
       162.5,
       68.8067
      ],
      [
       162.75,
       68.8894
      ],
      [
       163,
       68.9714
      ],
      [
       163.0878,
       69
      ],
      [
       163.25,
       69.053
      ],
      [
       163.5,
       69.1341
      ],
      [
       163.75,
       69.2146
      ],
      [
       163.8605,
       69.25
      ],
      [
       164,
       69.2947
      ],
      [
       164.25,
       69.3744
      ],
      [
       164.5,
       69.4533
      ],
      [
       164.6487,
       69.5
      ],
      [
       164.75,
       69.5319
      ],
      [
       165,
       69.61
      ],
      [
       165.25,
       69.6875
      ],
      [
       165.4531,
       69.75
      ],
      [
       165.5,
       69.7645
      ],
      [
       165.75,
       69.8411
      ],
      [
       166,
       69.9172
      ],
      [
       166.25,
       69.9926
      ],
      [
       166.2748,
       70
      ],
      [
       166.5,
       70.0677
      ],
      [
       166.75,
       70.1422
      ],
      [
       167,
       70.2162
      ],
      [
       167.115,
       70.25
      ],
      [
       167.25,
       70.2897
      ],
      [
       167.5,
       70.3628
      ],
      [
       167.75,
       70.4354
      ],
      [
       167.9746,
       70.5
      ],
      [
       168,
       70.5073
      ],
      [
       168.25,
       70.579
      ],
      [
       168.5,
       70.6501
      ],
      [
       168.75,
       70.7205
      ],
      [
       168.8552,
       70.75
      ],
      [
       169,
       70.7906
      ],
      [
       169.25,
       70.8603
      ],
      [
       169.5,
       70.9294
      ],
      [
       169.75,
       70.9979
      ],
      [
       169.7576,
       71
      ],
      [
       170,
       71.0661
      ],
      [
       170.25,
       71.1338
      ],
      [
       170.5,
       71.2009
      ],
      [
       170.6841,
       71.25
      ],
      [
       170.75,
       71.2676
      ],
      [
       171,
       71.3338
      ],
      [
       171.25,
       71.3996
      ],
      [
       171.5,
       71.4648
      ],
      [
       171.636,
       71.5
      ],
      [
       171.75,
       71.5295
      ],
      [
       172,
       71.5939
      ],
      [
       172.25,
       71.6578
      ],
      [
       172.5,
       71.7211
      ],
      [
       172.615,
       71.75
      ],
      [
       172.75,
       71.784
      ],
      [
       173,
       71.8465
      ],
      [
       173.25,
       71.9085
      ],
      [
       173.5,
       71.9699
      ],
      [
       173.6231,
       72
      ],
      [
       173.75,
       72.031
      ],
      [
       174,
       72.0917
      ],
      [
       174.25,
       72.1518
      ],
      [
       174.5,
       72.2114
      ],
      [
       174.6626,
       72.25
      ],
      [
       174.75,
       72.2707
      ],
      [
       175,
       72.3295
      ],
      [
       175.25,
       72.388
      ],
      [
       175.5,
       72.4458
      ],
      [
       175.736,
       72.5
      ],
      [
       175.75,
       72.5032
      ],
      [
       176,
       72.5603
      ],
      [
       176.25,
       72.6169
      ],
      [
       176.5,
       72.673
      ],
      [
       176.75,
       72.7287
      ],
      [
       176.8465,
       72.75
      ],
      [
       177,
       72.784
      ],
      [
       177.25,
       72.8389
      ],
      [
       177.5,
       72.8933
      ],
      [
       177.75,
       72.9472
      ],
      [
       177.9964,
       73
      ],
      [
       178,
       73.0008
      ],
      [
       178.25,
       73.0539
      ],
      [
       178.5,
       73.1067
      ],
      [
       178.75,
       73.159
      ],
      [
       179,
       73.2108
      ],
      [
       179.1903,
       73.25
      ],
      [
       179.25,
       73.2623
      ],
      [
       179.5,
       73.3134
      ],
      [
       179.75,
       73.3641
      ],
      [
       180,
       73.4144
      ],
      [
       180,
       90
      ],
      [
       -180,
       90
      ],
      [
       -180,
       73.4144
      ]
     ]
    ]
   }
  },
  {
   "type": "Feature",
   "properties": {
    "kind": "partial",
    "obscuration": 0.8,
    "percent": 80,
    "title": "80% of the solar disc obscured"
   },
   "geometry": {
    "type": "Polygon",
    "coordinates": [
     [
      [
       -180,
       78.4553
      ],
      [
       -179.75,
       78.4932
      ],
      [
       -179.7048,
       78.5
      ],
      [
       -179.5,
       78.5309
      ],
      [
       -179.25,
       78.5683
      ],
      [
       -179,
       78.6053
      ],
      [
       -178.75,
       78.6419
      ],
      [
       -178.5,
       78.6782
      ],
      [
       -178.25,
       78.7141
      ],
      [
       -177.9974,
       78.75
      ],
      [
       -177.75,
       78.7849
      ],
      [
       -177.5,
       78.8199
      ],
      [
       -177.25,
       78.8546
      ],
      [
       -177,
       78.8889
      ],
      [
       -176.75,
       78.9228
      ],
      [
       -176.5,
       78.9564
      ],
      [
       -176.25,
       78.9896
      ],
      [
       -176.1715,
       79
      ],
      [
       -176,
       79.0227
      ],
      [
       -175.75,
       79.0555
      ],
      [
       -175.5,
       79.0878
      ],
      [
       -175.25,
       79.1199
      ],
      [
       -175,
       79.1517
      ],
      [
       -174.75,
       79.1831
      ],
      [
       -174.5,
       79.2143
      ],
      [
       -174.25,
       79.2451
      ],
      [
       -174.2096,
       79.25
      ],
      [
       -174,
       79.2756
      ],
      [
       -173.75,
       79.3059
      ],
      [
       -173.5,
       79.3359
      ],
      [
       -173.25,
       79.3656
      ],
      [
       -173,
       79.395
      ],
      [
       -172.75,
       79.4242
      ],
      [
       -172.5,
       79.453
      ],
      [
       -172.25,
       79.4815
      ],
      [
       -172.0859,
       79.5
      ],
      [
       -172,
       79.5097
      ],
      [
       -171.75,
       79.5377
      ],
      [
       -171.5,
       79.5655
      ],
      [
       -171.25,
       79.593
      ],
      [
       -171,
       79.6201
      ],
      [
       -170.75,
       79.6471
      ],
      [
       -170.5,
       79.6737
      ],
      [
       -170.25,
       79.7001
      ],
      [
       -170,
       79.7261
      ],
      [
       -169.75,
       79.752
      ],
      [
       -169.5,
       79.7776
      ],
      [
       -169.25,
       79.803
      ],
      [
       -169,
       79.8281
      ],
      [
       -168.75,
       79.853
      ],
      [
       -168.5,
       79.8776
      ],
      [
       -168.25,
       79.9019
      ],
      [
       -168,
       79.926
      ],
      [
       -167.75,
       79.9498
      ],
      [
       -167.5,
       79.9734
      ],
      [
       -167.25,
       79.9967
      ],
      [
       -167.2143,
       80
      ],
      [
       -167,
       80.0199
      ],
      [
       -166.75,
       80.0428
      ],
      [
       -166.5,
       80.0655
      ],
      [
       -166.25,
       80.0879
      ],
      [
       -166,
       80.1101
      ],
      [
       -165.75,
       80.1321
      ],
      [
       -165.5,
       80.1538
      ],
      [
       -165.25,
       80.1753
      ],
      [
       -165,
       80.1965
      ],
      [
       -164.75,
       80.2176
      ],
      [
       -164.5,
       80.2383
      ],
      [
       -164.3582,
       80.25
      ],
      [
       -164.25,
       80.2589
      ],
      [
       -164,
       80.2793
      ],
      [
       -163.75,
       80.2995
      ],
      [
       -163.5,
       80.3195
      ],
      [
       -163.25,
       80.3392
      ],
      [
       -163,
       80.3587
      ],
      [
       -162.75,
       80.378
      ],
      [
       -162.5,
       80.3971
      ],
      [
       -162.25,
       80.416
      ],
      [
       -162,
       80.4347
      ],
      [
       -161.75,
       80.4531
      ],
      [
       -161.5,
       80.4714
      ],
      [
       -161.25,
       80.4894
      ],
      [
       -161.1016,
       80.5
      ],
      [
       -161,
       80.5073
      ],
      [
       -160.75,
       80.5249
      ],
      [
       -160.5,
       80.5424
      ],
      [
       -160.25,
       80.5597
      ],
      [
       -160,
       80.5767
      ],
      [
       -159.75,
       80.5936
      ],
      [
       -159.5,
       80.6103
      ],
      [
       -159.25,
       80.6268
      ],
      [
       -159,
       80.6431
      ],
      [
       -158.75,
       80.6591
      ],
      [
       -158.5,
       80.675
      ],
      [
       -158.25,
       80.6907
      ],
      [
       -158,
       80.7062
      ],
      [
       -157.75,
       80.7215
      ],
      [
       -157.5,
       80.7366
      ],
      [
       -157.25,
       80.7516
      ],
      [
       -157,
       80.7664
      ],
      [
       -156.75,
       80.7809
      ],
      [
       -156.5,
       80.7954
      ],
      [
       -156.25,
       80.8096
      ],
      [
       -156,
       80.8237
      ],
      [
       -155.75,
       80.8376
      ],
      [
       -155.5,
       80.8513
      ],
      [
       -155.25,
       80.8648
      ],
      [
       -155,
       80.8781
      ],
      [
       -154.75,
       80.8913
      ],
      [
       -154.5,
       80.9043
      ],
      [
       -154.25,
       80.9171
      ],
      [
       -154,
       80.9297
      ],
      [
       -153.75,
       80.9421
      ],
      [
       -153.5,
       80.9544
      ],
      [
       -153.25,
       80.9665
      ],
      [
       -153,
       80.9785
      ],
      [
       -152.75,
       80.9902
      ],
      [
       -152.5394,
       81
      ],
      [
       -152.5,
       81.0018
      ],
      [
       -152.25,
       81.0133
      ],
      [
       -152,
       81.0247
      ],
      [
       -151.75,
       81.0358
      ],
      [
       -151.5,
       81.0468
      ],
      [
       -151.25,
       81.0576
      ],
      [
       -151,
       81.0683
      ],
      [
       -150.75,
       81.0787
      ],
      [
       -150.5,
       81.089
      ],
      [
       -150.25,
       81.0992
      ],
      [
       -150,
       81.1092
      ],
      [
       -149.75,
       81.119
      ],
      [
       -149.5,
       81.1287
      ],
      [
       -149.25,
       81.1382
      ],
      [
       -149,
       81.1476
      ],
      [
       -148.75,
       81.1568
      ],
      [
       -148.5,
       81.1658
      ],
      [
       -148.25,
       81.1747
      ],
      [
       -148,
       81.1835
      ],
      [
       -147.75,
       81.192
      ],
      [
       -147.5,
       81.2004
      ],
      [
       -147.25,
       81.2087
      ],
      [
       -147,
       81.2168
      ],
      [
       -146.75,
       81.2247
      ],
      [
       -146.5,
       81.2326
      ],
      [
       -146.25,
       81.2403
      ],
      [
       -146,
       81.2477
      ],
      [
       -145.9221,
       81.25
      ],
      [
       -145.75,
       81.2551
      ],
      [
       -145.5,
       81.2624
      ],
      [
       -145.25,
       81.2694
      ],
      [
       -145,
       81.2763
      ],
      [
       -144.75,
       81.2832
      ],
      [
       -144.5,
       81.2898
      ],
      [
       -144.25,
       81.2963
      ],
      [
       -144,
       81.3026
      ],
      [
       -143.75,
       81.3088
      ],
      [
       -143.5,
       81.3149
      ],
      [
       -143.25,
       81.3208
      ],
      [
       -143,
       81.3265
      ],
      [
       -142.75,
       81.3321
      ],
      [
       -142.5,
       81.3376
      ],
      [
       -142.25,
       81.3429
      ],
      [
       -142,
       81.3481
      ],
      [
       -141.75,
       81.3531
      ],
      [
       -141.5,
       81.358
      ],
      [
       -141.25,
       81.3628
      ],
      [
       -141,
       81.3673
      ],
      [
       -140.75,
       81.3718
      ],
      [
       -140.5,
       81.3761
      ],
      [
       -140.25,
       81.3803
      ],
      [
       -140,
       81.3844
      ],
      [
       -139.75,
       81.3882
      ],
      [
       -139.5,
       81.392
      ],
      [
       -139.25,
       81.3956
      ],
      [
       -139,
       81.3991
      ],
      [
       -138.75,
       81.4024
      ],
      [
       -138.5,
       81.4056
      ],
      [
       -138.25,
       81.4087
      ],
      [
       -138,
       81.4115
      ],
      [
       -137.75,
       81.4144
      ],
      [
       -137.5,
       81.417
      ],
      [
       -137.25,
       81.4195
      ],
      [
       -137,
       81.4218
      ],
      [
       -136.75,
       81.424
      ],
      [
       -136.5,
       81.4261
      ],
      [
       -136.25,
       81.428
      ],
      [
       -136,
       81.4299
      ],
      [
       -135.75,
       81.4315
      ],
      [
       -135.5,
       81.433
      ],
      [
       -135.25,
       81.4344
      ],
      [
       -135,
       81.4357
      ],
      [
       -134.75,
       81.4368
      ],
      [
       -134.5,
       81.4377
      ],
      [
       -134.25,
       81.4386
      ],
      [
       -134,
       81.4393
      ],
      [
       -133.75,
       81.4399
      ],
      [
       -133.5,
       81.4402
      ],
      [
       -133.25,
       81.4406
      ],
      [
       -133,
       81.4407
      ],
      [
       -132.75,
       81.4407
      ],
      [
       -132.5,
       81.4405
      ],
      [
       -132.25,
       81.4403
      ],
      [
       -132,
       81.4399
      ],
      [
       -131.75,
       81.4394
      ],
      [
       -131.5,
       81.4386
      ],
      [
       -131.25,
       81.4379
      ],
      [
       -131,
       81.4369
      ],
      [
       -130.75,
       81.4358
      ],
      [
       -130.5,
       81.4345
      ],
      [
       -130.25,
       81.4332
      ],
      [
       -130,
       81.4317
      ],
      [
       -129.75,
       81.43
      ],
      [
       -129.5,
       81.4282
      ],
      [
       -129.25,
       81.4263
      ],
      [
       -129,
       81.4242
      ],
      [
       -128.75,
       81.4221
      ],
      [
       -128.5,
       81.4197
      ],
      [
       -128.25,
       81.4172
      ],
      [
       -128,
       81.4146
      ],
      [
       -127.75,
       81.4118
      ],
      [
       -127.5,
       81.4089
      ],
      [
       -127.25,
       81.4058
      ],
      [
       -127,
       81.4026
      ],
      [
       -126.75,
       81.3993
      ],
      [
       -126.5,
       81.3958
      ],
      [
       -126.25,
       81.3922
      ],
      [
       -126,
       81.3885
      ],
      [
       -125.75,
       81.3846
      ],
      [
       -125.5,
       81.3805
      ],
      [
       -125.25,
       81.3763
      ],
      [
       -125,
       81.372
      ],
      [
       -124.75,
       81.3675
      ],
      [
       -124.5,
       81.3629
      ],
      [
       -124.25,
       81.3582
      ],
      [
       -124,
       81.3532
      ],
      [
       -123.75,
       81.3482
      ],
      [
       -123.5,
       81.343
      ],
      [
       -123.25,
       81.3377
      ],
      [
       -123,
       81.3321
      ],
      [
       -122.75,
       81.3265
      ],
      [
       -122.5,
       81.3207
      ],
      [
       -122.25,
       81.3147
      ],
      [
       -122,
       81.3087
      ],
      [
       -121.75,
       81.3024
      ],
      [
       -121.5,
       81.296
      ],
      [
       -121.25,
       81.2895
      ],
      [
       -121,
       81.2828
      ],
      [
       -120.75,
       81.276
      ],
      [
       -120.5,
       81.269
      ],
      [
       -120.25,
       81.2618
      ],
      [
       -120,
       81.2545
      ],
      [
       -119.8489,
       81.25
      ],
      [
       -119.75,
       81.2471
      ],
      [
       -119.5,
       81.2395
      ],
      [
       -119.25,
       81.2318
      ],
      [
       -119,
       81.2239
      ],
      [
       -118.75,
       81.2158
      ],
      [
       -118.5,
       81.2077
      ],
      [
       -118.25,
       81.1993
      ],
      [
       -118,
       81.1908
      ],
      [
       -117.75,
       81.1821
      ],
      [
       -117.5,
       81.1733
      ],
      [
       -117.25,
       81.1643
      ],
      [
       -117,
       81.1552
      ],
      [
       -116.75,
       81.1458
      ],
      [
       -116.5,
       81.1363
      ],
      [
       -116.25,
       81.1267
      ],
      [
       -116,
       81.1169
      ],
      [
       -115.75,
       81.1069
      ],
      [
       -115.5,
       81.0968
      ],
      [
       -115.25,
       81.0865
      ],
      [
       -115,
       81.076
      ],
      [
       -114.75,
       81.0653
      ],
      [
       -114.5,
       81.0545
      ],
      [
       -114.25,
       81.0435
      ],
      [
       -114,
       81.0323
      ],
      [
       -113.75,
       81.021
      ],
      [
       -113.5,
       81.0095
      ],
      [
       -113.2969,
       81
      ],
      [
       -113.25,
       80.9978
      ],
      [
       -113,
       80.986
      ],
      [
       -112.75,
       80.9741
      ],
      [
       -112.5,
       80.9619
      ],
      [
       -112.25,
       80.9496
      ],
      [
       -112,
       80.9371
      ],
      [
       -111.75,
       80.9244
      ],
      [
       -111.5,
       80.9115
      ],
      [
       -111.25,
       80.8984
      ],
      [
       -111,
       80.8852
      ],
      [
       -110.75,
       80.8718
      ],
      [
       -110.5,
       80.8581
      ],
      [
       -110.25,
       80.8443
      ],
      [
       -110,
       80.8303
      ],
      [
       -109.75,
       80.8161
      ],
      [
       -109.5,
       80.8017
      ],
      [
       -109.25,
       80.7871
      ],
      [
       -109,
       80.7724
      ],
      [
       -108.75,
       80.7574
      ],
      [
       -108.628,
       80.75
      ],
      [
       -108.5,
       80.7422
      ],
      [
       -108.25,
       80.7269
      ],
      [
       -108,
       80.7115
      ],
      [
       -107.75,
       80.6958
      ],
      [
       -107.5,
       80.6799
      ],
      [
       -107.25,
       80.6638
      ],
      [
       -107,
       80.6475
      ],
      [
       -106.75,
       80.631
      ],
      [
       -106.5,
       80.6143
      ],
      [
       -106.25,
       80.5974
      ],
      [
       -106,
       80.5802
      ],
      [
       -105.75,
       80.5628
      ],
      [
       -105.5,
       80.5452
      ],
      [
       -105.25,
       80.5274
      ],
      [
       -105,
       80.5094
      ],
      [
       -104.871,
       80.5
      ],
      [
       -104.75,
       80.4912
      ],
      [
       -104.5,
       80.4728
      ],
      [
       -104.25,
       80.4542
      ],
      [
       -104,
       80.4354
      ],
      [
       -103.75,
       80.4164
      ],
      [
       -103.5,
       80.3971
      ],
      [
       -103.25,
       80.3776
      ],
      [
       -103,
       80.3578
      ],
      [
       -102.75,
       80.3379
      ],
      [
       -102.5,
       80.3176
      ],
      [
       -102.25,
       80.2972
      ],
      [
       -102,
       80.2765
      ],
      [
       -101.75,
       80.2555
      ],
      [
       -101.6854,
       80.25
      ],
      [
       -101.5,
       80.2344
      ],
      [
       -101.25,
       80.213
      ],
      [
       -101,
       80.1915
      ],
      [
       -100.75,
       80.1696
      ],
      [
       -100.5,
       80.1476
      ],
      [
       -100.25,
       80.1252
      ],
      [
       -100,
       80.1026
      ],
      [
       -99.75,
       80.0797
      ],
      [
       -99.5,
       80.0565
      ],
      [
       -99.25,
       80.0331
      ],
      [
       -99,
       80.0094
      ],
      [
       -98.9014,
       80
      ],
      [
       -98.75,
       79.9856
      ],
      [
       -98.5,
       79.9615
      ],
      [
       -98.25,
       79.9371
      ],
      [
       -98,
       79.9125
      ],
      [
       -97.75,
       79.8876
      ],
      [
       -97.5,
       79.8623
      ],
      [
       -97.25,
       79.8368
      ],
      [
       -97,
       79.811
      ],
      [
       -96.75,
       79.7848
      ],
      [
       -96.5,
       79.7584
      ],
      [
       -96.421,
       79.75
      ],
      [
       -96.25,
       79.7318
      ],
      [
       -96,
       79.705
      ],
      [
       -95.75,
       79.6778
      ],
      [
       -95.5,
       79.6504
      ],
      [
       -95.25,
       79.6226
      ],
      [
       -95,
       79.5945
      ],
      [
       -94.75,
       79.5661
      ],
      [
       -94.5,
       79.5373
      ],
      [
       -94.25,
       79.5082
      ],
      [
       -94.18,
       79.5
      ],
      [
       -94,
       79.4789
      ],
      [
       -93.75,
       79.4494
      ],
      [
       -93.5,
       79.4195
      ],
      [
       -93.25,
       79.3893
      ],
      [
       -93,
       79.3587
      ],
      [
       -92.75,
       79.3278
      ],
      [
       -92.5,
       79.2965
      ],
      [
       -92.25,
       79.2648
      ],
      [
       -92.1341,
       79.25
      ],
      [
       -92,
       79.2329
      ],
      [
       -91.75,
       79.2007
      ],
      [
       -91.5,
       79.1682
      ],
      [
       -91.25,
       79.1353
      ],
      [
       -91,
       79.102
      ],
      [
       -90.75,
       79.0684
      ],
      [
       -90.5,
       79.0343
      ],
      [
       -90.2513,
       79
      ],
      [
       -90.25,
       78.9998
      ],
      [
       -90,
       78.9652
      ],
      [
       -89.75,
       78.9302
      ],
      [
       -89.5,
       78.8948
      ],
      [
       -89.25,
       78.8589
      ],
      [
       -89,
       78.8227
      ],
      [
       -88.75,
       78.786
      ],
      [
       -88.5074,
       78.75
      ],
      [
       -88.5,
       78.7489
      ],
      [
       -88.25,
       78.7116
      ],
      [
       -88,
       78.6739
      ],
      [
       -87.75,
       78.6358
      ],
      [
       -87.5,
       78.5973
      ],
      [
       -87.25,
       78.5582
      ],
      [
       -87,
       78.5187
      ],
      [
       -86.8828,
       78.5
      ],
      [
       -86.75,
       78.4789
      ],
      [
       -86.5,
       78.4387
      ],
      [
       -86.25,
       78.3981
      ],
      [
       -86,
       78.357
      ],
      [
       -85.75,
       78.3155
      ],
      [
       -85.5,
       78.2734
      ],
      [
       -85.3627,
       78.25
      ],
      [
       -85.25,
       78.2309
      ],
      [
       -85,
       78.1881
      ],
      [
       -84.75,
       78.1448
      ],
      [
       -84.5,
       78.101
      ],
      [
       -84.25,
       78.0567
      ],
      [
       -84,
       78.0118
      ],
      [
       -83.9346,
       78
      ],
      [
       -83.75,
       77.9667
      ],
      [
       -83.5,
       77.9211
      ],
      [
       -83.25,
       77.8749
      ],
      [
       -83,
       77.8282
      ],
      [
       -82.75,
       77.7809
      ],
      [
       -82.5882,
       77.75
      ],
      [
       -82.5,
       77.7332
      ],
      [
       -82.25,
       77.6851
      ],
      [
       -82,
       77.6364
      ],
      [
       -81.75,
       77.5871
      ],
      [
       -81.5,
       77.5372
      ],
      [
       -81.3153,
       77.5
      ],
      [
       -81.25,
       77.4869
      ],
      [
       -81,
       77.4361
      ],
      [
       -80.75,
       77.3847
      ],
      [
       -80.5,
       77.3327
      ],
      [
       -80.25,
       77.2801
      ],
      [
       -80.1085,
       77.25
      ],
      [
       -80,
       77.227
      ],
      [
       -79.75,
       77.1733
      ],
      [
       -79.5,
       77.1191
      ],
      [
       -79.25,
       77.0642
      ],
      [
       -79,
       77.0086
      ],
      [
       -78.9616,
       77
      ],
      [
       -78.75,
       76.9526
      ],
      [
       -78.5,
       76.896
      ],
      [
       -78.25,
       76.8387
      ],
      [
       -78,
       76.7806
      ],
      [
       -77.8696,
       76.75
      ],
      [
       -77.75,
       76.722
      ],
      [
       -77.5,
       76.6629
      ],
      [
       -77.25,
       76.603
      ],
      [
       -77,
       76.5424
      ],
      [
       -76.827,
       76.5
      ],
      [
       -76.75,
       76.4811
      ],
      [
       -76.5,
       76.4193
      ],
      [
       -76.25,
       76.3568
      ],
      [
       -76,
       76.2934
      ],
      [
       -75.8306,
       76.25
      ],
      [
       -75.75,
       76.2294
      ],
      [
       -75.5,
       76.1648
      ],
      [
       -75.25,
       76.0994
      ],
      [
       -75,
       76.0331
      ],
      [
       -74.8763,
       76
      ],
      [
       -74.75,
       75.9662
      ],
      [
       -74.5,
       75.8987
      ],
      [
       -74.25,
       75.8303
      ],
      [
       -74,
       75.7609
      ],
      [
       -73.9609,
       75.75
      ],
      [
       -73.75,
       75.6911
      ],
      [
       -73.5,
       75.6205
      ],
      [
       -73.25,
       75.5488
      ],
      [
       -73.0816,
       75.5
      ],
      [
       -73,
       75.4764
      ],
      [
       -72.75,
       75.4033
      ],
      [
       -72.5,
       75.3293
      ],
      [
       -72.2359,
       75.25
      ],
      [
       -72,
       75.1787
      ],
      [
       -71.75,
       75.1021
      ],
      [
       -71.5,
       75.0246
      ],
      [
       -71.4217,
       75
      ],
      [
       -71.25,
       74.9462
      ],
      [
       -71,
       74.8671
      ],
      [
       -70.75,
       74.7868
      ],
      [
       -70.6366,
       74.75
      ],
      [
       -70.5,
       74.7058
      ],
      [
       -70.25,
       74.6237
      ],
      [
       -70,
       74.5407
      ],
      [
       -69.8788,
       74.5
      ],
      [
       -69.75,
       74.4567
      ],
      [
       -69.5,
       74.3719
      ],
      [
       -69.25,
       74.2859
      ],
      [
       -69.1467,
       74.25
      ],
      [
       -69,
       74.199
      ],
      [
       -68.75,
       74.1112
      ],
      [
       -68.5,
       74.0221
      ],
      [
       -68.4387,
       74
      ],
      [
       -68.25,
       73.9322
      ],
      [
       -68,
       73.8411
      ],
      [
       -67.7532,
       73.75
      ],
      [
       -67.75,
       73.7488
      ],
      [
       -67.5,
       73.6558
      ],
      [
       -67.25,
       73.5614
      ],
      [
       -67.0891,
       73.5
      ],
      [
       -67,
       73.466
      ],
      [
       -66.75,
       73.3696
      ],
      [
       -66.5,
       73.2717
      ],
      [
       -66.4451,
       73.25
      ],
      [
       -66.25,
       73.173
      ],
      [
       -66,
       73.0729
      ],
      [
       -65.82,
       73
      ],
      [
       -65.75,
       72.9716
      ],
      [
       -65.5,
       72.8693
      ],
      [
       -65.25,
       72.7655
      ],
      [
       -65.213,
       72.75
      ],
      [
       -65,
       72.6607
      ],
      [
       -64.75,
       72.5546
      ],
      [
       -64.623,
       72.5
      ],
      [
       -64.5,
       72.4471
      ],
      [
       -64.25,
       72.3385
      ],
      [
       -64.0492,
       72.25
      ],
      [
       -64,
       72.2283
      ],
      [
       -63.75,
       72.1171
      ],
      [
       -63.4905,
       72
      ],
      [
       -63.25,
       71.8904
      ],
      [
       -63,
       71.7749
      ],
      [
       -62.9466,
       71.75
      ],
      [
       -62.75,
       71.6582
      ],
      [
       -62.5,
       71.54
      ],
      [
       -62.4164,
       71.5
      ],
      [
       -62.25,
       71.4204
      ],
      [
       -62,
       71.2992
      ],
      [
       -61.8995,
       71.25
      ],
      [
       -61.75,
       71.1767
      ],
      [
       -61.5,
       71.0527
      ],
      [
       -61.395,
       71
      ],
      [
       -61.25,
       70.9272
      ],
      [
       -61,
       70.8001
      ],
      [
       -60.9025,
       70.75
      ],
      [
       -60.75,
       70.6715
      ],
      [
       -60.5,
       70.5413
      ],
      [
       -60.4215,
       70.5
      ],
      [
       -60.25,
       70.4096
      ],
      [
       -60,
       70.2762
      ],
      [
       -59.9514,
       70.25
      ],
      [
       -59.75,
       70.1414
      ],
      [
       -59.4916,
       70
      ],
      [
       -59.25,
       69.8665
      ],
      [
       -59.0418,
       69.75
      ],
      [
       -59,
       69.7265
      ],
      [
       -58.75,
       69.585
      ],
      [
       -58.6017,
       69.5
      ],
      [
       -58.5,
       69.4417
      ],
      [
       -58.25,
       69.2966
      ],
      [
       -58.1706,
       69.25
      ],
      [
       -58,
       69.1498
      ],
      [
       -57.7481,
       69
      ],
      [
       -57.5,
       68.8509
      ],
      [
       -57.3343,
       68.75
      ],
      [
       -57.25,
       68.6986
      ],
      [
       -57,
       68.5446
      ],
      [
       -56.9283,
       68.5
      ],
      [
       -56.75,
       68.3889
      ],
      [
       -56.5301,
       68.25
      ],
      [
       -56.5,
       68.231
      ],
      [
       -56.25,
       68.0714
      ],
      [
       -56.1393,
       68
      ],
      [
       -56,
       67.9099
      ],
      [
       -55.7556,
       67.75
      ],
      [
       -55.75,
       67.7463
      ],
      [
       -55.5,
       67.5811
      ],
      [
       -55.3787,
       67.5
      ],
      [
       -55.25,
       67.4138
      ],
      [
       -55.0083,
       67.25
      ],
      [
       -55,
       67.2444
      ],
      [
       -54.75,
       67.0732
      ],
      [
       -54.6443,
       67
      ],
      [
       -54.5,
       66.8999
      ],
      [
       -54.2863,
       66.75
      ],
      [
       -54.25,
       66.7245
      ],
      [
       -54,
       66.5472
      ],
      [
       -53.9341,
       66.5
      ],
      [
       -53.75,
       66.3679
      ],
      [
       -53.5875,
       66.25
      ],
      [
       -53.5,
       66.1864
      ],
      [
       -53.2463,
       66
      ],
      [
       -53,
       65.8172
      ],
      [
       -52.9103,
       65.75
      ],
      [
       -52.75,
       65.6295
      ],
      [
       -52.5794,
       65.5
      ],
      [
       -52.5,
       65.4396
      ],
      [
       -52.2531,
       65.25
      ],
      [
       -52.25,
       65.2476
      ],
      [
       -52,
       65.0536
      ],
      [
       -51.9316,
       65
      ],
      [
       -51.75,
       64.8575
      ],
      [
       -51.6144,
       64.75
      ],
      [
       -51.5,
       64.6591
      ],
      [
       -51.3017,
       64.5
      ],
      [
       -51.25,
       64.4585
      ],
      [
       -50.9929,
       64.25
      ],
      [
       -50.75,
       64.0511
      ],
      [
       -50.6882,
       64
      ],
      [
       -50.5,
       63.8441
      ],
      [
       -50.3874,
       63.75
      ],
      [
       -50.25,
       63.635
      ],
      [
       -50.0901,
       63.5
      ],
      [
       -50,
       63.4237
      ],
      [
       -49.7964,
       63.25
      ],
      [
       -49.75,
       63.2103
      ],
      [
       -49.5063,
       63
      ],
      [
       -49.5,
       62.9946
      ],
      [
       -49.2193,
       62.75
      ],
      [
       -49,
       62.5571
      ],
      [
       -48.9355,
       62.5
      ],
      [
       -48.75,
       62.3352
      ],
      [
       -48.6548,
       62.25
      ],
      [
       -48.5,
       62.1112
      ],
      [
       -48.377,
       62
      ],
      [
       -48.25,
       61.885
      ],
      [
       -48.102,
       61.75
      ],
      [
       -48,
       61.6568
      ],
      [
       -47.8297,
       61.5
      ],
      [
       -47.75,
       61.4265
      ],
      [
       -47.56,
       61.25
      ],
      [
       -47.5,
       61.1941
      ],
      [
       -47.2929,
       61
      ],
      [
       -47.25,
       60.9598
      ],
      [
       -47.0281,
       60.75
      ],
      [
       -47,
       60.7234
      ],
      [
       -46.7656,
       60.5
      ],
      [
       -46.75,
       60.4851
      ],
      [
       -46.5053,
       60.25
      ],
      [
       -46.5,
       60.2449
      ],
      [
       -46.2471,
       60
      ],
      [
       -45.991,
       59.75
      ],
      [
       -45.7368,
       59.5
      ],
      [
       -45.4845,
       59.25
      ],
      [
       -45.2338,
       59
      ],
      [
       -44.985,
       58.75
      ],
      [
       -44.7377,
       58.5
      ],
      [
       -44.4919,
       58.25
      ],
      [
       -44.2477,
       58
      ],
      [
       -44.0048,
       57.75
      ],
      [
       -44,
       57.7451
      ],
      [
       -43.7631,
       57.5
      ],
      [
       -43.75,
       57.4865
      ],
      [
       -43.5228,
       57.25
      ],
      [
       -43.5,
       57.2263
      ],
      [
       -43.2835,
       57
      ],
      [
       -43.25,
       56.9649
      ],
      [
       -43.0454,
       56.75
      ],
      [
       -43,
       56.7023
      ],
      [
       -42.8083,
       56.5
      ],
      [
       -42.75,
       56.4385
      ],
      [
       -42.572,
       56.25
      ],
      [
       -42.5,
       56.1736
      ],
      [
       -42.3368,
       56
      ],
      [
       -42.25,
       55.9076
      ],
      [
       -42.1023,
       55.75
      ],
      [
       -42,
       55.6407
      ],
      [
       -41.8687,
       55.5
      ],
      [
       -41.75,
       55.3729
      ],
      [
       -41.6356,
       55.25
      ],
      [
       -41.5,
       55.1042
      ],
      [
       -41.4033,
       55
      ],
      [
       -41.25,
       54.8349
      ],
      [
       -41.1715,
       54.75
      ],
      [
       -41,
       54.5647
      ],
      [
       -40.9403,
       54.5
      ],
      [
       -40.75,
       54.2941
      ],
      [
       -40.7094,
       54.25
      ],
      [
       -40.479,
       54
      ],
      [
       -40.2488,
       53.75
      ],
      [
       -40.0189,
       53.5
      ],
      [
       -40,
       53.4795
      ],
      [
       -39.7892,
       53.25
      ],
      [
       -39.75,
       53.2074
      ],
      [
       -39.5596,
       53
      ],
      [
       -39.5,
       52.9352
      ],
      [
       -39.3302,
       52.75
      ],
      [
       -39.25,
       52.6627
      ],
      [
       -39.1007,
       52.5
      ],
      [
       -39,
       52.3905
      ],
      [
       -38.8712,
       52.25
      ],
      [
       -38.75,
       52.1181
      ],
      [
       -38.6417,
       52
      ],
      [
       -38.5,
       51.8459
      ],
      [
       -38.412,
       51.75
      ],
      [
       -38.25,
       51.574
      ],
      [
       -38.182,
       51.5
      ],
      [
       -38,
       51.3023
      ],
      [
       -37.9518,
       51.25
      ],
      [
       -37.7213,
       51
      ],
      [
       -37.4905,
       50.75
      ],
      [
       -37.2591,
       50.5
      ],
      [
       -37.25,
       50.4902
      ],
      [
       -37.0271,
       50.25
      ],
      [
       -37,
       50.2209
      ],
      [
       -36.7947,
       50
      ],
      [
       -36.75,
       49.952
      ],
      [
       -36.5617,
       49.75
      ],
      [
       -36.5,
       49.6841
      ],
      [
       -36.3279,
       49.5
      ],
      [
       -36.25,
       49.417
      ],
      [
       -36.0934,
       49.25
      ],
      [
       -36,
       49.1508
      ],
      [
       -35.8581,
       49
      ],
      [
       -35.75,
       48.8855
      ],
      [
       -35.622,
       48.75
      ],
      [
       -35.5,
       48.6214
      ],
      [
       -35.3849,
       48.5
      ],
      [
       -35.25,
       48.3584
      ],
      [
       -35.1468,
       48.25
      ],
      [
       -35,
       48.0965
      ],
      [
       -34.9077,
       48
      ],
      [
       -34.75,
       47.8358
      ],
      [
       -34.6675,
       47.75
      ],
      [
       -34.5,
       47.5765
      ],
      [
       -34.4261,
       47.5
      ],
      [
       -34.25,
       47.3186
      ],
      [
       -34.1834,
       47.25
      ],
      [
       -34,
       47.0621
      ],
      [
       -33.9394,
       47
      ],
      [
       -33.75,
       46.807
      ],
      [
       -33.694,
       46.75
      ],
      [
       -33.5,
       46.5534
      ],
      [
       -33.4472,
       46.5
      ],
      [
       -33.25,
       46.3014
      ],
      [
       -33.1989,
       46.25
      ],
      [
       -33,
       46.051
      ],
      [
       -32.949,
       46
      ],
      [
       -32.75,
       45.8022
      ],
      [
       -32.6974,
       45.75
      ],
      [
       -32.5,
       45.5551
      ],
      [
       -32.4441,
       45.5
      ],
      [
       -32.25,
       45.3096
      ],
      [
       -32.1891,
       45.25
      ],
      [
       -32,
       45.066
      ],
      [
       -31.9321,
       45
      ],
      [
       -31.75,
       44.824
      ],
      [
       -31.6732,
       44.75
      ],
      [
       -31.5,
       44.5839
      ],
      [
       -31.4123,
       44.5
      ],
      [
       -31.25,
       44.3457
      ],
      [
       -31.1492,
       44.25
      ],
      [
       -31,
       44.1093
      ],
      [
       -30.8838,
       44
      ],
      [
       -30.75,
       43.8748
      ],
      [
       -30.6163,
       43.75
      ],
      [
       -30.5,
       43.6421
      ],
      [
       -30.3464,
       43.5
      ],
      [
       -30.25,
       43.4113
      ],
      [
       -30.074,
       43.25
      ],
      [
       -30,
       43.1826
      ],
      [
       -29.7991,
       43
      ],
      [
       -29.75,
       42.9556
      ],
      [
       -29.5216,
       42.75
      ],
      [
       -29.5,
       42.7307
      ],
      [
       -29.2413,
       42.5
      ],
      [
       -29,
       42.2868
      ],
      [
       -28.9582,
       42.25
      ],
      [
       -28.75,
       42.068
      ],
      [
       -28.672,
       42
      ],
      [
       -28.5,
       41.851
      ],
      [
       -28.3828,
       41.75
      ],
      [
       -28.25,
       41.6361
      ],
      [
       -28.0907,
       41.5
      ],
      [
       -28,
       41.4231
      ],
      [
       -27.7952,
       41.25
      ],
      [
       -27.75,
       41.2121
      ],
      [
       -27.4963,
       41
      ],
      [
       -27.25,
       40.7962
      ],
      [
       -27.1939,
       40.75
      ],
      [
       -27,
       40.5914
      ],
      [
       -26.8878,
       40.5
      ],
      [
       -26.75,
       40.3885
      ],
      [
       -26.5781,
       40.25
      ],
      [
       -26.5,
       40.1875
      ],
      [
       -26.2646,
       40
      ],
      [
       -26.25,
       39.9885
      ],
      [
       -26,
       39.7916
      ],
      [
       -25.9469,
       39.75
      ],
      [
       -25.75,
       39.5968
      ],
      [
       -25.625,
       39.5
      ],
      [
       -25.5,
       39.4039
      ],
      [
       -25.2989,
       39.25
      ],
      [
       -25.25,
       39.2128
      ],
      [
       -25,
       39.0238
      ],
      [
       -24.9684,
       39
      ],
      [
       -24.75,
       38.8368
      ],
      [
       -24.6332,
       38.75
      ],
      [
       -24.5,
       38.6518
      ],
      [
       -24.2932,
       38.5
      ],
      [
       -24.25,
       38.4685
      ],
      [
       -24,
       38.2872
      ],
      [
       -23.9483,
       38.25
      ],
      [
       -23.75,
       38.1081
      ],
      [
       -23.5982,
       38
      ],
      [
       -23.5,
       37.9306
      ],
      [
       -23.243,
       37.75
      ],
      [
       -23,
       37.5815
      ],
      [
       -22.8818,
       37.5
      ],
      [
       -22.75,
       37.4097
      ],
      [
       -22.5153,
       37.25
      ],
      [
       -22.5,
       37.2397
      ],
      [
       -22.25,
       37.0718
      ],
      [
       -22.1425,
       37
      ],
      [
       -22,
       36.9056
      ],
      [
       -21.7637,
       36.75
      ],
      [
       -21.75,
       36.7411
      ],
      [
       -21.5,
       36.5786
      ],
      [
       -21.3784,
       36.5
      ],
      [
       -21.25,
       36.4178
      ],
      [
       -20.9864,
       36.25
      ],
      [
       -20.75,
       36.1016
      ],
      [
       -20.5873,
       36
      ],
      [
       -20.5,
       35.946
      ],
      [
       -20.25,
       35.7921
      ],
      [
       -20.1811,
       35.75
      ],
      [
       -20,
       35.6402
      ],
      [
       -19.7673,
       35.5
      ],
      [
       -19.75,
       35.4896
      ],
      [
       -19.5,
       35.3412
      ],
      [
       -19.3454,
       35.25
      ],
      [
       -19.25,
       35.1942
      ],
      [
       -19,
       35.0488
      ],
      [
       -18.9154,
       35
      ],
      [
       -18.75,
       34.9053
      ],
      [
       -18.4769,
       34.75
      ],
      [
       -18.25,
       34.6229
      ],
      [
       -18.0291,
       34.5
      ],
      [
       -18,
       34.4839
      ],
      [
       -17.75,
       34.3469
      ],
      [
       -17.5719,
       34.25
      ],
      [
       -17.5,
       34.2112
      ],
      [
       -17.25,
       34.0771
      ],
      [
       -17.105,
       34
      ],
      [
       -17,
       33.9446
      ],
      [
       -16.75,
       33.8137
      ],
      [
       -16.6275,
       33.75
      ],
      [
       -16.5,
       33.6842
      ],
      [
       -16.25,
       33.5562
      ],
      [
       -16.1392,
       33.5
      ],
      [
       -16,
       33.4299
      ],
      [
       -15.75,
       33.3048
      ],
      [
       -15.6395,
       33.25
      ],
      [
       -15.5,
       33.1813
      ],
      [
       -15.25,
       33.0593
      ],
      [
       -15.1276,
       33
      ],
      [
       -15,
       32.9386
      ],
      [
       -14.75,
       32.8195
      ],
      [
       -14.603,
       32.75
      ],
      [
       -14.5,
       32.7017
      ],
      [
       -14.25,
       32.5854
      ],
      [
       -14.065,
       32.5
      ],
      [
       -14,
       32.4703
      ],
      [
       -13.75,
       32.3568
      ],
      [
       -13.5126,
       32.25
      ],
      [
       -13.5,
       32.2444
      ],
      [
       -13.25,
       32.1336
      ],
      [
       -13,
       32.0239
      ],
      [
       -12.9451,
       32
      ],
      [
       -12.75,
       31.9158
      ],
      [
       -12.5,
       31.8088
      ],
      [
       -12.3615,
       31.75
      ],
      [
       -12.25,
       31.7031
      ],
      [
       -12,
       31.5988
      ],
      [
       -11.7608,
       31.5
      ],
      [
       -11.75,
       31.4956
      ],
      [
       -11.5,
       31.3939
      ],
      [
       -11.25,
       31.2932
      ],
      [
       -11.1416,
       31.25
      ],
      [
       -11,
       31.1939
      ],
      [
       -10.75,
       31.0959
      ],
      [
       -10.503,
       31
      ],
      [
       -10.5,
       30.9988
      ],
      [
       -10.25,
       30.9033
      ],
      [
       -10,
       30.8088
      ],
      [
       -9.8429,
       30.75
      ],
      [
       -9.75,
       30.7155
      ],
      [
       -9.5,
       30.6234
      ],
      [
       -9.25,
       30.5324
      ],
      [
       -9.1602,
       30.5
      ],
      [
       -9,
       30.4426
      ],
      [
       -8.75,
       30.354
      ],
      [
       -8.5,
       30.2664
      ],
      [
       -8.4529,
       30.25
      ],
      [
       -8.25,
       30.18
      ],
      [
       -8,
       30.0947
      ],
      [
       -7.719,
       30
      ],
      [
       -7.5,
       29.9274
      ],
      [
       -7.25,
       29.8454
      ],
      [
       -7,
       29.7643
      ],
      [
       -6.9556,
       29.75
      ],
      [
       -6.75,
       29.6845
      ],
      [
       -6.5,
       29.6057
      ],
      [
       -6.25,
       29.5278
      ],
      [
       -6.1598,
       29.5
      ],
      [
       -6,
       29.4511
      ],
      [
       -5.75,
       29.3755
      ],
      [
       -5.5,
       29.3007
      ],
      [
       -5.3285,
       29.25
      ],
      [
       -5.25,
       29.2269
      ],
      [
       -5,
       29.1544
      ],
      [
       -4.75,
       29.0827
      ],
      [
       -4.5,
       29.0118
      ],
      [
       -4.4579,
       29
      ],
      [
       -4.25,
       28.9421
      ],
      [
       -4,
       28.8734
      ],
      [
       -3.75,
       28.8055
      ],
      [
       -3.5429,
       28.75
      ],
      [
       -3.5,
       28.7386
      ],
      [
       -3.25,
       28.6733
      ],
      [
       -3,
       28.6433
      ],
      [
       -2.75,
       28.6853
      ],
      [
       -2.5706,
       28.75
      ],
      [
       -2.5,
       28.7732
      ],
      [
       -2.25,
       28.8897
      ],
      [
       -2.0428,
       29
      ],
      [
       -2,
       29.0233
      ],
      [
       -1.75,
       29.1852
      ],
      [
       -1.6602,
       29.25
      ],
      [
       -1.5,
       29.3615
      ],
      [
       -1.3173,
       29.5
      ],
      [
       -1.25,
       29.5493
      ],
      [
       -1,
       29.7477
      ],
      [
       -0.9973,
       29.75
      ],
      [
       -0.75,
       29.9571
      ],
      [
       -0.7018,
       30
      ],
      [
       -0.5,
       30.1609
      ],
      [
       -0.3932,
       30.25
      ],
      [
       -0.25,
       30.3771
      ],
      [
       -0.1185,
       30.5
      ],
      [
       0,
       30.6083
      ],
      [
       0.1478,
       30.75
      ],
      [
       0.25,
       30.8379
      ],
      [
       0.4317,
       31
      ],
      [
       0.5,
       31.0655
      ],
      [
       0.6846,
       31.25
      ],
      [
       0.75,
       31.3142
      ],
      [
       0.9322,
       31.5
      ],
      [
       1,
       31.562
      ],
      [
       1.1994,
       31.75
      ],
      [
       1.25,
       31.8016
      ],
      [
       1.4379,
       32
      ],
      [
       1.5,
       32.0587
      ],
      [
       1.6969,
       32.25
      ],
      [
       1.75,
       32.3062
      ],
      [
       1.9282,
       32.5
      ],
      [
       2,
       32.5701
      ],
      [
       2.1804,
       32.75
      ],
      [
       2.25,
       32.826
      ],
      [
       2.4057,
       33
      ],
      [
       2.5,
       33.0945
      ],
      [
       2.6522,
       33.25
      ],
      [
       2.75,
       33.3597
      ],
      [
       2.8726,
       33.5
      ],
      [
       3,
       33.6308
      ],
      [
       3.1143,
       33.75
      ],
      [
       3.25,
       33.8908
      ],
      [
       3.3537,
       34
      ],
      [
       3.5,
       34.1701
      ],
      [
       3.5677,
       34.25
      ],
      [
       3.75,
       34.443
      ],
      [
       3.8032,
       34.5
      ],
      [
       4,
       34.7103
      ],
      [
       4.0368,
       34.75
      ],
      [
       4.2454,
       35
      ],
      [
       4.25,
       35.005
      ],
      [
       4.4755,
       35.25
      ],
      [
       4.5,
       35.2766
      ],
      [
       4.704,
       35.5
      ],
      [
       4.75,
       35.5503
      ],
      [
       4.9311,
       35.75
      ],
      [
       5,
       35.8259
      ],
      [
       5.1568,
       36
      ],
      [
       5.25,
       36.1034
      ],
      [
       5.3812,
       36.25
      ],
      [
       5.5,
       36.3828
      ],
      [
       5.6043,
       36.5
      ],
      [
       5.75,
       36.664
      ],
      [
       5.8261,
       36.75
      ],
      [
       6,
       36.947
      ],
      [
       6.0466,
       37
      ],
      [
       6.25,
       37.2316
      ],
      [
       6.2661,
       37.25
      ],
      [
       6.4844,
       37.5
      ],
      [
       6.5,
       37.5179
      ],
      [
       6.7017,
       37.75
      ],
      [
       6.75,
       37.8058
      ],
      [
       6.9179,
       38
      ],
      [
       7,
       38.0953
      ],
      [
       7.1332,
       38.25
      ],
      [
       7.25,
       38.373
      ],
      [
       7.3705,
       38.5
      ],
      [
       7.5,
       38.6518
      ],
      [
       7.5838,
       38.75
      ],
      [
       7.75,
       38.9456
      ],
      [
       7.7963,
       39
      ],
      [
       8,
       39.2172
      ],
      [
       8.0308,
       39.25
      ],
      [
       8.2415,
       39.5
      ],
      [
       8.25,
       39.5101
      ],
      [
       8.4514,
       39.75
      ],
      [
       8.5,
       39.8024
      ],
      [
       8.6835,
       40
      ],
      [
       8.75,
       40.0799
      ],
      [
       8.8918,
       40.25
      ],
      [
       9,
       40.3675
      ],
      [
       9.1223,
       40.5
      ],
      [
       9.25,
       40.6391
      ],
      [
       9.352,
       40.75
      ],
      [
       9.5,
       40.9296
      ],
      [
       9.5582,
       41
      ],
      [
       9.75,
       41.2102
      ],
      [
       9.7865,
       41.25
      ],
      [
       10,
       41.4845
      ],
      [
       10.0141,
       41.5
      ],
      [
       10.2182,
       41.75
      ],
      [
       10.25,
       41.7853
      ],
      [
       10.4444,
       42
      ],
      [
       10.5,
       42.0618
      ],
      [
       10.67,
       42.25
      ],
      [
       10.75,
       42.3392
      ],
      [
       10.895,
       42.5
      ],
      [
       11,
       42.6173
      ],
      [
       11.1194,
       42.75
      ],
      [
       11.25,
       42.8962
      ],
      [
       11.3432,
       43
      ],
      [
       11.5,
       43.1759
      ],
      [
       11.5664,
       43.25
      ],
      [
       11.75,
       43.4563
      ],
      [
       11.7891,
       43.5
      ],
      [
       12,
       43.7155
      ],
      [
       12.0339,
       43.75
      ],
      [
       12.25,
       43.9937
      ],
      [
       12.2556,
       44
      ],
      [
       12.4764,
       44.25
      ],
      [
       12.5,
       44.2744
      ],
      [
       12.7195,
       44.5
      ],
      [
       12.75,
       44.5349
      ],
      [
       12.9392,
       44.75
      ],
      [
       13,
       44.8133
      ],
      [
       13.1812,
       45
      ],
      [
       13.25,
       45.079
      ],
      [
       13.3999,
       45.25
      ],
      [
       13.5,
       45.3544
      ],
      [
       13.6409,
       45.5
      ],
      [
       13.75,
       45.6257
      ],
      [
       13.8587,
       45.75
      ],
      [
       14,
       45.8977
      ],
      [
       14.0988,
       46
      ],
      [
       14.25,
       46.1584
      ],
      [
       14.3383,
       46.25
      ],
      [
       14.5,
       46.4196
      ],
      [
       14.5774,
       46.5
      ],
      [
       14.75,
       46.6813
      ],
      [
       14.816,
       46.75
      ],
      [
       15,
       46.9435
      ],
      [
       15.0542,
       47
      ],
      [
       15.25,
       47.2062
      ],
      [
       15.292,
       47.25
      ],
      [
       15.5,
       47.4694
      ],
      [
       15.5293,
       47.5
      ],
      [
       15.75,
       47.733
      ],
      [
       15.7663,
       47.75
      ],
      [
       16,
       47.9762
      ],
      [
       16.0249,
       48
      ],
      [
       16.25,
       48.2385
      ],
      [
       16.261,
       48.25
      ],
      [
       16.5,
       48.4821
      ],
      [
       16.5187,
       48.5
      ],
      [
       16.75,
       48.7458
      ],
      [
       16.754,
       48.75
      ],
      [
       17,
       48.9897
      ],
      [
       17.0107,
       49
      ],
      [
       17.2449,
       49.25
      ],
      [
       17.25,
       49.2551
      ],
      [
       17.5,
       49.499
      ],
      [
       17.501,
       49.5
      ],
      [
       17.75,
       49.7438
      ],
      [
       17.7564,
       49.75
      ],
      [
       18,
       49.9891
      ],
      [
       18.0113,
       50
      ],
      [
       18.25,
       50.2348
      ],
      [
       18.2657,
       50.25
      ],
      [
       18.5,
       50.481
      ],
      [
       18.5197,
       50.5
      ],
      [
       18.75,
       50.7103
      ],
      [
       18.7949,
       50.75
      ],
      [
       19,
       50.9536
      ],
      [
       19.0478,
       51
      ],
      [
       19.25,
       51.2012
      ],
      [
       19.3002,
       51.25
      ],
      [
       19.5,
       51.4342
      ],
      [
       19.5739,
       51.5
      ],
      [
       19.75,
       51.6632
      ],
      [
       19.8472,
       51.75
      ],
      [
       20,
       51.9039
      ],
      [
       20.098,
       52
      ],
      [
       20.25,
       52.142
      ],
      [
       20.3703,
       52.25
      ],
      [
       20.5,
       52.3719
      ],
      [
       20.6423,
       52.5
      ],
      [
       20.75,
       52.6019
      ],
      [
       20.9138,
       52.75
      ],
      [
       21,
       52.8265
      ],
      [
       21.2084,
       53
      ],
      [
       21.25,
       53.0401
      ],
      [
       21.4797,
       53.25
      ],
      [
       21.5,
       53.2698
      ],
      [
       21.75,
       53.4996
      ],
      [
       21.7505,
       53.5
      ],
      [
       22,
       53.7185
      ],
      [
       22.0383,
       53.75
      ],
      [
       22.25,
       53.9374
      ],
      [
       22.3258,
       54
      ],
      [
       22.5,
       54.1561
      ],
      [
       22.613,
       54.25
      ],
      [
       22.75,
       54.3745
      ],
      [
       22.9002,
       54.5
      ],
      [
       23,
       54.5923
      ],
      [
       23.1874,
       54.75
      ],
      [
       23.25,
       54.8091
      ],
      [
       23.4747,
       55
      ],
      [
       23.5,
       55.0244
      ],
      [
       23.75,
       55.2422
      ],
      [
       23.7594,
       55.25
      ],
      [
       24,
       55.4567
      ],
      [
       24.0567,
       55.5
      ],
      [
       24.25,
       55.6707
      ],
      [
       24.3532,
       55.75
      ],
      [
       24.5,
       55.8923
      ],
      [
       24.6264,
       56
      ],
      [
       24.75,
       56.1176
      ],
      [
       24.9188,
       56.25
      ],
      [
       25,
       56.3296
      ],
      [
       25.2354,
       56.5
      ],
      [
       25.25,
       56.5175
      ],
      [
       25.5,
       56.7405
      ],
      [
       25.5123,
       56.75
      ],
      [
       25.75,
       56.9755
      ],
      [
       25.7847,
       57
      ],
      [
       26,
       57.2447
      ],
      [
       26.0065,
       57.25
      ],
      [
       25.75,
       57.4396
      ],
      [
       25.5858,
       57.5
      ],
      [
       25.5,
       57.5337
      ],
      [
       25.25,
       57.6355
      ],
      [
       25,
       57.7416
      ],
      [
       24.9809,
       57.75
      ],
      [
       24.75,
       57.8584
      ],
      [
       24.5,
       57.9804
      ],
      [
       24.4612,
       58
      ],
      [
       24.25,
       58.1145
      ],
      [
       24.0084,
       58.25
      ],
      [
       23.75,
       58.4127
      ],
      [
       23.6153,
       58.5
      ],
      [
       23.5,
       58.5816
      ],
      [
       23.2695,
       58.75
      ],
      [
       23,
       58.9717
      ],
      [
       22.9666,
       59
      ],
      [
       22.75,
       59.2051
      ],
      [
       22.7039,
       59.25
      ],
      [
       22.5,
       59.4724
      ],
      [
       22.4754,
       59.5
      ],
      [
       22.28,
       59.75
      ],
      [
       22.25,
       59.795
      ],
      [
       22.1164,
       60
      ],
      [
       22,
       60.2116
      ],
      [
       21.9794,
       60.25
      ],
      [
       21.8728,
       60.5
      ],
      [
       21.7918,
       60.75
      ],
      [
       21.75,
       60.9354
      ],
      [
       21.7358,
       61
      ],
      [
       21.7071,
       61.25
      ],
      [
       21.7034,
       61.5
      ],
      [
       21.7235,
       61.75
      ],
      [
       21.75,
       61.8953
      ],
      [
       21.7695,
       62
      ],
      [
       21.8418,
       62.25
      ],
      [
       21.9381,
       62.5
      ],
      [
       22,
       62.627
      ],
      [
       22.0613,
       62.75
      ],
      [
       22.2119,
       63
      ],
      [
       22.25,
       63.0545
      ],
      [
       22.3892,
       63.25
      ],
      [
       22.5,
       63.3848
      ],
      [
       22.597,
       63.5
      ],
      [
       22.75,
       63.6622
      ],
      [
       22.8343,
       63.75
      ],
      [
       23,
       63.9051
      ],
      [
       23.1038,
       64
      ],
      [
       23.25,
       64.1212
      ],
      [
       23.4082,
       64.25
      ],
      [
       23.5,
       64.3187
      ],
      [
       23.748,
       64.5
      ],
      [
       23.75,
       64.5013
      ],
      [
       24,
       64.6659
      ],
      [
       24.1301,
       64.75
      ],
      [
       24.25,
       64.822
      ],
      [
       24.5,
       64.9686
      ],
      [
       24.5549,
       65
      ],
      [
       24.75,
       65.1043
      ],
      [
       25,
       65.2355
      ],
      [
       25.0282,
       65.25
      ],
      [
       25.25,
       65.3564
      ],
      [
       25.5,
       65.4732
      ],
      [
       25.5587,
       65.5
      ],
      [
       25.75,
       65.5826
      ],
      [
       26,
       65.688
      ],
      [
       26.1513,
       65.75
      ],
      [
       26.25,
       65.7881
      ],
      [
       26.5,
       65.8827
      ],
      [
       26.75,
       65.9752
      ],
      [
       26.8186,
       66
      ],
      [
       27,
       66.0617
      ],
      [
       27.25,
       66.1444
      ],
      [
       27.5,
       66.2251
      ],
      [
       27.5789,
       66.25
      ],
      [
       27.75,
       66.3012
      ],
      [
       28,
       66.3738
      ],
      [
       28.25,
       66.4443
      ],
      [
       28.4536,
       66.5
      ],
      [
       28.5,
       66.5121
      ],
      [
       28.75,
       66.5756
      ],
      [
       29,
       66.637
      ],
      [
       29.25,
       66.6964
      ],
      [
       29.4828,
       66.75
      ],
      [
       29.5,
       66.7538
      ],
      [
       29.75,
       66.807
      ],
      [
       30,
       66.8584
      ],
      [
       30.25,
       66.9079
      ],
      [
       30.5,
       66.9556
      ],
      [
       30.7419,
       67
      ],
      [
       30.75,
       67.0014
      ],
      [
       31,
       67.0437
      ],
      [
       31.25,
       67.0842
      ],
      [
       31.5,
       67.123
      ],
      [
       31.75,
       67.1601
      ],
      [
       32,
       67.1954
      ],
      [
       32.25,
       67.2291
      ],
      [
       32.4134,
       67.25
      ],
      [
       32.5,
       67.2606
      ],
      [
       32.75,
       67.2896
      ],
      [
       33,
       67.317
      ],
      [
       33.25,
       67.3427
      ],
      [
       33.5,
       67.3668
      ],
      [
       33.75,
       67.3892
      ],
      [
       34,
       67.4101
      ],
      [
       34.25,
       67.4292
      ],
      [
       34.5,
       67.4468
      ],
      [
       34.75,
       67.4626
      ],
      [
       35,
       67.4769
      ],
      [
       35.25,
       67.4895
      ],
      [
       35.4914,
       67.5
      ],
      [
       35.5,
       67.5004
      ],
      [
       35.75,
       67.5092
      ],
      [
       36,
       67.5165
      ],
      [
       36.25,
       67.5221
      ],
      [
       36.5,
       67.5261
      ],
      [
       36.75,
       67.5285
      ],
      [
       37,
       67.5292
      ],
      [
       37.25,
       67.5283
      ],
      [
       37.5,
       67.5258
      ],
      [
       37.75,
       67.5216
      ],
      [
       38,
       67.5157
      ],
      [
       38.25,
       67.5082
      ],
      [
       38.4649,
       67.5
      ],
      [
       38.5,
       67.4986
      ],
      [
       38.75,
       67.4868
      ],
      [
       39,
       67.4733
      ],
      [
       39.25,
       67.4579
      ],
      [
       39.5,
       67.4406
      ],
      [
       39.75,
       67.4215
      ],
      [
       40,
       67.4006
      ],
      [
       40.25,
       67.3778
      ],
      [
       40.5,
       67.3531
      ],
      [
       40.75,
       67.3265
      ],
      [
       41,
       67.298
      ],
      [
       41.25,
       67.2669
      ],
      [
       41.3785,
       67.25
      ],
      [
       41.5,
       67.233
      ],
      [
       41.75,
       67.1961
      ],
      [
       42,
       67.1571
      ],
      [
       42.25,
       67.116
      ],
      [
       42.5,
       67.0728
      ],
      [
       42.75,
       67.027
      ],
      [
       42.8891,
       67
      ],
      [
       43,
       66.9771
      ],
      [
       43.25,
       66.9234
      ],
      [
       43.5,
       66.8673
      ],
      [
       43.75,
       66.8089
      ],
      [
       43.9879,
       66.75
      ],
      [
       43.9879,
       66.75
      ],
      [
       44.25,
       66.7218
      ],
      [
       44.5,
       66.7298
      ],
      [
       44.75,
       66.738
      ],
      [
       44.8267,
       66.75
      ],
      [
       45,
       66.8533
      ],
      [
       45.25,
       66.9322
      ],
      [
       45.5,
       66.966
      ],
      [
       45.6969,
       67
      ],
      [
       45.75,
       67.0322
      ],
      [
       46,
       67.1471
      ],
      [
       46.25,
       67.1969
      ],
      [
       46.5,
       67.2435
      ],
      [
       46.528,
       67.25
      ],
      [
       46.75,
       67.3639
      ],
      [
       47,
       67.4284
      ],
      [
       47.25,
       67.4819
      ],
      [
       47.3259,
       67.5
      ],
      [
       47.5,
       67.5862
      ],
      [
       47.75,
       67.6601
      ],
      [
       48,
       67.7171
      ],
      [
       48.1424,
       67.75
      ],
      [
       48.25,
       67.8024
      ],
      [
       48.5,
       67.8873
      ],
      [
       48.75,
       67.9483
      ],
      [
       49,
       67.9975
      ],
      [
       49.0101,
       68
      ],
      [
       49.25,
       68.1016
      ],
      [
       49.5,
       68.1715
      ],
      [
       49.75,
       68.2257
      ],
      [
       49.8537,
       68.25
      ],
      [
       50,
       68.3121
      ],
      [
       50.25,
       68.3908
      ],
      [
       50.5,
       68.4528
      ],
      [
       50.7291,
       68.5
      ],
      [
       50.75,
       68.5083
      ],
      [
       51,
       68.6023
      ],
      [
       51.25,
       68.6697
      ],
      [
       51.5,
       68.7234
      ],
      [
       51.6159,
       68.75
      ],
      [
       51.75,
       68.8021
      ],
      [
       52,
       68.8779
      ],
      [
       52.25,
       68.9382
      ],
      [
       52.5,
       68.9927
      ],
      [
       52.5312,
       69
      ],
      [
       52.75,
       69.0791
      ],
      [
       53,
       69.1467
      ],
      [
       53.25,
       69.204
      ],
      [
       53.4619,
       69.25
      ],
      [
       53.5,
       69.2643
      ],
      [
       53.75,
       69.3463
      ],
      [
       54,
       69.4093
      ],
      [
       54.25,
       69.4648
      ],
      [
       54.4117,
       69.5
      ],
      [
       54.5,
       69.531
      ],
      [
       54.75,
       69.6048
      ],
      [
       55,
       69.6639
      ],
      [
       55.25,
       69.7168
      ],
      [
       55.4088,
       69.75
      ],
      [
       55.5,
       69.7809
      ],
      [
       55.75,
       69.8527
      ],
      [
       56,
       69.911
      ],
      [
       56.25,
       69.9635
      ],
      [
       56.4273,
       70
      ],
      [
       56.5,
       70.0237
      ],
      [
       56.75,
       70.0943
      ],
      [
       57,
       70.1513
      ],
      [
       57.25,
       70.2024
      ],
      [
       57.4936,
       70.25
      ],
      [
       57.5,
       70.2521
      ],
      [
       57.75,
       70.3261
      ],
      [
       58,
       70.3846
      ],
      [
       58.25,
       70.4364
      ],
      [
       58.5,
       70.4852
      ],
      [
       58.5739,
       70.5
      ],
      [
       58.75,
       70.5516
      ],
      [
       59,
       70.6118
      ],
      [
       59.25,
       70.6636
      ],
      [
       59.5,
       70.7117
      ],
      [
       59.703,
       70.75
      ],
      [
       59.75,
       70.7638
      ],
      [
       60,
       70.8293
      ],
      [
       60.25,
       70.8829
      ],
      [
       60.5,
       70.9294
      ],
      [
       60.75,
       70.9763
      ],
      [
       60.8745,
       71
      ],
      [
       61,
       71.0345
      ],
      [
       61.25,
       71.0932
      ],
      [
       61.5,
       71.1432
      ],
      [
       61.75,
       71.1877
      ],
      [
       62,
       71.2329
      ],
      [
       62.0923,
       71.25
      ],
      [
       62.25,
       71.2913
      ],
      [
       62.5,
       71.3455
      ],
      [
       62.75,
       71.39
      ],
      [
       63,
       71.4347
      ],
      [
       63.25,
       71.4777
      ],
      [
       63.3778,
       71.5
      ],
      [
       63.5,
       71.5312
      ],
      [
       63.75,
       71.5862
      ],
      [
       64,
       71.6334
      ],
      [
       64.25,
       71.677
      ],
      [
       64.5,
       71.719
      ],
      [
       64.7048,
       71.75
      ],
      [
       64.75,
       71.7603
      ],
      [
       65,
       71.8166
      ],
      [
       65.25,
       71.8636
      ],
      [
       65.5,
       71.9062
      ],
      [
       65.75,
       71.9468
      ],
      [
       66,
       71.9866
      ],
      [
       66.0818,
       72
      ],
      [
       66.25,
       72.0386
      ],
      [
       66.5,
       72.0872
      ],
      [
       66.75,
       72.1283
      ],
      [
       67,
       72.1673
      ],
      [
       67.25,
       72.2052
      ],
      [
       67.5,
       72.2426
      ],
      [
       67.5476,
       72.25
      ],
      [
       67.75,
       72.2937
      ],
      [
       68,
       72.3387
      ],
      [
       68.25,
       72.3784
      ],
      [
       68.5,
       72.4158
      ],
      [
       68.75,
       72.4522
      ],
      [
       69,
       72.4882
      ],
      [
       69.0793,
       72.5
      ],
      [
       69.25,
       72.5354
      ],
      [
       69.5,
       72.5792
      ],
      [
       69.75,
       72.6174
      ],
      [
       70,
       72.6531
      ],
      [
       70.25,
       72.6877
      ],
      [
       70.5,
       72.722
      ],
      [
       70.7027,
       72.75
      ],
      [
       70.75,
       72.7598
      ],
      [
       71,
       72.8059
      ],
      [
       71.25,
       72.8444
      ],
      [
       71.5,
       72.8793
      ],
      [
       71.75,
       72.9127
      ],
      [
       72,
       72.9454
      ],
      [
       72.25,
       72.9781
      ],
      [
       72.4153,
       73
      ],
      [
       72.5,
       73.0165
      ],
      [
       72.75,
       73.0551
      ],
      [
       73,
       73.0912
      ],
      [
       73.25,
       73.124
      ],
      [
       73.5,
       73.1553
      ],
      [
       73.75,
       73.1861
      ],
      [
       74,
       73.2169
      ],
      [
       74.25,
       73.2479
      ],
      [
       74.2667,
       73.25
      ],
      [
       74.5,
       73.2905
      ],
      [
       74.75,
       73.3256
      ],
      [
       75,
       73.3566
      ],
      [
       75.25,
       73.3857
      ],
      [
       75.5,
       73.413
      ],
      [
       75.75,
       73.4417
      ],
      [
       76,
       73.4705
      ],
      [
       76.25,
       73.4996
      ],
      [
       76.2536,
       73.5
      ],
      [
       76.5,
       73.5404
      ],
      [
       76.75,
       73.5729
      ],
      [
       77,
       73.6016
      ],
      [
       77.25,
       73.6285
      ],
      [
       77.5,
       73.6535
      ],
      [
       77.75,
       73.6801
      ],
      [
       78,
       73.7047
      ],
      [
       78.25,
       73.7313
      ],
      [
       78.4222,
       73.75
      ],
      [
       78.5,
       73.7633
      ],
      [
       78.75,
       73.7988
      ],
      [
       79,
       73.8273
      ],
      [
       79.25,
       73.8527
      ],
      [
       79.5,
       73.8769
      ],
      [
       79.75,
       73.9006
      ],
      [
       80,
       73.9244
      ],
      [
       80.25,
       73.9484
      ],
      [
       80.5,
       73.9728
      ],
      [
       80.75,
       73.9952
      ],
      [
       80.7978,
       74
      ],
      [
       81,
       74.0309
      ],
      [
       81.25,
       74.0604
      ],
      [
       81.5,
       74.0842
      ],
      [
       81.75,
       74.1059
      ],
      [
       82,
       74.1268
      ],
      [
       82.25,
       74.1477
      ],
      [
       82.5,
       74.1688
      ],
      [
       82.75,
       74.1902
      ],
      [
       83,
       74.2121
      ],
      [
       83.25,
       74.2342
      ],
      [
       83.4426,
       74.25
      ],
      [
       83.5,
       74.2582
      ],
      [
       83.75,
       74.2918
      ],
      [
       84,
       74.3173
      ],
      [
       84.25,
       74.3374
      ],
      [
       84.5,
       74.3552
      ],
      [
       84.75,
       74.3725
      ],
      [
       85,
       74.3894
      ],
      [
       85.25,
       74.4072
      ],
      [
       85.5,
       74.4255
      ],
      [
       85.75,
       74.4442
      ],
      [
       86,
       74.463
      ],
      [
       86.25,
       74.4827
      ],
      [
       86.4655,
       74.5
      ],
      [
       86.5,
       74.5052
      ],
      [
       86.75,
       74.5379
      ],
      [
       87,
       74.5629
      ],
      [
       87.25,
       74.5809
      ],
      [
       87.5,
       74.5972
      ],
      [
       87.75,
       74.6105
      ],
      [
       88,
       74.6228
      ],
      [
       88.25,
       74.636
      ],
      [
       88.5,
       74.6499
      ],
      [
       88.75,
       74.6647
      ],
      [
       89,
       74.679
      ],
      [
       89.25,
       74.6948
      ],
      [
       89.5,
       74.7107
      ],
      [
       89.75,
       74.7274
      ],
      [
       90,
       74.7443
      ],
      [
       90.0819,
       74.75
      ],
      [
       90.25,
       74.7724
      ],
      [
       90.5,
       74.7993
      ],
      [
       90.75,
       74.8186
      ],
      [
       91,
       74.836
      ],
      [
       91.25,
       74.8502
      ],
      [
       91.5,
       74.8621
      ],
      [
       91.75,
       74.8721
      ],
      [
       92,
       74.8807
      ],
      [
       92.25,
       74.8881
      ],
      [
       92.5,
       74.8943
      ],
      [
       92.75,
       74.9028
      ],
      [
       93,
       74.9127
      ],
      [
       93.25,
       74.9237
      ],
      [
       93.5,
       74.9347
      ],
      [
       93.75,
       74.9469
      ],
      [
       94,
       74.9595
      ],
      [
       94.25,
       74.9724
      ],
      [
       94.5,
       74.9858
      ],
      [
       94.75,
       74.9981
      ],
      [
       94.7845,
       75
      ],
      [
       95,
       75.0261
      ],
      [
       95.25,
       75.0503
      ],
      [
       95.5,
       75.0696
      ],
      [
       95.75,
       75.0854
      ],
      [
       96,
       75.0986
      ],
      [
       96.25,
       75.1087
      ],
      [
       96.5,
       75.1183
      ],
      [
       96.75,
       75.1265
      ],
      [
       97,
       75.1337
      ],
      [
       97.25,
       75.1401
      ],
      [
       97.5,
       75.1451
      ],
      [
       97.75,
       75.1501
      ],
      [
       98,
       75.1546
      ],
      [
       98.25,
       75.1587
      ],
      [
       98.5,
       75.1623
      ],
      [
       98.75,
       75.1653
      ],
      [
       99,
       75.1683
      ],
      [
       99.25,
       75.1711
      ],
      [
       99.5,
       75.1736
      ],
      [
       99.75,
       75.1759
      ],
      [
       100,
       75.1778
      ],
      [
       100.25,
       75.1798
      ],
      [
       100.5,
       75.1817
      ],
      [
       100.75,
       75.1845
      ],
      [
       101,
       75.189
      ],
      [
       101.25,
       75.195
      ],
      [
       101.5,
       75.2013
      ],
      [
       101.75,
       75.2086
      ],
      [
       102,
       75.2156
      ],
      [
       102.25,
       75.2234
      ],
      [
       102.5,
       75.2308
      ],
      [
       102.75,
       75.2389
      ],
      [
       103,
       75.2466
      ],
      [
       103.1003,
       75.25
      ],
      [
       103.25,
       75.2666
      ],
      [
       103.5,
       75.2878
      ],
      [
       103.75,
       75.307
      ],
      [
       104,
       75.3215
      ],
      [
       104.25,
       75.3351
      ],
      [
       104.5,
       75.3455
      ],
      [
       104.75,
       75.3547
      ],
      [
       105,
       75.3635
      ],
      [
       105.25,
       75.3705
      ],
      [
       105.5,
       75.3774
      ],
      [
       105.75,
       75.3597
      ],
      [
       106,
       75.3489
      ],
      [
       106.25,
       75.3375
      ],
      [
       106.5,
       75.323
      ],
      [
       106.75,
       75.3073
      ],
      [
       107,
       75.2867
      ],
      [
       107.25,
       75.2612
      ],
      [
       107.3529,
       75.25
      ],
      [
       107.5,
       75.2449
      ],
      [
       107.75,
       75.2357
      ],
      [
       108,
       75.2274
      ],
      [
       108.25,
       75.2186
      ],
      [
       108.5,
       75.2106
      ],
      [
       108.75,
       75.2022
      ],
      [
       109,
       75.1946
      ],
      [
       109.25,
       75.1866
      ],
      [
       109.5,
       75.1799
      ],
      [
       109.75,
       75.1771
      ],
      [
       110,
       75.1751
      ],
      [
       110.25,
       75.1729
      ],
      [
       110.5,
       75.1705
      ],
      [
       110.75,
       75.1676
      ],
      [
       111,
       75.1648
      ],
      [
       111.25,
       75.1618
      ],
      [
       111.5,
       75.1585
      ],
      [
       111.75,
       75.1549
      ],
      [
       112,
       75.1506
      ],
      [
       112.25,
       75.1463
      ],
      [
       112.5,
       75.1415
      ],
      [
       112.75,
       75.1362
      ],
      [
       113,
       75.1304
      ],
      [
       113.25,
       75.1232
      ],
      [
       113.5,
       75.1158
      ],
      [
       113.75,
       75.1074
      ],
      [
       114,
       75.0978
      ],
      [
       114.25,
       75.0868
      ],
      [
       114.5,
       75.0727
      ],
      [
       114.75,
       75.0574
      ],
      [
       115,
       75.0392
      ],
      [
       115.25,
       75.017
      ],
      [
       115.4122,
       75
      ],
      [
       115.5,
       74.995
      ],
      [
       115.75,
       74.9798
      ],
      [
       116,
       74.966
      ],
      [
       116.25,
       74.9523
      ],
      [
       116.5,
       74.9387
      ],
      [
       116.75,
       74.9254
      ],
      [
       117,
       74.9122
      ],
      [
       117.25,
       74.8981
      ],
      [
       117.5,
       74.8858
      ],
      [
       117.75,
       74.8756
      ],
      [
       118,
       74.8681
      ],
      [
       118.25,
       74.8602
      ],
      [
       118.5,
       74.8512
      ],
      [
       118.75,
       74.8409
      ],
      [
       119,
       74.8289
      ],
      [
       119.25,
       74.8134
      ],
      [
       119.5,
       74.7963
      ],
      [
       119.75,
       74.7756
      ],
      [
       120,
       74.75
      ],
      [
       120.25,
       74.7322
      ],
      [
       120.5,
       74.7145
      ],
      [
       120.75,
       74.697
      ],
      [
       121,
       74.6786
      ],
      [
       121.25,
       74.6617
      ],
      [
       121.5,
       74.6443
      ],
      [
       121.75,
       74.6279
      ],
      [
       122,
       74.6121
      ],
      [
       122.25,
       74.5975
      ],
      [
       122.5,
       74.5843
      ],
      [
       122.75,
       74.5704
      ],
      [
       123,
       74.5537
      ],
      [
       123.25,
       74.5333
      ],
      [
       123.5,
       74.5079
      ],
      [
       123.5616,
       74.5
      ],
      [
       123.75,
       74.4828
      ],
      [
       124,
       74.4621
      ],
      [
       124.25,
       74.4416
      ],
      [
       124.5,
       74.4214
      ],
      [
       124.75,
       74.4014
      ],
      [
       125,
       74.3808
      ],
      [
       125.25,
       74.3614
      ],
      [
       125.5,
       74.3423
      ],
      [
       125.75,
       74.3234
      ],
      [
       126,
       74.3048
      ],
      [
       126.25,
       74.2832
      ],
      [
       126.5,
       74.2559
      ],
      [
       126.5472,
       74.25
      ],
      [
       126.75,
       74.2307
      ],
      [
       127,
       74.2071
      ],
      [
       127.25,
       74.1838
      ],
      [
       127.5,
       74.1594
      ],
      [
       127.75,
       74.1368
      ],
      [
       128,
       74.1145
      ],
      [
       128.25,
       74.0924
      ],
      [
       128.5,
       74.0702
      ],
      [
       128.75,
       74.0471
      ],
      [
       129,
       74.0212
      ],
      [
       129.1694,
       74
      ],
      [
       129.25,
       73.9915
      ],
      [
       129.5,
       73.9634
      ],
      [
       129.75,
       73.9378
      ],
      [
       130,
       73.9126
      ],
      [
       130.25,
       73.8876
      ],
      [
       130.5,
       73.8628
      ],
      [
       130.75,
       73.8379
      ],
      [
       131,
       73.8103
      ],
      [
       131.25,
       73.7826
      ],
      [
       131.5,
       73.7502
      ],
      [
       131.75,
       73.7219
      ],
      [
       132,
       73.694
      ],
      [
       132.25,
       73.6663
      ],
      [
       132.5,
       73.6389
      ],
      [
       132.75,
       73.6114
      ],
      [
       133,
       73.5836
      ],
      [
       133.25,
       73.5548
      ],
      [
       133.5,
       73.5231
      ],
      [
       133.6602,
       73.5
      ],
      [
       133.75,
       73.489
      ],
      [
       134,
       73.4587
      ],
      [
       134.25,
       73.4269
      ],
      [
       134.5,
       73.3975
      ],
      [
       134.75,
       73.3681
      ],
      [
       135,
       73.3382
      ],
      [
       135.25,
       73.3069
      ],
      [
       135.5,
       73.2725
      ],
      [
       135.632,
       73.25
      ],
      [
       135.75,
       73.2334
      ],
      [
       136,
       73.202
      ],
      [
       136.25,
       73.1697
      ],
      [
       136.5,
       73.1381
      ],
      [
       136.75,
       73.1061
      ],
      [
       137,
       73.073
      ],
      [
       137.25,
       73.0371
      ],
      [
       137.476,
       73
      ],
      [
       137.476,
       73
      ],
      [
       137.75,
       72.9633
      ],
      [
       138,
       72.9301
      ],
      [
       138.25,
       72.8969
      ],
      [
       138.5,
       72.8632
      ],
      [
       138.75,
       72.8282
      ],
      [
       139,
       72.7902
      ],
      [
       139.2287,
       72.75
      ],
      [
       139.2287,
       72.75
      ],
      [
       139.5,
       72.7119
      ],
      [
       139.75,
       72.6748
      ],
      [
       140,
       72.6403
      ],
      [
       140.25,
       72.6049
      ],
      [
       140.5,
       72.5673
      ],
      [
       140.75,
       72.525
      ],
      [
       140.8799,
       72.5
      ],
      [
       141,
       72.4822
      ],
      [
       141.25,
       72.4435
      ],
      [
       141.5,
       72.4079
      ],
      [
       141.75,
       72.3716
      ],
      [
       142,
       72.3332
      ],
      [
       142.25,
       72.2904
      ],
      [
       142.4513,
       72.25
      ],
      [
       142.5,
       72.2424
      ],
      [
       142.75,
       72.2051
      ],
      [
       143,
       72.1654
      ],
      [
       143.25,
       72.1278
      ],
      [
       143.5,
       72.0877
      ],
      [
       143.75,
       72.0426
      ],
      [
       143.9483,
       72
      ],
      [
       144,
       71.992
      ],
      [
       144.25,
       71.9549
      ],
      [
       144.5,
       71.9177
      ],
      [
       144.75,
       71.8793
      ],
      [
       145,
       71.838
      ],
      [
       145.25,
       71.7902
      ],
      [
       145.4242,
       71.75
      ],
      [
       145.5,
       71.7382
      ],
      [
       145.75,
       71.7012
      ],
      [
       146,
       71.6637
      ],
      [
       146.25,
       71.6247
      ],
      [
       146.5,
       71.5766
      ],
      [
       146.75,
       71.5222
      ],
      [
       146.8367,
       71.5
      ],
      [
       147,
       71.476
      ],
      [
       147.25,
       71.4404
      ],
      [
       147.5,
       71.4042
      ],
      [
       147.75,
       71.3655
      ],
      [
       148,
       71.3203
      ],
      [
       148.25,
       71.2575
      ],
      [
       148.5,
       71.2197
      ],
      [
       148.75,
       71.1869
      ],
      [
       149,
       71.154
      ],
      [
       149.25,
       71.1187
      ],
      [
       149.5,
       71.0747
      ],
      [
       149.75,
       71.0003
      ],
      [
       150,
       70.9748
      ],
      [
       150.25,
       70.9539
      ],
      [
       150.5,
       70.941
      ],
      [
       150.75,
       70.9331
      ],
      [
       151,
       70.9276
      ],
      [
       151.25,
       70.94
      ],
      [
       151.4821,
       71
      ],
      [
       151.5,
       71.0071
      ],
      [
       151.75,
       71.1052
      ],
      [
       152,
       71.2024
      ],
      [
       152.1232,
       71.25
      ],
      [
       152.25,
       71.2992
      ],
      [
       152.5,
       71.3953
      ],
      [
       152.75,
       71.4906
      ],
      [
       152.7748,
       71.5
      ],
      [
       153,
       71.5856
      ],
      [
       153.25,
       71.6798
      ],
      [
       153.4378,
       71.75
      ],
      [
       153.5,
       71.7733
      ],
      [
       153.75,
       71.8664
      ],
      [
       154,
       71.9587
      ],
      [
       154.1129,
       72
      ],
      [
       154.25,
       72.0504
      ],
      [
       154.5,
       72.1415
      ],
      [
       154.75,
       72.2318
      ],
      [
       154.8008,
       72.25
      ],
      [
       155,
       72.3217
      ],
      [
       155.25,
       72.4109
      ],
      [
       155.5,
       72.4993
      ],
      [
       155.5019,
       72.5
      ],
      [
       155.75,
       72.5874
      ],
      [
       156,
       72.6746
      ],
      [
       156.2182,
       72.75
      ],
      [
       156.25,
       72.761
      ],
      [
       156.5,
       72.8472
      ],
      [
       156.75,
       72.9326
      ],
      [
       156.949,
       73
      ],
      [
       157,
       73.0173
      ],
      [
       157.25,
       73.1015
      ],
      [
       157.5,
       73.1849
      ],
      [
       157.6967,
       73.25
      ],
      [
       157.75,
       73.2677
      ],
      [
       158,
       73.3501
      ],
      [
       158.25,
       73.4317
      ],
      [
       158.4613,
       73.5
      ],
      [
       158.5,
       73.5125
      ],
      [
       158.75,
       73.5931
      ],
      [
       159,
       73.6729
      ],
      [
       159.2443,
       73.75
      ],
      [
       159.25,
       73.7518
      ],
      [
       159.5,
       73.8306
      ],
      [
       159.75,
       73.9085
      ],
      [
       160,
       73.9856
      ],
      [
       160.0468,
       74
      ],
      [
       160.25,
       74.0625
      ],
      [
       160.5,
       74.1386
      ],
      [
       160.75,
       74.2141
      ],
      [
       160.87,
       74.25
      ],
      [
       161,
       74.289
      ],
      [
       161.25,
       74.3634
      ],
      [
       161.5,
       74.437
      ],
      [
       161.7159,
       74.5
      ],
      [
       161.75,
       74.51
      ],
      [
       162,
       74.5827
      ],
      [
       162.25,
       74.6546
      ],
      [
       162.5,
       74.7259
      ],
      [
       162.5854,
       74.75
      ],
      [
       162.75,
       74.7966
      ],
      [
       163,
       74.8669
      ],
      [
       163.25,
       74.9365
      ],
      [
       163.4804,
       75
      ],
      [
       163.5,
       75.0054
      ],
      [
       163.75,
       75.074
      ],
      [
       164,
       75.1419
      ],
      [
       164.25,
       75.2092
      ],
      [
       164.403,
       75.25
      ],
      [
       164.5,
       75.2759
      ],
      [
       164.75,
       75.3422
      ],
      [
       165,
       75.4079
      ],
      [
       165.25,
       75.4728
      ],
      [
       165.3553,
       75.5
      ],
      [
       165.5,
       75.5374
      ],
      [
       165.75,
       75.6016
      ],
      [
       166,
       75.6649
      ],
      [
       166.25,
       75.7278
      ],
      [
       166.3391,
       75.75
      ],
      [
       166.5,
       75.7902
      ],
      [
       166.75,
       75.8521
      ],
      [
       167,
       75.9135
      ],
      [
       167.25,
       75.9741
      ],
      [
       167.3574,
       76
      ],
      [
       167.5,
       76.0345
      ],
      [
       167.75,
       76.0942
      ],
      [
       168,
       76.1535
      ],
      [
       168.25,
       76.2121
      ],
      [
       168.4128,
       76.25
      ],
      [
       168.5,
       76.2703
      ],
      [
       168.75,
       76.328
      ],
      [
       169,
       76.3854
      ],
      [
       169.25,
       76.4419
      ],
      [
       169.5,
       76.4981
      ],
      [
       169.5085,
       76.5
      ],
      [
       169.75,
       76.5538
      ],
      [
       170,
       76.6092
      ],
      [
       170.25,
       76.6638
      ],
      [
       170.5,
       76.718
      ],
      [
       170.6489,
       76.75
      ],
      [
       170.75,
       76.7718
      ],
      [
       171,
       76.8251
      ],
      [
       171.25,
       76.8781
      ],
      [
       171.5,
       76.9303
      ],
      [
       171.75,
       76.9821
      ],
      [
       171.8369,
       77
      ],
      [
       172,
       77.0336
      ],
      [
       172.25,
       77.0846
      ],
      [
       172.5,
       77.1352
      ],
      [
       172.75,
       77.1852
      ],
      [
       173,
       77.2347
      ],
      [
       173.0779,
       77.25
      ],
      [
       173.25,
       77.2839
      ],
      [
       173.5,
       77.3327
      ],
      [
       173.75,
       77.381
      ],
      [
       174,
       77.4289
      ],
      [
       174.25,
       77.4762
      ],
      [
       174.3768,
       77.5
      ],
      [
       174.5,
       77.5231
      ],
      [
       174.75,
       77.5698
      ],
      [
       175,
       77.616
      ],
      [
       175.25,
       77.6617
      ],
      [
       175.5,
       77.7069
      ],
      [
       175.74,
       77.75
      ],
      [
       175.75,
       77.7518
      ],
      [
       176,
       77.7964
      ],
      [
       176.25,
       77.8405
      ],
      [
       176.5,
       77.8842
      ],
      [
       176.75,
       77.9275
      ],
      [
       177,
       77.9703
      ],
      [
       177.1749,
       78
      ],
      [
       177.25,
       78.0128
      ],
      [
       177.5,
       78.0549
      ],
      [
       177.75,
       78.0967
      ],
      [
       178,
       78.1381
      ],
      [
       178.25,
       78.179
      ],
      [
       178.5,
       78.2195
      ],
      [
       178.69,
       78.25
      ],
      [
       178.75,
       78.2596
      ],
      [
       179,
       78.2996
      ],
      [
       179.25,
       78.3391
      ],
      [
       179.5,
       78.3782
      ],
      [
       179.75,
       78.4169
      ],
      [
       180,
       78.4553
      ],
      [
       180,
       90
      ],
      [
       -180,
       90
      ],
      [
       -180,
       78.4553
      ]
     ]
    ]
   }
  },
  {
   "type": "Feature",
   "properties": {
    "kind": "partial",
    "obscuration": 0.9,
    "percent": 90,
    "title": "90% of the solar disc obscured"
   },
   "geometry": {
    "type": "Polygon",
    "coordinates": [
     [
      [
       -180,
       84.0576
      ],
      [
       -179.75,
       84.0795
      ],
      [
       -179.5,
       84.1012
      ],
      [
       -179.25,
       84.1226
      ],
      [
       -179,
       84.1438
      ],
      [
       -178.75,
       84.1648
      ],
      [
       -178.5,
       84.1854
      ],
      [
       -178.25,
       84.2058
      ],
      [
       -178,
       84.226
      ],
      [
       -177.75,
       84.2459
      ],
      [
       -177.6987,
       84.25
      ],
      [
       -177.5,
       84.2658
      ],
      [
       -177.25,
       84.2854
      ],
      [
       -177,
       84.3049
      ],
      [
       -176.75,
       84.3241
      ],
      [
       -176.5,
       84.3431
      ],
      [
       -176.25,
       84.3619
      ],
      [
       -176,
       84.3805
      ],
      [
       -175.75,
       84.3989
      ],
      [
       -175.5,
       84.4171
      ],
      [
       -175.25,
       84.4351
      ],
      [
       -175,
       84.4528
      ],
      [
       -174.75,
       84.4703
      ],
      [
       -174.5,
       84.4876
      ],
      [
       -174.3196,
       84.5
      ],
      [
       -174.25,
       84.5048
      ],
      [
       -174,
       84.5218
      ],
      [
       -173.75,
       84.5387
      ],
      [
       -173.5,
       84.5554
      ],
      [
       -173.25,
       84.5719
      ],
      [
       -173,
       84.5882
      ],
      [
       -172.75,
       84.6043
      ],
      [
       -172.5,
       84.6202
      ],
      [
       -172.25,
       84.636
      ],
      [
       -172,
       84.6516
      ],
      [
       -171.75,
       84.667
      ],
      [
       -171.5,
       84.6822
      ],
      [
       -171.25,
       84.6973
      ],
      [
       -171,
       84.7122
      ],
      [
       -170.75,
       84.7269
      ],
      [
       -170.5,
       84.7415
      ],
      [
       -170.3523,
       84.75
      ],
      [
       -170.25,
       84.7559
      ],
      [
       -170,
       84.7702
      ],
      [
       -169.75,
       84.7844
      ],
      [
       -169.5,
       84.7984
      ],
      [
       -169.25,
       84.8122
      ],
      [
       -169,
       84.8259
      ],
      [
       -168.75,
       84.8394
      ],
      [
       -168.5,
       84.8528
      ],
      [
       -168.25,
       84.866
      ],
      [
       -168,
       84.8791
      ],
      [
       -167.75,
       84.892
      ],
      [
       -167.5,
       84.9048
      ],
      [
       -167.25,
       84.9174
      ],
      [
       -167,
       84.9299
      ],
      [
       -166.75,
       84.9422
      ],
      [
       -166.5,
       84.9544
      ],
      [
       -166.25,
       84.9664
      ],
      [
       -166,
       84.9783
      ],
      [
       -165.75,
       84.9901
      ],
      [
       -165.5368,
       85
      ],
      [
       -165.5,
       85.0017
      ],
      [
       -165.25,
       85.0133
      ],
      [
       -165,
       85.0247
      ],
      [
       -164.75,
       85.036
      ],
      [
       -164.5,
       85.0472
      ],
      [
       -164.25,
       85.0583
      ],
      [
       -164,
       85.0692
      ],
      [
       -163.75,
       85.08
      ],
      [
       -163.5,
       85.0906
      ],
      [
       -163.25,
       85.1011
      ],
      [
       -163,
       85.1115
      ],
      [
       -162.75,
       85.1217
      ],
      [
       -162.5,
       85.1318
      ],
      [
       -162.25,
       85.1418
      ],
      [
       -162,
       85.1517
      ],
      [
       -161.75,
       85.1614
      ],
      [
       -161.5,
       85.1711
      ],
      [
       -161.25,
       85.1806
      ],
      [
       -161,
       85.19
      ],
      [
       -160.75,
       85.1993
      ],
      [
       -160.5,
       85.2085
      ],
      [
       -160.25,
       85.2176
      ],
      [
       -160,
       85.2265
      ],
      [
       -159.75,
       85.2354
      ],
      [
       -159.5,
       85.2442
      ],
      [
       -159.3297,
       85.25
      ],
      [
       -159.25,
       85.2527
      ],
      [
       -159,
       85.2613
      ],
      [
       -158.75,
       85.2697
      ],
      [
       -158.5,
       85.278
      ],
      [
       -158.25,
       85.2862
      ],
      [
       -158,
       85.2943
      ],
      [
       -157.75,
       85.3023
      ],
      [
       -157.5,
       85.3102
      ],
      [
       -157.25,
       85.318
      ],
      [
       -157,
       85.3258
      ],
      [
       -156.75,
       85.3334
      ],
      [
       -156.5,
       85.3409
      ],
      [
       -156.25,
       85.3482
      ],
      [
       -156,
       85.3554
      ],
      [
       -155.75,
       85.3626
      ],
      [
       -155.5,
       85.3696
      ],
      [
       -155.25,
       85.3766
      ],
      [
       -155,
       85.3835
      ],
      [
       -154.75,
       85.3903
      ],
      [
       -154.5,
       85.397
      ],
      [
       -154.25,
       85.4036
      ],
      [
       -154,
       85.4101
      ],
      [
       -153.75,
       85.4164
      ],
      [
       -153.5,
       85.4227
      ],
      [
       -153.25,
       85.4289
      ],
      [
       -153,
       85.435
      ],
      [
       -152.75,
       85.441
      ],
      [
       -152.5,
       85.4469
      ],
      [
       -152.25,
       85.4528
      ],
      [
       -152,
       85.4585
      ],
      [
       -151.75,
       85.4641
      ],
      [
       -151.5,
       85.4696
      ],
      [
       -151.25,
       85.475
      ],
      [
       -151,
       85.4804
      ],
      [
       -150.75,
       85.4857
      ],
      [
       -150.5,
       85.4909
      ],
      [
       -150.25,
       85.4961
      ],
      [
       -150.0525,
       85.5
      ],
      [
       -150,
       85.5011
      ],
      [
       -149.75,
       85.5059
      ],
      [
       -149.5,
       85.5108
      ],
      [
       -149.25,
       85.5155
      ],
      [
       -149,
       85.5202
      ],
      [
       -148.75,
       85.5249
      ],
      [
       -148.5,
       85.5295
      ],
      [
       -148.25,
       85.5339
      ],
      [
       -148,
       85.5382
      ],
      [
       -147.75,
       85.5424
      ],
      [
       -147.5,
       85.5466
      ],
      [
       -147.25,
       85.5507
      ],
      [
       -147,
       85.5547
      ],
      [
       -146.75,
       85.5587
      ],
      [
       -146.5,
       85.5625
      ],
      [
       -146.25,
       85.5662
      ],
      [
       -146,
       85.5699
      ],
      [
       -145.75,
       85.5735
      ],
      [
       -145.5,
       85.577
      ],
      [
       -145.25,
       85.5804
      ],
      [
       -145,
       85.5837
      ],
      [
       -144.75,
       85.587
      ],
      [
       -144.5,
       85.5902
      ],
      [
       -144.25,
       85.5933
      ],
      [
       -144,
       85.5964
      ],
      [
       -143.75,
       85.5993
      ],
      [
       -143.5,
       85.6021
      ],
      [
       -143.25,
       85.6049
      ],
      [
       -143,
       85.6076
      ],
      [
       -142.75,
       85.6102
      ],
      [
       -142.5,
       85.6128
      ],
      [
       -142.25,
       85.6152
      ],
      [
       -142,
       85.6176
      ],
      [
       -141.75,
       85.6199
      ],
      [
       -141.5,
       85.6222
      ],
      [
       -141.25,
       85.6243
      ],
      [
       -141,
       85.6264
      ],
      [
       -140.75,
       85.6284
      ],
      [
       -140.5,
       85.6303
      ],
      [
       -140.25,
       85.6322
      ],
      [
       -140,
       85.6339
      ],
      [
       -139.75,
       85.6356
      ],
      [
       -139.5,
       85.6372
      ],
      [
       -139.25,
       85.6388
      ],
      [
       -139,
       85.6403
      ],
      [
       -138.75,
       85.6416
      ],
      [
       -138.5,
       85.6429
      ],
      [
       -138.25,
       85.6442
      ],
      [
       -138,
       85.6454
      ],
      [
       -137.75,
       85.6464
      ],
      [
       -137.5,
       85.6474
      ],
      [
       -137.25,
       85.6483
      ],
      [
       -137,
       85.6492
      ],
      [
       -136.75,
       85.65
      ],
      [
       -136.5,
       85.6506
      ],
      [
       -136.25,
       85.6512
      ],
      [
       -136,
       85.6518
      ],
      [
       -135.75,
       85.6524
      ],
      [
       -135.5,
       85.6527
      ],
      [
       -135.25,
       85.653
      ],
      [
       -135,
       85.6533
      ],
      [
       -134.75,
       85.6535
      ],
      [
       -134.5,
       85.6536
      ],
      [
       -134.25,
       85.6535
      ],
      [
       -134,
       85.6535
      ],
      [
       -133.75,
       85.6534
      ],
      [
       -133.5,
       85.6533
      ],
      [
       -133.25,
       85.6529
      ],
      [
       -133,
       85.6525
      ],
      [
       -132.75,
       85.6522
      ],
      [
       -132.5,
       85.6517
      ],
      [
       -132.25,
       85.651
      ],
      [
       -132,
       85.6504
      ],
      [
       -131.75,
       85.6497
      ],
      [
       -131.5,
       85.6489
      ],
      [
       -131.25,
       85.648
      ],
      [
       -131,
       85.647
      ],
      [
       -130.75,
       85.646
      ],
      [
       -130.5,
       85.645
      ],
      [
       -130.25,
       85.6437
      ],
      [
       -130,
       85.6424
      ],
      [
       -129.75,
       85.6412
      ],
      [
       -129.5,
       85.6397
      ],
      [
       -129.25,
       85.6382
      ],
      [
       -129,
       85.6366
      ],
      [
       -128.75,
       85.635
      ],
      [
       -128.5,
       85.6333
      ],
      [
       -128.25,
       85.6315
      ],
      [
       -128,
       85.6296
      ],
      [
       -127.75,
       85.6277
      ],
      [
       -127.5,
       85.6256
      ],
      [
       -127.25,
       85.6235
      ],
      [
       -127,
       85.6214
      ],
      [
       -126.75,
       85.6191
      ],
      [
       -126.5,
       85.6167
      ],
      [
       -126.25,
       85.6144
      ],
      [
       -126,
       85.6118
      ],
      [
       -125.75,
       85.6093
      ],
      [
       -125.5,
       85.6066
      ],
      [
       -125.25,
       85.6039
      ],
      [
       -125,
       85.601
      ],
      [
       -124.75,
       85.5981
      ],
      [
       -124.5,
       85.5952
      ],
      [
       -124.25,
       85.5921
      ],
      [
       -124,
       85.589
      ],
      [
       -123.75,
       85.5858
      ],
      [
       -123.5,
       85.5824
      ],
      [
       -123.25,
       85.5791
      ],
      [
       -123,
       85.5756
      ],
      [
       -122.75,
       85.5721
      ],
      [
       -122.5,
       85.5684
      ],
      [
       -122.25,
       85.5647
      ],
      [
       -122,
       85.5609
      ],
      [
       -121.75,
       85.557
      ],
      [
       -121.5,
       85.5531
      ],
      [
       -121.25,
       85.5491
      ],
      [
       -121,
       85.5448
      ],
      [
       -120.75,
       85.5406
      ],
      [
       -120.5,
       85.5364
      ],
      [
       -120.25,
       85.5319
      ],
      [
       -120,
       85.5275
      ],
      [
       -119.75,
       85.523
      ],
      [
       -119.5,
       85.5182
      ],
      [
       -119.25,
       85.5135
      ],
      [
       -119,
       85.5088
      ],
      [
       -118.75,
       85.5038
      ],
      [
       -118.5629,
       85.5
      ],
      [
       -118.5,
       85.4987
      ],
      [
       -118.25,
       85.4938
      ],
      [
       -118,
       85.4886
      ],
      [
       -117.75,
       85.4833
      ],
      [
       -117.5,
       85.4781
      ],
      [
       -117.25,
       85.4726
      ],
      [
       -117,
       85.4671
      ],
      [
       -116.75,
       85.4616
      ],
      [
       -116.5,
       85.4558
      ],
      [
       -116.25,
       85.45
      ],
      [
       -116,
       85.4442
      ],
      [
       -115.75,
       85.4382
      ],
      [
       -115.5,
       85.4321
      ],
      [
       -115.25,
       85.426
      ],
      [
       -115,
       85.4197
      ],
      [
       -114.75,
       85.4134
      ],
      [
       -114.5,
       85.407
      ],
      [
       -114.25,
       85.4003
      ],
      [
       -114,
       85.3937
      ],
      [
       -113.75,
       85.387
      ],
      [
       -113.5,
       85.3801
      ],
      [
       -113.25,
       85.3732
      ],
      [
       -113,
       85.3661
      ],
      [
       -112.75,
       85.359
      ],
      [
       -112.5,
       85.3517
      ],
      [
       -112.25,
       85.3443
      ],
      [
       -112,
       85.3369
      ],
      [
       -111.75,
       85.3293
      ],
      [
       -111.5,
       85.3217
      ],
      [
       -111.25,
       85.3139
      ],
      [
       -111,
       85.306
      ],
      [
       -110.75,
       85.298
      ],
      [
       -110.5,
       85.2898
      ],
      [
       -110.25,
       85.2816
      ],
      [
       -110,
       85.2734
      ],
      [
       -109.75,
       85.2648
      ],
      [
       -109.5,
       85.2564
      ],
      [
       -109.3171,
       85.25
      ],
      [
       -109.25,
       85.2477
      ],
      [
       -109,
       85.239
      ],
      [
       -108.75,
       85.2303
      ],
      [
       -108.5,
       85.2212
      ],
      [
       -108.25,
       85.2122
      ],
      [
       -108,
       85.203
      ],
      [
       -107.75,
       85.1937
      ],
      [
       -107.5,
       85.1844
      ],
      [
       -107.25,
       85.1748
      ],
      [
       -107,
       85.1651
      ],
      [
       -106.75,
       85.1554
      ],
      [
       -106.5,
       85.1454
      ],
      [
       -106.25,
       85.1356
      ],
      [
       -106,
       85.1253
      ],
      [
       -105.75,
       85.1151
      ],
      [
       -105.5,
       85.1047
      ],
      [
       -105.25,
       85.0941
      ],
      [
       -105,
       85.0835
      ],
      [
       -104.75,
       85.0726
      ],
      [
       -104.5,
       85.0618
      ],
      [
       -104.25,
       85.0506
      ],
      [
       -104,
       85.0395
      ],
      [
       -103.75,
       85.0281
      ],
      [
       -103.5,
       85.0166
      ],
      [
       -103.25,
       85.0051
      ],
      [
       -103.1425,
       85
      ],
      [
       -103,
       84.9933
      ],
      [
       -102.75,
       84.9816
      ],
      [
       -102.5,
       84.9696
      ],
      [
       -102.25,
       84.9575
      ],
      [
       -102,
       84.9453
      ],
      [
       -101.75,
       84.9329
      ],
      [
       -101.5,
       84.9204
      ],
      [
       -101.25,
       84.9077
      ],
      [
       -101,
       84.8949
      ],
      [
       -100.75,
       84.8819
      ],
      [
       -100.5,
       84.8688
      ],
      [
       -100.25,
       84.8555
      ],
      [
       -100,
       84.842
      ],
      [
       -99.75,
       84.8284
      ],
      [
       -99.5,
       84.8146
      ],
      [
       -99.25,
       84.8007
      ],
      [
       -99,
       84.7866
      ],
      [
       -98.75,
       84.7723
      ],
      [
       -98.5,
       84.758
      ],
      [
       -98.3648,
       84.75
      ],
      [
       -98.25,
       84.7433
      ],
      [
       -98,
       84.7288
      ],
      [
       -97.75,
       84.7138
      ],
      [
       -97.5,
       84.6989
      ],
      [
       -97.25,
       84.6836
      ],
      [
       -97,
       84.6684
      ],
      [
       -96.75,
       84.6528
      ],
      [
       -96.5,
       84.6371
      ],
      [
       -96.25,
       84.6211
      ],
      [
       -96,
       84.605
      ],
      [
       -95.75,
       84.5887
      ],
      [
       -95.5,
       84.5722
      ],
      [
       -95.25,
       84.5556
      ],
      [
       -95,
       84.5387
      ],
      [
       -94.75,
       84.5216
      ],
      [
       -94.5,
       84.5043
      ],
      [
       -94.4385,
       84.5
      ],
      [
       -94.25,
       84.487
      ],
      [
       -94,
       84.4694
      ],
      [
       -93.75,
       84.4517
      ],
      [
       -93.5,
       84.4337
      ],
      [
       -93.25,
       84.4155
      ],
      [
       -93,
       84.3972
      ],
      [
       -92.75,
       84.3785
      ],
      [
       -92.5,
       84.3598
      ],
      [
       -92.25,
       84.3406
      ],
      [
       -92,
       84.3215
      ],
      [
       -91.75,
       84.3018
      ],
      [
       -91.5,
       84.2822
      ],
      [
       -91.25,
       84.2621
      ],
      [
       -91.0998,
       84.25
      ],
      [
       -91,
       84.242
      ],
      [
       -90.75,
       84.2217
      ],
      [
       -90.5,
       84.2012
      ],
      [
       -90.25,
       84.1804
      ],
      [
       -90,
       84.1594
      ],
      [
       -89.75,
       84.1381
      ],
      [
       -89.5,
       84.1166
      ],
      [
       -89.25,
       84.0948
      ],
      [
       -89,
       84.0728
      ],
      [
       -88.75,
       84.0504
      ],
      [
       -88.5,
       84.0278
      ],
      [
       -88.25,
       84.0048
      ],
      [
       -88.1975,
       84
      ],
      [
       -88,
       83.9819
      ],
      [
       -87.75,
       83.9587
      ],
      [
       -87.5,
       83.9351
      ],
      [
       -87.25,
       83.9114
      ],
      [
       -87,
       83.8872
      ],
      [
       -86.75,
       83.8629
      ],
      [
       -86.5,
       83.8381
      ],
      [
       -86.25,
       83.8132
      ],
      [
       -86,
       83.7877
      ],
      [
       -85.75,
       83.7621
      ],
      [
       -85.6329,
       83.75
      ],
      [
       -85.5,
       83.7363
      ],
      [
       -85.25,
       83.7102
      ],
      [
       -85,
       83.684
      ],
      [
       -84.75,
       83.6571
      ],
      [
       -84.5,
       83.6302
      ],
      [
       -84.25,
       83.6028
      ],
      [
       -84,
       83.575
      ],
      [
       -83.75,
       83.547
      ],
      [
       -83.5,
       83.5184
      ],
      [
       -83.34,
       83.5
      ],
      [
       -83.25,
       83.4897
      ],
      [
       -83,
       83.4609
      ],
      [
       -82.75,
       83.4315
      ],
      [
       -82.5,
       83.4019
      ],
      [
       -82.25,
       83.3719
      ],
      [
       -82,
       83.3413
      ],
      [
       -81.75,
       83.3105
      ],
      [
       -81.5,
       83.2793
      ],
      [
       -81.2693,
       83.25
      ],
      [
       -81.25,
       83.2476
      ],
      [
       -81,
       83.2159
      ],
      [
       -80.75,
       83.1837
      ],
      [
       -80.5,
       83.1511
      ],
      [
       -80.25,
       83.118
      ],
      [
       -80,
       83.0845
      ],
      [
       -79.75,
       83.0506
      ],
      [
       -79.5,
       83.0161
      ],
      [
       -79.3843,
       83
      ],
      [
       -79.25,
       82.9814
      ],
      [
       -79,
       82.9465
      ],
      [
       -78.75,
       82.9109
      ],
      [
       -78.5,
       82.875
      ],
      [
       -78.25,
       82.8385
      ],
      [
       -78,
       82.8015
      ],
      [
       -77.75,
       82.7642
      ],
      [
       -77.6568,
       82.75
      ],
      [
       -77.5,
       82.7263
      ],
      [
       -77.25,
       82.6882
      ],
      [
       -77,
       82.6496
      ],
      [
       -76.75,
       82.6102
      ],
      [
       -76.5,
       82.5705
      ],
      [
       -76.25,
       82.5303
      ],
      [
       -76.0656,
       82.5
      ],
      [
       -76,
       82.4893
      ],
      [
       -75.75,
       82.4482
      ],
      [
       -75.5,
       82.4067
      ],
      [
       -75.25,
       82.3643
      ],
      [
       -75,
       82.3214
      ],
      [
       -74.75,
       82.2779
      ],
      [
       -74.5913,
       82.25
      ],
      [
       -74.5,
       82.234
      ],
      [
       -74.25,
       82.1896
      ],
      [
       -74,
       82.1445
      ],
      [
       -73.75,
       82.0989
      ],
      [
       -73.5,
       82.0527
      ],
      [
       -73.2206,
       82
      ],
      [
       -73,
       81.9582
      ],
      [
       -72.75,
       81.9103
      ],
      [
       -72.5,
       81.8616
      ],
      [
       -72.25,
       81.8122
      ],
      [
       -72,
       81.7621
      ],
      [
       -71.9403,
       81.75
      ],
      [
       -71.75,
       81.7115
      ],
      [
       -71.5,
       81.6603
      ],
      [
       -71.25,
       81.6083
      ],
      [
       -71,
       81.5555
      ],
      [
       -70.7414,
       81.5
      ],
      [
       -70.5,
       81.448
      ],
      [
       -70.25,
       81.3933
      ],
      [
       -70,
       81.3376
      ],
      [
       -69.75,
       81.2812
      ],
      [
       -69.6136,
       81.25
      ],
      [
       -69.5,
       81.2241
      ],
      [
       -69.25,
       81.1663
      ],
      [
       -69,
       81.1076
      ],
      [
       -68.75,
       81.0481
      ],
      [
       -68.5508,
       81
      ],
      [
       -68.5,
       80.9877
      ],
      [
       -68.25,
       80.9267
      ],
      [
       -68,
       80.8648
      ],
      [
       -67.75,
       80.8019
      ],
      [
       -67.5466,
       80.75
      ],
      [
       -67.5,
       80.7381
      ],
      [
       -67.25,
       80.6738
      ],
      [
       -67,
       80.6083
      ],
      [
       -66.75,
       80.5417
      ],
      [
       -66.5956,
       80.5
      ],
      [
       -66.5,
       80.4743
      ],
      [
       -66.25,
       80.4062
      ],
      [
       -66,
       80.337
      ],
      [
       -65.75,
       80.2666
      ],
      [
       -65.6918,
       80.25
      ],
      [
       -65.5,
       80.1956
      ],
      [
       -65.25,
       80.1234
      ],
      [
       -65,
       80.0501
      ],
      [
       -64.832,
       80
      ],
      [
       -64.75,
       79.9756
      ],
      [
       -64.5,
       79.9004
      ],
      [
       -64.25,
       79.8239
      ],
      [
       -64.0126,
       79.75
      ],
      [
       -64,
       79.7461
      ],
      [
       -63.75,
       79.6676
      ],
      [
       -63.5,
       79.5877
      ],
      [
       -63.2301,
       79.5
      ],
      [
       -63,
       79.4246
      ],
      [
       -62.75,
       79.3411
      ],
      [
       -62.482,
       79.25
      ],
      [
       -62.25,
       79.1706
      ],
      [
       -62,
       79.0835
      ],
      [
       -61.7647,
       79
      ],
      [
       -61.75,
       78.9948
      ],
      [
       -61.5,
       78.9053
      ],
      [
       -61.25,
       78.8142
      ],
      [
       -61.0767,
       78.75
      ],
      [
       -61,
       78.7217
      ],
      [
       -60.75,
       78.6282
      ],
      [
       -60.5,
       78.5329
      ],
      [
       -60.4149,
       78.5
      ],
      [
       -60.25,
       78.4363
      ],
      [
       -60,
       78.3383
      ],
      [
       -59.779,
       78.25
      ],
      [
       -59.75,
       78.2384
      ],
      [
       -59.5,
       78.1377
      ],
      [
       -59.25,
       78.0349
      ],
      [
       -59.1662,
       78
      ],
      [
       -59,
       77.9309
      ],
      [
       -58.75,
       77.8252
      ],
      [
       -58.575,
       77.75
      ],
      [
       -58.5,
       77.7178
      ],
      [
       -58.25,
       77.6091
      ],
      [
       -58.0039,
       77.5
      ],
      [
       -58,
       77.4983
      ],
      [
       -57.75,
       77.3863
      ],
      [
       -57.5,
       77.272
      ],
      [
       -57.4524,
       77.25
      ],
      [
       -57.25,
       77.1564
      ],
      [
       -57,
       77.0388
      ],
      [
       -56.9187,
       77
      ],
      [
       -56.75,
       76.9196
      ],
      [
       -56.5,
       76.7986
      ],
      [
       -56.4011,
       76.75
      ],
      [
       -56.25,
       76.6757
      ],
      [
       -56,
       76.5506
      ],
      [
       -55.9002,
       76.5
      ],
      [
       -55.75,
       76.424
      ],
      [
       -55.5,
       76.2953
      ],
      [
       -55.4132,
       76.25
      ],
      [
       -55.25,
       76.1647
      ],
      [
       -55,
       76.0318
      ],
      [
       -54.941,
       76
      ],
      [
       -54.75,
       75.8973
      ],
      [
       -54.4817,
       75.75
      ],
      [
       -54.25,
       75.6216
      ],
      [
       -54.0348,
       75.5
      ],
      [
       -54,
       75.4803
      ],
      [
       -53.75,
       75.3375
      ],
      [
       -53.5997,
       75.25
      ],
      [
       -53.5,
       75.192
      ],
      [
       -53.25,
       75.0444
      ],
      [
       -53.1758,
       75
      ],
      [
       -53,
       74.8948
      ],
      [
       -52.7626,
       74.75
      ],
      [
       -52.75,
       74.7423
      ],
      [
       -52.5,
       74.5881
      ],
      [
       -52.3595,
       74.5
      ],
      [
       -52.25,
       74.4313
      ],
      [
       -52,
       74.272
      ],
      [
       -51.9659,
       74.25
      ],
      [
       -51.75,
       74.1107
      ],
      [
       -51.5813,
       74
      ],
      [
       -51.5,
       73.9466
      ],
      [
       -51.25,
       73.7803
      ],
      [
       -51.2052,
       73.75
      ],
      [
       -51,
       73.6114
      ],
      [
       -50.8377,
       73.5
      ],
      [
       -50.75,
       73.4398
      ],
      [
       -50.4778,
       73.25
      ],
      [
       -50.25,
       73.0895
      ],
      [
       -50.1253,
       73
      ],
      [
       -50,
       72.91
      ],
      [
       -49.7802,
       72.75
      ],
      [
       -49.75,
       72.728
      ],
      [
       -49.5,
       72.5438
      ],
      [
       -49.4415,
       72.5
      ],
      [
       -49.25,
       72.3566
      ],
      [
       -49.1095,
       72.25
      ],
      [
       -49,
       72.1668
      ],
      [
       -48.7839,
       72
      ],
      [
       -48.75,
       71.9739
      ],
      [
       -48.5,
       71.7787
      ],
      [
       -48.4638,
       71.75
      ],
      [
       -48.25,
       71.5806
      ],
      [
       -48.1496,
       71.5
      ],
      [
       -48,
       71.3797
      ],
      [
       -47.8408,
       71.25
      ],
      [
       -47.75,
       71.176
      ],
      [
       -47.5372,
       71
      ],
      [
       -47.5,
       70.9692
      ],
      [
       -47.2386,
       70.75
      ],
      [
       -47,
       70.5477
      ],
      [
       -46.9445,
       70.5
      ],
      [
       -46.75,
       70.3327
      ],
      [
       -46.6551,
       70.25
      ],
      [
       -46.5,
       70.1147
      ],
      [
       -46.37,
       70
      ],
      [
       -46.25,
       69.8939
      ],
      [
       -46.0892,
       69.75
      ],
      [
       -46,
       69.6701
      ],
      [
       -45.8124,
       69.5
      ],
      [
       -45.75,
       69.4433
      ],
      [
       -45.5395,
       69.25
      ],
      [
       -45.5,
       69.2137
      ],
      [
       -45.2701,
       69
      ],
      [
       -45.25,
       68.9812
      ],
      [
       -45.0043,
       68.75
      ],
      [
       -45,
       68.746
      ],
      [
       -44.7417,
       68.5
      ],
      [
       -44.4826,
       68.25
      ],
      [
       -44.2266,
       68
      ],
      [
       -43.9735,
       67.75
      ],
      [
       -43.7231,
       67.5
      ],
      [
       -43.4758,
       67.25
      ],
      [
       -43.2308,
       67
      ],
      [
       -42.9885,
       66.75
      ],
      [
       -42.7486,
       66.5
      ],
      [
       -42.5109,
       66.25
      ],
      [
       -42.5,
       66.2386
      ],
      [
       -42.2754,
       66
      ],
      [
       -42.25,
       65.973
      ],
      [
       -42.0421,
       65.75
      ],
      [
       -42,
       65.7048
      ],
      [
       -41.8107,
       65.5
      ],
      [
       -41.75,
       65.4343
      ],
      [
       -41.5813,
       65.25
      ],
      [
       -41.5,
       65.161
      ],
      [
       -41.3538,
       65
      ],
      [
       -41.25,
       64.8856
      ],
      [
       -41.128,
       64.75
      ],
      [
       -41,
       64.6078
      ],
      [
       -40.9038,
       64.5
      ],
      [
       -40.75,
       64.3275
      ],
      [
       -40.6813,
       64.25
      ],
      [
       -40.5,
       64.0451
      ],
      [
       -40.4604,
       64
      ],
      [
       -40.2408,
       63.75
      ],
      [
       -40.0225,
       63.5
      ],
      [
       -40,
       63.4743
      ],
      [
       -39.8056,
       63.25
      ],
      [
       -39.75,
       63.1859
      ],
      [
       -39.5899,
       63
      ],
      [
       -39.5,
       62.8956
      ],
      [
       -39.3754,
       62.75
      ],
      [
       -39.25,
       62.6036
      ],
      [
       -39.1619,
       62.5
      ],
      [
       -39,
       62.3097
      ],
      [
       -38.9495,
       62.25
      ],
      [
       -38.7381,
       62
      ],
      [
       -38.5275,
       61.75
      ],
      [
       -38.5,
       61.7174
      ],
      [
       -38.3177,
       61.5
      ],
      [
       -38.25,
       61.4193
      ],
      [
       -38.1087,
       61.25
      ],
      [
       -38,
       61.1199
      ],
      [
       -37.9004,
       61
      ],
      [
       -37.75,
       60.8192
      ],
      [
       -37.6927,
       60.75
      ],
      [
       -37.4857,
       60.5
      ],
      [
       -37.2792,
       60.25
      ],
      [
       -37.25,
       60.2147
      ],
      [
       -37.0732,
       60
      ],
      [
       -37,
       59.9112
      ],
      [
       -36.8676,
       59.75
      ],
      [
       -36.75,
       59.6069
      ],
      [
       -36.6625,
       59.5
      ],
      [
       -36.5,
       59.3019
      ],
      [
       -36.4576,
       59.25
      ],
      [
       -36.253,
       59
      ],
      [
       -36.25,
       58.9963
      ],
      [
       -36.0485,
       58.75
      ],
      [
       -36,
       58.6908
      ],
      [
       -35.8442,
       58.5
      ],
      [
       -35.75,
       58.3849
      ],
      [
       -35.64,
       58.25
      ],
      [
       -35.5,
       58.0787
      ],
      [
       -35.4359,
       58
      ],
      [
       -35.2318,
       57.75
      ],
      [
       -35.0275,
       57.5
      ],
      [
       -35,
       57.4664
      ],
      [
       -34.8231,
       57.25
      ],
      [
       -34.75,
       57.1607
      ],
      [
       -34.6186,
       57
      ],
      [
       -34.5,
       56.8553
      ],
      [
       -34.4139,
       56.75
      ],
      [
       -34.25,
       56.5501
      ],
      [
       -34.209,
       56.5
      ],
      [
       -34.0038,
       56.25
      ],
      [
       -34,
       56.2454
      ],
      [
       -33.7981,
       56
      ],
      [
       -33.75,
       55.9418
      ],
      [
       -33.5919,
       55.75
      ],
      [
       -33.5,
       55.6389
      ],
      [
       -33.3854,
       55.5
      ],
      [
       -33.25,
       55.3366
      ],
      [
       -33.1783,
       55.25
      ],
      [
       -33,
       55.0353
      ],
      [
       -32.9707,
       55
      ],
      [
       -32.7625,
       54.75
      ],
      [
       -32.75,
       54.7351
      ],
      [
       -32.5535,
       54.5
      ],
      [
       -32.5,
       54.4363
      ],
      [
       -32.3437,
       54.25
      ],
      [
       -32.25,
       54.1387
      ],
      [
       -32.1333,
       54
      ],
      [
       -32,
       53.8424
      ],
      [
       -31.922,
       53.75
      ],
      [
       -31.75,
       53.5474
      ],
      [
       -31.7098,
       53.5
      ],
      [
       -31.4967,
       53.25
      ],
      [
       -31.2825,
       53
      ],
      [
       -31.25,
       52.9622
      ],
      [
       -31.0673,
       52.75
      ],
      [
       -31,
       52.6723
      ],
      [
       -30.8509,
       52.5
      ],
      [
       -30.75,
       52.3841
      ],
      [
       -30.6334,
       52.25
      ],
      [
       -30.5,
       52.0976
      ],
      [
       -30.4146,
       52
      ],
      [
       -30.25,
       51.813
      ],
      [
       -30.1945,
       51.75
      ],
      [
       -29.9731,
       51.5
      ],
      [
       -29.7505,
       51.25
      ],
      [
       -29.75,
       51.2495
      ],
      [
       -29.5262,
       51
      ],
      [
       -29.5,
       50.9709
      ],
      [
       -29.3004,
       50.75
      ],
      [
       -29.25,
       50.6945
      ],
      [
       -29.073,
       50.5
      ],
      [
       -29,
       50.4203
      ],
      [
       -28.8438,
       50.25
      ],
      [
       -28.75,
       50.1483
      ],
      [
       -28.613,
       50
      ],
      [
       -28.5,
       49.8784
      ],
      [
       -28.3806,
       49.75
      ],
      [
       -28.25,
       49.6107
      ],
      [
       -28.1462,
       49.5
      ],
      [
       -28,
       49.3454
      ],
      [
       -27.9097,
       49.25
      ],
      [
       -27.75,
       49.0824
      ],
      [
       -27.6714,
       49
      ],
      [
       -27.5,
       48.8217
      ],
      [
       -27.431,
       48.75
      ],
      [
       -27.25,
       48.5635
      ],
      [
       -27.1883,
       48.5
      ],
      [
       -27,
       48.3076
      ],
      [
       -26.9436,
       48.25
      ],
      [
       -26.75,
       48.0541
      ],
      [
       -26.6964,
       48
      ],
      [
       -26.5,
       47.8032
      ],
      [
       -26.4469,
       47.75
      ],
      [
       -26.25,
       47.5545
      ],
      [
       -26.1949,
       47.5
      ],
      [
       -26,
       47.3086
      ],
      [
       -25.9403,
       47.25
      ],
      [
       -25.75,
       47.0649
      ],
      [
       -25.6831,
       47
      ],
      [
       -25.5,
       46.8238
      ],
      [
       -25.4232,
       46.75
      ],
      [
       -25.25,
       46.5851
      ],
      [
       -25.1603,
       46.5
      ],
      [
       -25,
       46.3489
      ],
      [
       -24.8947,
       46.25
      ],
      [
       -24.75,
       46.1152
      ],
      [
       -24.626,
       46
      ],
      [
       -24.5,
       45.8839
      ],
      [
       -24.3541,
       45.75
      ],
      [
       -24.25,
       45.6551
      ],
      [
       -24.079,
       45.5
      ],
      [
       -24,
       45.4289
      ],
      [
       -23.8007,
       45.25
      ],
      [
       -23.75,
       45.2049
      ],
      [
       -23.519,
       45
      ],
      [
       -23.5,
       44.9833
      ],
      [
       -23.2336,
       44.75
      ],
      [
       -23,
       44.548
      ],
      [
       -22.9444,
       44.5
      ],
      [
       -22.75,
       44.334
      ],
      [
       -22.6514,
       44.25
      ],
      [
       -22.5,
       44.1223
      ],
      [
       -22.3545,
       44
      ],
      [
       -22.25,
       43.913
      ],
      [
       -22.0535,
       43.75
      ],
      [
       -22,
       43.706
      ],
      [
       -21.7484,
       43.5
      ],
      [
       -21.5,
       43.2993
      ],
      [
       -21.4387,
       43.25
      ],
      [
       -21.25,
       43.0995
      ],
      [
       -21.1246,
       43
      ],
      [
       -21,
       42.9019
      ],
      [
       -20.8059,
       42.75
      ],
      [
       -20.75,
       42.7066
      ],
      [
       -20.4825,
       42.5
      ],
      [
       -20.25,
       42.323
      ],
      [
       -20.1537,
       42.25
      ],
      [
       -20,
       42.1347
      ],
      [
       -19.8198,
       42
      ],
      [
       -19.75,
       41.9483
      ],
      [
       -19.4805,
       41.75
      ],
      [
       -19.25,
       41.5826
      ],
      [
       -19.1357,
       41.5
      ],
      [
       -19,
       41.403
      ],
      [
       -18.7849,
       41.25
      ],
      [
       -18.75,
       41.2254
      ],
      [
       -18.5,
       41.05
      ],
      [
       -18.4282,
       41
      ],
      [
       -18.25,
       40.877
      ],
      [
       -18.065,
       40.75
      ],
      [
       -18,
       40.7057
      ],
      [
       -17.75,
       40.5365
      ],
      [
       -17.6957,
       40.5
      ],
      [
       -17.5,
       40.3697
      ],
      [
       -17.3191,
       40.25
      ],
      [
       -17.25,
       40.2047
      ],
      [
       -17,
       40.0417
      ],
      [
       -16.9356,
       40
      ],
      [
       -16.75,
       39.8808
      ],
      [
       -16.545,
       39.75
      ],
      [
       -16.5,
       39.7216
      ],
      [
       -16.25,
       39.5646
      ],
      [
       -16.1464,
       39.5
      ],
      [
       -16,
       39.4095
      ],
      [
       -15.7401,
       39.25
      ],
      [
       -15.5,
       39.105
      ],
      [
       -15.325,
       39
      ],
      [
       -15.25,
       38.9554
      ],
      [
       -15,
       38.8079
      ],
      [
       -14.9012,
       38.75
      ],
      [
       -14.75,
       38.6623
      ],
      [
       -14.5,
       38.5182
      ],
      [
       -14.4682,
       38.5
      ],
      [
       -14.25,
       38.3762
      ],
      [
       -14.0261,
       38.25
      ],
      [
       -14,
       38.2355
      ],
      [
       -13.75,
       38.097
      ],
      [
       -13.5733,
       38
      ],
      [
       -13.5,
       37.9601
      ],
      [
       -13.25,
       37.8251
      ],
      [
       -13.1102,
       37.75
      ],
      [
       -13,
       37.6914
      ],
      [
       -12.75,
       37.5597
      ],
      [
       -12.6358,
       37.5
      ],
      [
       -12.5,
       37.4297
      ],
      [
       -12.25,
       37.301
      ],
      [
       -12.1498,
       37.25
      ],
      [
       -12,
       37.1744
      ],
      [
       -11.75,
       37.049
      ],
      [
       -11.6515,
       37
      ],
      [
       -11.5,
       36.9255
      ],
      [
       -11.25,
       36.8033
      ],
      [
       -11.1399,
       36.75
      ],
      [
       -11,
       36.6829
      ],
      [
       -10.75,
       36.5639
      ],
      [
       -10.6145,
       36.5
      ],
      [
       -10.5,
       36.4466
      ],
      [
       -10.25,
       36.3306
      ],
      [
       -10.0745,
       36.25
      ],
      [
       -10,
       36.2161
      ],
      [
       -9.75,
       36.1034
      ],
      [
       -9.5191,
       36
      ],
      [
       -9.5,
       35.9915
      ],
      [
       -9.25,
       35.8819
      ],
      [
       -9,
       35.7732
      ],
      [
       -8.9463,
       35.75
      ],
      [
       -8.75,
       35.666
      ],
      [
       -8.5,
       35.5602
      ],
      [
       -8.3562,
       35.5
      ],
      [
       -8.25,
       35.4559
      ],
      [
       -8,
       35.353
      ],
      [
       -7.7472,
       35.25
      ],
      [
       -7.5,
       35.1511
      ],
      [
       -7.25,
       35.052
      ],
      [
       -7.1173,
       35
      ],
      [
       -7,
       34.9544
      ],
      [
       -6.75,
       34.8583
      ],
      [
       -6.5,
       34.763
      ],
      [
       -6.4654,
       34.75
      ],
      [
       -6.25,
       34.6696
      ],
      [
       -6,
       34.577
      ],
      [
       -5.7893,
       34.5
      ],
      [
       -5.75,
       34.4858
      ],
      [
       -5.5,
       34.3959
      ],
      [
       -5.25,
       34.3071
      ],
      [
       -5.0873,
       34.25
      ],
      [
       -5,
       34.2196
      ],
      [
       -4.75,
       34.1335
      ],
      [
       -4.5,
       34.0482
      ],
      [
       -4.357,
       34
      ],
      [
       -4.25,
       33.9643
      ],
      [
       -4,
       33.8817
      ],
      [
       -3.75,
       33.8001
      ],
      [
       -3.5951,
       33.75
      ],
      [
       -3.5,
       33.7195
      ],
      [
       -3.25,
       33.6404
      ],
      [
       -3,
       33.5622
      ],
      [
       -2.7987,
       33.5
      ],
      [
       -2.75,
       33.4851
      ],
      [
       -2.5,
       33.4094
      ],
      [
       -2.25,
       33.3346
      ],
      [
       -2,
       33.2607
      ],
      [
       -1.9632,
       33.25
      ],
      [
       -1.75,
       33.1882
      ],
      [
       -1.5,
       33.1167
      ],
      [
       -1.25,
       33.0462
      ],
      [
       -1.0846,
       33
      ],
      [
       -1,
       32.9766
      ],
      [
       -0.75,
       32.9083
      ],
      [
       -0.5,
       32.8409
      ],
      [
       -0.25,
       32.7743
      ],
      [
       -0.1575,
       32.75
      ],
      [
       0,
       32.7167
      ],
      [
       0.25,
       32.7407
      ],
      [
       0.2693,
       32.75
      ],
      [
       0.5,
       32.8596
      ],
      [
       0.7312,
       33
      ],
      [
       0.75,
       33.01
      ],
      [
       1,
       33.1814
      ],
      [
       1.0899,
       33.25
      ],
      [
       1.25,
       33.3755
      ],
      [
       1.3916,
       33.5
      ],
      [
       1.5,
       33.5836
      ],
      [
       1.699,
       33.75
      ],
      [
       1.75,
       33.7909
      ],
      [
       1.9917,
       34
      ],
      [
       2,
       34.0075
      ],
      [
       2.2461,
       34.25
      ],
      [
       2.25,
       34.2534
      ],
      [
       2.5,
       34.4851
      ],
      [
       2.5154,
       34.5
      ],
      [
       2.75,
       34.7226
      ],
      [
       2.7778,
       34.75
      ],
      [
       3,
       34.9872
      ],
      [
       3.0115,
       35
      ],
      [
       3.25,
       35.2364
      ],
      [
       3.2633,
       35.25
      ],
      [
       3.5,
       35.4888
      ],
      [
       3.5108,
       35.5
      ],
      [
       3.75,
       35.7455
      ],
      [
       3.7543,
       35.75
      ],
      [
       3.994,
       36
      ],
      [
       4,
       36.0062
      ],
      [
       4.2304,
       36.25
      ],
      [
       4.25,
       36.2706
      ],
      [
       4.4638,
       36.5
      ],
      [
       4.5,
       36.5386
      ],
      [
       4.6945,
       36.75
      ],
      [
       4.75,
       36.8101
      ],
      [
       4.9227,
       37
      ],
      [
       5,
       37.0848
      ],
      [
       5.1486,
       37.25
      ],
      [
       5.25,
       37.3628
      ],
      [
       5.3722,
       37.5
      ],
      [
       5.5,
       37.6438
      ],
      [
       5.5936,
       37.75
      ],
      [
       5.75,
       37.9279
      ],
      [
       5.813,
       38
      ],
      [
       6,
       38.2149
      ],
      [
       6.0304,
       38.25
      ],
      [
       6.25,
       38.4801
      ],
      [
       6.2689,
       38.5
      ],
      [
       6.4825,
       38.75
      ],
      [
       6.5,
       38.7706
      ],
      [
       6.6943,
       39
      ],
      [
       6.75,
       39.0663
      ],
      [
       6.9045,
       39.25
      ],
      [
       7,
       39.3535
      ],
      [
       7.1358,
       39.5
      ],
      [
       7.25,
       39.6383
      ],
      [
       7.3426,
       39.75
      ],
      [
       7.5,
       39.9229
      ],
      [
       7.5706,
       40
      ],
      [
       7.75,
       40.2203
      ],
      [
       7.7743,
       40.25
      ],
      [
       7.9992,
       40.5
      ],
      [
       8,
       40.5009
      ],
      [
       8.2221,
       40.75
      ],
      [
       8.25,
       40.7854
      ],
      [
       8.4206,
       41
      ],
      [
       8.5,
       41.091
      ],
      [
       8.6403,
       41.25
      ],
      [
       8.75,
       41.3765
      ],
      [
       8.8584,
       41.5
      ],
      [
       9,
       41.6826
      ],
      [
       9.0527,
       41.75
      ],
      [
       9.25,
       41.9793
      ],
      [
       9.268,
       42
      ],
      [
       9.4809,
       42.25
      ],
      [
       9.5,
       42.273
      ],
      [
       9.6912,
       42.5
      ],
      [
       9.75,
       42.5712
      ],
      [
       9.8999,
       42.75
      ],
      [
       10,
       42.8717
      ],
      [
       10.1071,
       43
      ],
      [
       10.25,
       43.1746
      ],
      [
       10.3127,
       43.25
      ],
      [
       10.5,
       43.4796
      ],
      [
       10.5169,
       43.5
      ],
      [
       10.7396,
       43.75
      ],
      [
       10.75,
       43.7635
      ],
      [
       10.9344,
       44
      ],
      [
       11,
       44.0858
      ],
      [
       11.1276,
       44.25
      ],
      [
       11.25,
       44.3956
      ],
      [
       11.3406,
       44.5
      ],
      [
       11.5,
       44.711
      ],
      [
       11.53,
       44.75
      ],
      [
       11.7332,
       45
      ],
      [
       11.75,
       45.0233
      ],
      [
       11.9039,
       45.25
      ],
      [
       12,
       45.38
      ],
      [
       12.0924,
       45.5
      ],
      [
       12.25,
       45.739
      ],
      [
       12.2573,
       45.75
      ],
      [
       12.4035,
       46
      ],
      [
       12.5,
       46.1888
      ],
      [
       12.5332,
       46.25
      ],
      [
       12.5,
       46.4276
      ],
      [
       12.3932,
       46.5
      ],
      [
       12.25,
       46.5432
      ],
      [
       12,
       46.6197
      ],
      [
       11.75,
       46.6977
      ],
      [
       11.5851,
       46.75
      ],
      [
       11.5,
       46.7775
      ],
      [
       11.25,
       46.8593
      ],
      [
       11,
       46.9426
      ],
      [
       10.8305,
       47
      ],
      [
       10.75,
       47.0278
      ],
      [
       10.5,
       47.1154
      ],
      [
       10.25,
       47.2043
      ],
      [
       10.1233,
       47.25
      ],
      [
       10,
       47.2953
      ],
      [
       9.75,
       47.3886
      ],
      [
       9.5,
       47.4834
      ],
      [
       9.4568,
       47.5
      ],
      [
       9.25,
       47.5809
      ],
      [
       9,
       47.6801
      ],
      [
       8.8265,
       47.75
      ],
      [
       8.75,
       47.7813
      ],
      [
       8.5,
       47.8851
      ],
      [
       8.25,
       47.9904
      ],
      [
       8.2274,
       48
      ],
      [
       8,
       48.0991
      ],
      [
       7.75,
       48.2094
      ],
      [
       7.659,
       48.25
      ],
      [
       7.5,
       48.3224
      ],
      [
       7.25,
       48.4378
      ],
      [
       7.1168,
       48.5
      ],
      [
       7,
       48.5556
      ],
      [
       6.75,
       48.6761
      ],
      [
       6.5986,
       48.75
      ],
      [
       6.5,
       48.799
      ],
      [
       6.25,
       48.9249
      ],
      [
       6.1025,
       49
      ],
      [
       6,
       49.0533
      ],
      [
       5.75,
       49.1848
      ],
      [
       5.6275,
       49.25
      ],
      [
       5.5,
       49.3192
      ],
      [
       5.25,
       49.4566
      ],
      [
       5.1717,
       49.5
      ],
      [
       5,
       49.5973
      ],
      [
       4.75,
       49.7403
      ],
      [
       4.7332,
       49.75
      ],
      [
       4.5,
       49.8875
      ],
      [
       4.3115,
       50
      ],
      [
       4.25,
       50.0374
      ],
      [
       4,
       50.1916
      ],
      [
       3.9061,
       50.25
      ],
      [
       3.75,
       50.3491
      ],
      [
       3.5142,
       50.5
      ],
      [
       3.25,
       50.6751
      ],
      [
       3.1379,
       50.75
      ],
      [
       3,
       50.8442
      ],
      [
       2.7733,
       51
      ],
      [
       2.5,
       51.1946
      ],
      [
       2.4227,
       51.25
      ],
      [
       2.25,
       51.3764
      ],
      [
       2.0833,
       51.5
      ],
      [
       2,
       51.5631
      ],
      [
       1.755,
       51.75
      ],
      [
       1.5,
       51.9511
      ],
      [
       1.4384,
       52
      ],
      [
       1.25,
       52.1529
      ],
      [
       1.1318,
       52.25
      ],
      [
       1,
       52.3609
      ],
      [
       0.8353,
       52.5
      ],
      [
       0.75,
       52.5739
      ],
      [
       0.5485,
       52.75
      ],
      [
       0.5,
       52.7933
      ],
      [
       0.2711,
       53
      ],
      [
       0.0024,
       53.25
      ],
      [
       -0.25,
       53.4925
      ],
      [
       -0.2578,
       53.5
      ],
      [
       -0.5,
       53.7409
      ],
      [
       -0.5091,
       53.75
      ],
      [
       -0.75,
       53.9977
      ],
      [
       -0.7522,
       54
      ],
      [
       -0.9875,
       54.25
      ],
      [
       -1.2151,
       54.5
      ],
      [
       -1.25,
       54.5394
      ],
      [
       -1.4353,
       54.75
      ],
      [
       -1.5,
       54.8256
      ],
      [
       -1.6483,
       55
      ],
      [
       -1.75,
       55.1232
      ],
      [
       -1.8542,
       55.25
      ],
      [
       -2,
       55.4329
      ],
      [
       -2.0532,
       55.5
      ],
      [
       -2.2457,
       55.75
      ],
      [
       -2.431,
       56
      ],
      [
       -2.5,
       56.0963
      ],
      [
       -2.6095,
       56.25
      ],
      [
       -2.75,
       56.4534
      ],
      [
       -2.782,
       56.5
      ],
      [
       -2.9483,
       56.75
      ],
      [
       -3,
       56.8305
      ],
      [
       -3.1085,
       57
      ],
      [
       -3.25,
       57.23
      ],
      [
       -3.2623,
       57.25
      ],
      [
       -3.4099,
       57.5
      ],
      [
       -3.5,
       57.658
      ],
      [
       -3.5522,
       57.75
      ],
      [
       -3.6879,
       58
      ],
      [
       -3.75,
       58.1191
      ],
      [
       -3.818,
       58.25
      ],
      [
       -3.9429,
       58.5
      ],
      [
       -4,
       58.6206
      ],
      [
       -4.061,
       58.75
      ],
      [
       -4.1743,
       59
      ],
      [
       -4.25,
       59.1764
      ],
      [
       -4.2815,
       59.25
      ],
      [
       -4.3831,
       59.5
      ],
      [
       -4.4795,
       59.75
      ],
      [
       -4.5,
       59.8067
      ],
      [
       -4.5697,
       60
      ],
      [
       -4.6549,
       60.25
      ],
      [
       -4.734,
       60.5
      ],
      [
       -4.75,
       60.5539
      ],
      [
       -4.808,
       60.75
      ],
      [
       -4.8758,
       61
      ],
      [
       -4.9387,
       61.25
      ],
      [
       -4.9954,
       61.5
      ],
      [
       -5.0468,
       61.75
      ],
      [
       -5.092,
       62
      ],
      [
       -5.132,
       62.25
      ],
      [
       -5.1659,
       62.5
      ],
      [
       -5.1941,
       62.75
      ],
      [
       -5.2164,
       63
      ],
      [
       -5.2327,
       63.25
      ],
      [
       -5.2431,
       63.5
      ],
      [
       -5.247,
       63.75
      ],
      [
       -5.2453,
       64
      ],
      [
       -5.2364,
       64.25
      ],
      [
       -5.2221,
       64.5
      ],
      [
       -5.2001,
       64.75
      ],
      [
       -5.1724,
       65
      ],
      [
       -5.1371,
       65.25
      ],
      [
       -5.0956,
       65.5
      ],
      [
       -5.0464,
       65.75
      ],
      [
       -5,
       65.958
      ],
      [
       -4.9905,
       66
      ],
      [
       -4.9266,
       66.25
      ],
      [
       -4.8554,
       66.5
      ],
      [
       -4.7764,
       66.75
      ],
      [
       -4.75,
       66.8262
      ],
      [
       -4.6891,
       67
      ],
      [
       -4.5937,
       67.25
      ],
      [
       -4.5,
       67.4755
      ],
      [
       -4.4897,
       67.5
      ],
      [
       -4.3768,
       67.75
      ],
      [
       -4.255,
       68
      ],
      [
       -4.25,
       68.0097
      ],
      [
       -4.1236,
       68.25
      ],
      [
       -4,
       68.4697
      ],
      [
       -3.9827,
       68.5
      ],
      [
       -3.8315,
       68.75
      ],
      [
       -3.75,
       68.8771
      ],
      [
       -3.6701,
       69
      ],
      [
       -3.5,
       69.2468
      ],
      [
       -3.4978,
       69.25
      ],
      [
       -3.3143,
       69.5
      ],
      [
       -3.25,
       69.583
      ],
      [
       -3.1186,
       69.75
      ],
      [
       -3,
       69.8942
      ],
      [
       -2.9117,
       70
      ],
      [
       -2.75,
       70.1839
      ],
      [
       -2.6909,
       70.25
      ],
      [
       -2.5,
       70.4556
      ],
      [
       -2.4582,
       70.5
      ],
      [
       -2.25,
       70.7102
      ],
      [
       -2.21,
       70.75
      ],
      [
       -2,
       70.9514
      ],
      [
       -1.9485,
       71
      ],
      [
       -1.75,
       71.1795
      ],
      [
       -1.6709,
       71.25
      ],
      [
       -1.5,
       71.3967
      ],
      [
       -1.3777,
       71.5
      ],
      [
       -1.25,
       71.6039
      ],
      [
       -1.0677,
       71.75
      ],
      [
       -1,
       71.8023
      ],
      [
       -0.75,
       71.9923
      ],
      [
       -0.7397,
       72
      ],
      [
       -0.5,
       72.174
      ],
      [
       -0.3935,
       72.25
      ],
      [
       -0.25,
       72.3488
      ],
      [
       -0.0265,
       72.5
      ],
      [
       0,
       72.5175
      ],
      [
       0.25,
       72.6797
      ],
      [
       0.3601,
       72.75
      ],
      [
       0.5,
       72.8362
      ],
      [
       0.75,
       72.9878
      ],
      [
       0.7705,
       73
      ],
      [
       1,
       73.1337
      ],
      [
       1.2033,
       73.25
      ],
      [
       1.25,
       73.2759
      ],
      [
       1.5,
       73.4127
      ],
      [
       1.6624,
       73.5
      ],
      [
       1.75,
       73.5459
      ],
      [
       2,
       73.6751
      ],
      [
       2.1474,
       73.75
      ],
      [
       2.25,
       73.8007
      ],
      [
       2.5,
       73.9225
      ],
      [
       2.6619,
       74
      ],
      [
       2.75,
       74.0411
      ],
      [
       3,
       74.1563
      ],
      [
       3.2067,
       74.25
      ],
      [
       3.25,
       74.2691
      ],
      [
       3.5,
       74.3781
      ],
      [
       3.75,
       74.485
      ],
      [
       3.7855,
       74.5
      ],
      [
       4,
       74.5886
      ],
      [
       4.25,
       74.6902
      ],
      [
       4.3993,
       74.75
      ],
      [
       4.5,
       74.7893
      ],
      [
       4.75,
       74.8856
      ],
      [
       5,
       74.9801
      ],
      [
       5.0533,
       75
      ],
      [
       5.25,
       75.072
      ],
      [
       5.5,
       75.1622
      ],
      [
       5.748,
       75.25
      ],
      [
       5.75,
       75.2507
      ],
      [
       6,
       75.3361
      ],
      [
       6.25,
       75.4202
      ],
      [
       6.4908,
       75.5
      ],
      [
       6.5,
       75.503
      ],
      [
       6.75,
       75.5832
      ],
      [
       7,
       75.6621
      ],
      [
       7.25,
       75.7396
      ],
      [
       7.2839,
       75.75
      ],
      [
       7.5,
       75.815
      ],
      [
       7.75,
       75.8891
      ],
      [
       8,
       75.962
      ],
      [
       8.1323,
       76
      ],
      [
       8.25,
       76.0331
      ],
      [
       8.5,
       76.1025
      ],
      [
       8.75,
       76.1709
      ],
      [
       9,
       76.2385
      ],
      [
       9.0433,
       76.25
      ],
      [
       9.25,
       76.304
      ],
      [
       9.5,
       76.3681
      ],
      [
       9.75,
       76.4314
      ],
      [
       10,
       76.4939
      ],
      [
       10.0247,
       76.5
      ],
      [
       10.25,
       76.5546
      ],
      [
       10.5,
       76.6141
      ],
      [
       10.75,
       76.6727
      ],
      [
       11,
       76.7306
      ],
      [
       11.0846,
       76.75
      ],
      [
       11.25,
       76.7872
      ],
      [
       11.5,
       76.8425
      ],
      [
       11.75,
       76.8968
      ],
      [
       12,
       76.9505
      ],
      [
       12.2335,
       77
      ],
      [
       12.25,
       77.0034
      ],
      [
       12.5,
       77.0549
      ],
      [
       12.75,
       77.1053
      ],
      [
       13,
       77.1551
      ],
      [
       13.25,
       77.2043
      ],
      [
       13.4852,
       77.25
      ],
      [
       13.5,
       77.2528
      ],
      [
       13.75,
       77.2996
      ],
      [
       14,
       77.3458
      ],
      [
       14.25,
       77.3915
      ],
      [
       14.5,
       77.4366
      ],
      [
       14.75,
       77.4808
      ],
      [
       14.8604,
       77.5
      ],
      [
       15,
       77.524
      ],
      [
       15.25,
       77.5665
      ],
      [
       15.5,
       77.6084
      ],
      [
       15.75,
       77.6494
      ],
      [
       16,
       77.6899
      ],
      [
       16.25,
       77.7299
      ],
      [
       16.3769,
       77.75
      ],
      [
       16.5,
       77.7692
      ],
      [
       16.75,
       77.8072
      ],
      [
       17,
       77.8448
      ],
      [
       17.25,
       77.8821
      ],
      [
       17.5,
       77.9187
      ],
      [
       17.75,
       77.9545
      ],
      [
       18,
       77.99
      ],
      [
       18.071,
       78
      ],
      [
       18.25,
       78.0248
      ],
      [
       18.5,
       78.0586
      ],
      [
       18.75,
       78.092
      ],
      [
       19,
       78.125
      ],
      [
       19.25,
       78.1576
      ],
      [
       19.5,
       78.1893
      ],
      [
       19.75,
       78.2207
      ],
      [
       19.985,
       78.25
      ],
      [
       20,
       78.2518
      ],
      [
       20.25,
       78.2818
      ],
      [
       20.5,
       78.3113
      ],
      [
       20.75,
       78.3405
      ],
      [
       21,
       78.3694
      ],
      [
       21.25,
       78.3974
      ],
      [
       21.5,
       78.4252
      ],
      [
       21.75,
       78.4528
      ],
      [
       22,
       78.4794
      ],
      [
       22.1946,
       78.5
      ],
      [
       22.25,
       78.5058
      ],
      [
       22.5,
       78.5317
      ],
      [
       22.75,
       78.5568
      ],
      [
       23,
       78.5816
      ],
      [
       23.25,
       78.6062
      ],
      [
       23.5,
       78.6302
      ],
      [
       23.75,
       78.6537
      ],
      [
       24,
       78.677
      ],
      [
       24.25,
       78.6999
      ],
      [
       24.5,
       78.7221
      ],
      [
       24.75,
       78.7443
      ],
      [
       24.8159,
       78.75
      ],
      [
       25,
       78.7658
      ],
      [
       25.25,
       78.7866
      ],
      [
       25.5,
       78.8073
      ],
      [
       25.75,
       78.8276
      ],
      [
       26,
       78.8473
      ],
      [
       26.25,
       78.8669
      ],
      [
       26.5,
       78.8861
      ],
      [
       26.75,
       78.9047
      ],
      [
       27,
       78.9233
      ],
      [
       27.25,
       78.9413
      ],
      [
       27.5,
       78.9589
      ],
      [
       27.75,
       78.9764
      ],
      [
       28,
       78.9932
      ],
      [
       28.1016,
       79
      ],
      [
       28.25,
       79.0097
      ],
      [
       28.5,
       79.026
      ],
      [
       28.75,
       79.0416
      ],
      [
       29,
       79.057
      ],
      [
       29.25,
       79.0722
      ],
      [
       29.5,
       79.0868
      ],
      [
       29.75,
       79.1014
      ],
      [
       30,
       79.1154
      ],
      [
       30.25,
       79.1291
      ],
      [
       30.5,
       79.1426
      ],
      [
       30.75,
       79.1556
      ],
      [
       31,
       79.1685
      ],
      [
       31.25,
       79.181
      ],
      [
       31.5,
       79.193
      ],
      [
       31.75,
       79.205
      ],
      [
       32,
       79.2164
      ],
      [
       32.25,
       79.2277
      ],
      [
       32.5,
       79.2386
      ],
      [
       32.75,
       79.2491
      ],
      [
       32.7723,
       79.25
      ],
      [
       33,
       79.2594
      ],
      [
       33.25,
       79.269
      ],
      [
       33.5,
       79.2788
      ],
      [
       33.75,
       79.2878
      ],
      [
       34,
       79.2968
      ],
      [
       34.25,
       79.3054
      ],
      [
       34.5,
       79.3137
      ],
      [
       34.75,
       79.3218
      ],
      [
       35,
       79.3295
      ],
      [
       35.25,
       79.337
      ],
      [
       35.5,
       79.3441
      ],
      [
       35.75,
       79.351
      ],
      [
       36,
       79.3575
      ],
      [
       36.25,
       79.3638
      ],
      [
       36.5,
       79.3697
      ],
      [
       36.75,
       79.3754
      ],
      [
       37,
       79.3808
      ],
      [
       37.25,
       79.3859
      ],
      [
       37.5,
       79.3907
      ],
      [
       37.75,
       79.3952
      ],
      [
       38,
       79.3994
      ],
      [
       38.25,
       79.4034
      ],
      [
       38.5,
       79.407
      ],
      [
       38.75,
       79.4105
      ],
      [
       39,
       79.4134
      ],
      [
       39.25,
       79.4163
      ],
      [
       39.5,
       79.4187
      ],
      [
       39.75,
       79.421
      ],
      [
       40,
       79.4229
      ],
      [
       40.25,
       79.4246
      ],
      [
       40.5,
       79.4259
      ],
      [
       40.75,
       79.427
      ],
      [
       41,
       79.4277
      ],
      [
       41.25,
       79.4283
      ],
      [
       41.5,
       79.4285
      ],
      [
       41.75,
       79.4284
      ],
      [
       42,
       79.428
      ],
      [
       42.25,
       79.4274
      ],
      [
       42.5,
       79.4265
      ],
      [
       42.75,
       79.4252
      ],
      [
       43,
       79.4238
      ],
      [
       43.25,
       79.4218
      ],
      [
       43.5,
       79.42
      ],
      [
       43.75,
       79.4173
      ],
      [
       44,
       79.4148
      ],
      [
       44.25,
       79.4117
      ],
      [
       44.5,
       79.4085
      ],
      [
       44.75,
       79.405
      ],
      [
       45,
       79.4011
      ],
      [
       45.25,
       79.3972
      ],
      [
       45.5,
       79.3925
      ],
      [
       45.75,
       79.388
      ],
      [
       46,
       79.3828
      ],
      [
       46.25,
       79.3776
      ],
      [
       46.5,
       79.372
      ],
      [
       46.75,
       79.366
      ],
      [
       47,
       79.3601
      ],
      [
       47.25,
       79.3533
      ],
      [
       47.5,
       79.3466
      ],
      [
       47.75,
       79.3395
      ],
      [
       48,
       79.332
      ],
      [
       48.25,
       79.3245
      ],
      [
       48.5,
       79.3163
      ],
      [
       48.75,
       79.3081
      ],
      [
       49,
       79.2995
      ],
      [
       49.25,
       79.2904
      ],
      [
       49.5,
       79.2814
      ],
      [
       49.75,
       79.2717
      ],
      [
       50,
       79.2618
      ],
      [
       50.25,
       79.2519
      ],
      [
       50.2937,
       79.25
      ],
      [
       50.5,
       79.241
      ],
      [
       50.75,
       79.23
      ],
      [
       51,
       79.2189
      ],
      [
       51.25,
       79.2071
      ],
      [
       51.5,
       79.1952
      ],
      [
       51.75,
       79.183
      ],
      [
       52,
       79.1702
      ],
      [
       52.25,
       79.1573
      ],
      [
       52.5,
       79.1441
      ],
      [
       52.75,
       79.1304
      ],
      [
       53,
       79.1164
      ],
      [
       53.25,
       79.1021
      ],
      [
       53.5,
       79.0875
      ],
      [
       53.75,
       79.0724
      ],
      [
       54,
       79.0571
      ],
      [
       54.25,
       79.0415
      ],
      [
       54.5,
       79.0253
      ],
      [
       54.75,
       79.0089
      ],
      [
       54.8848,
       79
      ],
      [
       55,
       78.9923
      ],
      [
       55.25,
       78.9746
      ],
      [
       55.5,
       78.9568
      ],
      [
       55.75,
       78.9388
      ],
      [
       56,
       78.9201
      ],
      [
       56.25,
       78.9012
      ],
      [
       56.5,
       78.882
      ],
      [
       56.75,
       78.8622
      ],
      [
       57,
       78.8421
      ],
      [
       57.25,
       78.8218
      ],
      [
       57.5,
       78.8008
      ],
      [
       57.75,
       78.7794
      ],
      [
       58,
       78.7579
      ],
      [
       58.0898,
       78.75
      ],
      [
       58.25,
       78.7357
      ],
      [
       58.5,
       78.7126
      ],
      [
       58.75,
       78.6893
      ],
      [
       59,
       78.6657
      ],
      [
       59.25,
       78.6415
      ],
      [
       59.5,
       78.6168
      ],
      [
       59.75,
       78.5918
      ],
      [
       60,
       78.5665
      ],
      [
       60.25,
       78.5404
      ],
      [
       60.5,
       78.5139
      ],
      [
       60.6296,
       78.5
      ],
      [
       60.75,
       78.4869
      ],
      [
       61,
       78.4593
      ],
      [
       61.25,
       78.4309
      ],
      [
       61.5,
       78.402
      ],
      [
       61.75,
       78.3727
      ],
      [
       62,
       78.3431
      ],
      [
       62.25,
       78.3131
      ],
      [
       62.5,
       78.2821
      ],
      [
       62.75,
       78.2507
      ],
      [
       63,
       78.2183
      ],
      [
       63.25,
       78.1854
      ],
      [
       63.5,
       78.1522
      ],
      [
       63.75,
       78.1182
      ],
      [
       64,
       78.0834
      ],
      [
       64.25,
       78.0482
      ],
      [
       64.5,
       78.0124
      ],
      [
       64.586,
       78
      ],
      [
       64.75,
       77.9757
      ],
      [
       65,
       77.9382
      ],
      [
       65.25,
       77.9002
      ],
      [
       65.5,
       77.8613
      ],
      [
       65.75,
       77.8218
      ],
      [
       66,
       77.7816
      ],
      [
       66.1938,
       77.75
      ],
      [
       66.25,
       77.7406
      ],
      [
       66.5,
       77.6984
      ],
      [
       66.75,
       77.6555
      ],
      [
       67,
       77.6119
      ],
      [
       67.25,
       77.5676
      ],
      [
       67.5,
       77.5225
      ],
      [
       67.6234,
       77.5
      ],
      [
       67.75,
       77.4763
      ],
      [
       68,
       77.4289
      ],
      [
       68.25,
       77.3807
      ],
      [
       68.5,
       77.3317
      ],
      [
       68.75,
       77.2818
      ],
      [
       68.9076,
       77.25
      ],
      [
       69,
       77.2308
      ],
      [
       69.25,
       77.1783
      ],
      [
       69.5,
       77.1249
      ],
      [
       69.75,
       77.0706
      ],
      [
       70,
       77.0154
      ],
      [
       70.0686,
       77
      ],
      [
       70.25,
       76.9584
      ],
      [
       70.5,
       76.9002
      ],
      [
       70.75,
       76.841
      ],
      [
       71,
       76.7808
      ],
      [
       71.126,
       76.75
      ],
      [
       71.25,
       76.7188
      ],
      [
       71.5,
       76.6549
      ],
      [
       71.75,
       76.59
      ],
      [
       72,
       76.524
      ],
      [
       72.0898,
       76.5
      ],
      [
       72.25,
       76.4559
      ],
      [
       72.5,
       76.3861
      ],
      [
       72.75,
       76.3151
      ],
      [
       72.9754,
       76.25
      ],
      [
       72.9754,
       76.25
      ],
      [
       73.25,
       76.1672
      ],
      [
       73.5,
       76.0905
      ],
      [
       73.75,
       76.0124
      ],
      [
       73.7893,
       76
      ],
      [
       74,
       75.9309
      ],
      [
       74.25,
       75.8477
      ],
      [
       74.5,
       75.7631
      ],
      [
       74.5383,
       75.75
      ],
      [
       74.75,
       75.6747
      ],
      [
       75,
       75.5844
      ],
      [
       75.2293,
       75.5
      ],
      [
       75.2293,
       75.5
      ],
      [
       75.5,
       75.3954
      ],
      [
       75.75,
       75.2969
      ],
      [
       75.8671,
       75.25
      ],
      [
       76,
       75.1947
      ],
      [
       76.25,
       75.0891
      ],
      [
       76.4572,
       75
      ],
      [
       76.5,
       74.9808
      ],
      [
       76.75,
       74.8674
      ],
      [
       77,
       74.7518
      ],
      [
       77.25,
       74.63
      ],
      [
       77.5,
       74.5055
      ],
      [
       77.75,
       74.3731
      ],
      [
       77.9777,
       74.25
      ],
      [
       77.9777,
       74.25
      ],
      [
       78.25,
       74.094
      ],
      [
       78.4114,
       74
      ],
      [
       78.5,
       73.9994
      ],
      [
       78.75,
       73.9987
      ],
      [
       78.8044,
       74
      ],
      [
       79,
       74.1108
      ],
      [
       79.25,
       74.1786
      ],
      [
       79.5,
       74.2036
      ],
      [
       79.75,
       74.2156
      ],
      [
       80,
       74.2223
      ],
      [
       80.25,
       74.2265
      ],
      [
       80.5,
       74.2293
      ],
      [
       80.75,
       74.231
      ],
      [
       81,
       74.2325
      ],
      [
       81.25,
       74.2337
      ],
      [
       81.5,
       74.238
      ],
      [
       81.75,
       74.2471
      ],
      [
       81.8043,
       74.25
      ],
      [
       82,
       74.3413
      ],
      [
       82.25,
       74.3982
      ],
      [
       82.5,
       74.4265
      ],
      [
       82.75,
       74.4428
      ],
      [
       83,
       74.453
      ],
      [
       83.25,
       74.46
      ],
      [
       83.5,
       74.4644
      ],
      [
       83.75,
       74.4682
      ],
      [
       84,
       74.4711
      ],
      [
       84.25,
       74.4735
      ],
      [
       84.5,
       74.4791
      ],
      [
       84.75,
       74.4886
      ],
      [
       85,
       74.4996
      ],
      [
       85.0064,
       74.5
      ],
      [
       85.25,
       74.5885
      ],
      [
       85.5,
       74.6345
      ],
      [
       85.75,
       74.6609
      ],
      [
       86,
       74.6776
      ],
      [
       86.25,
       74.689
      ],
      [
       86.5,
       74.6971
      ],
      [
       86.75,
       74.7031
      ],
      [
       87,
       74.7077
      ],
      [
       87.25,
       74.711
      ],
      [
       87.5,
       74.714
      ],
      [
       87.75,
       74.7165
      ],
      [
       88,
       74.7209
      ],
      [
       88.25,
       74.7288
      ],
      [
       88.5,
       74.7394
      ],
      [
       88.7098,
       74.75
      ],
      [
       88.75,
       74.7649
      ],
      [
       89,
       74.8291
      ],
      [
       89.25,
       74.8703
      ],
      [
       89.5,
       74.8959
      ],
      [
       89.75,
       74.9131
      ],
      [
       90,
       74.9253
      ],
      [
       90.25,
       74.9343
      ],
      [
       90.5,
       74.9412
      ],
      [
       90.75,
       74.9462
      ],
      [
       91,
       74.9506
      ],
      [
       91.25,
       74.9543
      ],
      [
       91.5,
       74.9574
      ],
      [
       91.75,
       74.96
      ],
      [
       92,
       74.9622
      ],
      [
       92.25,
       74.9641
      ],
      [
       92.5,
       74.9662
      ],
      [
       92.75,
       74.9716
      ],
      [
       93,
       74.9796
      ],
      [
       93.25,
       74.9895
      ],
      [
       93.5,
       74.9995
      ],
      [
       93.5106,
       75
      ],
      [
       93.75,
       75.0623
      ],
      [
       94,
       75.102
      ],
      [
       94.25,
       75.1279
      ],
      [
       94.5,
       75.146
      ],
      [
       94.75,
       75.1582
      ],
      [
       95,
       75.1685
      ],
      [
       95.25,
       75.1766
      ],
      [
       95.5,
       75.1831
      ],
      [
       95.75,
       75.1884
      ],
      [
       96,
       75.1928
      ],
      [
       96.25,
       75.1962
      ],
      [
       96.5,
       75.1994
      ],
      [
       96.75,
       75.2022
      ],
      [
       97,
       75.2046
      ],
      [
       97.25,
       75.2067
      ],
      [
       97.5,
       75.2084
      ],
      [
       97.75,
       75.2101
      ],
      [
       98,
       75.2116
      ],
      [
       98.25,
       75.2129
      ],
      [
       98.5,
       75.2141
      ],
      [
       98.75,
       75.2151
      ],
      [
       99,
       75.2161
      ],
      [
       99.25,
       75.217
      ],
      [
       99.5,
       75.2178
      ],
      [
       99.75,
       75.2186
      ],
      [
       100,
       75.2192
      ],
      [
       100.25,
       75.2198
      ],
      [
       100.5,
       75.2204
      ],
      [
       100.75,
       75.2224
      ],
      [
       101,
       75.2264
      ],
      [
       101.25,
       75.2323
      ],
      [
       101.5,
       75.2386
      ],
      [
       101.75,
       75.246
      ],
      [
       101.8911,
       75.25
      ],
      [
       102,
       75.2729
      ],
      [
       102.25,
       75.316
      ],
      [
       102.5,
       75.3428
      ],
      [
       102.75,
       75.3645
      ],
      [
       103,
       75.3793
      ],
      [
       103.25,
       75.3921
      ],
      [
       103.5,
       75.4014
      ],
      [
       103.75,
       75.4099
      ],
      [
       104,
       75.4162
      ],
      [
       104.25,
       75.4222
      ],
      [
       104.5,
       75.4268
      ],
      [
       104.75,
       75.4308
      ],
      [
       105,
       75.4347
      ],
      [
       105.25,
       75.4378
      ],
      [
       105.5,
       75.4409
      ],
      [
       105.75,
       75.432
      ],
      [
       106,
       75.4265
      ],
      [
       106.25,
       75.4207
      ],
      [
       106.5,
       75.4133
      ],
      [
       106.75,
       75.4052
      ],
      [
       107,
       75.3947
      ],
      [
       107.25,
       75.3818
      ],
      [
       107.5,
       75.367
      ],
      [
       107.75,
       75.3462
      ],
      [
       108,
       75.3208
      ],
      [
       108.25,
       75.2818
      ],
      [
       108.411,
       75.25
      ],
      [
       108.5,
       75.2471
      ],
      [
       108.75,
       75.2383
      ],
      [
       109,
       75.2304
      ],
      [
       109.25,
       75.2223
      ],
      [
       109.5,
       75.2155
      ],
      [
       109.75,
       75.2136
      ],
      [
       110,
       75.2125
      ],
      [
       110.25,
       75.2114
      ],
      [
       110.5,
       75.2102
      ],
      [
       110.75,
       75.2088
      ],
      [
       111,
       75.2074
      ],
      [
       111.25,
       75.2059
      ],
      [
       111.5,
       75.2043
      ],
      [
       111.75,
       75.2025
      ],
      [
       112,
       75.2003
      ],
      [
       112.25,
       75.1981
      ],
      [
       112.5,
       75.1958
      ],
      [
       112.75,
       75.1931
      ],
      [
       113,
       75.1902
      ],
      [
       113.25,
       75.1866
      ],
      [
       113.5,
       75.1829
      ],
      [
       113.75,
       75.1787
      ],
      [
       114,
       75.1739
      ],
      [
       114.25,
       75.1684
      ],
      [
       114.5,
       75.1613
      ],
      [
       114.75,
       75.1537
      ],
      [
       115,
       75.1446
      ],
      [
       115.25,
       75.1335
      ],
      [
       115.5,
       75.1198
      ],
      [
       115.75,
       75.1007
      ],
      [
       116,
       75.0774
      ],
      [
       116.25,
       75.0455
      ],
      [
       116.4973,
       75
      ],
      [
       116.4973,
       75
      ],
      [
       116.75,
       74.9863
      ],
      [
       117,
       74.9729
      ],
      [
       117.25,
       74.9589
      ],
      [
       117.5,
       74.947
      ],
      [
       117.75,
       74.9381
      ],
      [
       118,
       74.9342
      ],
      [
       118.25,
       74.9303
      ],
      [
       118.5,
       74.9261
      ],
      [
       118.75,
       74.9212
      ],
      [
       119,
       74.9155
      ],
      [
       119.25,
       74.9082
      ],
      [
       119.5,
       74.9002
      ],
      [
       119.75,
       74.8906
      ],
      [
       120,
       74.8786
      ],
      [
       120.25,
       74.8635
      ],
      [
       120.5,
       74.8437
      ],
      [
       120.75,
       74.8169
      ],
      [
       121,
       74.774
      ],
      [
       121.1125,
       74.75
      ],
      [
       121.25,
       74.7407
      ],
      [
       121.5,
       74.724
      ],
      [
       121.75,
       74.7082
      ],
      [
       122,
       74.6937
      ],
      [
       122.25,
       74.6817
      ],
      [
       122.5,
       74.6743
      ],
      [
       122.75,
       74.6685
      ],
      [
       123,
       74.6615
      ],
      [
       123.25,
       74.653
      ],
      [
       123.5,
       74.6424
      ],
      [
       123.75,
       74.6274
      ],
      [
       124,
       74.6091
      ],
      [
       124.25,
       74.584
      ],
      [
       124.5,
       74.5476
      ],
      [
       124.7183,
       74.5
      ],
      [
       124.75,
       74.4975
      ],
      [
       125,
       74.4785
      ],
      [
       125.25,
       74.4605
      ],
      [
       125.5,
       74.4442
      ],
      [
       125.75,
       74.4301
      ],
      [
       126,
       74.4211
      ],
      [
       126.25,
       74.4132
      ],
      [
       126.5,
       74.4032
      ],
      [
       126.75,
       74.3904
      ],
      [
       127,
       74.3732
      ],
      [
       127.25,
       74.3492
      ],
      [
       127.5,
       74.3093
      ],
      [
       127.7496,
       74.25
      ],
      [
       127.7496,
       74.25
      ],
      [
       128,
       74.2297
      ],
      [
       128.25,
       74.2108
      ],
      [
       128.5,
       74.1942
      ],
      [
       128.75,
       74.1806
      ],
      [
       129,
       74.1711
      ],
      [
       129.25,
       74.161
      ],
      [
       129.5,
       74.1461
      ],
      [
       129.75,
       74.1269
      ],
      [
       130,
       74.0988
      ],
      [
       130.25,
       74.0545
      ],
      [
       130.4436,
       74
      ],
      [
       130.5,
       73.995
      ],
      [
       130.75,
       73.9747
      ],
      [
       131,
       73.9562
      ],
      [
       131.25,
       73.941
      ],
      [
       131.5,
       73.9298
      ],
      [
       131.75,
       73.9197
      ],
      [
       132,
       73.9057
      ],
      [
       132.25,
       73.8854
      ],
      [
       132.5,
       73.8537
      ],
      [
       132.75,
       73.8
      ],
      [
       132.8988,
       73.75
      ],
      [
       133,
       73.7411
      ],
      [
       133.25,
       73.7223
      ],
      [
       133.5,
       73.7066
      ],
      [
       133.75,
       73.6953
      ],
      [
       134,
       73.6869
      ],
      [
       134.25,
       73.6736
      ],
      [
       134.5,
       73.6553
      ],
      [
       134.75,
       73.6252
      ],
      [
       135,
       73.5703
      ],
      [
       135.1817,
       73.5
      ],
      [
       135.25,
       73.4945
      ],
      [
       135.5,
       73.4788
      ],
      [
       135.75,
       73.4675
      ],
      [
       136,
       73.4623
      ],
      [
       136.25,
       73.4567
      ],
      [
       136.5,
       73.4482
      ],
      [
       136.75,
       73.4345
      ],
      [
       137,
       73.4098
      ],
      [
       137.25,
       73.3591
      ],
      [
       137.4898,
       73.25
      ],
      [
       137.4898,
       73.25
      ],
      [
       137.75,
       73.2452
      ],
      [
       138,
       73.2487
      ],
      [
       138.0653,
       73.25
      ],
      [
       138.25,
       73.3469
      ],
      [
       138.5,
       73.4765
      ],
      [
       138.5458,
       73.5
      ],
      [
       138.75,
       73.6058
      ],
      [
       139,
       73.7337
      ],
      [
       139.0322,
       73.75
      ],
      [
       139.25,
       73.8614
      ],
      [
       139.5,
       73.9875
      ],
      [
       139.5249,
       74
      ],
      [
       139.75,
       74.1134
      ],
      [
       140,
       74.2378
      ],
      [
       140.0247,
       74.25
      ],
      [
       140.25,
       74.3618
      ],
      [
       140.5,
       74.4843
      ],
      [
       140.5323,
       74.5
      ],
      [
       140.75,
       74.6066
      ],
      [
       141,
       74.7275
      ],
      [
       141.0469,
       74.75
      ],
      [
       141.25,
       74.8479
      ],
      [
       141.5,
       74.9668
      ],
      [
       141.5704,
       75
      ],
      [
       141.75,
       75.0853
      ],
      [
       142,
       75.2026
      ],
      [
       142.1019,
       75.25
      ],
      [
       142.25,
       75.3191
      ],
      [
       142.5,
       75.4344
      ],
      [
       142.644,
       75.5
      ],
      [
       142.75,
       75.5487
      ],
      [
       143,
       75.6623
      ],
      [
       143.1955,
       75.75
      ],
      [
       143.25,
       75.7746
      ],
      [
       143.5,
       75.8865
      ],
      [
       143.75,
       75.9967
      ],
      [
       143.7576,
       76
      ],
      [
       144,
       76.1067
      ],
      [
       144.25,
       76.2151
      ],
      [
       144.3312,
       76.25
      ],
      [
       144.5,
       76.3229
      ],
      [
       144.75,
       76.4296
      ],
      [
       144.9172,
       76.5
      ],
      [
       145,
       76.5351
      ],
      [
       145.25,
       76.64
      ],
      [
       145.5,
       76.7434
      ],
      [
       145.516,
       76.75
      ],
      [
       145.75,
       76.8466
      ],
      [
       146,
       76.9484
      ],
      [
       146.1284,
       77
      ],
      [
       146.25,
       77.0492
      ],
      [
       146.5,
       77.1489
      ],
      [
       146.75,
       77.2473
      ],
      [
       146.7569,
       77.25
      ],
      [
       147,
       77.3456
      ],
      [
       147.25,
       77.4425
      ],
      [
       147.4003,
       77.5
      ],
      [
       147.5,
       77.5383
      ],
      [
       147.75,
       77.6333
      ],
      [
       148,
       77.727
      ],
      [
       148.0616,
       77.75
      ],
      [
       148.25,
       77.8205
      ],
      [
       148.5,
       77.9123
      ],
      [
       148.7416,
       78
      ],
      [
       148.75,
       78.0031
      ],
      [
       149,
       78.0938
      ],
      [
       149.25,
       78.1827
      ],
      [
       149.4412,
       78.25
      ],
      [
       149.5,
       78.2708
      ],
      [
       149.75,
       78.3585
      ],
      [
       150,
       78.4446
      ],
      [
       150.162,
       78.5
      ],
      [
       150.25,
       78.5302
      ],
      [
       150.5,
       78.6147
      ],
      [
       150.75,
       78.6984
      ],
      [
       150.9065,
       78.75
      ],
      [
       151,
       78.7809
      ],
      [
       151.25,
       78.863
      ],
      [
       151.5,
       78.9438
      ],
      [
       151.6763,
       79
      ],
      [
       151.75,
       79.0237
      ],
      [
       152,
       79.103
      ],
      [
       152.25,
       79.1813
      ],
      [
       152.473,
       79.25
      ],
      [
       152.5,
       79.2583
      ],
      [
       152.75,
       79.3352
      ],
      [
       153,
       79.4108
      ],
      [
       153.25,
       79.4856
      ],
      [
       153.2988,
       79.5
      ],
      [
       153.5,
       79.5596
      ],
      [
       153.75,
       79.6328
      ],
      [
       154,
       79.7051
      ],
      [
       154.1577,
       79.75
      ],
      [
       154.25,
       79.7764
      ],
      [
       154.5,
       79.8473
      ],
      [
       154.75,
       79.9172
      ],
      [
       155,
       79.986
      ],
      [
       155.0514,
       80
      ],
      [
       155.25,
       80.0545
      ],
      [
       155.5,
       80.1221
      ],
      [
       155.75,
       80.1886
      ],
      [
       155.9825,
       80.25
      ],
      [
       156,
       80.2546
      ],
      [
       156.25,
       80.3198
      ],
      [
       156.5,
       80.3845
      ],
      [
       156.75,
       80.448
      ],
      [
       156.9571,
       80.5
      ],
      [
       157,
       80.5108
      ],
      [
       157.25,
       80.5733
      ],
      [
       157.5,
       80.6348
      ],
      [
       157.75,
       80.6956
      ],
      [
       157.9774,
       80.75
      ],
      [
       158,
       80.7554
      ],
      [
       158.25,
       80.8151
      ],
      [
       158.5,
       80.8738
      ],
      [
       158.75,
       80.9318
      ],
      [
       159,
       80.989
      ],
      [
       159.0485,
       81
      ],
      [
       159.25,
       81.0458
      ],
      [
       159.5,
       81.1021
      ],
      [
       159.75,
       81.1572
      ],
      [
       160,
       81.2121
      ],
      [
       160.1763,
       81.25
      ],
      [
       160.25,
       81.2659
      ],
      [
       160.5,
       81.3196
      ],
      [
       160.75,
       81.3726
      ],
      [
       161,
       81.4246
      ],
      [
       161.25,
       81.4762
      ],
      [
       161.3667,
       81.5
      ],
      [
       161.5,
       81.5272
      ],
      [
       161.75,
       81.5777
      ],
      [
       162,
       81.6278
      ],
      [
       162.25,
       81.6768
      ],
      [
       162.5,
       81.7254
      ],
      [
       162.6275,
       81.75
      ],
      [
       162.75,
       81.7737
      ],
      [
       163,
       81.8212
      ],
      [
       163.25,
       81.8683
      ],
      [
       163.5,
       81.9149
      ],
      [
       163.75,
       81.9606
      ],
      [
       163.9678,
       82
      ],
      [
       164,
       82.0058
      ],
      [
       164.25,
       82.051
      ],
      [
       164.5,
       82.0955
      ],
      [
       164.75,
       82.1392
      ],
      [
       165,
       82.1825
      ],
      [
       165.25,
       82.2253
      ],
      [
       165.3958,
       82.25
      ],
      [
       165.5,
       82.2677
      ],
      [
       165.75,
       82.3096
      ],
      [
       166,
       82.351
      ],
      [
       166.25,
       82.392
      ],
      [
       166.5,
       82.4325
      ],
      [
       166.75,
       82.4722
      ],
      [
       166.9264,
       82.5
      ],
      [
       167,
       82.5116
      ],
      [
       167.25,
       82.5509
      ],
      [
       167.5,
       82.5897
      ],
      [
       167.75,
       82.6278
      ],
      [
       168,
       82.6655
      ],
      [
       168.25,
       82.7027
      ],
      [
       168.5,
       82.7395
      ],
      [
       168.5715,
       82.75
      ],
      [
       168.75,
       82.7762
      ],
      [
       169,
       82.8123
      ],
      [
       169.25,
       82.848
      ],
      [
       169.5,
       82.8832
      ],
      [
       169.75,
       82.918
      ],
      [
       170,
       82.9524
      ],
      [
       170.25,
       82.9865
      ],
      [
       170.3505,
       83
      ],
      [
       170.5,
       83.0202
      ],
      [
       170.75,
       83.0535
      ],
      [
       171,
       83.0865
      ],
      [
       171.25,
       83.1191
      ],
      [
       171.5,
       83.1513
      ],
      [
       171.75,
       83.183
      ],
      [
       172,
       83.2145
      ],
      [
       172.25,
       83.2457
      ],
      [
       172.2852,
       83.25
      ],
      [
       172.5,
       83.2764
      ],
      [
       172.75,
       83.3069
      ],
      [
       173,
       83.3371
      ],
      [
       173.25,
       83.3669
      ],
      [
       173.5,
       83.3963
      ],
      [
       173.75,
       83.4253
      ],
      [
       174,
       83.454
      ],
      [
       174.25,
       83.4825
      ],
      [
       174.405,
       83.5
      ],
      [
       174.5,
       83.5107
      ],
      [
       174.75,
       83.5386
      ],
      [
       175,
       83.5661
      ],
      [
       175.25,
       83.5934
      ],
      [
       175.5,
       83.6204
      ],
      [
       175.75,
       83.647
      ],
      [
       176,
       83.6733
      ],
      [
       176.25,
       83.6993
      ],
      [
       176.5,
       83.725
      ],
      [
       176.7463,
       83.75
      ],
      [
       176.75,
       83.7504
      ],
      [
       177,
       83.7757
      ],
      [
       177.25,
       83.8008
      ],
      [
       177.5,
       83.8255
      ],
      [
       177.75,
       83.8498
      ],
      [
       178,
       83.8739
      ],
      [
       178.25,
       83.8978
      ],
      [
       178.5,
       83.9214
      ],
      [
       178.75,
       83.9447
      ],
      [
       179,
       83.9678
      ],
      [
       179.25,
       83.9906
      ],
      [
       179.3544,
       84
      ],
      [
       179.5,
       84.0131
      ],
      [
       179.75,
       84.0355
      ],
      [
       180,
       84.0576
      ],
      [
       180,
       90
      ],
      [
       -180,
       90
      ],
      [
       -180,
       84.0576
      ]
     ]
    ]
   }
  },
  {
   "type": "Feature",
   "properties": {
    "kind": "centerline",
    "title": "Central line of the total solar eclipse of 2026 Aug 12",
    "startUtc": "2026-08-12T17:00:15.000Z",
    "endUtc": "2026-08-12T18:31:45.000Z",
    "maxDurationSeconds": 136.5
   },
   "geometry": {
    "type": "LineString",
    "coordinates": [
     [
      113.9795,
      77.5365
     ],
     [
      113.9829,
      79.4942
     ],
     [
      113.4799,
      80.8231
     ],
     [
      112.625,
      81.8972
     ],
     [
      111.4238,
      82.8205
     ],
     [
      109.8353,
      83.6389
     ],
     [
      107.7835,
      84.3768
     ],
     [
      105.1545,
      85.0478
     ],
     [
      101.7858,
      85.659
     ],
     [
      97.4518,
      86.2127
     ],
     [
      91.8517,
      86.7063
     ],
     [
      84.6175,
      87.1324
     ],
     [
      75.3931,
      87.4774
     ],
     [
      64.0599,
      87.7232
     ],
     [
      51.0991,
      87.8516
     ],
     [
      37.7347,
      87.8551
     ],
     [
      25.4097,
      87.7439
     ],
     [
      15.0145,
      87.5416
     ],
     [
      6.6998,
      87.275
     ],
     [
      0.1928,
      86.9661
     ],
     [
      -4.8874,
      86.6303
     ],
     [
      -8.8833,
      86.2782
     ],
     [
      -12.0627,
      85.9164
     ],
     [
      -14.6242,
      85.5495
     ],
     [
      -16.7131,
      85.1803
     ],
     [
      -18.4357,
      84.8108
     ],
     [
      -19.8703,
      84.4422
     ],
     [
      -21.0757,
      84.0754
     ],
     [
      -22.0962,
      83.7109
     ],
     [
      -22.9658,
      83.3492
     ],
     [
      -23.711,
      82.9904
     ],
     [
      -24.3526,
      82.6348
     ],
     [
      -24.9072,
      82.2823
     ],
     [
      -25.388,
      81.933
     ],
     [
      -25.8059,
      81.587
     ],
     [
      -26.1697,
      81.2441
     ],
     [
      -26.4867,
      80.9044
     ],
     [
      -26.7631,
      80.5678
     ],
     [
      -27.004,
      80.2341
     ],
     [
      -27.2136,
      79.9034
     ],
     [
      -27.3956,
      79.5756
     ],
     [
      -27.5532,
      79.2505
     ],
     [
      -27.689,
      78.9282
     ],
     [
      -27.8054,
      78.6085
     ],
     [
      -27.9043,
      78.2914
     ],
     [
      -27.9875,
      77.9768
     ],
     [
      -28.0565,
      77.6646
     ],
     [
      -28.1127,
      77.3547
     ],
     [
      -28.1573,
      77.0472
     ],
     [
      -28.1913,
      76.7418
     ],
     [
      -28.2155,
      76.4386
     ],
     [
      -28.2309,
      76.1375
     ],
     [
      -28.2382,
      75.8384
     ],
     [
      -28.238,
      75.5412
     ],
     [
      -28.2309,
      75.246
     ],
     [
      -28.2174,
      74.9526
     ],
     [
      -28.198,
      74.6611
     ],
     [
      -28.1732,
      74.3712
     ],
     [
      -28.1433,
      74.0831
     ],
     [
      -28.1086,
      73.7966
     ],
     [
      -28.0695,
      73.5117
     ],
     [
      -28.0263,
      73.2284
     ],
     [
      -27.9792,
      72.9466
     ],
     [
      -27.9284,
      72.6663
     ],
     [
      -27.8742,
      72.3874
     ],
     [
      -27.8168,
      72.1098
     ],
     [
      -27.7563,
      71.8336
     ],
     [
      -27.6929,
      71.5588
     ],
     [
      -27.6268,
      71.2852
     ],
     [
      -27.558,
      71.0128
     ],
     [
      -27.4868,
      70.7417
     ],
     [
      -27.4132,
      70.4717
     ],
     [
      -27.3373,
      70.2028
     ],
     [
      -27.2593,
      69.9351
     ],
     [
      -27.1791,
      69.6684
     ],
     [
      -27.097,
      69.4028
     ],
     [
      -27.0129,
      69.1381
     ],
     [
      -26.9269,
      68.8745
     ],
     [
      -26.8391,
      68.6118
     ],
     [
      -26.7496,
      68.35
     ],
     [
      -26.6584,
      68.0892
     ],
     [
      -26.5655,
      67.8292
     ],
     [
      -26.4709,
      67.57
     ],
     [
      -26.3748,
      67.3117
     ],
     [
      -26.2771,
      67.0542
     ],
     [
      -26.1779,
      66.7974
     ],
     [
      -26.0772,
      66.5414
     ],
     [
      -25.9751,
      66.2861
     ],
     [
      -25.8714,
      66.0315
     ],
     [
      -25.7663,
      65.7776
     ],
     [
      -25.6598,
      65.5243
     ],
     [
      -25.5519,
      65.2716
     ],
     [
      -25.4426,
      65.0196
     ],
     [
      -25.3318,
      64.7682
     ],
     [
      -25.2197,
      64.5173
     ],
     [
      -25.1062,
      64.2669
     ],
     [
      -24.9913,
      64.0171
     ],
     [
      -24.875,
      63.7678
     ],
     [
      -24.7572,
      63.5189
     ],
     [
      -24.6381,
      63.2706
     ],
     [
      -24.5176,
      63.0226
     ],
     [
      -24.3957,
      62.7751
     ],
     [
      -24.2723,
      62.528
     ],
     [
      -24.1475,
      62.2812
     ],
     [
      -24.0212,
      62.0348
     ],
     [
      -23.8934,
      61.7887
     ],
     [
      -23.7642,
      61.543
     ],
     [
      -23.6334,
      61.2976
     ],
     [
      -23.5012,
      61.0524
     ],
     [
      -23.3673,
      60.8075
     ],
     [
      -23.2319,
      60.5628
     ],
     [
      -23.0949,
      60.3183
     ],
     [
      -22.9563,
      60.0741
     ],
     [
      -22.816,
      59.83
     ],
     [
      -22.674,
      59.586
     ],
     [
      -22.5303,
      59.3422
     ],
     [
      -22.3849,
      59.0985
     ],
     [
      -22.2376,
      58.8549
     ],
     [
      -22.0886,
      58.6114
     ],
     [
      -21.9376,
      58.3679
     ],
     [
      -21.7848,
      58.1244
     ],
     [
      -21.6299,
      57.8809
     ],
     [
      -21.4731,
      57.6374
     ],
     [
      -21.3143,
      57.3939
     ],
     [
      -21.1533,
      57.1503
     ],
     [
      -20.9902,
      56.9066
     ],
     [
      -20.8248,
      56.6627
     ],
     [
      -20.6572,
      56.4188
     ],
     [
      -20.4872,
      56.1746
     ],
     [
      -20.3149,
      55.9303
     ],
     [
      -20.14,
      55.6857
     ],
     [
      -19.9626,
      55.4409
     ],
     [
      -19.7826,
      55.1958
     ],
     [
      -19.5999,
      54.9504
     ],
     [
      -19.4144,
      54.7047
     ],
     [
      -19.226,
      54.4585
     ],
     [
      -19.0346,
      54.212
     ],
     [
      -18.8402,
      53.965
     ],
     [
      -18.6426,
      53.7175
     ],
     [
      -18.4416,
      53.4695
     ],
     [
      -18.2373,
      53.2209
     ],
     [
      -18.0294,
      52.9718
     ],
     [
      -17.8179,
      52.722
     ],
     [
      -17.6026,
      52.4715
     ],
     [
      -17.3833,
      52.2202
     ],
     [
      -17.1598,
      51.9682
     ],
     [
      -16.9321,
      51.7153
     ],
     [
      -16.6999,
      51.4615
     ],
     [
      -16.4631,
      51.2068
     ],
     [
      -16.2213,
      50.951
     ],
     [
      -15.9745,
      50.6942
     ],
     [
      -15.7224,
      50.4362
     ],
     [
      -15.4646,
      50.1769
     ],
     [
      -15.201,
      49.9163
     ],
     [
      -14.9312,
      49.6543
     ],
     [
      -14.6549,
      49.3908
     ],
     [
      -14.3717,
      49.1257
     ],
     [
      -14.0812,
      48.8588
     ],
     [
      -13.7831,
      48.5901
     ],
     [
      -13.4769,
      48.3194
     ],
     [
      -13.1619,
      48.0466
     ],
     [
      -12.8377,
      47.7714
     ],
     [
      -12.5037,
      47.4938
     ],
     [
      -12.159,
      47.2135
     ],
     [
      -11.803,
      46.9303
     ],
     [
      -11.4346,
      46.644
     ],
     [
      -11.053,
      46.3542
     ],
     [
      -10.6568,
      46.0606
     ],
     [
      -10.2448,
      45.7628
     ],
     [
      -9.8154,
      45.4605
     ],
     [
      -9.3668,
      45.1531
     ],
     [
      -8.8967,
      44.84
     ],
     [
      -8.4025,
      44.5204
     ],
     [
      -7.8811,
      44.1935
     ],
     [
      -7.3284,
      43.8583
     ],
     [
      -6.7395,
      43.5132
     ],
     [
      -6.1078,
      43.1566
     ],
     [
      -5.4247,
      42.786
     ],
     [
      -4.6779,
      42.3981
     ],
     [
      -3.8498,
      41.9881
     ],
     [
      -2.9126,
      41.5485
     ],
     [
      -1.8179,
      41.0659
     ],
     [
      -0.4654,
      40.5132
     ],
     [
      1.4409,
      39.8099
     ]
    ]
   }
  },
  {
   "type": "Feature",
   "properties": {
    "kind": "greatest-eclipse",
    "title": "Greatest eclipse",
    "timeUtc": "2026-08-12T17:45:50.000Z",
    "durationSeconds": 136.5,
    "sunAltitudeDeg": 24.8
   },
   "geometry": {
    "type": "Point",
    "coordinates": [
     -25.5311,
     65.2234
    ]
   }
  }
 ]
}
